
===========================================================================
report_checks -path_delay min (Hold)
============================================================================
======================= nom_ff_n40C_1v95 Corner ===================================

Startpoint: _529_ (rising edge-triggered flip-flop clocked by clk_i)
Endpoint: _528_ (rising edge-triggered flip-flop clocked by clk_i)
Path Group: clk_i
Path Type: min

Fanout         Cap        Slew       Delay        Time   Description
---------------------------------------------------------------------------------------------
                      0.150000    0.000000    0.000000   clock clk_i (rise edge)
                                  0.000000    0.000000   clock network delay (ideal)
                      0.150000    0.000000    0.000000 ^ _529_/CLK (sky130_fd_sc_hd__dfxtp_2)
     2    0.004977    0.029397    0.222022    0.222022 ^ _529_/Q (sky130_fd_sc_hd__dfxtp_2)
                                                         state_reg[1] (net)
                      0.029397    0.000000    0.222022 ^ _289_/A1 (sky130_fd_sc_hd__a21o_2)
     1    0.001748    0.014906    0.060398    0.282420 ^ _289_/X (sky130_fd_sc_hd__a21o_2)
                                                         _067_ (net)
                      0.014906    0.000000    0.282420 ^ _528_/D (sky130_fd_sc_hd__dfxtp_2)
                                              0.282420   data arrival time

                      0.150000    0.000000    0.000000   clock clk_i (rise edge)
                                  0.000000    0.000000   clock network delay (ideal)
                                  0.250000    0.250000   clock uncertainty
                                  0.000000    0.250000   clock reconvergence pessimism
                                              0.250000 ^ _528_/CLK (sky130_fd_sc_hd__dfxtp_2)
                                 -0.013341    0.236659   library hold time
                                              0.236659   data required time
---------------------------------------------------------------------------------------------
                                              0.236659   data required time
                                             -0.282420   data arrival time
---------------------------------------------------------------------------------------------
                                              0.045761   slack (MET)


Startpoint: _530_ (rising edge-triggered flip-flop clocked by clk_i)
Endpoint: _529_ (rising edge-triggered flip-flop clocked by clk_i)
Path Group: clk_i
Path Type: min

Fanout         Cap        Slew       Delay        Time   Description
---------------------------------------------------------------------------------------------
                      0.150000    0.000000    0.000000   clock clk_i (rise edge)
                                  0.000000    0.000000   clock network delay (ideal)
                      0.150000    0.000000    0.000000 ^ _530_/CLK (sky130_fd_sc_hd__dfxtp_2)
     2    0.004977    0.029397    0.222022    0.222022 ^ _530_/Q (sky130_fd_sc_hd__dfxtp_2)
                                                         state_reg[2] (net)
                      0.029397    0.000000    0.222022 ^ _291_/A1 (sky130_fd_sc_hd__a21o_2)
     1    0.001748    0.014906    0.060398    0.282420 ^ _291_/X (sky130_fd_sc_hd__a21o_2)
                                                         _068_ (net)
                      0.014906    0.000000    0.282420 ^ _529_/D (sky130_fd_sc_hd__dfxtp_2)
                                              0.282420   data arrival time

                      0.150000    0.000000    0.000000   clock clk_i (rise edge)
                                  0.000000    0.000000   clock network delay (ideal)
                                  0.250000    0.250000   clock uncertainty
                                  0.000000    0.250000   clock reconvergence pessimism
                                              0.250000 ^ _529_/CLK (sky130_fd_sc_hd__dfxtp_2)
                                 -0.013341    0.236659   library hold time
                                              0.236659   data required time
---------------------------------------------------------------------------------------------
                                              0.236659   data required time
                                             -0.282420   data arrival time
---------------------------------------------------------------------------------------------
                                              0.045761   slack (MET)


Startpoint: _531_ (rising edge-triggered flip-flop clocked by clk_i)
Endpoint: _530_ (rising edge-triggered flip-flop clocked by clk_i)
Path Group: clk_i
Path Type: min

Fanout         Cap        Slew       Delay        Time   Description
---------------------------------------------------------------------------------------------
                      0.150000    0.000000    0.000000   clock clk_i (rise edge)
                                  0.000000    0.000000   clock network delay (ideal)
                      0.150000    0.000000    0.000000 ^ _531_/CLK (sky130_fd_sc_hd__dfxtp_2)
     2    0.004977    0.029397    0.222022    0.222022 ^ _531_/Q (sky130_fd_sc_hd__dfxtp_2)
                                                         state_reg[3] (net)
                      0.029397    0.000000    0.222022 ^ _293_/A1 (sky130_fd_sc_hd__a21o_2)
     1    0.001748    0.014906    0.060398    0.282420 ^ _293_/X (sky130_fd_sc_hd__a21o_2)
                                                         _069_ (net)
                      0.014906    0.000000    0.282420 ^ _530_/D (sky130_fd_sc_hd__dfxtp_2)
                                              0.282420   data arrival time

                      0.150000    0.000000    0.000000   clock clk_i (rise edge)
                                  0.000000    0.000000   clock network delay (ideal)
                                  0.250000    0.250000   clock uncertainty
                                  0.000000    0.250000   clock reconvergence pessimism
                                              0.250000 ^ _530_/CLK (sky130_fd_sc_hd__dfxtp_2)
                                 -0.013341    0.236659   library hold time
                                              0.236659   data required time
---------------------------------------------------------------------------------------------
                                              0.236659   data required time
                                             -0.282420   data arrival time
---------------------------------------------------------------------------------------------
                                              0.045761   slack (MET)


Startpoint: _534_ (rising edge-triggered flip-flop clocked by clk_i)
Endpoint: _533_ (rising edge-triggered flip-flop clocked by clk_i)
Path Group: clk_i
Path Type: min

Fanout         Cap        Slew       Delay        Time   Description
---------------------------------------------------------------------------------------------
                      0.150000    0.000000    0.000000   clock clk_i (rise edge)
                                  0.000000    0.000000   clock network delay (ideal)
                      0.150000    0.000000    0.000000 ^ _534_/CLK (sky130_fd_sc_hd__dfxtp_2)
     2    0.004977    0.029397    0.222022    0.222022 ^ _534_/Q (sky130_fd_sc_hd__dfxtp_2)
                                                         state_reg[6] (net)
                      0.029397    0.000000    0.222022 ^ _299_/A1 (sky130_fd_sc_hd__a21o_2)
     1    0.001748    0.014906    0.060398    0.282420 ^ _299_/X (sky130_fd_sc_hd__a21o_2)
                                                         _072_ (net)
                      0.014906    0.000000    0.282420 ^ _533_/D (sky130_fd_sc_hd__dfxtp_2)
                                              0.282420   data arrival time

                      0.150000    0.000000    0.000000   clock clk_i (rise edge)
                                  0.000000    0.000000   clock network delay (ideal)
                                  0.250000    0.250000   clock uncertainty
                                  0.000000    0.250000   clock reconvergence pessimism
                                              0.250000 ^ _533_/CLK (sky130_fd_sc_hd__dfxtp_2)
                                 -0.013341    0.236659   library hold time
                                              0.236659   data required time
---------------------------------------------------------------------------------------------
                                              0.236659   data required time
                                             -0.282420   data arrival time
---------------------------------------------------------------------------------------------
                                              0.045761   slack (MET)


Startpoint: _535_ (rising edge-triggered flip-flop clocked by clk_i)
Endpoint: _534_ (rising edge-triggered flip-flop clocked by clk_i)
Path Group: clk_i
Path Type: min

Fanout         Cap        Slew       Delay        Time   Description
---------------------------------------------------------------------------------------------
                      0.150000    0.000000    0.000000   clock clk_i (rise edge)
                                  0.000000    0.000000   clock network delay (ideal)
                      0.150000    0.000000    0.000000 ^ _535_/CLK (sky130_fd_sc_hd__dfxtp_2)
     2    0.004977    0.029397    0.222022    0.222022 ^ _535_/Q (sky130_fd_sc_hd__dfxtp_2)
                                                         state_reg[7] (net)
                      0.029397    0.000000    0.222022 ^ _301_/A1 (sky130_fd_sc_hd__a21o_2)
     1    0.001748    0.014906    0.060398    0.282420 ^ _301_/X (sky130_fd_sc_hd__a21o_2)
                                                         _073_ (net)
                      0.014906    0.000000    0.282420 ^ _534_/D (sky130_fd_sc_hd__dfxtp_2)
                                              0.282420   data arrival time

                      0.150000    0.000000    0.000000   clock clk_i (rise edge)
                                  0.000000    0.000000   clock network delay (ideal)
                                  0.250000    0.250000   clock uncertainty
                                  0.000000    0.250000   clock reconvergence pessimism
                                              0.250000 ^ _534_/CLK (sky130_fd_sc_hd__dfxtp_2)
                                 -0.013341    0.236659   library hold time
                                              0.236659   data required time
---------------------------------------------------------------------------------------------
                                              0.236659   data required time
                                             -0.282420   data arrival time
---------------------------------------------------------------------------------------------
                                              0.045761   slack (MET)


Startpoint: _536_ (rising edge-triggered flip-flop clocked by clk_i)
Endpoint: _535_ (rising edge-triggered flip-flop clocked by clk_i)
Path Group: clk_i
Path Type: min

Fanout         Cap        Slew       Delay        Time   Description
---------------------------------------------------------------------------------------------
                      0.150000    0.000000    0.000000   clock clk_i (rise edge)
                                  0.000000    0.000000   clock network delay (ideal)
                      0.150000    0.000000    0.000000 ^ _536_/CLK (sky130_fd_sc_hd__dfxtp_2)
     2    0.004977    0.029397    0.222022    0.222022 ^ _536_/Q (sky130_fd_sc_hd__dfxtp_2)
                                                         state_reg[8] (net)
                      0.029397    0.000000    0.222022 ^ _303_/A1 (sky130_fd_sc_hd__a21o_2)
     1    0.001748    0.014906    0.060398    0.282420 ^ _303_/X (sky130_fd_sc_hd__a21o_2)
                                                         _074_ (net)
                      0.014906    0.000000    0.282420 ^ _535_/D (sky130_fd_sc_hd__dfxtp_2)
                                              0.282420   data arrival time

                      0.150000    0.000000    0.000000   clock clk_i (rise edge)
                                  0.000000    0.000000   clock network delay (ideal)
                                  0.250000    0.250000   clock uncertainty
                                  0.000000    0.250000   clock reconvergence pessimism
                                              0.250000 ^ _535_/CLK (sky130_fd_sc_hd__dfxtp_2)
                                 -0.013341    0.236659   library hold time
                                              0.236659   data required time
---------------------------------------------------------------------------------------------
                                              0.236659   data required time
                                             -0.282420   data arrival time
---------------------------------------------------------------------------------------------
                                              0.045761   slack (MET)


Startpoint: _539_ (rising edge-triggered flip-flop clocked by clk_i)
Endpoint: _538_ (rising edge-triggered flip-flop clocked by clk_i)
Path Group: clk_i
Path Type: min

Fanout         Cap        Slew       Delay        Time   Description
---------------------------------------------------------------------------------------------
                      0.150000    0.000000    0.000000   clock clk_i (rise edge)
                                  0.000000    0.000000   clock network delay (ideal)
                      0.150000    0.000000    0.000000 ^ _539_/CLK (sky130_fd_sc_hd__dfxtp_2)
     2    0.004977    0.029397    0.222022    0.222022 ^ _539_/Q (sky130_fd_sc_hd__dfxtp_2)
                                                         state_reg[11] (net)
                      0.029397    0.000000    0.222022 ^ _309_/A1 (sky130_fd_sc_hd__a21o_2)
     1    0.001748    0.014906    0.060398    0.282420 ^ _309_/X (sky130_fd_sc_hd__a21o_2)
                                                         _077_ (net)
                      0.014906    0.000000    0.282420 ^ _538_/D (sky130_fd_sc_hd__dfxtp_2)
                                              0.282420   data arrival time

                      0.150000    0.000000    0.000000   clock clk_i (rise edge)
                                  0.000000    0.000000   clock network delay (ideal)
                                  0.250000    0.250000   clock uncertainty
                                  0.000000    0.250000   clock reconvergence pessimism
                                              0.250000 ^ _538_/CLK (sky130_fd_sc_hd__dfxtp_2)
                                 -0.013341    0.236659   library hold time
                                              0.236659   data required time
---------------------------------------------------------------------------------------------
                                              0.236659   data required time
                                             -0.282420   data arrival time
---------------------------------------------------------------------------------------------
                                              0.045761   slack (MET)


Startpoint: _543_ (rising edge-triggered flip-flop clocked by clk_i)
Endpoint: _542_ (rising edge-triggered flip-flop clocked by clk_i)
Path Group: clk_i
Path Type: min

Fanout         Cap        Slew       Delay        Time   Description
---------------------------------------------------------------------------------------------
                      0.150000    0.000000    0.000000   clock clk_i (rise edge)
                                  0.000000    0.000000   clock network delay (ideal)
                      0.150000    0.000000    0.000000 ^ _543_/CLK (sky130_fd_sc_hd__dfxtp_2)
     2    0.004977    0.029397    0.222022    0.222022 ^ _543_/Q (sky130_fd_sc_hd__dfxtp_2)
                                                         state_reg[15] (net)
                      0.029397    0.000000    0.222022 ^ _317_/A1 (sky130_fd_sc_hd__a21o_2)
     1    0.001748    0.014906    0.060398    0.282420 ^ _317_/X (sky130_fd_sc_hd__a21o_2)
                                                         _081_ (net)
                      0.014906    0.000000    0.282420 ^ _542_/D (sky130_fd_sc_hd__dfxtp_2)
                                              0.282420   data arrival time

                      0.150000    0.000000    0.000000   clock clk_i (rise edge)
                                  0.000000    0.000000   clock network delay (ideal)
                                  0.250000    0.250000   clock uncertainty
                                  0.000000    0.250000   clock reconvergence pessimism
                                              0.250000 ^ _542_/CLK (sky130_fd_sc_hd__dfxtp_2)
                                 -0.013341    0.236659   library hold time
                                              0.236659   data required time
---------------------------------------------------------------------------------------------
                                              0.236659   data required time
                                             -0.282420   data arrival time
---------------------------------------------------------------------------------------------
                                              0.045761   slack (MET)


Startpoint: _544_ (rising edge-triggered flip-flop clocked by clk_i)
Endpoint: _543_ (rising edge-triggered flip-flop clocked by clk_i)
Path Group: clk_i
Path Type: min

Fanout         Cap        Slew       Delay        Time   Description
---------------------------------------------------------------------------------------------
                      0.150000    0.000000    0.000000   clock clk_i (rise edge)
                                  0.000000    0.000000   clock network delay (ideal)
                      0.150000    0.000000    0.000000 ^ _544_/CLK (sky130_fd_sc_hd__dfxtp_2)
     2    0.004977    0.029397    0.222022    0.222022 ^ _544_/Q (sky130_fd_sc_hd__dfxtp_2)
                                                         state_reg[16] (net)
                      0.029397    0.000000    0.222022 ^ _319_/A1 (sky130_fd_sc_hd__a21o_2)
     1    0.001748    0.014906    0.060398    0.282420 ^ _319_/X (sky130_fd_sc_hd__a21o_2)
                                                         _082_ (net)
                      0.014906    0.000000    0.282420 ^ _543_/D (sky130_fd_sc_hd__dfxtp_2)
                                              0.282420   data arrival time

                      0.150000    0.000000    0.000000   clock clk_i (rise edge)
                                  0.000000    0.000000   clock network delay (ideal)
                                  0.250000    0.250000   clock uncertainty
                                  0.000000    0.250000   clock reconvergence pessimism
                                              0.250000 ^ _543_/CLK (sky130_fd_sc_hd__dfxtp_2)
                                 -0.013341    0.236659   library hold time
                                              0.236659   data required time
---------------------------------------------------------------------------------------------
                                              0.236659   data required time
                                             -0.282420   data arrival time
---------------------------------------------------------------------------------------------
                                              0.045761   slack (MET)


Startpoint: _545_ (rising edge-triggered flip-flop clocked by clk_i)
Endpoint: _544_ (rising edge-triggered flip-flop clocked by clk_i)
Path Group: clk_i
Path Type: min

Fanout         Cap        Slew       Delay        Time   Description
---------------------------------------------------------------------------------------------
                      0.150000    0.000000    0.000000   clock clk_i (rise edge)
                                  0.000000    0.000000   clock network delay (ideal)
                      0.150000    0.000000    0.000000 ^ _545_/CLK (sky130_fd_sc_hd__dfxtp_2)
     2    0.004977    0.029397    0.222022    0.222022 ^ _545_/Q (sky130_fd_sc_hd__dfxtp_2)
                                                         state_reg[17] (net)
                      0.029397    0.000000    0.222022 ^ _321_/A1 (sky130_fd_sc_hd__a21o_2)
     1    0.001748    0.014906    0.060398    0.282420 ^ _321_/X (sky130_fd_sc_hd__a21o_2)
                                                         _083_ (net)
                      0.014906    0.000000    0.282420 ^ _544_/D (sky130_fd_sc_hd__dfxtp_2)
                                              0.282420   data arrival time

                      0.150000    0.000000    0.000000   clock clk_i (rise edge)
                                  0.000000    0.000000   clock network delay (ideal)
                                  0.250000    0.250000   clock uncertainty
                                  0.000000    0.250000   clock reconvergence pessimism
                                              0.250000 ^ _544_/CLK (sky130_fd_sc_hd__dfxtp_2)
                                 -0.013341    0.236659   library hold time
                                              0.236659   data required time
---------------------------------------------------------------------------------------------
                                              0.236659   data required time
                                             -0.282420   data arrival time
---------------------------------------------------------------------------------------------
                                              0.045761   slack (MET)


Startpoint: _552_ (rising edge-triggered flip-flop clocked by clk_i)
Endpoint: _551_ (rising edge-triggered flip-flop clocked by clk_i)
Path Group: clk_i
Path Type: min

Fanout         Cap        Slew       Delay        Time   Description
---------------------------------------------------------------------------------------------
                      0.150000    0.000000    0.000000   clock clk_i (rise edge)
                                  0.000000    0.000000   clock network delay (ideal)
                      0.150000    0.000000    0.000000 ^ _552_/CLK (sky130_fd_sc_hd__dfxtp_2)
     2    0.004977    0.029397    0.222022    0.222022 ^ _552_/Q (sky130_fd_sc_hd__dfxtp_2)
                                                         state_reg[24] (net)
                      0.029397    0.000000    0.222022 ^ _335_/A1 (sky130_fd_sc_hd__a21o_2)
     1    0.001748    0.014906    0.060398    0.282420 ^ _335_/X (sky130_fd_sc_hd__a21o_2)
                                                         _090_ (net)
                      0.014906    0.000000    0.282420 ^ _551_/D (sky130_fd_sc_hd__dfxtp_2)
                                              0.282420   data arrival time

                      0.150000    0.000000    0.000000   clock clk_i (rise edge)
                                  0.000000    0.000000   clock network delay (ideal)
                                  0.250000    0.250000   clock uncertainty
                                  0.000000    0.250000   clock reconvergence pessimism
                                              0.250000 ^ _551_/CLK (sky130_fd_sc_hd__dfxtp_2)
                                 -0.013341    0.236659   library hold time
                                              0.236659   data required time
---------------------------------------------------------------------------------------------
                                              0.236659   data required time
                                             -0.282420   data arrival time
---------------------------------------------------------------------------------------------
                                              0.045761   slack (MET)


Startpoint: _560_ (rising edge-triggered flip-flop clocked by clk_i)
Endpoint: _559_ (rising edge-triggered flip-flop clocked by clk_i)
Path Group: clk_i
Path Type: min

Fanout         Cap        Slew       Delay        Time   Description
---------------------------------------------------------------------------------------------
                      0.150000    0.000000    0.000000   clock clk_i (rise edge)
                                  0.000000    0.000000   clock network delay (ideal)
                      0.150000    0.000000    0.000000 ^ _560_/CLK (sky130_fd_sc_hd__dfxtp_2)
     2    0.004977    0.029397    0.222022    0.222022 ^ _560_/Q (sky130_fd_sc_hd__dfxtp_2)
                                                         state_reg[32] (net)
                      0.029397    0.000000    0.222022 ^ _351_/A1 (sky130_fd_sc_hd__a21o_2)
     1    0.001748    0.014906    0.060398    0.282420 ^ _351_/X (sky130_fd_sc_hd__a21o_2)
                                                         _098_ (net)
                      0.014906    0.000000    0.282420 ^ _559_/D (sky130_fd_sc_hd__dfxtp_2)
                                              0.282420   data arrival time

                      0.150000    0.000000    0.000000   clock clk_i (rise edge)
                                  0.000000    0.000000   clock network delay (ideal)
                                  0.250000    0.250000   clock uncertainty
                                  0.000000    0.250000   clock reconvergence pessimism
                                              0.250000 ^ _559_/CLK (sky130_fd_sc_hd__dfxtp_2)
                                 -0.013341    0.236659   library hold time
                                              0.236659   data required time
---------------------------------------------------------------------------------------------
                                              0.236659   data required time
                                             -0.282420   data arrival time
---------------------------------------------------------------------------------------------
                                              0.045761   slack (MET)


Startpoint: _561_ (rising edge-triggered flip-flop clocked by clk_i)
Endpoint: _560_ (rising edge-triggered flip-flop clocked by clk_i)
Path Group: clk_i
Path Type: min

Fanout         Cap        Slew       Delay        Time   Description
---------------------------------------------------------------------------------------------
                      0.150000    0.000000    0.000000   clock clk_i (rise edge)
                                  0.000000    0.000000   clock network delay (ideal)
                      0.150000    0.000000    0.000000 ^ _561_/CLK (sky130_fd_sc_hd__dfxtp_2)
     2    0.004977    0.029397    0.222022    0.222022 ^ _561_/Q (sky130_fd_sc_hd__dfxtp_2)
                                                         state_reg[33] (net)
                      0.029397    0.000000    0.222022 ^ _353_/A1 (sky130_fd_sc_hd__a21o_2)
     1    0.001748    0.014906    0.060398    0.282420 ^ _353_/X (sky130_fd_sc_hd__a21o_2)
                                                         _099_ (net)
                      0.014906    0.000000    0.282420 ^ _560_/D (sky130_fd_sc_hd__dfxtp_2)
                                              0.282420   data arrival time

                      0.150000    0.000000    0.000000   clock clk_i (rise edge)
                                  0.000000    0.000000   clock network delay (ideal)
                                  0.250000    0.250000   clock uncertainty
                                  0.000000    0.250000   clock reconvergence pessimism
                                              0.250000 ^ _560_/CLK (sky130_fd_sc_hd__dfxtp_2)
                                 -0.013341    0.236659   library hold time
                                              0.236659   data required time
---------------------------------------------------------------------------------------------
                                              0.236659   data required time
                                             -0.282420   data arrival time
---------------------------------------------------------------------------------------------
                                              0.045761   slack (MET)


Startpoint: _562_ (rising edge-triggered flip-flop clocked by clk_i)
Endpoint: _561_ (rising edge-triggered flip-flop clocked by clk_i)
Path Group: clk_i
Path Type: min

Fanout         Cap        Slew       Delay        Time   Description
---------------------------------------------------------------------------------------------
                      0.150000    0.000000    0.000000   clock clk_i (rise edge)
                                  0.000000    0.000000   clock network delay (ideal)
                      0.150000    0.000000    0.000000 ^ _562_/CLK (sky130_fd_sc_hd__dfxtp_2)
     2    0.004977    0.029397    0.222022    0.222022 ^ _562_/Q (sky130_fd_sc_hd__dfxtp_2)
                                                         state_reg[34] (net)
                      0.029397    0.000000    0.222022 ^ _355_/A1 (sky130_fd_sc_hd__a21o_2)
     1    0.001748    0.014906    0.060398    0.282420 ^ _355_/X (sky130_fd_sc_hd__a21o_2)
                                                         _100_ (net)
                      0.014906    0.000000    0.282420 ^ _561_/D (sky130_fd_sc_hd__dfxtp_2)
                                              0.282420   data arrival time

                      0.150000    0.000000    0.000000   clock clk_i (rise edge)
                                  0.000000    0.000000   clock network delay (ideal)
                                  0.250000    0.250000   clock uncertainty
                                  0.000000    0.250000   clock reconvergence pessimism
                                              0.250000 ^ _561_/CLK (sky130_fd_sc_hd__dfxtp_2)
                                 -0.013341    0.236659   library hold time
                                              0.236659   data required time
---------------------------------------------------------------------------------------------
                                              0.236659   data required time
                                             -0.282420   data arrival time
---------------------------------------------------------------------------------------------
                                              0.045761   slack (MET)


Startpoint: _566_ (rising edge-triggered flip-flop clocked by clk_i)
Endpoint: _565_ (rising edge-triggered flip-flop clocked by clk_i)
Path Group: clk_i
Path Type: min

Fanout         Cap        Slew       Delay        Time   Description
---------------------------------------------------------------------------------------------
                      0.150000    0.000000    0.000000   clock clk_i (rise edge)
                                  0.000000    0.000000   clock network delay (ideal)
                      0.150000    0.000000    0.000000 ^ _566_/CLK (sky130_fd_sc_hd__dfxtp_2)
     2    0.004977    0.029397    0.222022    0.222022 ^ _566_/Q (sky130_fd_sc_hd__dfxtp_2)
                                                         state_reg[38] (net)
                      0.029397    0.000000    0.222022 ^ _363_/A1 (sky130_fd_sc_hd__a21o_2)
     1    0.001748    0.014906    0.060398    0.282420 ^ _363_/X (sky130_fd_sc_hd__a21o_2)
                                                         _104_ (net)
                      0.014906    0.000000    0.282420 ^ _565_/D (sky130_fd_sc_hd__dfxtp_2)
                                              0.282420   data arrival time

                      0.150000    0.000000    0.000000   clock clk_i (rise edge)
                                  0.000000    0.000000   clock network delay (ideal)
                                  0.250000    0.250000   clock uncertainty
                                  0.000000    0.250000   clock reconvergence pessimism
                                              0.250000 ^ _565_/CLK (sky130_fd_sc_hd__dfxtp_2)
                                 -0.013341    0.236659   library hold time
                                              0.236659   data required time
---------------------------------------------------------------------------------------------
                                              0.236659   data required time
                                             -0.282420   data arrival time
---------------------------------------------------------------------------------------------
                                              0.045761   slack (MET)


Startpoint: _577_ (rising edge-triggered flip-flop clocked by clk_i)
Endpoint: _576_ (rising edge-triggered flip-flop clocked by clk_i)
Path Group: clk_i
Path Type: min

Fanout         Cap        Slew       Delay        Time   Description
---------------------------------------------------------------------------------------------
                      0.150000    0.000000    0.000000   clock clk_i (rise edge)
                                  0.000000    0.000000   clock network delay (ideal)
                      0.150000    0.000000    0.000000 ^ _577_/CLK (sky130_fd_sc_hd__dfxtp_2)
     2    0.004977    0.029397    0.222022    0.222022 ^ _577_/Q (sky130_fd_sc_hd__dfxtp_2)
                                                         state_reg[49] (net)
                      0.029397    0.000000    0.222022 ^ _385_/A1 (sky130_fd_sc_hd__a21o_2)
     1    0.001748    0.014906    0.060398    0.282420 ^ _385_/X (sky130_fd_sc_hd__a21o_2)
                                                         _115_ (net)
                      0.014906    0.000000    0.282420 ^ _576_/D (sky130_fd_sc_hd__dfxtp_2)
                                              0.282420   data arrival time

                      0.150000    0.000000    0.000000   clock clk_i (rise edge)
                                  0.000000    0.000000   clock network delay (ideal)
                                  0.250000    0.250000   clock uncertainty
                                  0.000000    0.250000   clock reconvergence pessimism
                                              0.250000 ^ _576_/CLK (sky130_fd_sc_hd__dfxtp_2)
                                 -0.013341    0.236659   library hold time
                                              0.236659   data required time
---------------------------------------------------------------------------------------------
                                              0.236659   data required time
                                             -0.282420   data arrival time
---------------------------------------------------------------------------------------------
                                              0.045761   slack (MET)


Startpoint: _532_ (rising edge-triggered flip-flop clocked by clk_i)
Endpoint: _531_ (rising edge-triggered flip-flop clocked by clk_i)
Path Group: clk_i
Path Type: min

Fanout         Cap        Slew       Delay        Time   Description
---------------------------------------------------------------------------------------------
                      0.150000    0.000000    0.000000   clock clk_i (rise edge)
                                  0.000000    0.000000   clock network delay (ideal)
                      0.150000    0.000000    0.000000 ^ _532_/CLK (sky130_fd_sc_hd__dfxtp_2)
     2    0.005030    0.029580    0.222164    0.222164 ^ _532_/Q (sky130_fd_sc_hd__dfxtp_2)
                                                         state_reg[4] (net)
                      0.029580    0.000000    0.222164 ^ _295_/A1 (sky130_fd_sc_hd__a21o_2)
     1    0.001748    0.014906    0.060444    0.282608 ^ _295_/X (sky130_fd_sc_hd__a21o_2)
                                                         _070_ (net)
                      0.014906    0.000000    0.282608 ^ _531_/D (sky130_fd_sc_hd__dfxtp_2)
                                              0.282608   data arrival time

                      0.150000    0.000000    0.000000   clock clk_i (rise edge)
                                  0.000000    0.000000   clock network delay (ideal)
                                  0.250000    0.250000   clock uncertainty
                                  0.000000    0.250000   clock reconvergence pessimism
                                              0.250000 ^ _531_/CLK (sky130_fd_sc_hd__dfxtp_2)
                                 -0.013341    0.236659   library hold time
                                              0.236659   data required time
---------------------------------------------------------------------------------------------
                                              0.236659   data required time
                                             -0.282608   data arrival time
---------------------------------------------------------------------------------------------
                                              0.045949   slack (MET)


Startpoint: _537_ (rising edge-triggered flip-flop clocked by clk_i)
Endpoint: _536_ (rising edge-triggered flip-flop clocked by clk_i)
Path Group: clk_i
Path Type: min

Fanout         Cap        Slew       Delay        Time   Description
---------------------------------------------------------------------------------------------
                      0.150000    0.000000    0.000000   clock clk_i (rise edge)
                                  0.000000    0.000000   clock network delay (ideal)
                      0.150000    0.000000    0.000000 ^ _537_/CLK (sky130_fd_sc_hd__dfxtp_2)
     2    0.005030    0.029580    0.222164    0.222164 ^ _537_/Q (sky130_fd_sc_hd__dfxtp_2)
                                                         state_reg[9] (net)
                      0.029580    0.000000    0.222164 ^ _305_/A1 (sky130_fd_sc_hd__a21o_2)
     1    0.001748    0.014906    0.060444    0.282608 ^ _305_/X (sky130_fd_sc_hd__a21o_2)
                                                         _075_ (net)
                      0.014906    0.000000    0.282608 ^ _536_/D (sky130_fd_sc_hd__dfxtp_2)
                                              0.282608   data arrival time

                      0.150000    0.000000    0.000000   clock clk_i (rise edge)
                                  0.000000    0.000000   clock network delay (ideal)
                                  0.250000    0.250000   clock uncertainty
                                  0.000000    0.250000   clock reconvergence pessimism
                                              0.250000 ^ _536_/CLK (sky130_fd_sc_hd__dfxtp_2)
                                 -0.013341    0.236659   library hold time
                                              0.236659   data required time
---------------------------------------------------------------------------------------------
                                              0.236659   data required time
                                             -0.282608   data arrival time
---------------------------------------------------------------------------------------------
                                              0.045949   slack (MET)


Startpoint: _540_ (rising edge-triggered flip-flop clocked by clk_i)
Endpoint: _539_ (rising edge-triggered flip-flop clocked by clk_i)
Path Group: clk_i
Path Type: min

Fanout         Cap        Slew       Delay        Time   Description
---------------------------------------------------------------------------------------------
                      0.150000    0.000000    0.000000   clock clk_i (rise edge)
                                  0.000000    0.000000   clock network delay (ideal)
                      0.150000    0.000000    0.000000 ^ _540_/CLK (sky130_fd_sc_hd__dfxtp_2)
     2    0.005030    0.029580    0.222164    0.222164 ^ _540_/Q (sky130_fd_sc_hd__dfxtp_2)
                                                         state_reg[12] (net)
                      0.029580    0.000000    0.222164 ^ _311_/A1 (sky130_fd_sc_hd__a21o_2)
     1    0.001748    0.014906    0.060444    0.282608 ^ _311_/X (sky130_fd_sc_hd__a21o_2)
                                                         _078_ (net)
                      0.014906    0.000000    0.282608 ^ _539_/D (sky130_fd_sc_hd__dfxtp_2)
                                              0.282608   data arrival time

                      0.150000    0.000000    0.000000   clock clk_i (rise edge)
                                  0.000000    0.000000   clock network delay (ideal)
                                  0.250000    0.250000   clock uncertainty
                                  0.000000    0.250000   clock reconvergence pessimism
                                              0.250000 ^ _539_/CLK (sky130_fd_sc_hd__dfxtp_2)
                                 -0.013341    0.236659   library hold time
                                              0.236659   data required time
---------------------------------------------------------------------------------------------
                                              0.236659   data required time
                                             -0.282608   data arrival time
---------------------------------------------------------------------------------------------
                                              0.045949   slack (MET)


Startpoint: _546_ (rising edge-triggered flip-flop clocked by clk_i)
Endpoint: _545_ (rising edge-triggered flip-flop clocked by clk_i)
Path Group: clk_i
Path Type: min

Fanout         Cap        Slew       Delay        Time   Description
---------------------------------------------------------------------------------------------
                      0.150000    0.000000    0.000000   clock clk_i (rise edge)
                                  0.000000    0.000000   clock network delay (ideal)
                      0.150000    0.000000    0.000000 ^ _546_/CLK (sky130_fd_sc_hd__dfxtp_2)
     2    0.005030    0.029580    0.222164    0.222164 ^ _546_/Q (sky130_fd_sc_hd__dfxtp_2)
                                                         state_reg[18] (net)
                      0.029580    0.000000    0.222164 ^ _323_/A1 (sky130_fd_sc_hd__a21o_2)
     1    0.001748    0.014906    0.060444    0.282608 ^ _323_/X (sky130_fd_sc_hd__a21o_2)
                                                         _084_ (net)
                      0.014906    0.000000    0.282608 ^ _545_/D (sky130_fd_sc_hd__dfxtp_2)
                                              0.282608   data arrival time

                      0.150000    0.000000    0.000000   clock clk_i (rise edge)
                                  0.000000    0.000000   clock network delay (ideal)
                                  0.250000    0.250000   clock uncertainty
                                  0.000000    0.250000   clock reconvergence pessimism
                                              0.250000 ^ _545_/CLK (sky130_fd_sc_hd__dfxtp_2)
                                 -0.013341    0.236659   library hold time
                                              0.236659   data required time
---------------------------------------------------------------------------------------------
                                              0.236659   data required time
                                             -0.282608   data arrival time
---------------------------------------------------------------------------------------------
                                              0.045949   slack (MET)


Startpoint: _548_ (rising edge-triggered flip-flop clocked by clk_i)
Endpoint: _547_ (rising edge-triggered flip-flop clocked by clk_i)
Path Group: clk_i
Path Type: min

Fanout         Cap        Slew       Delay        Time   Description
---------------------------------------------------------------------------------------------
                      0.150000    0.000000    0.000000   clock clk_i (rise edge)
                                  0.000000    0.000000   clock network delay (ideal)
                      0.150000    0.000000    0.000000 ^ _548_/CLK (sky130_fd_sc_hd__dfxtp_2)
     2    0.005030    0.029580    0.222164    0.222164 ^ _548_/Q (sky130_fd_sc_hd__dfxtp_2)
                                                         state_reg[20] (net)
                      0.029580    0.000000    0.222164 ^ _327_/A1 (sky130_fd_sc_hd__a21o_2)
     1    0.001748    0.014906    0.060444    0.282608 ^ _327_/X (sky130_fd_sc_hd__a21o_2)
                                                         _086_ (net)
                      0.014906    0.000000    0.282608 ^ _547_/D (sky130_fd_sc_hd__dfxtp_2)
                                              0.282608   data arrival time

                      0.150000    0.000000    0.000000   clock clk_i (rise edge)
                                  0.000000    0.000000   clock network delay (ideal)
                                  0.250000    0.250000   clock uncertainty
                                  0.000000    0.250000   clock reconvergence pessimism
                                              0.250000 ^ _547_/CLK (sky130_fd_sc_hd__dfxtp_2)
                                 -0.013341    0.236659   library hold time
                                              0.236659   data required time
---------------------------------------------------------------------------------------------
                                              0.236659   data required time
                                             -0.282608   data arrival time
---------------------------------------------------------------------------------------------
                                              0.045949   slack (MET)


Startpoint: _550_ (rising edge-triggered flip-flop clocked by clk_i)
Endpoint: _549_ (rising edge-triggered flip-flop clocked by clk_i)
Path Group: clk_i
Path Type: min

Fanout         Cap        Slew       Delay        Time   Description
---------------------------------------------------------------------------------------------
                      0.150000    0.000000    0.000000   clock clk_i (rise edge)
                                  0.000000    0.000000   clock network delay (ideal)
                      0.150000    0.000000    0.000000 ^ _550_/CLK (sky130_fd_sc_hd__dfxtp_2)
     2    0.005030    0.029580    0.222164    0.222164 ^ _550_/Q (sky130_fd_sc_hd__dfxtp_2)
                                                         state_reg[22] (net)
                      0.029580    0.000000    0.222164 ^ _331_/A1 (sky130_fd_sc_hd__a21o_2)
     1    0.001748    0.014906    0.060444    0.282608 ^ _331_/X (sky130_fd_sc_hd__a21o_2)
                                                         _088_ (net)
                      0.014906    0.000000    0.282608 ^ _549_/D (sky130_fd_sc_hd__dfxtp_2)
                                              0.282608   data arrival time

                      0.150000    0.000000    0.000000   clock clk_i (rise edge)
                                  0.000000    0.000000   clock network delay (ideal)
                                  0.250000    0.250000   clock uncertainty
                                  0.000000    0.250000   clock reconvergence pessimism
                                              0.250000 ^ _549_/CLK (sky130_fd_sc_hd__dfxtp_2)
                                 -0.013341    0.236659   library hold time
                                              0.236659   data required time
---------------------------------------------------------------------------------------------
                                              0.236659   data required time
                                             -0.282608   data arrival time
---------------------------------------------------------------------------------------------
                                              0.045949   slack (MET)


Startpoint: _553_ (rising edge-triggered flip-flop clocked by clk_i)
Endpoint: _552_ (rising edge-triggered flip-flop clocked by clk_i)
Path Group: clk_i
Path Type: min

Fanout         Cap        Slew       Delay        Time   Description
---------------------------------------------------------------------------------------------
                      0.150000    0.000000    0.000000   clock clk_i (rise edge)
                                  0.000000    0.000000   clock network delay (ideal)
                      0.150000    0.000000    0.000000 ^ _553_/CLK (sky130_fd_sc_hd__dfxtp_2)
     2    0.005030    0.029580    0.222164    0.222164 ^ _553_/Q (sky130_fd_sc_hd__dfxtp_2)
                                                         state_reg[25] (net)
                      0.029580    0.000000    0.222164 ^ _337_/A1 (sky130_fd_sc_hd__a21o_2)
     1    0.001748    0.014906    0.060444    0.282608 ^ _337_/X (sky130_fd_sc_hd__a21o_2)
                                                         _091_ (net)
                      0.014906    0.000000    0.282608 ^ _552_/D (sky130_fd_sc_hd__dfxtp_2)
                                              0.282608   data arrival time

                      0.150000    0.000000    0.000000   clock clk_i (rise edge)
                                  0.000000    0.000000   clock network delay (ideal)
                                  0.250000    0.250000   clock uncertainty
                                  0.000000    0.250000   clock reconvergence pessimism
                                              0.250000 ^ _552_/CLK (sky130_fd_sc_hd__dfxtp_2)
                                 -0.013341    0.236659   library hold time
                                              0.236659   data required time
---------------------------------------------------------------------------------------------
                                              0.236659   data required time
                                             -0.282608   data arrival time
---------------------------------------------------------------------------------------------
                                              0.045949   slack (MET)


Startpoint: _556_ (rising edge-triggered flip-flop clocked by clk_i)
Endpoint: _555_ (rising edge-triggered flip-flop clocked by clk_i)
Path Group: clk_i
Path Type: min

Fanout         Cap        Slew       Delay        Time   Description
---------------------------------------------------------------------------------------------
                      0.150000    0.000000    0.000000   clock clk_i (rise edge)
                                  0.000000    0.000000   clock network delay (ideal)
                      0.150000    0.000000    0.000000 ^ _556_/CLK (sky130_fd_sc_hd__dfxtp_2)
     2    0.005030    0.029580    0.222164    0.222164 ^ _556_/Q (sky130_fd_sc_hd__dfxtp_2)
                                                         state_reg[28] (net)
                      0.029580    0.000000    0.222164 ^ _343_/A1 (sky130_fd_sc_hd__a21o_2)
     1    0.001748    0.014906    0.060444    0.282608 ^ _343_/X (sky130_fd_sc_hd__a21o_2)
                                                         _094_ (net)
                      0.014906    0.000000    0.282608 ^ _555_/D (sky130_fd_sc_hd__dfxtp_2)
                                              0.282608   data arrival time

                      0.150000    0.000000    0.000000   clock clk_i (rise edge)
                                  0.000000    0.000000   clock network delay (ideal)
                                  0.250000    0.250000   clock uncertainty
                                  0.000000    0.250000   clock reconvergence pessimism
                                              0.250000 ^ _555_/CLK (sky130_fd_sc_hd__dfxtp_2)
                                 -0.013341    0.236659   library hold time
                                              0.236659   data required time
---------------------------------------------------------------------------------------------
                                              0.236659   data required time
                                             -0.282608   data arrival time
---------------------------------------------------------------------------------------------
                                              0.045949   slack (MET)


Startpoint: _563_ (rising edge-triggered flip-flop clocked by clk_i)
Endpoint: _562_ (rising edge-triggered flip-flop clocked by clk_i)
Path Group: clk_i
Path Type: min

Fanout         Cap        Slew       Delay        Time   Description
---------------------------------------------------------------------------------------------
                      0.150000    0.000000    0.000000   clock clk_i (rise edge)
                                  0.000000    0.000000   clock network delay (ideal)
                      0.150000    0.000000    0.000000 ^ _563_/CLK (sky130_fd_sc_hd__dfxtp_2)
     2    0.005030    0.029580    0.222164    0.222164 ^ _563_/Q (sky130_fd_sc_hd__dfxtp_2)
                                                         state_reg[35] (net)
                      0.029580    0.000000    0.222164 ^ _357_/A1 (sky130_fd_sc_hd__a21o_2)
     1    0.001748    0.014906    0.060444    0.282608 ^ _357_/X (sky130_fd_sc_hd__a21o_2)
                                                         _101_ (net)
                      0.014906    0.000000    0.282608 ^ _562_/D (sky130_fd_sc_hd__dfxtp_2)
                                              0.282608   data arrival time

                      0.150000    0.000000    0.000000   clock clk_i (rise edge)
                                  0.000000    0.000000   clock network delay (ideal)
                                  0.250000    0.250000   clock uncertainty
                                  0.000000    0.250000   clock reconvergence pessimism
                                              0.250000 ^ _562_/CLK (sky130_fd_sc_hd__dfxtp_2)
                                 -0.013341    0.236659   library hold time
                                              0.236659   data required time
---------------------------------------------------------------------------------------------
                                              0.236659   data required time
                                             -0.282608   data arrival time
---------------------------------------------------------------------------------------------
                                              0.045949   slack (MET)


Startpoint: _567_ (rising edge-triggered flip-flop clocked by clk_i)
Endpoint: _566_ (rising edge-triggered flip-flop clocked by clk_i)
Path Group: clk_i
Path Type: min

Fanout         Cap        Slew       Delay        Time   Description
---------------------------------------------------------------------------------------------
                      0.150000    0.000000    0.000000   clock clk_i (rise edge)
                                  0.000000    0.000000   clock network delay (ideal)
                      0.150000    0.000000    0.000000 ^ _567_/CLK (sky130_fd_sc_hd__dfxtp_2)
     2    0.005030    0.029580    0.222164    0.222164 ^ _567_/Q (sky130_fd_sc_hd__dfxtp_2)
                                                         state_reg[39] (net)
                      0.029580    0.000000    0.222164 ^ _365_/A1 (sky130_fd_sc_hd__a21o_2)
     1    0.001748    0.014906    0.060444    0.282608 ^ _365_/X (sky130_fd_sc_hd__a21o_2)
                                                         _105_ (net)
                      0.014906    0.000000    0.282608 ^ _566_/D (sky130_fd_sc_hd__dfxtp_2)
                                              0.282608   data arrival time

                      0.150000    0.000000    0.000000   clock clk_i (rise edge)
                                  0.000000    0.000000   clock network delay (ideal)
                                  0.250000    0.250000   clock uncertainty
                                  0.000000    0.250000   clock reconvergence pessimism
                                              0.250000 ^ _566_/CLK (sky130_fd_sc_hd__dfxtp_2)
                                 -0.013341    0.236659   library hold time
                                              0.236659   data required time
---------------------------------------------------------------------------------------------
                                              0.236659   data required time
                                             -0.282608   data arrival time
---------------------------------------------------------------------------------------------
                                              0.045949   slack (MET)


Startpoint: _569_ (rising edge-triggered flip-flop clocked by clk_i)
Endpoint: _568_ (rising edge-triggered flip-flop clocked by clk_i)
Path Group: clk_i
Path Type: min

Fanout         Cap        Slew       Delay        Time   Description
---------------------------------------------------------------------------------------------
                      0.150000    0.000000    0.000000   clock clk_i (rise edge)
                                  0.000000    0.000000   clock network delay (ideal)
                      0.150000    0.000000    0.000000 ^ _569_/CLK (sky130_fd_sc_hd__dfxtp_2)
     2    0.005030    0.029580    0.222164    0.222164 ^ _569_/Q (sky130_fd_sc_hd__dfxtp_2)
                                                         state_reg[41] (net)
                      0.029580    0.000000    0.222164 ^ _369_/A1 (sky130_fd_sc_hd__a21o_2)
     1    0.001748    0.014906    0.060444    0.282608 ^ _369_/X (sky130_fd_sc_hd__a21o_2)
                                                         _107_ (net)
                      0.014906    0.000000    0.282608 ^ _568_/D (sky130_fd_sc_hd__dfxtp_2)
                                              0.282608   data arrival time

                      0.150000    0.000000    0.000000   clock clk_i (rise edge)
                                  0.000000    0.000000   clock network delay (ideal)
                                  0.250000    0.250000   clock uncertainty
                                  0.000000    0.250000   clock reconvergence pessimism
                                              0.250000 ^ _568_/CLK (sky130_fd_sc_hd__dfxtp_2)
                                 -0.013341    0.236659   library hold time
                                              0.236659   data required time
---------------------------------------------------------------------------------------------
                                              0.236659   data required time
                                             -0.282608   data arrival time
---------------------------------------------------------------------------------------------
                                              0.045949   slack (MET)


Startpoint: _571_ (rising edge-triggered flip-flop clocked by clk_i)
Endpoint: _570_ (rising edge-triggered flip-flop clocked by clk_i)
Path Group: clk_i
Path Type: min

Fanout         Cap        Slew       Delay        Time   Description
---------------------------------------------------------------------------------------------
                      0.150000    0.000000    0.000000   clock clk_i (rise edge)
                                  0.000000    0.000000   clock network delay (ideal)
                      0.150000    0.000000    0.000000 ^ _571_/CLK (sky130_fd_sc_hd__dfxtp_2)
     2    0.005030    0.029580    0.222164    0.222164 ^ _571_/Q (sky130_fd_sc_hd__dfxtp_2)
                                                         state_reg[43] (net)
                      0.029580    0.000000    0.222164 ^ _373_/A1 (sky130_fd_sc_hd__a21o_2)
     1    0.001748    0.014906    0.060444    0.282608 ^ _373_/X (sky130_fd_sc_hd__a21o_2)
                                                         _109_ (net)
                      0.014906    0.000000    0.282608 ^ _570_/D (sky130_fd_sc_hd__dfxtp_2)
                                              0.282608   data arrival time

                      0.150000    0.000000    0.000000   clock clk_i (rise edge)
                                  0.000000    0.000000   clock network delay (ideal)
                                  0.250000    0.250000   clock uncertainty
                                  0.000000    0.250000   clock reconvergence pessimism
                                              0.250000 ^ _570_/CLK (sky130_fd_sc_hd__dfxtp_2)
                                 -0.013341    0.236659   library hold time
                                              0.236659   data required time
---------------------------------------------------------------------------------------------
                                              0.236659   data required time
                                             -0.282608   data arrival time
---------------------------------------------------------------------------------------------
                                              0.045949   slack (MET)


Startpoint: _575_ (rising edge-triggered flip-flop clocked by clk_i)
Endpoint: _574_ (rising edge-triggered flip-flop clocked by clk_i)
Path Group: clk_i
Path Type: min

Fanout         Cap        Slew       Delay        Time   Description
---------------------------------------------------------------------------------------------
                      0.150000    0.000000    0.000000   clock clk_i (rise edge)
                                  0.000000    0.000000   clock network delay (ideal)
                      0.150000    0.000000    0.000000 ^ _575_/CLK (sky130_fd_sc_hd__dfxtp_2)
     2    0.005030    0.029580    0.222164    0.222164 ^ _575_/Q (sky130_fd_sc_hd__dfxtp_2)
                                                         state_reg[47] (net)
                      0.029580    0.000000    0.222164 ^ _381_/A1 (sky130_fd_sc_hd__a21o_2)
     1    0.001748    0.014906    0.060444    0.282608 ^ _381_/X (sky130_fd_sc_hd__a21o_2)
                                                         _113_ (net)
                      0.014906    0.000000    0.282608 ^ _574_/D (sky130_fd_sc_hd__dfxtp_2)
                                              0.282608   data arrival time

                      0.150000    0.000000    0.000000   clock clk_i (rise edge)
                                  0.000000    0.000000   clock network delay (ideal)
                                  0.250000    0.250000   clock uncertainty
                                  0.000000    0.250000   clock reconvergence pessimism
                                              0.250000 ^ _574_/CLK (sky130_fd_sc_hd__dfxtp_2)
                                 -0.013341    0.236659   library hold time
                                              0.236659   data required time
---------------------------------------------------------------------------------------------
                                              0.236659   data required time
                                             -0.282608   data arrival time
---------------------------------------------------------------------------------------------
                                              0.045949   slack (MET)


Startpoint: _578_ (rising edge-triggered flip-flop clocked by clk_i)
Endpoint: _577_ (rising edge-triggered flip-flop clocked by clk_i)
Path Group: clk_i
Path Type: min

Fanout         Cap        Slew       Delay        Time   Description
---------------------------------------------------------------------------------------------
                      0.150000    0.000000    0.000000   clock clk_i (rise edge)
                                  0.000000    0.000000   clock network delay (ideal)
                      0.150000    0.000000    0.000000 ^ _578_/CLK (sky130_fd_sc_hd__dfxtp_2)
     2    0.005030    0.029580    0.222164    0.222164 ^ _578_/Q (sky130_fd_sc_hd__dfxtp_2)
                                                         state_reg[50] (net)
                      0.029580    0.000000    0.222164 ^ _387_/A1 (sky130_fd_sc_hd__a21o_2)
     1    0.001748    0.014906    0.060444    0.282608 ^ _387_/X (sky130_fd_sc_hd__a21o_2)
                                                         _116_ (net)
                      0.014906    0.000000    0.282608 ^ _577_/D (sky130_fd_sc_hd__dfxtp_2)
                                              0.282608   data arrival time

                      0.150000    0.000000    0.000000   clock clk_i (rise edge)
                                  0.000000    0.000000   clock network delay (ideal)
                                  0.250000    0.250000   clock uncertainty
                                  0.000000    0.250000   clock reconvergence pessimism
                                              0.250000 ^ _577_/CLK (sky130_fd_sc_hd__dfxtp_2)
                                 -0.013341    0.236659   library hold time
                                              0.236659   data required time
---------------------------------------------------------------------------------------------
                                              0.236659   data required time
                                             -0.282608   data arrival time
---------------------------------------------------------------------------------------------
                                              0.045949   slack (MET)


Startpoint: _582_ (rising edge-triggered flip-flop clocked by clk_i)
Endpoint: _581_ (rising edge-triggered flip-flop clocked by clk_i)
Path Group: clk_i
Path Type: min

Fanout         Cap        Slew       Delay        Time   Description
---------------------------------------------------------------------------------------------
                      0.150000    0.000000    0.000000   clock clk_i (rise edge)
                                  0.000000    0.000000   clock network delay (ideal)
                      0.150000    0.000000    0.000000 ^ _582_/CLK (sky130_fd_sc_hd__dfxtp_2)
     2    0.005030    0.029580    0.222164    0.222164 ^ _582_/Q (sky130_fd_sc_hd__dfxtp_2)
                                                         state_reg[54] (net)
                      0.029580    0.000000    0.222164 ^ _395_/A1 (sky130_fd_sc_hd__a21o_2)
     1    0.001748    0.014906    0.060444    0.282608 ^ _395_/X (sky130_fd_sc_hd__a21o_2)
                                                         _120_ (net)
                      0.014906    0.000000    0.282608 ^ _581_/D (sky130_fd_sc_hd__dfxtp_2)
                                              0.282608   data arrival time

                      0.150000    0.000000    0.000000   clock clk_i (rise edge)
                                  0.000000    0.000000   clock network delay (ideal)
                                  0.250000    0.250000   clock uncertainty
                                  0.000000    0.250000   clock reconvergence pessimism
                                              0.250000 ^ _581_/CLK (sky130_fd_sc_hd__dfxtp_2)
                                 -0.013341    0.236659   library hold time
                                              0.236659   data required time
---------------------------------------------------------------------------------------------
                                              0.236659   data required time
                                             -0.282608   data arrival time
---------------------------------------------------------------------------------------------
                                              0.045949   slack (MET)


Startpoint: _585_ (rising edge-triggered flip-flop clocked by clk_i)
Endpoint: _584_ (rising edge-triggered flip-flop clocked by clk_i)
Path Group: clk_i
Path Type: min

Fanout         Cap        Slew       Delay        Time   Description
---------------------------------------------------------------------------------------------
                      0.150000    0.000000    0.000000   clock clk_i (rise edge)
                                  0.000000    0.000000   clock network delay (ideal)
                      0.150000    0.000000    0.000000 ^ _585_/CLK (sky130_fd_sc_hd__dfxtp_2)
     2    0.005030    0.029580    0.222164    0.222164 ^ _585_/Q (sky130_fd_sc_hd__dfxtp_2)
                                                         state_reg[57] (net)
                      0.029580    0.000000    0.222164 ^ _401_/A1 (sky130_fd_sc_hd__a21o_2)
     1    0.001748    0.014906    0.060444    0.282608 ^ _401_/X (sky130_fd_sc_hd__a21o_2)
                                                         _123_ (net)
                      0.014906    0.000000    0.282608 ^ _584_/D (sky130_fd_sc_hd__dfxtp_2)
                                              0.282608   data arrival time

                      0.150000    0.000000    0.000000   clock clk_i (rise edge)
                                  0.000000    0.000000   clock network delay (ideal)
                                  0.250000    0.250000   clock uncertainty
                                  0.000000    0.250000   clock reconvergence pessimism
                                              0.250000 ^ _584_/CLK (sky130_fd_sc_hd__dfxtp_2)
                                 -0.013341    0.236659   library hold time
                                              0.236659   data required time
---------------------------------------------------------------------------------------------
                                              0.236659   data required time
                                             -0.282608   data arrival time
---------------------------------------------------------------------------------------------
                                              0.045949   slack (MET)


Startpoint: _591_ (rising edge-triggered flip-flop clocked by clk_i)
Endpoint: _496_ (rising edge-triggered flip-flop clocked by clk_i)
Path Group: clk_i
Path Type: min

Fanout         Cap        Slew       Delay        Time   Description
---------------------------------------------------------------------------------------------
                      0.150000    0.000000    0.000000   clock clk_i (rise edge)
                                  0.000000    0.000000   clock network delay (ideal)
                      0.150000    0.000000    0.000000 ^ _591_/CLK (sky130_fd_sc_hd__dfxtp_2)
     2    0.005036    0.029601    0.222180    0.222180 ^ _591_/Q (sky130_fd_sc_hd__dfxtp_2)
                                                         partial_word_reg[1] (net)
                      0.029601    0.000000    0.222180 ^ _256_/B2 (sky130_fd_sc_hd__a22o_2)
     1    0.001748    0.018396    0.064312    0.286492 ^ _256_/X (sky130_fd_sc_hd__a22o_2)
                                                         _035_ (net)
                      0.018396    0.000000    0.286492 ^ _496_/D (sky130_fd_sc_hd__dfxtp_2)
                                              0.286492   data arrival time

                      0.150000    0.000000    0.000000   clock clk_i (rise edge)
                                  0.000000    0.000000   clock network delay (ideal)
                                  0.250000    0.250000   clock uncertainty
                                  0.000000    0.250000   clock reconvergence pessimism
                                              0.250000 ^ _496_/CLK (sky130_fd_sc_hd__dfxtp_2)
                                 -0.013584    0.236416   library hold time
                                              0.236416   data required time
---------------------------------------------------------------------------------------------
                                              0.236416   data required time
                                             -0.286492   data arrival time
---------------------------------------------------------------------------------------------
                                              0.050076   slack (MET)


Startpoint: _592_ (rising edge-triggered flip-flop clocked by clk_i)
Endpoint: _497_ (rising edge-triggered flip-flop clocked by clk_i)
Path Group: clk_i
Path Type: min

Fanout         Cap        Slew       Delay        Time   Description
---------------------------------------------------------------------------------------------
                      0.150000    0.000000    0.000000   clock clk_i (rise edge)
                                  0.000000    0.000000   clock network delay (ideal)
                      0.150000    0.000000    0.000000 ^ _592_/CLK (sky130_fd_sc_hd__dfxtp_2)
     3    0.007505    0.038118    0.228781    0.228781 ^ _592_/Q (sky130_fd_sc_hd__dfxtp_2)
                                                         partial_word_reg[2] (net)
                      0.038118    0.000000    0.228781 ^ _257_/B2 (sky130_fd_sc_hd__a22o_2)
     1    0.001748    0.018382    0.066412    0.295193 ^ _257_/X (sky130_fd_sc_hd__a22o_2)
                                                         _036_ (net)
                      0.018382    0.000000    0.295193 ^ _497_/D (sky130_fd_sc_hd__dfxtp_2)
                                              0.295193   data arrival time

                      0.150000    0.000000    0.000000   clock clk_i (rise edge)
                                  0.000000    0.000000   clock network delay (ideal)
                                  0.250000    0.250000   clock uncertainty
                                  0.000000    0.250000   clock reconvergence pessimism
                                              0.250000 ^ _497_/CLK (sky130_fd_sc_hd__dfxtp_2)
                                 -0.013583    0.236417   library hold time
                                              0.236417   data required time
---------------------------------------------------------------------------------------------
                                              0.236417   data required time
                                             -0.295193   data arrival time
---------------------------------------------------------------------------------------------
                                              0.058775   slack (MET)


Startpoint: _593_ (rising edge-triggered flip-flop clocked by clk_i)
Endpoint: _498_ (rising edge-triggered flip-flop clocked by clk_i)
Path Group: clk_i
Path Type: min

Fanout         Cap        Slew       Delay        Time   Description
---------------------------------------------------------------------------------------------
                      0.150000    0.000000    0.000000   clock clk_i (rise edge)
                                  0.000000    0.000000   clock network delay (ideal)
                      0.150000    0.000000    0.000000 ^ _593_/CLK (sky130_fd_sc_hd__dfxtp_2)
     3    0.007505    0.038118    0.228781    0.228781 ^ _593_/Q (sky130_fd_sc_hd__dfxtp_2)
                                                         partial_word_reg[3] (net)
                      0.038118    0.000000    0.228781 ^ _258_/B2 (sky130_fd_sc_hd__a22o_2)
     1    0.001748    0.018382    0.066412    0.295193 ^ _258_/X (sky130_fd_sc_hd__a22o_2)
                                                         _037_ (net)
                      0.018382    0.000000    0.295193 ^ _498_/D (sky130_fd_sc_hd__dfxtp_2)
                                              0.295193   data arrival time

                      0.150000    0.000000    0.000000   clock clk_i (rise edge)
                                  0.000000    0.000000   clock network delay (ideal)
                                  0.250000    0.250000   clock uncertainty
                                  0.000000    0.250000   clock reconvergence pessimism
                                              0.250000 ^ _498_/CLK (sky130_fd_sc_hd__dfxtp_2)
                                 -0.013583    0.236417   library hold time
                                              0.236417   data required time
---------------------------------------------------------------------------------------------
                                              0.236417   data required time
                                             -0.295193   data arrival time
---------------------------------------------------------------------------------------------
                                              0.058775   slack (MET)


Startpoint: _594_ (rising edge-triggered flip-flop clocked by clk_i)
Endpoint: _499_ (rising edge-triggered flip-flop clocked by clk_i)
Path Group: clk_i
Path Type: min

Fanout         Cap        Slew       Delay        Time   Description
---------------------------------------------------------------------------------------------
                      0.150000    0.000000    0.000000   clock clk_i (rise edge)
                                  0.000000    0.000000   clock network delay (ideal)
                      0.150000    0.000000    0.000000 ^ _594_/CLK (sky130_fd_sc_hd__dfxtp_2)
     3    0.007505    0.038118    0.228781    0.228781 ^ _594_/Q (sky130_fd_sc_hd__dfxtp_2)
                                                         partial_word_reg[4] (net)
                      0.038118    0.000000    0.228781 ^ _259_/B2 (sky130_fd_sc_hd__a22o_2)
     1    0.001748    0.018382    0.066412    0.295193 ^ _259_/X (sky130_fd_sc_hd__a22o_2)
                                                         _038_ (net)
                      0.018382    0.000000    0.295193 ^ _499_/D (sky130_fd_sc_hd__dfxtp_2)
                                              0.295193   data arrival time

                      0.150000    0.000000    0.000000   clock clk_i (rise edge)
                                  0.000000    0.000000   clock network delay (ideal)
                                  0.250000    0.250000   clock uncertainty
                                  0.000000    0.250000   clock reconvergence pessimism
                                              0.250000 ^ _499_/CLK (sky130_fd_sc_hd__dfxtp_2)
                                 -0.013583    0.236417   library hold time
                                              0.236417   data required time
---------------------------------------------------------------------------------------------
                                              0.236417   data required time
                                             -0.295193   data arrival time
---------------------------------------------------------------------------------------------
                                              0.058775   slack (MET)


Startpoint: _595_ (rising edge-triggered flip-flop clocked by clk_i)
Endpoint: _500_ (rising edge-triggered flip-flop clocked by clk_i)
Path Group: clk_i
Path Type: min

Fanout         Cap        Slew       Delay        Time   Description
---------------------------------------------------------------------------------------------
                      0.150000    0.000000    0.000000   clock clk_i (rise edge)
                                  0.000000    0.000000   clock network delay (ideal)
                      0.150000    0.000000    0.000000 ^ _595_/CLK (sky130_fd_sc_hd__dfxtp_2)
     3    0.007505    0.038118    0.228781    0.228781 ^ _595_/Q (sky130_fd_sc_hd__dfxtp_2)
                                                         partial_word_reg[5] (net)
                      0.038118    0.000000    0.228781 ^ _260_/B2 (sky130_fd_sc_hd__a22o_2)
     1    0.001748    0.018382    0.066412    0.295193 ^ _260_/X (sky130_fd_sc_hd__a22o_2)
                                                         _039_ (net)
                      0.018382    0.000000    0.295193 ^ _500_/D (sky130_fd_sc_hd__dfxtp_2)
                                              0.295193   data arrival time

                      0.150000    0.000000    0.000000   clock clk_i (rise edge)
                                  0.000000    0.000000   clock network delay (ideal)
                                  0.250000    0.250000   clock uncertainty
                                  0.000000    0.250000   clock reconvergence pessimism
                                              0.250000 ^ _500_/CLK (sky130_fd_sc_hd__dfxtp_2)
                                 -0.013583    0.236417   library hold time
                                              0.236417   data required time
---------------------------------------------------------------------------------------------
                                              0.236417   data required time
                                             -0.295193   data arrival time
---------------------------------------------------------------------------------------------
                                              0.058775   slack (MET)


Startpoint: _596_ (rising edge-triggered flip-flop clocked by clk_i)
Endpoint: _501_ (rising edge-triggered flip-flop clocked by clk_i)
Path Group: clk_i
Path Type: min

Fanout         Cap        Slew       Delay        Time   Description
---------------------------------------------------------------------------------------------
                      0.150000    0.000000    0.000000   clock clk_i (rise edge)
                                  0.000000    0.000000   clock network delay (ideal)
                      0.150000    0.000000    0.000000 ^ _596_/CLK (sky130_fd_sc_hd__dfxtp_2)
     3    0.007505    0.038118    0.228781    0.228781 ^ _596_/Q (sky130_fd_sc_hd__dfxtp_2)
                                                         partial_word_reg[6] (net)
                      0.038118    0.000000    0.228781 ^ _261_/B2 (sky130_fd_sc_hd__a22o_2)
     1    0.001748    0.018382    0.066412    0.295193 ^ _261_/X (sky130_fd_sc_hd__a22o_2)
                                                         _040_ (net)
                      0.018382    0.000000    0.295193 ^ _501_/D (sky130_fd_sc_hd__dfxtp_2)
                                              0.295193   data arrival time

                      0.150000    0.000000    0.000000   clock clk_i (rise edge)
                                  0.000000    0.000000   clock network delay (ideal)
                                  0.250000    0.250000   clock uncertainty
                                  0.000000    0.250000   clock reconvergence pessimism
                                              0.250000 ^ _501_/CLK (sky130_fd_sc_hd__dfxtp_2)
                                 -0.013583    0.236417   library hold time
                                              0.236417   data required time
---------------------------------------------------------------------------------------------
                                              0.236417   data required time
                                             -0.295193   data arrival time
---------------------------------------------------------------------------------------------
                                              0.058775   slack (MET)


Startpoint: _597_ (rising edge-triggered flip-flop clocked by clk_i)
Endpoint: _502_ (rising edge-triggered flip-flop clocked by clk_i)
Path Group: clk_i
Path Type: min

Fanout         Cap        Slew       Delay        Time   Description
---------------------------------------------------------------------------------------------
                      0.150000    0.000000    0.000000   clock clk_i (rise edge)
                                  0.000000    0.000000   clock network delay (ideal)
                      0.150000    0.000000    0.000000 ^ _597_/CLK (sky130_fd_sc_hd__dfxtp_2)
     3    0.007505    0.038118    0.228781    0.228781 ^ _597_/Q (sky130_fd_sc_hd__dfxtp_2)
                                                         partial_word_reg[7] (net)
                      0.038118    0.000000    0.228781 ^ _262_/B2 (sky130_fd_sc_hd__a22o_2)
     1    0.001748    0.018382    0.066412    0.295193 ^ _262_/X (sky130_fd_sc_hd__a22o_2)
                                                         _041_ (net)
                      0.018382    0.000000    0.295193 ^ _502_/D (sky130_fd_sc_hd__dfxtp_2)
                                              0.295193   data arrival time

                      0.150000    0.000000    0.000000   clock clk_i (rise edge)
                                  0.000000    0.000000   clock network delay (ideal)
                                  0.250000    0.250000   clock uncertainty
                                  0.000000    0.250000   clock reconvergence pessimism
                                              0.250000 ^ _502_/CLK (sky130_fd_sc_hd__dfxtp_2)
                                 -0.013583    0.236417   library hold time
                                              0.236417   data required time
---------------------------------------------------------------------------------------------
                                              0.236417   data required time
                                             -0.295193   data arrival time
---------------------------------------------------------------------------------------------
                                              0.058775   slack (MET)


Startpoint: _598_ (rising edge-triggered flip-flop clocked by clk_i)
Endpoint: _503_ (rising edge-triggered flip-flop clocked by clk_i)
Path Group: clk_i
Path Type: min

Fanout         Cap        Slew       Delay        Time   Description
---------------------------------------------------------------------------------------------
                      0.150000    0.000000    0.000000   clock clk_i (rise edge)
                                  0.000000    0.000000   clock network delay (ideal)
                      0.150000    0.000000    0.000000 ^ _598_/CLK (sky130_fd_sc_hd__dfxtp_2)
     3    0.007505    0.038118    0.228781    0.228781 ^ _598_/Q (sky130_fd_sc_hd__dfxtp_2)
                                                         partial_word_reg[8] (net)
                      0.038118    0.000000    0.228781 ^ _263_/B2 (sky130_fd_sc_hd__a22o_2)
     1    0.001748    0.018382    0.066412    0.295193 ^ _263_/X (sky130_fd_sc_hd__a22o_2)
                                                         _042_ (net)
                      0.018382    0.000000    0.295193 ^ _503_/D (sky130_fd_sc_hd__dfxtp_2)
                                              0.295193   data arrival time

                      0.150000    0.000000    0.000000   clock clk_i (rise edge)
                                  0.000000    0.000000   clock network delay (ideal)
                                  0.250000    0.250000   clock uncertainty
                                  0.000000    0.250000   clock reconvergence pessimism
                                              0.250000 ^ _503_/CLK (sky130_fd_sc_hd__dfxtp_2)
                                 -0.013583    0.236417   library hold time
                                              0.236417   data required time
---------------------------------------------------------------------------------------------
                                              0.236417   data required time
                                             -0.295193   data arrival time
---------------------------------------------------------------------------------------------
                                              0.058775   slack (MET)


Startpoint: _599_ (rising edge-triggered flip-flop clocked by clk_i)
Endpoint: _504_ (rising edge-triggered flip-flop clocked by clk_i)
Path Group: clk_i
Path Type: min

Fanout         Cap        Slew       Delay        Time   Description
---------------------------------------------------------------------------------------------
                      0.150000    0.000000    0.000000   clock clk_i (rise edge)
                                  0.000000    0.000000   clock network delay (ideal)
                      0.150000    0.000000    0.000000 ^ _599_/CLK (sky130_fd_sc_hd__dfxtp_2)
     3    0.007505    0.038118    0.228781    0.228781 ^ _599_/Q (sky130_fd_sc_hd__dfxtp_2)
                                                         partial_word_reg[9] (net)
                      0.038118    0.000000    0.228781 ^ _264_/B2 (sky130_fd_sc_hd__a22o_2)
     1    0.001748    0.018382    0.066412    0.295193 ^ _264_/X (sky130_fd_sc_hd__a22o_2)
                                                         _043_ (net)
                      0.018382    0.000000    0.295193 ^ _504_/D (sky130_fd_sc_hd__dfxtp_2)
                                              0.295193   data arrival time

                      0.150000    0.000000    0.000000   clock clk_i (rise edge)
                                  0.000000    0.000000   clock network delay (ideal)
                                  0.250000    0.250000   clock uncertainty
                                  0.000000    0.250000   clock reconvergence pessimism
                                              0.250000 ^ _504_/CLK (sky130_fd_sc_hd__dfxtp_2)
                                 -0.013583    0.236417   library hold time
                                              0.236417   data required time
---------------------------------------------------------------------------------------------
                                              0.236417   data required time
                                             -0.295193   data arrival time
---------------------------------------------------------------------------------------------
                                              0.058775   slack (MET)


Startpoint: _600_ (rising edge-triggered flip-flop clocked by clk_i)
Endpoint: _505_ (rising edge-triggered flip-flop clocked by clk_i)
Path Group: clk_i
Path Type: min

Fanout         Cap        Slew       Delay        Time   Description
---------------------------------------------------------------------------------------------
                      0.150000    0.000000    0.000000   clock clk_i (rise edge)
                                  0.000000    0.000000   clock network delay (ideal)
                      0.150000    0.000000    0.000000 ^ _600_/CLK (sky130_fd_sc_hd__dfxtp_2)
     3    0.007505    0.038118    0.228781    0.228781 ^ _600_/Q (sky130_fd_sc_hd__dfxtp_2)
                                                         partial_word_reg[10] (net)
                      0.038118    0.000000    0.228781 ^ _265_/B2 (sky130_fd_sc_hd__a22o_2)
     1    0.001748    0.018382    0.066412    0.295193 ^ _265_/X (sky130_fd_sc_hd__a22o_2)
                                                         _044_ (net)
                      0.018382    0.000000    0.295193 ^ _505_/D (sky130_fd_sc_hd__dfxtp_2)
                                              0.295193   data arrival time

                      0.150000    0.000000    0.000000   clock clk_i (rise edge)
                                  0.000000    0.000000   clock network delay (ideal)
                                  0.250000    0.250000   clock uncertainty
                                  0.000000    0.250000   clock reconvergence pessimism
                                              0.250000 ^ _505_/CLK (sky130_fd_sc_hd__dfxtp_2)
                                 -0.013583    0.236417   library hold time
                                              0.236417   data required time
---------------------------------------------------------------------------------------------
                                              0.236417   data required time
                                             -0.295193   data arrival time
---------------------------------------------------------------------------------------------
                                              0.058775   slack (MET)


Startpoint: _601_ (rising edge-triggered flip-flop clocked by clk_i)
Endpoint: _506_ (rising edge-triggered flip-flop clocked by clk_i)
Path Group: clk_i
Path Type: min

Fanout         Cap        Slew       Delay        Time   Description
---------------------------------------------------------------------------------------------
                      0.150000    0.000000    0.000000   clock clk_i (rise edge)
                                  0.000000    0.000000   clock network delay (ideal)
                      0.150000    0.000000    0.000000 ^ _601_/CLK (sky130_fd_sc_hd__dfxtp_2)
     3    0.007505    0.038118    0.228781    0.228781 ^ _601_/Q (sky130_fd_sc_hd__dfxtp_2)
                                                         partial_word_reg[11] (net)
                      0.038118    0.000000    0.228781 ^ _266_/B2 (sky130_fd_sc_hd__a22o_2)
     1    0.001748    0.018382    0.066412    0.295193 ^ _266_/X (sky130_fd_sc_hd__a22o_2)
                                                         _045_ (net)
                      0.018382    0.000000    0.295193 ^ _506_/D (sky130_fd_sc_hd__dfxtp_2)
                                              0.295193   data arrival time

                      0.150000    0.000000    0.000000   clock clk_i (rise edge)
                                  0.000000    0.000000   clock network delay (ideal)
                                  0.250000    0.250000   clock uncertainty
                                  0.000000    0.250000   clock reconvergence pessimism
                                              0.250000 ^ _506_/CLK (sky130_fd_sc_hd__dfxtp_2)
                                 -0.013583    0.236417   library hold time
                                              0.236417   data required time
---------------------------------------------------------------------------------------------
                                              0.236417   data required time
                                             -0.295193   data arrival time
---------------------------------------------------------------------------------------------
                                              0.058775   slack (MET)


Startpoint: _602_ (rising edge-triggered flip-flop clocked by clk_i)
Endpoint: _507_ (rising edge-triggered flip-flop clocked by clk_i)
Path Group: clk_i
Path Type: min

Fanout         Cap        Slew       Delay        Time   Description
---------------------------------------------------------------------------------------------
                      0.150000    0.000000    0.000000   clock clk_i (rise edge)
                                  0.000000    0.000000   clock network delay (ideal)
                      0.150000    0.000000    0.000000 ^ _602_/CLK (sky130_fd_sc_hd__dfxtp_2)
     3    0.007505    0.038118    0.228781    0.228781 ^ _602_/Q (sky130_fd_sc_hd__dfxtp_2)
                                                         partial_word_reg[12] (net)
                      0.038118    0.000000    0.228781 ^ _267_/B2 (sky130_fd_sc_hd__a22o_2)
     1    0.001748    0.018382    0.066412    0.295193 ^ _267_/X (sky130_fd_sc_hd__a22o_2)
                                                         _046_ (net)
                      0.018382    0.000000    0.295193 ^ _507_/D (sky130_fd_sc_hd__dfxtp_2)
                                              0.295193   data arrival time

                      0.150000    0.000000    0.000000   clock clk_i (rise edge)
                                  0.000000    0.000000   clock network delay (ideal)
                                  0.250000    0.250000   clock uncertainty
                                  0.000000    0.250000   clock reconvergence pessimism
                                              0.250000 ^ _507_/CLK (sky130_fd_sc_hd__dfxtp_2)
                                 -0.013583    0.236417   library hold time
                                              0.236417   data required time
---------------------------------------------------------------------------------------------
                                              0.236417   data required time
                                             -0.295193   data arrival time
---------------------------------------------------------------------------------------------
                                              0.058775   slack (MET)


Startpoint: _603_ (rising edge-triggered flip-flop clocked by clk_i)
Endpoint: _508_ (rising edge-triggered flip-flop clocked by clk_i)
Path Group: clk_i
Path Type: min

Fanout         Cap        Slew       Delay        Time   Description
---------------------------------------------------------------------------------------------
                      0.150000    0.000000    0.000000   clock clk_i (rise edge)
                                  0.000000    0.000000   clock network delay (ideal)
                      0.150000    0.000000    0.000000 ^ _603_/CLK (sky130_fd_sc_hd__dfxtp_2)
     3    0.007505    0.038118    0.228781    0.228781 ^ _603_/Q (sky130_fd_sc_hd__dfxtp_2)
                                                         partial_word_reg[13] (net)
                      0.038118    0.000000    0.228781 ^ _268_/B2 (sky130_fd_sc_hd__a22o_2)
     1    0.001748    0.018382    0.066412    0.295193 ^ _268_/X (sky130_fd_sc_hd__a22o_2)
                                                         _047_ (net)
                      0.018382    0.000000    0.295193 ^ _508_/D (sky130_fd_sc_hd__dfxtp_2)
                                              0.295193   data arrival time

                      0.150000    0.000000    0.000000   clock clk_i (rise edge)
                                  0.000000    0.000000   clock network delay (ideal)
                                  0.250000    0.250000   clock uncertainty
                                  0.000000    0.250000   clock reconvergence pessimism
                                              0.250000 ^ _508_/CLK (sky130_fd_sc_hd__dfxtp_2)
                                 -0.013583    0.236417   library hold time
                                              0.236417   data required time
---------------------------------------------------------------------------------------------
                                              0.236417   data required time
                                             -0.295193   data arrival time
---------------------------------------------------------------------------------------------
                                              0.058775   slack (MET)


Startpoint: _604_ (rising edge-triggered flip-flop clocked by clk_i)
Endpoint: _509_ (rising edge-triggered flip-flop clocked by clk_i)
Path Group: clk_i
Path Type: min

Fanout         Cap        Slew       Delay        Time   Description
---------------------------------------------------------------------------------------------
                      0.150000    0.000000    0.000000   clock clk_i (rise edge)
                                  0.000000    0.000000   clock network delay (ideal)
                      0.150000    0.000000    0.000000 ^ _604_/CLK (sky130_fd_sc_hd__dfxtp_2)
     3    0.007505    0.038118    0.228781    0.228781 ^ _604_/Q (sky130_fd_sc_hd__dfxtp_2)
                                                         partial_word_reg[14] (net)
                      0.038118    0.000000    0.228781 ^ _269_/B2 (sky130_fd_sc_hd__a22o_2)
     1    0.001748    0.018382    0.066412    0.295193 ^ _269_/X (sky130_fd_sc_hd__a22o_2)
                                                         _048_ (net)
                      0.018382    0.000000    0.295193 ^ _509_/D (sky130_fd_sc_hd__dfxtp_2)
                                              0.295193   data arrival time

                      0.150000    0.000000    0.000000   clock clk_i (rise edge)
                                  0.000000    0.000000   clock network delay (ideal)
                                  0.250000    0.250000   clock uncertainty
                                  0.000000    0.250000   clock reconvergence pessimism
                                              0.250000 ^ _509_/CLK (sky130_fd_sc_hd__dfxtp_2)
                                 -0.013583    0.236417   library hold time
                                              0.236417   data required time
---------------------------------------------------------------------------------------------
                                              0.236417   data required time
                                             -0.295193   data arrival time
---------------------------------------------------------------------------------------------
                                              0.058775   slack (MET)


Startpoint: _605_ (rising edge-triggered flip-flop clocked by clk_i)
Endpoint: _510_ (rising edge-triggered flip-flop clocked by clk_i)
Path Group: clk_i
Path Type: min

Fanout         Cap        Slew       Delay        Time   Description
---------------------------------------------------------------------------------------------
                      0.150000    0.000000    0.000000   clock clk_i (rise edge)
                                  0.000000    0.000000   clock network delay (ideal)
                      0.150000    0.000000    0.000000 ^ _605_/CLK (sky130_fd_sc_hd__dfxtp_2)
     3    0.007505    0.038118    0.228781    0.228781 ^ _605_/Q (sky130_fd_sc_hd__dfxtp_2)
                                                         partial_word_reg[15] (net)
                      0.038118    0.000000    0.228781 ^ _270_/B2 (sky130_fd_sc_hd__a22o_2)
     1    0.001748    0.018382    0.066412    0.295193 ^ _270_/X (sky130_fd_sc_hd__a22o_2)
                                                         _049_ (net)
                      0.018382    0.000000    0.295193 ^ _510_/D (sky130_fd_sc_hd__dfxtp_2)
                                              0.295193   data arrival time

                      0.150000    0.000000    0.000000   clock clk_i (rise edge)
                                  0.000000    0.000000   clock network delay (ideal)
                                  0.250000    0.250000   clock uncertainty
                                  0.000000    0.250000   clock reconvergence pessimism
                                              0.250000 ^ _510_/CLK (sky130_fd_sc_hd__dfxtp_2)
                                 -0.013583    0.236417   library hold time
                                              0.236417   data required time
---------------------------------------------------------------------------------------------
                                              0.236417   data required time
                                             -0.295193   data arrival time
---------------------------------------------------------------------------------------------
                                              0.058775   slack (MET)


Startpoint: _606_ (rising edge-triggered flip-flop clocked by clk_i)
Endpoint: _511_ (rising edge-triggered flip-flop clocked by clk_i)
Path Group: clk_i
Path Type: min

Fanout         Cap        Slew       Delay        Time   Description
---------------------------------------------------------------------------------------------
                      0.150000    0.000000    0.000000   clock clk_i (rise edge)
                                  0.000000    0.000000   clock network delay (ideal)
                      0.150000    0.000000    0.000000 ^ _606_/CLK (sky130_fd_sc_hd__dfxtp_2)
     3    0.007505    0.038118    0.228781    0.228781 ^ _606_/Q (sky130_fd_sc_hd__dfxtp_2)
                                                         partial_word_reg[16] (net)
                      0.038118    0.000000    0.228781 ^ _271_/B2 (sky130_fd_sc_hd__a22o_2)
     1    0.001748    0.018382    0.066412    0.295193 ^ _271_/X (sky130_fd_sc_hd__a22o_2)
                                                         _050_ (net)
                      0.018382    0.000000    0.295193 ^ _511_/D (sky130_fd_sc_hd__dfxtp_2)
                                              0.295193   data arrival time

                      0.150000    0.000000    0.000000   clock clk_i (rise edge)
                                  0.000000    0.000000   clock network delay (ideal)
                                  0.250000    0.250000   clock uncertainty
                                  0.000000    0.250000   clock reconvergence pessimism
                                              0.250000 ^ _511_/CLK (sky130_fd_sc_hd__dfxtp_2)
                                 -0.013583    0.236417   library hold time
                                              0.236417   data required time
---------------------------------------------------------------------------------------------
                                              0.236417   data required time
                                             -0.295193   data arrival time
---------------------------------------------------------------------------------------------
                                              0.058775   slack (MET)


Startpoint: _607_ (rising edge-triggered flip-flop clocked by clk_i)
Endpoint: _512_ (rising edge-triggered flip-flop clocked by clk_i)
Path Group: clk_i
Path Type: min

Fanout         Cap        Slew       Delay        Time   Description
---------------------------------------------------------------------------------------------
                      0.150000    0.000000    0.000000   clock clk_i (rise edge)
                                  0.000000    0.000000   clock network delay (ideal)
                      0.150000    0.000000    0.000000 ^ _607_/CLK (sky130_fd_sc_hd__dfxtp_2)
     3    0.007505    0.038118    0.228781    0.228781 ^ _607_/Q (sky130_fd_sc_hd__dfxtp_2)
                                                         partial_word_reg[17] (net)
                      0.038118    0.000000    0.228781 ^ _272_/B2 (sky130_fd_sc_hd__a22o_2)
     1    0.001748    0.018382    0.066412    0.295193 ^ _272_/X (sky130_fd_sc_hd__a22o_2)
                                                         _051_ (net)
                      0.018382    0.000000    0.295193 ^ _512_/D (sky130_fd_sc_hd__dfxtp_2)
                                              0.295193   data arrival time

                      0.150000    0.000000    0.000000   clock clk_i (rise edge)
                                  0.000000    0.000000   clock network delay (ideal)
                                  0.250000    0.250000   clock uncertainty
                                  0.000000    0.250000   clock reconvergence pessimism
                                              0.250000 ^ _512_/CLK (sky130_fd_sc_hd__dfxtp_2)
                                 -0.013583    0.236417   library hold time
                                              0.236417   data required time
---------------------------------------------------------------------------------------------
                                              0.236417   data required time
                                             -0.295193   data arrival time
---------------------------------------------------------------------------------------------
                                              0.058775   slack (MET)


Startpoint: _608_ (rising edge-triggered flip-flop clocked by clk_i)
Endpoint: _513_ (rising edge-triggered flip-flop clocked by clk_i)
Path Group: clk_i
Path Type: min

Fanout         Cap        Slew       Delay        Time   Description
---------------------------------------------------------------------------------------------
                      0.150000    0.000000    0.000000   clock clk_i (rise edge)
                                  0.000000    0.000000   clock network delay (ideal)
                      0.150000    0.000000    0.000000 ^ _608_/CLK (sky130_fd_sc_hd__dfxtp_2)
     3    0.007505    0.038118    0.228781    0.228781 ^ _608_/Q (sky130_fd_sc_hd__dfxtp_2)
                                                         partial_word_reg[18] (net)
                      0.038118    0.000000    0.228781 ^ _273_/B2 (sky130_fd_sc_hd__a22o_2)
     1    0.001748    0.018382    0.066412    0.295193 ^ _273_/X (sky130_fd_sc_hd__a22o_2)
                                                         _052_ (net)
                      0.018382    0.000000    0.295193 ^ _513_/D (sky130_fd_sc_hd__dfxtp_2)
                                              0.295193   data arrival time

                      0.150000    0.000000    0.000000   clock clk_i (rise edge)
                                  0.000000    0.000000   clock network delay (ideal)
                                  0.250000    0.250000   clock uncertainty
                                  0.000000    0.250000   clock reconvergence pessimism
                                              0.250000 ^ _513_/CLK (sky130_fd_sc_hd__dfxtp_2)
                                 -0.013583    0.236417   library hold time
                                              0.236417   data required time
---------------------------------------------------------------------------------------------
                                              0.236417   data required time
                                             -0.295193   data arrival time
---------------------------------------------------------------------------------------------
                                              0.058775   slack (MET)


Startpoint: _609_ (rising edge-triggered flip-flop clocked by clk_i)
Endpoint: _514_ (rising edge-triggered flip-flop clocked by clk_i)
Path Group: clk_i
Path Type: min

Fanout         Cap        Slew       Delay        Time   Description
---------------------------------------------------------------------------------------------
                      0.150000    0.000000    0.000000   clock clk_i (rise edge)
                                  0.000000    0.000000   clock network delay (ideal)
                      0.150000    0.000000    0.000000 ^ _609_/CLK (sky130_fd_sc_hd__dfxtp_2)
     3    0.007505    0.038118    0.228781    0.228781 ^ _609_/Q (sky130_fd_sc_hd__dfxtp_2)
                                                         partial_word_reg[19] (net)
                      0.038118    0.000000    0.228781 ^ _274_/B2 (sky130_fd_sc_hd__a22o_2)
     1    0.001748    0.018382    0.066412    0.295193 ^ _274_/X (sky130_fd_sc_hd__a22o_2)
                                                         _053_ (net)
                      0.018382    0.000000    0.295193 ^ _514_/D (sky130_fd_sc_hd__dfxtp_2)
                                              0.295193   data arrival time

                      0.150000    0.000000    0.000000   clock clk_i (rise edge)
                                  0.000000    0.000000   clock network delay (ideal)
                                  0.250000    0.250000   clock uncertainty
                                  0.000000    0.250000   clock reconvergence pessimism
                                              0.250000 ^ _514_/CLK (sky130_fd_sc_hd__dfxtp_2)
                                 -0.013583    0.236417   library hold time
                                              0.236417   data required time
---------------------------------------------------------------------------------------------
                                              0.236417   data required time
                                             -0.295193   data arrival time
---------------------------------------------------------------------------------------------
                                              0.058775   slack (MET)


Startpoint: _610_ (rising edge-triggered flip-flop clocked by clk_i)
Endpoint: _515_ (rising edge-triggered flip-flop clocked by clk_i)
Path Group: clk_i
Path Type: min

Fanout         Cap        Slew       Delay        Time   Description
---------------------------------------------------------------------------------------------
                      0.150000    0.000000    0.000000   clock clk_i (rise edge)
                                  0.000000    0.000000   clock network delay (ideal)
                      0.150000    0.000000    0.000000 ^ _610_/CLK (sky130_fd_sc_hd__dfxtp_2)
     3    0.007505    0.038118    0.228781    0.228781 ^ _610_/Q (sky130_fd_sc_hd__dfxtp_2)
                                                         partial_word_reg[20] (net)
                      0.038118    0.000000    0.228781 ^ _275_/B2 (sky130_fd_sc_hd__a22o_2)
     1    0.001748    0.018382    0.066412    0.295193 ^ _275_/X (sky130_fd_sc_hd__a22o_2)
                                                         _054_ (net)
                      0.018382    0.000000    0.295193 ^ _515_/D (sky130_fd_sc_hd__dfxtp_2)
                                              0.295193   data arrival time

                      0.150000    0.000000    0.000000   clock clk_i (rise edge)
                                  0.000000    0.000000   clock network delay (ideal)
                                  0.250000    0.250000   clock uncertainty
                                  0.000000    0.250000   clock reconvergence pessimism
                                              0.250000 ^ _515_/CLK (sky130_fd_sc_hd__dfxtp_2)
                                 -0.013583    0.236417   library hold time
                                              0.236417   data required time
---------------------------------------------------------------------------------------------
                                              0.236417   data required time
                                             -0.295193   data arrival time
---------------------------------------------------------------------------------------------
                                              0.058775   slack (MET)


Startpoint: _611_ (rising edge-triggered flip-flop clocked by clk_i)
Endpoint: _516_ (rising edge-triggered flip-flop clocked by clk_i)
Path Group: clk_i
Path Type: min

Fanout         Cap        Slew       Delay        Time   Description
---------------------------------------------------------------------------------------------
                      0.150000    0.000000    0.000000   clock clk_i (rise edge)
                                  0.000000    0.000000   clock network delay (ideal)
                      0.150000    0.000000    0.000000 ^ _611_/CLK (sky130_fd_sc_hd__dfxtp_2)
     3    0.007505    0.038118    0.228781    0.228781 ^ _611_/Q (sky130_fd_sc_hd__dfxtp_2)
                                                         partial_word_reg[21] (net)
                      0.038118    0.000000    0.228781 ^ _276_/B2 (sky130_fd_sc_hd__a22o_2)
     1    0.001748    0.018382    0.066412    0.295193 ^ _276_/X (sky130_fd_sc_hd__a22o_2)
                                                         _055_ (net)
                      0.018382    0.000000    0.295193 ^ _516_/D (sky130_fd_sc_hd__dfxtp_2)
                                              0.295193   data arrival time

                      0.150000    0.000000    0.000000   clock clk_i (rise edge)
                                  0.000000    0.000000   clock network delay (ideal)
                                  0.250000    0.250000   clock uncertainty
                                  0.000000    0.250000   clock reconvergence pessimism
                                              0.250000 ^ _516_/CLK (sky130_fd_sc_hd__dfxtp_2)
                                 -0.013583    0.236417   library hold time
                                              0.236417   data required time
---------------------------------------------------------------------------------------------
                                              0.236417   data required time
                                             -0.295193   data arrival time
---------------------------------------------------------------------------------------------
                                              0.058775   slack (MET)


Startpoint: _612_ (rising edge-triggered flip-flop clocked by clk_i)
Endpoint: _517_ (rising edge-triggered flip-flop clocked by clk_i)
Path Group: clk_i
Path Type: min

Fanout         Cap        Slew       Delay        Time   Description
---------------------------------------------------------------------------------------------
                      0.150000    0.000000    0.000000   clock clk_i (rise edge)
                                  0.000000    0.000000   clock network delay (ideal)
                      0.150000    0.000000    0.000000 ^ _612_/CLK (sky130_fd_sc_hd__dfxtp_2)
     3    0.007505    0.038118    0.228781    0.228781 ^ _612_/Q (sky130_fd_sc_hd__dfxtp_2)
                                                         partial_word_reg[22] (net)
                      0.038118    0.000000    0.228781 ^ _277_/B2 (sky130_fd_sc_hd__a22o_2)
     1    0.001748    0.018382    0.066412    0.295193 ^ _277_/X (sky130_fd_sc_hd__a22o_2)
                                                         _056_ (net)
                      0.018382    0.000000    0.295193 ^ _517_/D (sky130_fd_sc_hd__dfxtp_2)
                                              0.295193   data arrival time

                      0.150000    0.000000    0.000000   clock clk_i (rise edge)
                                  0.000000    0.000000   clock network delay (ideal)
                                  0.250000    0.250000   clock uncertainty
                                  0.000000    0.250000   clock reconvergence pessimism
                                              0.250000 ^ _517_/CLK (sky130_fd_sc_hd__dfxtp_2)
                                 -0.013583    0.236417   library hold time
                                              0.236417   data required time
---------------------------------------------------------------------------------------------
                                              0.236417   data required time
                                             -0.295193   data arrival time
---------------------------------------------------------------------------------------------
                                              0.058775   slack (MET)


Startpoint: _613_ (rising edge-triggered flip-flop clocked by clk_i)
Endpoint: _518_ (rising edge-triggered flip-flop clocked by clk_i)
Path Group: clk_i
Path Type: min

Fanout         Cap        Slew       Delay        Time   Description
---------------------------------------------------------------------------------------------
                      0.150000    0.000000    0.000000   clock clk_i (rise edge)
                                  0.000000    0.000000   clock network delay (ideal)
                      0.150000    0.000000    0.000000 ^ _613_/CLK (sky130_fd_sc_hd__dfxtp_2)
     3    0.007505    0.038118    0.228781    0.228781 ^ _613_/Q (sky130_fd_sc_hd__dfxtp_2)
                                                         partial_word_reg[23] (net)
                      0.038118    0.000000    0.228781 ^ _278_/B2 (sky130_fd_sc_hd__a22o_2)
     1    0.001748    0.018382    0.066412    0.295193 ^ _278_/X (sky130_fd_sc_hd__a22o_2)
                                                         _057_ (net)
                      0.018382    0.000000    0.295193 ^ _518_/D (sky130_fd_sc_hd__dfxtp_2)
                                              0.295193   data arrival time

                      0.150000    0.000000    0.000000   clock clk_i (rise edge)
                                  0.000000    0.000000   clock network delay (ideal)
                                  0.250000    0.250000   clock uncertainty
                                  0.000000    0.250000   clock reconvergence pessimism
                                              0.250000 ^ _518_/CLK (sky130_fd_sc_hd__dfxtp_2)
                                 -0.013583    0.236417   library hold time
                                              0.236417   data required time
---------------------------------------------------------------------------------------------
                                              0.236417   data required time
                                             -0.295193   data arrival time
---------------------------------------------------------------------------------------------
                                              0.058775   slack (MET)


Startpoint: _614_ (rising edge-triggered flip-flop clocked by clk_i)
Endpoint: _519_ (rising edge-triggered flip-flop clocked by clk_i)
Path Group: clk_i
Path Type: min

Fanout         Cap        Slew       Delay        Time   Description
---------------------------------------------------------------------------------------------
                      0.150000    0.000000    0.000000   clock clk_i (rise edge)
                                  0.000000    0.000000   clock network delay (ideal)
                      0.150000    0.000000    0.000000 ^ _614_/CLK (sky130_fd_sc_hd__dfxtp_2)
     3    0.007505    0.038118    0.228781    0.228781 ^ _614_/Q (sky130_fd_sc_hd__dfxtp_2)
                                                         partial_word_reg[24] (net)
                      0.038118    0.000000    0.228781 ^ _279_/B2 (sky130_fd_sc_hd__a22o_2)
     1    0.001748    0.018382    0.066412    0.295193 ^ _279_/X (sky130_fd_sc_hd__a22o_2)
                                                         _058_ (net)
                      0.018382    0.000000    0.295193 ^ _519_/D (sky130_fd_sc_hd__dfxtp_2)
                                              0.295193   data arrival time

                      0.150000    0.000000    0.000000   clock clk_i (rise edge)
                                  0.000000    0.000000   clock network delay (ideal)
                                  0.250000    0.250000   clock uncertainty
                                  0.000000    0.250000   clock reconvergence pessimism
                                              0.250000 ^ _519_/CLK (sky130_fd_sc_hd__dfxtp_2)
                                 -0.013583    0.236417   library hold time
                                              0.236417   data required time
---------------------------------------------------------------------------------------------
                                              0.236417   data required time
                                             -0.295193   data arrival time
---------------------------------------------------------------------------------------------
                                              0.058775   slack (MET)


Startpoint: _615_ (rising edge-triggered flip-flop clocked by clk_i)
Endpoint: _520_ (rising edge-triggered flip-flop clocked by clk_i)
Path Group: clk_i
Path Type: min

Fanout         Cap        Slew       Delay        Time   Description
---------------------------------------------------------------------------------------------
                      0.150000    0.000000    0.000000   clock clk_i (rise edge)
                                  0.000000    0.000000   clock network delay (ideal)
                      0.150000    0.000000    0.000000 ^ _615_/CLK (sky130_fd_sc_hd__dfxtp_2)
     3    0.007505    0.038118    0.228781    0.228781 ^ _615_/Q (sky130_fd_sc_hd__dfxtp_2)
                                                         partial_word_reg[25] (net)
                      0.038118    0.000000    0.228781 ^ _280_/B2 (sky130_fd_sc_hd__a22o_2)
     1    0.001748    0.018382    0.066412    0.295193 ^ _280_/X (sky130_fd_sc_hd__a22o_2)
                                                         _059_ (net)
                      0.018382    0.000000    0.295193 ^ _520_/D (sky130_fd_sc_hd__dfxtp_2)
                                              0.295193   data arrival time

                      0.150000    0.000000    0.000000   clock clk_i (rise edge)
                                  0.000000    0.000000   clock network delay (ideal)
                                  0.250000    0.250000   clock uncertainty
                                  0.000000    0.250000   clock reconvergence pessimism
                                              0.250000 ^ _520_/CLK (sky130_fd_sc_hd__dfxtp_2)
                                 -0.013583    0.236417   library hold time
                                              0.236417   data required time
---------------------------------------------------------------------------------------------
                                              0.236417   data required time
                                             -0.295193   data arrival time
---------------------------------------------------------------------------------------------
                                              0.058775   slack (MET)


Startpoint: _616_ (rising edge-triggered flip-flop clocked by clk_i)
Endpoint: _521_ (rising edge-triggered flip-flop clocked by clk_i)
Path Group: clk_i
Path Type: min

Fanout         Cap        Slew       Delay        Time   Description
---------------------------------------------------------------------------------------------
                      0.150000    0.000000    0.000000   clock clk_i (rise edge)
                                  0.000000    0.000000   clock network delay (ideal)
                      0.150000    0.000000    0.000000 ^ _616_/CLK (sky130_fd_sc_hd__dfxtp_2)
     3    0.007505    0.038118    0.228781    0.228781 ^ _616_/Q (sky130_fd_sc_hd__dfxtp_2)
                                                         partial_word_reg[26] (net)
                      0.038118    0.000000    0.228781 ^ _281_/B2 (sky130_fd_sc_hd__a22o_2)
     1    0.001748    0.018382    0.066412    0.295193 ^ _281_/X (sky130_fd_sc_hd__a22o_2)
                                                         _060_ (net)
                      0.018382    0.000000    0.295193 ^ _521_/D (sky130_fd_sc_hd__dfxtp_2)
                                              0.295193   data arrival time

                      0.150000    0.000000    0.000000   clock clk_i (rise edge)
                                  0.000000    0.000000   clock network delay (ideal)
                                  0.250000    0.250000   clock uncertainty
                                  0.000000    0.250000   clock reconvergence pessimism
                                              0.250000 ^ _521_/CLK (sky130_fd_sc_hd__dfxtp_2)
                                 -0.013583    0.236417   library hold time
                                              0.236417   data required time
---------------------------------------------------------------------------------------------
                                              0.236417   data required time
                                             -0.295193   data arrival time
---------------------------------------------------------------------------------------------
                                              0.058775   slack (MET)


Startpoint: _617_ (rising edge-triggered flip-flop clocked by clk_i)
Endpoint: _522_ (rising edge-triggered flip-flop clocked by clk_i)
Path Group: clk_i
Path Type: min

Fanout         Cap        Slew       Delay        Time   Description
---------------------------------------------------------------------------------------------
                      0.150000    0.000000    0.000000   clock clk_i (rise edge)
                                  0.000000    0.000000   clock network delay (ideal)
                      0.150000    0.000000    0.000000 ^ _617_/CLK (sky130_fd_sc_hd__dfxtp_2)
     3    0.007505    0.038118    0.228781    0.228781 ^ _617_/Q (sky130_fd_sc_hd__dfxtp_2)
                                                         partial_word_reg[27] (net)
                      0.038118    0.000000    0.228781 ^ _282_/B2 (sky130_fd_sc_hd__a22o_2)
     1    0.001748    0.018382    0.066412    0.295193 ^ _282_/X (sky130_fd_sc_hd__a22o_2)
                                                         _061_ (net)
                      0.018382    0.000000    0.295193 ^ _522_/D (sky130_fd_sc_hd__dfxtp_2)
                                              0.295193   data arrival time

                      0.150000    0.000000    0.000000   clock clk_i (rise edge)
                                  0.000000    0.000000   clock network delay (ideal)
                                  0.250000    0.250000   clock uncertainty
                                  0.000000    0.250000   clock reconvergence pessimism
                                              0.250000 ^ _522_/CLK (sky130_fd_sc_hd__dfxtp_2)
                                 -0.013583    0.236417   library hold time
                                              0.236417   data required time
---------------------------------------------------------------------------------------------
                                              0.236417   data required time
                                             -0.295193   data arrival time
---------------------------------------------------------------------------------------------
                                              0.058775   slack (MET)


Startpoint: _618_ (rising edge-triggered flip-flop clocked by clk_i)
Endpoint: _523_ (rising edge-triggered flip-flop clocked by clk_i)
Path Group: clk_i
Path Type: min

Fanout         Cap        Slew       Delay        Time   Description
---------------------------------------------------------------------------------------------
                      0.150000    0.000000    0.000000   clock clk_i (rise edge)
                                  0.000000    0.000000   clock network delay (ideal)
                      0.150000    0.000000    0.000000 ^ _618_/CLK (sky130_fd_sc_hd__dfxtp_2)
     3    0.007505    0.038118    0.228781    0.228781 ^ _618_/Q (sky130_fd_sc_hd__dfxtp_2)
                                                         partial_word_reg[28] (net)
                      0.038118    0.000000    0.228781 ^ _283_/B2 (sky130_fd_sc_hd__a22o_2)
     1    0.001748    0.018382    0.066412    0.295193 ^ _283_/X (sky130_fd_sc_hd__a22o_2)
                                                         _062_ (net)
                      0.018382    0.000000    0.295193 ^ _523_/D (sky130_fd_sc_hd__dfxtp_2)
                                              0.295193   data arrival time

                      0.150000    0.000000    0.000000   clock clk_i (rise edge)
                                  0.000000    0.000000   clock network delay (ideal)
                                  0.250000    0.250000   clock uncertainty
                                  0.000000    0.250000   clock reconvergence pessimism
                                              0.250000 ^ _523_/CLK (sky130_fd_sc_hd__dfxtp_2)
                                 -0.013583    0.236417   library hold time
                                              0.236417   data required time
---------------------------------------------------------------------------------------------
                                              0.236417   data required time
                                             -0.295193   data arrival time
---------------------------------------------------------------------------------------------
                                              0.058775   slack (MET)


Startpoint: _619_ (rising edge-triggered flip-flop clocked by clk_i)
Endpoint: _524_ (rising edge-triggered flip-flop clocked by clk_i)
Path Group: clk_i
Path Type: min

Fanout         Cap        Slew       Delay        Time   Description
---------------------------------------------------------------------------------------------
                      0.150000    0.000000    0.000000   clock clk_i (rise edge)
                                  0.000000    0.000000   clock network delay (ideal)
                      0.150000    0.000000    0.000000 ^ _619_/CLK (sky130_fd_sc_hd__dfxtp_2)
     3    0.007505    0.038118    0.228781    0.228781 ^ _619_/Q (sky130_fd_sc_hd__dfxtp_2)
                                                         partial_word_reg[29] (net)
                      0.038118    0.000000    0.228781 ^ _284_/B2 (sky130_fd_sc_hd__a22o_2)
     1    0.001748    0.018382    0.066412    0.295193 ^ _284_/X (sky130_fd_sc_hd__a22o_2)
                                                         _063_ (net)
                      0.018382    0.000000    0.295193 ^ _524_/D (sky130_fd_sc_hd__dfxtp_2)
                                              0.295193   data arrival time

                      0.150000    0.000000    0.000000   clock clk_i (rise edge)
                                  0.000000    0.000000   clock network delay (ideal)
                                  0.250000    0.250000   clock uncertainty
                                  0.000000    0.250000   clock reconvergence pessimism
                                              0.250000 ^ _524_/CLK (sky130_fd_sc_hd__dfxtp_2)
                                 -0.013583    0.236417   library hold time
                                              0.236417   data required time
---------------------------------------------------------------------------------------------
                                              0.236417   data required time
                                             -0.295193   data arrival time
---------------------------------------------------------------------------------------------
                                              0.058775   slack (MET)


Startpoint: _620_ (rising edge-triggered flip-flop clocked by clk_i)
Endpoint: _525_ (rising edge-triggered flip-flop clocked by clk_i)
Path Group: clk_i
Path Type: min

Fanout         Cap        Slew       Delay        Time   Description
---------------------------------------------------------------------------------------------
                      0.150000    0.000000    0.000000   clock clk_i (rise edge)
                                  0.000000    0.000000   clock network delay (ideal)
                      0.150000    0.000000    0.000000 ^ _620_/CLK (sky130_fd_sc_hd__dfxtp_2)
     3    0.007505    0.038118    0.228781    0.228781 ^ _620_/Q (sky130_fd_sc_hd__dfxtp_2)
                                                         partial_word_reg[30] (net)
                      0.038118    0.000000    0.228781 ^ _285_/B2 (sky130_fd_sc_hd__a22o_2)
     1    0.001748    0.018382    0.066412    0.295193 ^ _285_/X (sky130_fd_sc_hd__a22o_2)
                                                         _064_ (net)
                      0.018382    0.000000    0.295193 ^ _525_/D (sky130_fd_sc_hd__dfxtp_2)
                                              0.295193   data arrival time

                      0.150000    0.000000    0.000000   clock clk_i (rise edge)
                                  0.000000    0.000000   clock network delay (ideal)
                                  0.250000    0.250000   clock uncertainty
                                  0.000000    0.250000   clock reconvergence pessimism
                                              0.250000 ^ _525_/CLK (sky130_fd_sc_hd__dfxtp_2)
                                 -0.013583    0.236417   library hold time
                                              0.236417   data required time
---------------------------------------------------------------------------------------------
                                              0.236417   data required time
                                             -0.295193   data arrival time
---------------------------------------------------------------------------------------------
                                              0.058775   slack (MET)


Startpoint: _587_ (rising edge-triggered flip-flop clocked by clk_i)
Endpoint: _587_ (rising edge-triggered flip-flop clocked by clk_i)
Path Group: clk_i
Path Type: min

Fanout         Cap        Slew       Delay        Time   Description
---------------------------------------------------------------------------------------------
                      0.150000    0.000000    0.000000   clock clk_i (rise edge)
                                  0.000000    0.000000   clock network delay (ideal)
                      0.150000    0.000000    0.000000 ^ _587_/CLK (sky130_fd_sc_hd__dfxtp_2)
     2    0.004232    0.026936    0.219814    0.219814 ^ _587_/Q (sky130_fd_sc_hd__dfxtp_2)
                                                         state_reg[59] (net)
                      0.026936    0.000000    0.219814 ^ _408_/A1 (sky130_fd_sc_hd__o211a_2)
     1    0.001748    0.022365    0.091644    0.311458 ^ _408_/X (sky130_fd_sc_hd__o211a_2)
                                                         _126_ (net)
                      0.022365    0.000000    0.311458 ^ _587_/D (sky130_fd_sc_hd__dfxtp_2)
                                              0.311458   data arrival time

                      0.150000    0.000000    0.000000   clock clk_i (rise edge)
                                  0.000000    0.000000   clock network delay (ideal)
                                  0.250000    0.250000   clock uncertainty
                                  0.000000    0.250000   clock reconvergence pessimism
                                              0.250000 ^ _587_/CLK (sky130_fd_sc_hd__dfxtp_2)
                                 -0.013860    0.236140   library hold time
                                              0.236140   data required time
---------------------------------------------------------------------------------------------
                                              0.236140   data required time
                                             -0.311458   data arrival time
---------------------------------------------------------------------------------------------
                                              0.075318   slack (MET)


Startpoint: _590_ (rising edge-triggered flip-flop clocked by clk_i)
Endpoint: _590_ (rising edge-triggered flip-flop clocked by clk_i)
Path Group: clk_i
Path Type: min

Fanout         Cap        Slew       Delay        Time   Description
---------------------------------------------------------------------------------------------
                      0.150000    0.000000    0.000000   clock clk_i (rise edge)
                                  0.000000    0.000000   clock network delay (ideal)
                      0.150000    0.000000    0.000000 ^ _590_/CLK (sky130_fd_sc_hd__dfxtp_2)
     2    0.004232    0.026936    0.219814    0.219814 ^ _590_/Q (sky130_fd_sc_hd__dfxtp_2)
                                                         state_reg[62] (net)
                      0.026936    0.000000    0.219814 ^ _416_/A1 (sky130_fd_sc_hd__o211a_2)
     1    0.001748    0.022365    0.091644    0.311458 ^ _416_/X (sky130_fd_sc_hd__o211a_2)
                                                         _129_ (net)
                      0.022365    0.000000    0.311458 ^ _590_/D (sky130_fd_sc_hd__dfxtp_2)
                                              0.311458   data arrival time

                      0.150000    0.000000    0.000000   clock clk_i (rise edge)
                                  0.000000    0.000000   clock network delay (ideal)
                                  0.250000    0.250000   clock uncertainty
                                  0.000000    0.250000   clock reconvergence pessimism
                                              0.250000 ^ _590_/CLK (sky130_fd_sc_hd__dfxtp_2)
                                 -0.013860    0.236140   library hold time
                                              0.236140   data required time
---------------------------------------------------------------------------------------------
                                              0.236140   data required time
                                             -0.311458   data arrival time
---------------------------------------------------------------------------------------------
                                              0.075318   slack (MET)


Startpoint: _541_ (rising edge-triggered flip-flop clocked by clk_i)
Endpoint: _541_ (rising edge-triggered flip-flop clocked by clk_i)
Path Group: clk_i
Path Type: min

Fanout         Cap        Slew       Delay        Time   Description
---------------------------------------------------------------------------------------------
                      0.150000    0.000000    0.000000   clock clk_i (rise edge)
                                  0.000000    0.000000   clock network delay (ideal)
                      0.150000    0.000000    0.000000 ^ _541_/CLK (sky130_fd_sc_hd__dfxtp_2)
     2    0.004232    0.026936    0.219814    0.219814 ^ _541_/Q (sky130_fd_sc_hd__dfxtp_2)
                                                         state_reg[13] (net)
                      0.026936    0.000000    0.219814 ^ _315_/A1 (sky130_fd_sc_hd__o211a_2)
     1    0.001748    0.022369    0.091644    0.311458 ^ _315_/X (sky130_fd_sc_hd__o211a_2)
                                                         _080_ (net)
                      0.022369    0.000000    0.311458 ^ _541_/D (sky130_fd_sc_hd__dfxtp_2)
                                              0.311458   data arrival time

                      0.150000    0.000000    0.000000   clock clk_i (rise edge)
                                  0.000000    0.000000   clock network delay (ideal)
                                  0.250000    0.250000   clock uncertainty
                                  0.000000    0.250000   clock reconvergence pessimism
                                              0.250000 ^ _541_/CLK (sky130_fd_sc_hd__dfxtp_2)
                                 -0.013860    0.236140   library hold time
                                              0.236140   data required time
---------------------------------------------------------------------------------------------
                                              0.236140   data required time
                                             -0.311458   data arrival time
---------------------------------------------------------------------------------------------
                                              0.075318   slack (MET)


Startpoint: _554_ (rising edge-triggered flip-flop clocked by clk_i)
Endpoint: _554_ (rising edge-triggered flip-flop clocked by clk_i)
Path Group: clk_i
Path Type: min

Fanout         Cap        Slew       Delay        Time   Description
---------------------------------------------------------------------------------------------
                      0.150000    0.000000    0.000000   clock clk_i (rise edge)
                                  0.000000    0.000000   clock network delay (ideal)
                      0.150000    0.000000    0.000000 ^ _554_/CLK (sky130_fd_sc_hd__dfxtp_2)
     2    0.004232    0.026936    0.219814    0.219814 ^ _554_/Q (sky130_fd_sc_hd__dfxtp_2)
                                                         state_reg[26] (net)
                      0.026936    0.000000    0.219814 ^ _341_/A1 (sky130_fd_sc_hd__o211a_2)
     1    0.001748    0.022369    0.091644    0.311458 ^ _341_/X (sky130_fd_sc_hd__o211a_2)
                                                         _093_ (net)
                      0.022369    0.000000    0.311458 ^ _554_/D (sky130_fd_sc_hd__dfxtp_2)
                                              0.311458   data arrival time

                      0.150000    0.000000    0.000000   clock clk_i (rise edge)
                                  0.000000    0.000000   clock network delay (ideal)
                                  0.250000    0.250000   clock uncertainty
                                  0.000000    0.250000   clock reconvergence pessimism
                                              0.250000 ^ _554_/CLK (sky130_fd_sc_hd__dfxtp_2)
                                 -0.013860    0.236140   library hold time
                                              0.236140   data required time
---------------------------------------------------------------------------------------------
                                              0.236140   data required time
                                             -0.311458   data arrival time
---------------------------------------------------------------------------------------------
                                              0.075318   slack (MET)


Startpoint: _557_ (rising edge-triggered flip-flop clocked by clk_i)
Endpoint: _557_ (rising edge-triggered flip-flop clocked by clk_i)
Path Group: clk_i
Path Type: min

Fanout         Cap        Slew       Delay        Time   Description
---------------------------------------------------------------------------------------------
                      0.150000    0.000000    0.000000   clock clk_i (rise edge)
                                  0.000000    0.000000   clock network delay (ideal)
                      0.150000    0.000000    0.000000 ^ _557_/CLK (sky130_fd_sc_hd__dfxtp_2)
     2    0.004232    0.026936    0.219814    0.219814 ^ _557_/Q (sky130_fd_sc_hd__dfxtp_2)
                                                         state_reg[29] (net)
                      0.026936    0.000000    0.219814 ^ _347_/A1 (sky130_fd_sc_hd__o211a_2)
     1    0.001748    0.022369    0.091644    0.311458 ^ _347_/X (sky130_fd_sc_hd__o211a_2)
                                                         _096_ (net)
                      0.022369    0.000000    0.311458 ^ _557_/D (sky130_fd_sc_hd__dfxtp_2)
                                              0.311458   data arrival time

                      0.150000    0.000000    0.000000   clock clk_i (rise edge)
                                  0.000000    0.000000   clock network delay (ideal)
                                  0.250000    0.250000   clock uncertainty
                                  0.000000    0.250000   clock reconvergence pessimism
                                              0.250000 ^ _557_/CLK (sky130_fd_sc_hd__dfxtp_2)
                                 -0.013860    0.236140   library hold time
                                              0.236140   data required time
---------------------------------------------------------------------------------------------
                                              0.236140   data required time
                                             -0.311458   data arrival time
---------------------------------------------------------------------------------------------
                                              0.075318   slack (MET)


Startpoint: _558_ (rising edge-triggered flip-flop clocked by clk_i)
Endpoint: _558_ (rising edge-triggered flip-flop clocked by clk_i)
Path Group: clk_i
Path Type: min

Fanout         Cap        Slew       Delay        Time   Description
---------------------------------------------------------------------------------------------
                      0.150000    0.000000    0.000000   clock clk_i (rise edge)
                                  0.000000    0.000000   clock network delay (ideal)
                      0.150000    0.000000    0.000000 ^ _558_/CLK (sky130_fd_sc_hd__dfxtp_2)
     2    0.004232    0.026936    0.219814    0.219814 ^ _558_/Q (sky130_fd_sc_hd__dfxtp_2)
                                                         state_reg[30] (net)
                      0.026936    0.000000    0.219814 ^ _349_/A1 (sky130_fd_sc_hd__o211a_2)
     1    0.001748    0.022369    0.091644    0.311458 ^ _349_/X (sky130_fd_sc_hd__o211a_2)
                                                         _097_ (net)
                      0.022369    0.000000    0.311458 ^ _558_/D (sky130_fd_sc_hd__dfxtp_2)
                                              0.311458   data arrival time

                      0.150000    0.000000    0.000000   clock clk_i (rise edge)
                                  0.000000    0.000000   clock network delay (ideal)
                                  0.250000    0.250000   clock uncertainty
                                  0.000000    0.250000   clock reconvergence pessimism
                                              0.250000 ^ _558_/CLK (sky130_fd_sc_hd__dfxtp_2)
                                 -0.013860    0.236140   library hold time
                                              0.236140   data required time
---------------------------------------------------------------------------------------------
                                              0.236140   data required time
                                             -0.311458   data arrival time
---------------------------------------------------------------------------------------------
                                              0.075318   slack (MET)


Startpoint: _564_ (rising edge-triggered flip-flop clocked by clk_i)
Endpoint: _564_ (rising edge-triggered flip-flop clocked by clk_i)
Path Group: clk_i
Path Type: min

Fanout         Cap        Slew       Delay        Time   Description
---------------------------------------------------------------------------------------------
                      0.150000    0.000000    0.000000   clock clk_i (rise edge)
                                  0.000000    0.000000   clock network delay (ideal)
                      0.150000    0.000000    0.000000 ^ _564_/CLK (sky130_fd_sc_hd__dfxtp_2)
     2    0.004232    0.026936    0.219814    0.219814 ^ _564_/Q (sky130_fd_sc_hd__dfxtp_2)
                                                         state_reg[36] (net)
                      0.026936    0.000000    0.219814 ^ _361_/A1 (sky130_fd_sc_hd__o211a_2)
     1    0.001748    0.022369    0.091644    0.311458 ^ _361_/X (sky130_fd_sc_hd__o211a_2)
                                                         _103_ (net)
                      0.022369    0.000000    0.311458 ^ _564_/D (sky130_fd_sc_hd__dfxtp_2)
                                              0.311458   data arrival time

                      0.150000    0.000000    0.000000   clock clk_i (rise edge)
                                  0.000000    0.000000   clock network delay (ideal)
                                  0.250000    0.250000   clock uncertainty
                                  0.000000    0.250000   clock reconvergence pessimism
                                              0.250000 ^ _564_/CLK (sky130_fd_sc_hd__dfxtp_2)
                                 -0.013860    0.236140   library hold time
                                              0.236140   data required time
---------------------------------------------------------------------------------------------
                                              0.236140   data required time
                                             -0.311458   data arrival time
---------------------------------------------------------------------------------------------
                                              0.075318   slack (MET)


Startpoint: _572_ (rising edge-triggered flip-flop clocked by clk_i)
Endpoint: _572_ (rising edge-triggered flip-flop clocked by clk_i)
Path Group: clk_i
Path Type: min

Fanout         Cap        Slew       Delay        Time   Description
---------------------------------------------------------------------------------------------
                      0.150000    0.000000    0.000000   clock clk_i (rise edge)
                                  0.000000    0.000000   clock network delay (ideal)
                      0.150000    0.000000    0.000000 ^ _572_/CLK (sky130_fd_sc_hd__dfxtp_2)
     2    0.004232    0.026936    0.219814    0.219814 ^ _572_/Q (sky130_fd_sc_hd__dfxtp_2)
                                                         state_reg[44] (net)
                      0.026936    0.000000    0.219814 ^ _377_/A1 (sky130_fd_sc_hd__o211a_2)
     1    0.001748    0.022369    0.091644    0.311458 ^ _377_/X (sky130_fd_sc_hd__o211a_2)
                                                         _111_ (net)
                      0.022369    0.000000    0.311458 ^ _572_/D (sky130_fd_sc_hd__dfxtp_2)
                                              0.311458   data arrival time

                      0.150000    0.000000    0.000000   clock clk_i (rise edge)
                                  0.000000    0.000000   clock network delay (ideal)
                                  0.250000    0.250000   clock uncertainty
                                  0.000000    0.250000   clock reconvergence pessimism
                                              0.250000 ^ _572_/CLK (sky130_fd_sc_hd__dfxtp_2)
                                 -0.013860    0.236140   library hold time
                                              0.236140   data required time
---------------------------------------------------------------------------------------------
                                              0.236140   data required time
                                             -0.311458   data arrival time
---------------------------------------------------------------------------------------------
                                              0.075318   slack (MET)


Startpoint: _573_ (rising edge-triggered flip-flop clocked by clk_i)
Endpoint: _573_ (rising edge-triggered flip-flop clocked by clk_i)
Path Group: clk_i
Path Type: min

Fanout         Cap        Slew       Delay        Time   Description
---------------------------------------------------------------------------------------------
                      0.150000    0.000000    0.000000   clock clk_i (rise edge)
                                  0.000000    0.000000   clock network delay (ideal)
                      0.150000    0.000000    0.000000 ^ _573_/CLK (sky130_fd_sc_hd__dfxtp_2)
     2    0.004232    0.026936    0.219814    0.219814 ^ _573_/Q (sky130_fd_sc_hd__dfxtp_2)
                                                         state_reg[45] (net)
                      0.026936    0.000000    0.219814 ^ _379_/A1 (sky130_fd_sc_hd__o211a_2)
     1    0.001748    0.022369    0.091644    0.311458 ^ _379_/X (sky130_fd_sc_hd__o211a_2)
                                                         _112_ (net)
                      0.022369    0.000000    0.311458 ^ _573_/D (sky130_fd_sc_hd__dfxtp_2)
                                              0.311458   data arrival time

                      0.150000    0.000000    0.000000   clock clk_i (rise edge)
                                  0.000000    0.000000   clock network delay (ideal)
                                  0.250000    0.250000   clock uncertainty
                                  0.000000    0.250000   clock reconvergence pessimism
                                              0.250000 ^ _573_/CLK (sky130_fd_sc_hd__dfxtp_2)
                                 -0.013860    0.236140   library hold time
                                              0.236140   data required time
---------------------------------------------------------------------------------------------
                                              0.236140   data required time
                                             -0.311458   data arrival time
---------------------------------------------------------------------------------------------
                                              0.075318   slack (MET)


Startpoint: _579_ (rising edge-triggered flip-flop clocked by clk_i)
Endpoint: _579_ (rising edge-triggered flip-flop clocked by clk_i)
Path Group: clk_i
Path Type: min

Fanout         Cap        Slew       Delay        Time   Description
---------------------------------------------------------------------------------------------
                      0.150000    0.000000    0.000000   clock clk_i (rise edge)
                                  0.000000    0.000000   clock network delay (ideal)
                      0.150000    0.000000    0.000000 ^ _579_/CLK (sky130_fd_sc_hd__dfxtp_2)
     2    0.004232    0.026936    0.219814    0.219814 ^ _579_/Q (sky130_fd_sc_hd__dfxtp_2)
                                                         state_reg[51] (net)
                      0.026936    0.000000    0.219814 ^ _391_/A1 (sky130_fd_sc_hd__o211a_2)
     1    0.001748    0.022369    0.091644    0.311458 ^ _391_/X (sky130_fd_sc_hd__o211a_2)
                                                         _118_ (net)
                      0.022369    0.000000    0.311458 ^ _579_/D (sky130_fd_sc_hd__dfxtp_2)
                                              0.311458   data arrival time

                      0.150000    0.000000    0.000000   clock clk_i (rise edge)
                                  0.000000    0.000000   clock network delay (ideal)
                                  0.250000    0.250000   clock uncertainty
                                  0.000000    0.250000   clock reconvergence pessimism
                                              0.250000 ^ _579_/CLK (sky130_fd_sc_hd__dfxtp_2)
                                 -0.013860    0.236140   library hold time
                                              0.236140   data required time
---------------------------------------------------------------------------------------------
                                              0.236140   data required time
                                             -0.311458   data arrival time
---------------------------------------------------------------------------------------------
                                              0.075318   slack (MET)


Startpoint: _580_ (rising edge-triggered flip-flop clocked by clk_i)
Endpoint: _580_ (rising edge-triggered flip-flop clocked by clk_i)
Path Group: clk_i
Path Type: min

Fanout         Cap        Slew       Delay        Time   Description
---------------------------------------------------------------------------------------------
                      0.150000    0.000000    0.000000   clock clk_i (rise edge)
                                  0.000000    0.000000   clock network delay (ideal)
                      0.150000    0.000000    0.000000 ^ _580_/CLK (sky130_fd_sc_hd__dfxtp_2)
     2    0.004232    0.026936    0.219814    0.219814 ^ _580_/Q (sky130_fd_sc_hd__dfxtp_2)
                                                         state_reg[52] (net)
                      0.026936    0.000000    0.219814 ^ _393_/A1 (sky130_fd_sc_hd__o211a_2)
     1    0.001748    0.022369    0.091644    0.311458 ^ _393_/X (sky130_fd_sc_hd__o211a_2)
                                                         _119_ (net)
                      0.022369    0.000000    0.311458 ^ _580_/D (sky130_fd_sc_hd__dfxtp_2)
                                              0.311458   data arrival time

                      0.150000    0.000000    0.000000   clock clk_i (rise edge)
                                  0.000000    0.000000   clock network delay (ideal)
                                  0.250000    0.250000   clock uncertainty
                                  0.000000    0.250000   clock reconvergence pessimism
                                              0.250000 ^ _580_/CLK (sky130_fd_sc_hd__dfxtp_2)
                                 -0.013860    0.236140   library hold time
                                              0.236140   data required time
---------------------------------------------------------------------------------------------
                                              0.236140   data required time
                                             -0.311458   data arrival time
---------------------------------------------------------------------------------------------
                                              0.075318   slack (MET)


Startpoint: _583_ (rising edge-triggered flip-flop clocked by clk_i)
Endpoint: _583_ (rising edge-triggered flip-flop clocked by clk_i)
Path Group: clk_i
Path Type: min

Fanout         Cap        Slew       Delay        Time   Description
---------------------------------------------------------------------------------------------
                      0.150000    0.000000    0.000000   clock clk_i (rise edge)
                                  0.000000    0.000000   clock network delay (ideal)
                      0.150000    0.000000    0.000000 ^ _583_/CLK (sky130_fd_sc_hd__dfxtp_2)
     2    0.004232    0.026936    0.219814    0.219814 ^ _583_/Q (sky130_fd_sc_hd__dfxtp_2)
                                                         state_reg[55] (net)
                      0.026936    0.000000    0.219814 ^ _399_/A1 (sky130_fd_sc_hd__o211a_2)
     1    0.001748    0.022369    0.091644    0.311458 ^ _399_/X (sky130_fd_sc_hd__o211a_2)
                                                         _122_ (net)
                      0.022369    0.000000    0.311458 ^ _583_/D (sky130_fd_sc_hd__dfxtp_2)
                                              0.311458   data arrival time

                      0.150000    0.000000    0.000000   clock clk_i (rise edge)
                                  0.000000    0.000000   clock network delay (ideal)
                                  0.250000    0.250000   clock uncertainty
                                  0.000000    0.250000   clock reconvergence pessimism
                                              0.250000 ^ _583_/CLK (sky130_fd_sc_hd__dfxtp_2)
                                 -0.013860    0.236140   library hold time
                                              0.236140   data required time
---------------------------------------------------------------------------------------------
                                              0.236140   data required time
                                             -0.311458   data arrival time
---------------------------------------------------------------------------------------------
                                              0.075318   slack (MET)


Startpoint: _586_ (rising edge-triggered flip-flop clocked by clk_i)
Endpoint: _586_ (rising edge-triggered flip-flop clocked by clk_i)
Path Group: clk_i
Path Type: min

Fanout         Cap        Slew       Delay        Time   Description
---------------------------------------------------------------------------------------------
                      0.150000    0.000000    0.000000   clock clk_i (rise edge)
                                  0.000000    0.000000   clock network delay (ideal)
                      0.150000    0.000000    0.000000 ^ _586_/CLK (sky130_fd_sc_hd__dfxtp_2)
     2    0.004232    0.026936    0.219814    0.219814 ^ _586_/Q (sky130_fd_sc_hd__dfxtp_2)
                                                         state_reg[58] (net)
                      0.026936    0.000000    0.219814 ^ _405_/A1 (sky130_fd_sc_hd__o211a_2)
     1    0.001748    0.022369    0.091644    0.311458 ^ _405_/X (sky130_fd_sc_hd__o211a_2)
                                                         _125_ (net)
                      0.022369    0.000000    0.311458 ^ _586_/D (sky130_fd_sc_hd__dfxtp_2)
                                              0.311458   data arrival time

                      0.150000    0.000000    0.000000   clock clk_i (rise edge)
                                  0.000000    0.000000   clock network delay (ideal)
                                  0.250000    0.250000   clock uncertainty
                                  0.000000    0.250000   clock reconvergence pessimism
                                              0.250000 ^ _586_/CLK (sky130_fd_sc_hd__dfxtp_2)
                                 -0.013860    0.236140   library hold time
                                              0.236140   data required time
---------------------------------------------------------------------------------------------
                                              0.236140   data required time
                                             -0.311458   data arrival time
---------------------------------------------------------------------------------------------
                                              0.075318   slack (MET)


Startpoint: _532_ (rising edge-triggered flip-flop clocked by clk_i)
Endpoint: _532_ (rising edge-triggered flip-flop clocked by clk_i)
Path Group: clk_i
Path Type: min

Fanout         Cap        Slew       Delay        Time   Description
---------------------------------------------------------------------------------------------
                      0.150000    0.000000    0.000000   clock clk_i (rise edge)
                                  0.000000    0.000000   clock network delay (ideal)
                      0.150000    0.000000    0.000000 ^ _532_/CLK (sky130_fd_sc_hd__dfxtp_2)
     2    0.005030    0.029580    0.222164    0.222164 ^ _532_/Q (sky130_fd_sc_hd__dfxtp_2)
                                                         state_reg[4] (net)
                      0.029580    0.000000    0.222164 ^ _297_/A1 (sky130_fd_sc_hd__o211a_2)
     1    0.001748    0.022369    0.092068    0.314232 ^ _297_/X (sky130_fd_sc_hd__o211a_2)
                                                         _071_ (net)
                      0.022369    0.000000    0.314232 ^ _532_/D (sky130_fd_sc_hd__dfxtp_2)
                                              0.314232   data arrival time

                      0.150000    0.000000    0.000000   clock clk_i (rise edge)
                                  0.000000    0.000000   clock network delay (ideal)
                                  0.250000    0.250000   clock uncertainty
                                  0.000000    0.250000   clock reconvergence pessimism
                                              0.250000 ^ _532_/CLK (sky130_fd_sc_hd__dfxtp_2)
                                 -0.013860    0.236140   library hold time
                                              0.236140   data required time
---------------------------------------------------------------------------------------------
                                              0.236140   data required time
                                             -0.314232   data arrival time
---------------------------------------------------------------------------------------------
                                              0.078092   slack (MET)


Startpoint: _537_ (rising edge-triggered flip-flop clocked by clk_i)
Endpoint: _537_ (rising edge-triggered flip-flop clocked by clk_i)
Path Group: clk_i
Path Type: min

Fanout         Cap        Slew       Delay        Time   Description
---------------------------------------------------------------------------------------------
                      0.150000    0.000000    0.000000   clock clk_i (rise edge)
                                  0.000000    0.000000   clock network delay (ideal)
                      0.150000    0.000000    0.000000 ^ _537_/CLK (sky130_fd_sc_hd__dfxtp_2)
     2    0.005030    0.029580    0.222164    0.222164 ^ _537_/Q (sky130_fd_sc_hd__dfxtp_2)
                                                         state_reg[9] (net)
                      0.029580    0.000000    0.222164 ^ _307_/A1 (sky130_fd_sc_hd__o211a_2)
     1    0.001748    0.022369    0.092068    0.314232 ^ _307_/X (sky130_fd_sc_hd__o211a_2)
                                                         _076_ (net)
                      0.022369    0.000000    0.314232 ^ _537_/D (sky130_fd_sc_hd__dfxtp_2)
                                              0.314232   data arrival time

                      0.150000    0.000000    0.000000   clock clk_i (rise edge)
                                  0.000000    0.000000   clock network delay (ideal)
                                  0.250000    0.250000   clock uncertainty
                                  0.000000    0.250000   clock reconvergence pessimism
                                              0.250000 ^ _537_/CLK (sky130_fd_sc_hd__dfxtp_2)
                                 -0.013860    0.236140   library hold time
                                              0.236140   data required time
---------------------------------------------------------------------------------------------
                                              0.236140   data required time
                                             -0.314232   data arrival time
---------------------------------------------------------------------------------------------
                                              0.078092   slack (MET)


Startpoint: _540_ (rising edge-triggered flip-flop clocked by clk_i)
Endpoint: _540_ (rising edge-triggered flip-flop clocked by clk_i)
Path Group: clk_i
Path Type: min

Fanout         Cap        Slew       Delay        Time   Description
---------------------------------------------------------------------------------------------
                      0.150000    0.000000    0.000000   clock clk_i (rise edge)
                                  0.000000    0.000000   clock network delay (ideal)
                      0.150000    0.000000    0.000000 ^ _540_/CLK (sky130_fd_sc_hd__dfxtp_2)
     2    0.005030    0.029580    0.222164    0.222164 ^ _540_/Q (sky130_fd_sc_hd__dfxtp_2)
                                                         state_reg[12] (net)
                      0.029580    0.000000    0.222164 ^ _313_/A1 (sky130_fd_sc_hd__o211a_2)
     1    0.001748    0.022369    0.092068    0.314232 ^ _313_/X (sky130_fd_sc_hd__o211a_2)
                                                         _079_ (net)
                      0.022369    0.000000    0.314232 ^ _540_/D (sky130_fd_sc_hd__dfxtp_2)
                                              0.314232   data arrival time

                      0.150000    0.000000    0.000000   clock clk_i (rise edge)
                                  0.000000    0.000000   clock network delay (ideal)
                                  0.250000    0.250000   clock uncertainty
                                  0.000000    0.250000   clock reconvergence pessimism
                                              0.250000 ^ _540_/CLK (sky130_fd_sc_hd__dfxtp_2)
                                 -0.013860    0.236140   library hold time
                                              0.236140   data required time
---------------------------------------------------------------------------------------------
                                              0.236140   data required time
                                             -0.314232   data arrival time
---------------------------------------------------------------------------------------------
                                              0.078092   slack (MET)


Startpoint: _546_ (rising edge-triggered flip-flop clocked by clk_i)
Endpoint: _546_ (rising edge-triggered flip-flop clocked by clk_i)
Path Group: clk_i
Path Type: min

Fanout         Cap        Slew       Delay        Time   Description
---------------------------------------------------------------------------------------------
                      0.150000    0.000000    0.000000   clock clk_i (rise edge)
                                  0.000000    0.000000   clock network delay (ideal)
                      0.150000    0.000000    0.000000 ^ _546_/CLK (sky130_fd_sc_hd__dfxtp_2)
     2    0.005030    0.029580    0.222164    0.222164 ^ _546_/Q (sky130_fd_sc_hd__dfxtp_2)
                                                         state_reg[18] (net)
                      0.029580    0.000000    0.222164 ^ _325_/A1 (sky130_fd_sc_hd__o211a_2)
     1    0.001748    0.022369    0.092068    0.314232 ^ _325_/X (sky130_fd_sc_hd__o211a_2)
                                                         _085_ (net)
                      0.022369    0.000000    0.314232 ^ _546_/D (sky130_fd_sc_hd__dfxtp_2)
                                              0.314232   data arrival time

                      0.150000    0.000000    0.000000   clock clk_i (rise edge)
                                  0.000000    0.000000   clock network delay (ideal)
                                  0.250000    0.250000   clock uncertainty
                                  0.000000    0.250000   clock reconvergence pessimism
                                              0.250000 ^ _546_/CLK (sky130_fd_sc_hd__dfxtp_2)
                                 -0.013860    0.236140   library hold time
                                              0.236140   data required time
---------------------------------------------------------------------------------------------
                                              0.236140   data required time
                                             -0.314232   data arrival time
---------------------------------------------------------------------------------------------
                                              0.078092   slack (MET)


Startpoint: _548_ (rising edge-triggered flip-flop clocked by clk_i)
Endpoint: _548_ (rising edge-triggered flip-flop clocked by clk_i)
Path Group: clk_i
Path Type: min

Fanout         Cap        Slew       Delay        Time   Description
---------------------------------------------------------------------------------------------
                      0.150000    0.000000    0.000000   clock clk_i (rise edge)
                                  0.000000    0.000000   clock network delay (ideal)
                      0.150000    0.000000    0.000000 ^ _548_/CLK (sky130_fd_sc_hd__dfxtp_2)
     2    0.005030    0.029580    0.222164    0.222164 ^ _548_/Q (sky130_fd_sc_hd__dfxtp_2)
                                                         state_reg[20] (net)
                      0.029580    0.000000    0.222164 ^ _329_/A1 (sky130_fd_sc_hd__o211a_2)
     1    0.001748    0.022369    0.092068    0.314232 ^ _329_/X (sky130_fd_sc_hd__o211a_2)
                                                         _087_ (net)
                      0.022369    0.000000    0.314232 ^ _548_/D (sky130_fd_sc_hd__dfxtp_2)
                                              0.314232   data arrival time

                      0.150000    0.000000    0.000000   clock clk_i (rise edge)
                                  0.000000    0.000000   clock network delay (ideal)
                                  0.250000    0.250000   clock uncertainty
                                  0.000000    0.250000   clock reconvergence pessimism
                                              0.250000 ^ _548_/CLK (sky130_fd_sc_hd__dfxtp_2)
                                 -0.013860    0.236140   library hold time
                                              0.236140   data required time
---------------------------------------------------------------------------------------------
                                              0.236140   data required time
                                             -0.314232   data arrival time
---------------------------------------------------------------------------------------------
                                              0.078092   slack (MET)


Startpoint: _550_ (rising edge-triggered flip-flop clocked by clk_i)
Endpoint: _550_ (rising edge-triggered flip-flop clocked by clk_i)
Path Group: clk_i
Path Type: min

Fanout         Cap        Slew       Delay        Time   Description
---------------------------------------------------------------------------------------------
                      0.150000    0.000000    0.000000   clock clk_i (rise edge)
                                  0.000000    0.000000   clock network delay (ideal)
                      0.150000    0.000000    0.000000 ^ _550_/CLK (sky130_fd_sc_hd__dfxtp_2)
     2    0.005030    0.029580    0.222164    0.222164 ^ _550_/Q (sky130_fd_sc_hd__dfxtp_2)
                                                         state_reg[22] (net)
                      0.029580    0.000000    0.222164 ^ _333_/A1 (sky130_fd_sc_hd__o211a_2)
     1    0.001748    0.022369    0.092068    0.314232 ^ _333_/X (sky130_fd_sc_hd__o211a_2)
                                                         _089_ (net)
                      0.022369    0.000000    0.314232 ^ _550_/D (sky130_fd_sc_hd__dfxtp_2)
                                              0.314232   data arrival time

                      0.150000    0.000000    0.000000   clock clk_i (rise edge)
                                  0.000000    0.000000   clock network delay (ideal)
                                  0.250000    0.250000   clock uncertainty
                                  0.000000    0.250000   clock reconvergence pessimism
                                              0.250000 ^ _550_/CLK (sky130_fd_sc_hd__dfxtp_2)
                                 -0.013860    0.236140   library hold time
                                              0.236140   data required time
---------------------------------------------------------------------------------------------
                                              0.236140   data required time
                                             -0.314232   data arrival time
---------------------------------------------------------------------------------------------
                                              0.078092   slack (MET)


Startpoint: _553_ (rising edge-triggered flip-flop clocked by clk_i)
Endpoint: _553_ (rising edge-triggered flip-flop clocked by clk_i)
Path Group: clk_i
Path Type: min

Fanout         Cap        Slew       Delay        Time   Description
---------------------------------------------------------------------------------------------
                      0.150000    0.000000    0.000000   clock clk_i (rise edge)
                                  0.000000    0.000000   clock network delay (ideal)
                      0.150000    0.000000    0.000000 ^ _553_/CLK (sky130_fd_sc_hd__dfxtp_2)
     2    0.005030    0.029580    0.222164    0.222164 ^ _553_/Q (sky130_fd_sc_hd__dfxtp_2)
                                                         state_reg[25] (net)
                      0.029580    0.000000    0.222164 ^ _339_/A1 (sky130_fd_sc_hd__o211a_2)
     1    0.001748    0.022369    0.092068    0.314232 ^ _339_/X (sky130_fd_sc_hd__o211a_2)
                                                         _092_ (net)
                      0.022369    0.000000    0.314232 ^ _553_/D (sky130_fd_sc_hd__dfxtp_2)
                                              0.314232   data arrival time

                      0.150000    0.000000    0.000000   clock clk_i (rise edge)
                                  0.000000    0.000000   clock network delay (ideal)
                                  0.250000    0.250000   clock uncertainty
                                  0.000000    0.250000   clock reconvergence pessimism
                                              0.250000 ^ _553_/CLK (sky130_fd_sc_hd__dfxtp_2)
                                 -0.013860    0.236140   library hold time
                                              0.236140   data required time
---------------------------------------------------------------------------------------------
                                              0.236140   data required time
                                             -0.314232   data arrival time
---------------------------------------------------------------------------------------------
                                              0.078092   slack (MET)


Startpoint: _556_ (rising edge-triggered flip-flop clocked by clk_i)
Endpoint: _556_ (rising edge-triggered flip-flop clocked by clk_i)
Path Group: clk_i
Path Type: min

Fanout         Cap        Slew       Delay        Time   Description
---------------------------------------------------------------------------------------------
                      0.150000    0.000000    0.000000   clock clk_i (rise edge)
                                  0.000000    0.000000   clock network delay (ideal)
                      0.150000    0.000000    0.000000 ^ _556_/CLK (sky130_fd_sc_hd__dfxtp_2)
     2    0.005030    0.029580    0.222164    0.222164 ^ _556_/Q (sky130_fd_sc_hd__dfxtp_2)
                                                         state_reg[28] (net)
                      0.029580    0.000000    0.222164 ^ _345_/A1 (sky130_fd_sc_hd__o211a_2)
     1    0.001748    0.022369    0.092068    0.314232 ^ _345_/X (sky130_fd_sc_hd__o211a_2)
                                                         _095_ (net)
                      0.022369    0.000000    0.314232 ^ _556_/D (sky130_fd_sc_hd__dfxtp_2)
                                              0.314232   data arrival time

                      0.150000    0.000000    0.000000   clock clk_i (rise edge)
                                  0.000000    0.000000   clock network delay (ideal)
                                  0.250000    0.250000   clock uncertainty
                                  0.000000    0.250000   clock reconvergence pessimism
                                              0.250000 ^ _556_/CLK (sky130_fd_sc_hd__dfxtp_2)
                                 -0.013860    0.236140   library hold time
                                              0.236140   data required time
---------------------------------------------------------------------------------------------
                                              0.236140   data required time
                                             -0.314232   data arrival time
---------------------------------------------------------------------------------------------
                                              0.078092   slack (MET)


Startpoint: _563_ (rising edge-triggered flip-flop clocked by clk_i)
Endpoint: _563_ (rising edge-triggered flip-flop clocked by clk_i)
Path Group: clk_i
Path Type: min

Fanout         Cap        Slew       Delay        Time   Description
---------------------------------------------------------------------------------------------
                      0.150000    0.000000    0.000000   clock clk_i (rise edge)
                                  0.000000    0.000000   clock network delay (ideal)
                      0.150000    0.000000    0.000000 ^ _563_/CLK (sky130_fd_sc_hd__dfxtp_2)
     2    0.005030    0.029580    0.222164    0.222164 ^ _563_/Q (sky130_fd_sc_hd__dfxtp_2)
                                                         state_reg[35] (net)
                      0.029580    0.000000    0.222164 ^ _359_/A1 (sky130_fd_sc_hd__o211a_2)
     1    0.001748    0.022369    0.092068    0.314232 ^ _359_/X (sky130_fd_sc_hd__o211a_2)
                                                         _102_ (net)
                      0.022369    0.000000    0.314232 ^ _563_/D (sky130_fd_sc_hd__dfxtp_2)
                                              0.314232   data arrival time

                      0.150000    0.000000    0.000000   clock clk_i (rise edge)
                                  0.000000    0.000000   clock network delay (ideal)
                                  0.250000    0.250000   clock uncertainty
                                  0.000000    0.250000   clock reconvergence pessimism
                                              0.250000 ^ _563_/CLK (sky130_fd_sc_hd__dfxtp_2)
                                 -0.013860    0.236140   library hold time
                                              0.236140   data required time
---------------------------------------------------------------------------------------------
                                              0.236140   data required time
                                             -0.314232   data arrival time
---------------------------------------------------------------------------------------------
                                              0.078092   slack (MET)


Startpoint: _567_ (rising edge-triggered flip-flop clocked by clk_i)
Endpoint: _567_ (rising edge-triggered flip-flop clocked by clk_i)
Path Group: clk_i
Path Type: min

Fanout         Cap        Slew       Delay        Time   Description
---------------------------------------------------------------------------------------------
                      0.150000    0.000000    0.000000   clock clk_i (rise edge)
                                  0.000000    0.000000   clock network delay (ideal)
                      0.150000    0.000000    0.000000 ^ _567_/CLK (sky130_fd_sc_hd__dfxtp_2)
     2    0.005030    0.029580    0.222164    0.222164 ^ _567_/Q (sky130_fd_sc_hd__dfxtp_2)
                                                         state_reg[39] (net)
                      0.029580    0.000000    0.222164 ^ _367_/A1 (sky130_fd_sc_hd__o211a_2)
     1    0.001748    0.022369    0.092068    0.314232 ^ _367_/X (sky130_fd_sc_hd__o211a_2)
                                                         _106_ (net)
                      0.022369    0.000000    0.314232 ^ _567_/D (sky130_fd_sc_hd__dfxtp_2)
                                              0.314232   data arrival time

                      0.150000    0.000000    0.000000   clock clk_i (rise edge)
                                  0.000000    0.000000   clock network delay (ideal)
                                  0.250000    0.250000   clock uncertainty
                                  0.000000    0.250000   clock reconvergence pessimism
                                              0.250000 ^ _567_/CLK (sky130_fd_sc_hd__dfxtp_2)
                                 -0.013860    0.236140   library hold time
                                              0.236140   data required time
---------------------------------------------------------------------------------------------
                                              0.236140   data required time
                                             -0.314232   data arrival time
---------------------------------------------------------------------------------------------
                                              0.078092   slack (MET)


Startpoint: _569_ (rising edge-triggered flip-flop clocked by clk_i)
Endpoint: _569_ (rising edge-triggered flip-flop clocked by clk_i)
Path Group: clk_i
Path Type: min

Fanout         Cap        Slew       Delay        Time   Description
---------------------------------------------------------------------------------------------
                      0.150000    0.000000    0.000000   clock clk_i (rise edge)
                                  0.000000    0.000000   clock network delay (ideal)
                      0.150000    0.000000    0.000000 ^ _569_/CLK (sky130_fd_sc_hd__dfxtp_2)
     2    0.005030    0.029580    0.222164    0.222164 ^ _569_/Q (sky130_fd_sc_hd__dfxtp_2)
                                                         state_reg[41] (net)
                      0.029580    0.000000    0.222164 ^ _371_/A1 (sky130_fd_sc_hd__o211a_2)
     1    0.001748    0.022369    0.092068    0.314232 ^ _371_/X (sky130_fd_sc_hd__o211a_2)
                                                         _108_ (net)
                      0.022369    0.000000    0.314232 ^ _569_/D (sky130_fd_sc_hd__dfxtp_2)
                                              0.314232   data arrival time

                      0.150000    0.000000    0.000000   clock clk_i (rise edge)
                                  0.000000    0.000000   clock network delay (ideal)
                                  0.250000    0.250000   clock uncertainty
                                  0.000000    0.250000   clock reconvergence pessimism
                                              0.250000 ^ _569_/CLK (sky130_fd_sc_hd__dfxtp_2)
                                 -0.013860    0.236140   library hold time
                                              0.236140   data required time
---------------------------------------------------------------------------------------------
                                              0.236140   data required time
                                             -0.314232   data arrival time
---------------------------------------------------------------------------------------------
                                              0.078092   slack (MET)


Startpoint: _571_ (rising edge-triggered flip-flop clocked by clk_i)
Endpoint: _571_ (rising edge-triggered flip-flop clocked by clk_i)
Path Group: clk_i
Path Type: min

Fanout         Cap        Slew       Delay        Time   Description
---------------------------------------------------------------------------------------------
                      0.150000    0.000000    0.000000   clock clk_i (rise edge)
                                  0.000000    0.000000   clock network delay (ideal)
                      0.150000    0.000000    0.000000 ^ _571_/CLK (sky130_fd_sc_hd__dfxtp_2)
     2    0.005030    0.029580    0.222164    0.222164 ^ _571_/Q (sky130_fd_sc_hd__dfxtp_2)
                                                         state_reg[43] (net)
                      0.029580    0.000000    0.222164 ^ _375_/A1 (sky130_fd_sc_hd__o211a_2)
     1    0.001748    0.022369    0.092068    0.314232 ^ _375_/X (sky130_fd_sc_hd__o211a_2)
                                                         _110_ (net)
                      0.022369    0.000000    0.314232 ^ _571_/D (sky130_fd_sc_hd__dfxtp_2)
                                              0.314232   data arrival time

                      0.150000    0.000000    0.000000   clock clk_i (rise edge)
                                  0.000000    0.000000   clock network delay (ideal)
                                  0.250000    0.250000   clock uncertainty
                                  0.000000    0.250000   clock reconvergence pessimism
                                              0.250000 ^ _571_/CLK (sky130_fd_sc_hd__dfxtp_2)
                                 -0.013860    0.236140   library hold time
                                              0.236140   data required time
---------------------------------------------------------------------------------------------
                                              0.236140   data required time
                                             -0.314232   data arrival time
---------------------------------------------------------------------------------------------
                                              0.078092   slack (MET)


Startpoint: _575_ (rising edge-triggered flip-flop clocked by clk_i)
Endpoint: _575_ (rising edge-triggered flip-flop clocked by clk_i)
Path Group: clk_i
Path Type: min

Fanout         Cap        Slew       Delay        Time   Description
---------------------------------------------------------------------------------------------
                      0.150000    0.000000    0.000000   clock clk_i (rise edge)
                                  0.000000    0.000000   clock network delay (ideal)
                      0.150000    0.000000    0.000000 ^ _575_/CLK (sky130_fd_sc_hd__dfxtp_2)
     2    0.005030    0.029580    0.222164    0.222164 ^ _575_/Q (sky130_fd_sc_hd__dfxtp_2)
                                                         state_reg[47] (net)
                      0.029580    0.000000    0.222164 ^ _383_/A1 (sky130_fd_sc_hd__o211a_2)
     1    0.001748    0.022369    0.092068    0.314232 ^ _383_/X (sky130_fd_sc_hd__o211a_2)
                                                         _114_ (net)
                      0.022369    0.000000    0.314232 ^ _575_/D (sky130_fd_sc_hd__dfxtp_2)
                                              0.314232   data arrival time

                      0.150000    0.000000    0.000000   clock clk_i (rise edge)
                                  0.000000    0.000000   clock network delay (ideal)
                                  0.250000    0.250000   clock uncertainty
                                  0.000000    0.250000   clock reconvergence pessimism
                                              0.250000 ^ _575_/CLK (sky130_fd_sc_hd__dfxtp_2)
                                 -0.013860    0.236140   library hold time
                                              0.236140   data required time
---------------------------------------------------------------------------------------------
                                              0.236140   data required time
                                             -0.314232   data arrival time
---------------------------------------------------------------------------------------------
                                              0.078092   slack (MET)


Startpoint: _578_ (rising edge-triggered flip-flop clocked by clk_i)
Endpoint: _578_ (rising edge-triggered flip-flop clocked by clk_i)
Path Group: clk_i
Path Type: min

Fanout         Cap        Slew       Delay        Time   Description
---------------------------------------------------------------------------------------------
                      0.150000    0.000000    0.000000   clock clk_i (rise edge)
                                  0.000000    0.000000   clock network delay (ideal)
                      0.150000    0.000000    0.000000 ^ _578_/CLK (sky130_fd_sc_hd__dfxtp_2)
     2    0.005030    0.029580    0.222164    0.222164 ^ _578_/Q (sky130_fd_sc_hd__dfxtp_2)
                                                         state_reg[50] (net)
                      0.029580    0.000000    0.222164 ^ _389_/A1 (sky130_fd_sc_hd__o211a_2)
     1    0.001748    0.022369    0.092068    0.314232 ^ _389_/X (sky130_fd_sc_hd__o211a_2)
                                                         _117_ (net)
                      0.022369    0.000000    0.314232 ^ _578_/D (sky130_fd_sc_hd__dfxtp_2)
                                              0.314232   data arrival time

                      0.150000    0.000000    0.000000   clock clk_i (rise edge)
                                  0.000000    0.000000   clock network delay (ideal)
                                  0.250000    0.250000   clock uncertainty
                                  0.000000    0.250000   clock reconvergence pessimism
                                              0.250000 ^ _578_/CLK (sky130_fd_sc_hd__dfxtp_2)
                                 -0.013860    0.236140   library hold time
                                              0.236140   data required time
---------------------------------------------------------------------------------------------
                                              0.236140   data required time
                                             -0.314232   data arrival time
---------------------------------------------------------------------------------------------
                                              0.078092   slack (MET)


Startpoint: _582_ (rising edge-triggered flip-flop clocked by clk_i)
Endpoint: _582_ (rising edge-triggered flip-flop clocked by clk_i)
Path Group: clk_i
Path Type: min

Fanout         Cap        Slew       Delay        Time   Description
---------------------------------------------------------------------------------------------
                      0.150000    0.000000    0.000000   clock clk_i (rise edge)
                                  0.000000    0.000000   clock network delay (ideal)
                      0.150000    0.000000    0.000000 ^ _582_/CLK (sky130_fd_sc_hd__dfxtp_2)
     2    0.005030    0.029580    0.222164    0.222164 ^ _582_/Q (sky130_fd_sc_hd__dfxtp_2)
                                                         state_reg[54] (net)
                      0.029580    0.000000    0.222164 ^ _397_/A1 (sky130_fd_sc_hd__o211a_2)
     1    0.001748    0.022369    0.092068    0.314232 ^ _397_/X (sky130_fd_sc_hd__o211a_2)
                                                         _121_ (net)
                      0.022369    0.000000    0.314232 ^ _582_/D (sky130_fd_sc_hd__dfxtp_2)
                                              0.314232   data arrival time

                      0.150000    0.000000    0.000000   clock clk_i (rise edge)
                                  0.000000    0.000000   clock network delay (ideal)
                                  0.250000    0.250000   clock uncertainty
                                  0.000000    0.250000   clock reconvergence pessimism
                                              0.250000 ^ _582_/CLK (sky130_fd_sc_hd__dfxtp_2)
                                 -0.013860    0.236140   library hold time
                                              0.236140   data required time
---------------------------------------------------------------------------------------------
                                              0.236140   data required time
                                             -0.314232   data arrival time
---------------------------------------------------------------------------------------------
                                              0.078092   slack (MET)


Startpoint: _585_ (rising edge-triggered flip-flop clocked by clk_i)
Endpoint: _585_ (rising edge-triggered flip-flop clocked by clk_i)
Path Group: clk_i
Path Type: min

Fanout         Cap        Slew       Delay        Time   Description
---------------------------------------------------------------------------------------------
                      0.150000    0.000000    0.000000   clock clk_i (rise edge)
                                  0.000000    0.000000   clock network delay (ideal)
                      0.150000    0.000000    0.000000 ^ _585_/CLK (sky130_fd_sc_hd__dfxtp_2)
     2    0.005030    0.029580    0.222164    0.222164 ^ _585_/Q (sky130_fd_sc_hd__dfxtp_2)
                                                         state_reg[57] (net)
                      0.029580    0.000000    0.222164 ^ _403_/A1 (sky130_fd_sc_hd__o211a_2)
     1    0.001748    0.022369    0.092068    0.314232 ^ _403_/X (sky130_fd_sc_hd__o211a_2)
                                                         _124_ (net)
                      0.022369    0.000000    0.314232 ^ _585_/D (sky130_fd_sc_hd__dfxtp_2)
                                              0.314232   data arrival time

                      0.150000    0.000000    0.000000   clock clk_i (rise edge)
                                  0.000000    0.000000   clock network delay (ideal)
                                  0.250000    0.250000   clock uncertainty
                                  0.000000    0.250000   clock reconvergence pessimism
                                              0.250000 ^ _585_/CLK (sky130_fd_sc_hd__dfxtp_2)
                                 -0.013860    0.236140   library hold time
                                              0.236140   data required time
---------------------------------------------------------------------------------------------
                                              0.236140   data required time
                                             -0.314232   data arrival time
---------------------------------------------------------------------------------------------
                                              0.078092   slack (MET)


Startpoint: _621_ (rising edge-triggered flip-flop clocked by clk_i)
Endpoint: _526_ (rising edge-triggered flip-flop clocked by clk_i)
Path Group: clk_i
Path Type: min

Fanout         Cap        Slew       Delay        Time   Description
---------------------------------------------------------------------------------------------
                      0.150000    0.000000    0.000000   clock clk_i (rise edge)
                                  0.000000    0.000000   clock network delay (ideal)
                      0.150000    0.000000    0.000000 ^ _621_/CLK (sky130_fd_sc_hd__dfxtp_2)
     4    0.016527    0.069797    0.252654    0.252654 ^ _621_/Q (sky130_fd_sc_hd__dfxtp_2)
                                                         partial_word_reg[31] (net)
                      0.069797    0.000000    0.252654 ^ _286_/B2 (sky130_fd_sc_hd__a22o_2)
     1    0.001748    0.018733    0.073125    0.325778 ^ _286_/X (sky130_fd_sc_hd__a22o_2)
                                                         _065_ (net)
                      0.018733    0.000000    0.325778 ^ _526_/D (sky130_fd_sc_hd__dfxtp_2)
                                              0.325778   data arrival time

                      0.150000    0.000000    0.000000   clock clk_i (rise edge)
                                  0.000000    0.000000   clock network delay (ideal)
                                  0.250000    0.250000   clock uncertainty
                                  0.000000    0.250000   clock reconvergence pessimism
                                              0.250000 ^ _526_/CLK (sky130_fd_sc_hd__dfxtp_2)
                                 -0.013607    0.236393   library hold time
                                              0.236393   data required time
---------------------------------------------------------------------------------------------
                                              0.236393   data required time
                                             -0.325778   data arrival time
---------------------------------------------------------------------------------------------
                                              0.089385   slack (MET)


Startpoint: _626_ (rising edge-triggered flip-flop clocked by clk_i)
Endpoint: _626_ (rising edge-triggered flip-flop clocked by clk_i)
Path Group: clk_i
Path Type: min

Fanout         Cap        Slew       Delay        Time   Description
---------------------------------------------------------------------------------------------
                      0.150000    0.000000    0.000000   clock clk_i (rise edge)
                                  0.000000    0.000000   clock network delay (ideal)
                      0.150000    0.000000    0.000000 ^ _626_/CLK (sky130_fd_sc_hd__dfxtp_2)
     3    0.008687    0.042195    0.231941    0.231941 ^ _626_/Q (sky130_fd_sc_hd__dfxtp_2)
                                                         steps_left_reg[4] (net)
                      0.042195    0.000000    0.231941 ^ _494_/A1 (sky130_fd_sc_hd__o211a_2)
     1    0.001748    0.022369    0.094091    0.326032 ^ _494_/X (sky130_fd_sc_hd__o211a_2)
                                                         _032_ (net)
                      0.022369    0.000000    0.326032 ^ _626_/D (sky130_fd_sc_hd__dfxtp_2)
                                              0.326032   data arrival time

                      0.150000    0.000000    0.000000   clock clk_i (rise edge)
                                  0.000000    0.000000   clock network delay (ideal)
                                  0.250000    0.250000   clock uncertainty
                                  0.000000    0.250000   clock reconvergence pessimism
                                              0.250000 ^ _626_/CLK (sky130_fd_sc_hd__dfxtp_2)
                                 -0.013860    0.236140   library hold time
                                              0.236140   data required time
---------------------------------------------------------------------------------------------
                                              0.236140   data required time
                                             -0.326032   data arrival time
---------------------------------------------------------------------------------------------
                                              0.089892   slack (MET)


Startpoint: _588_ (rising edge-triggered flip-flop clocked by clk_i)
Endpoint: _588_ (rising edge-triggered flip-flop clocked by clk_i)
Path Group: clk_i
Path Type: min

Fanout         Cap        Slew       Delay        Time   Description
---------------------------------------------------------------------------------------------
                      0.150000    0.000000    0.000000   clock clk_i (rise edge)
                                  0.000000    0.000000   clock network delay (ideal)
                      0.150000    0.000000    0.000000 ^ _588_/CLK (sky130_fd_sc_hd__dfxtp_2)
     2    0.010958    0.050030    0.238012    0.238012 ^ _588_/Q (sky130_fd_sc_hd__dfxtp_2)
                                                         state_reg[60] (net)
                      0.050030    0.000000    0.238012 ^ _411_/A1 (sky130_fd_sc_hd__o211a_2)
     1    0.001748    0.022365    0.095347    0.333359 ^ _411_/X (sky130_fd_sc_hd__o211a_2)
                                                         _127_ (net)
                      0.022365    0.000000    0.333359 ^ _588_/D (sky130_fd_sc_hd__dfxtp_2)
                                              0.333359   data arrival time

                      0.150000    0.000000    0.000000   clock clk_i (rise edge)
                                  0.000000    0.000000   clock network delay (ideal)
                                  0.250000    0.250000   clock uncertainty
                                  0.000000    0.250000   clock reconvergence pessimism
                                              0.250000 ^ _588_/CLK (sky130_fd_sc_hd__dfxtp_2)
                                 -0.013860    0.236140   library hold time
                                              0.236140   data required time
---------------------------------------------------------------------------------------------
                                              0.236140   data required time
                                             -0.333359   data arrival time
---------------------------------------------------------------------------------------------
                                              0.097219   slack (MET)


Startpoint: _589_ (rising edge-triggered flip-flop clocked by clk_i)
Endpoint: _589_ (rising edge-triggered flip-flop clocked by clk_i)
Path Group: clk_i
Path Type: min

Fanout         Cap        Slew       Delay        Time   Description
---------------------------------------------------------------------------------------------
                      0.150000    0.000000    0.000000   clock clk_i (rise edge)
                                  0.000000    0.000000   clock network delay (ideal)
                      0.150000    0.000000    0.000000 ^ _589_/CLK (sky130_fd_sc_hd__dfxtp_2)
     2    0.010958    0.050030    0.238012    0.238012 ^ _589_/Q (sky130_fd_sc_hd__dfxtp_2)
                                                         state_reg[61] (net)
                      0.050030    0.000000    0.238012 ^ _413_/A1 (sky130_fd_sc_hd__o211a_2)
     1    0.001748    0.022369    0.095347    0.333359 ^ _413_/X (sky130_fd_sc_hd__o211a_2)
                                                         _128_ (net)
                      0.022369    0.000000    0.333359 ^ _589_/D (sky130_fd_sc_hd__dfxtp_2)
                                              0.333359   data arrival time

                      0.150000    0.000000    0.000000   clock clk_i (rise edge)
                                  0.000000    0.000000   clock network delay (ideal)
                                  0.250000    0.250000   clock uncertainty
                                  0.000000    0.250000   clock reconvergence pessimism
                                              0.250000 ^ _589_/CLK (sky130_fd_sc_hd__dfxtp_2)
                                 -0.013860    0.236140   library hold time
                                              0.236140   data required time
---------------------------------------------------------------------------------------------
                                              0.236140   data required time
                                             -0.333359   data arrival time
---------------------------------------------------------------------------------------------
                                              0.097219   slack (MET)


Startpoint: _622_ (rising edge-triggered flip-flop clocked by clk_i)
Endpoint: _622_ (rising edge-triggered flip-flop clocked by clk_i)
Path Group: clk_i
Path Type: min

Fanout         Cap        Slew       Delay        Time   Description
---------------------------------------------------------------------------------------------
                      0.150000    0.000000    0.000000   clock clk_i (rise edge)
                                  0.000000    0.000000   clock network delay (ideal)
                      0.150000    0.000000    0.000000 ^ _622_/CLK (sky130_fd_sc_hd__dfxtp_2)
     7    0.015244    0.036354    0.240908    0.240908 v _622_/Q (sky130_fd_sc_hd__dfxtp_2)
                                                         steps_left_reg[0] (net)
                      0.036354    0.000000    0.240908 v _251_/A (sky130_fd_sc_hd__nand2_2)
     1    0.002470    0.021652    0.033303    0.274211 ^ _251_/Y (sky130_fd_sc_hd__nand2_2)
                                                         _136_ (net)
                      0.021652    0.000000    0.274211 ^ _479_/B1 (sky130_fd_sc_hd__o211a_2)
     1    0.001748    0.022368    0.073129    0.347340 ^ _479_/X (sky130_fd_sc_hd__o211a_2)
                                                         _028_ (net)
                      0.022368    0.000000    0.347340 ^ _622_/D (sky130_fd_sc_hd__dfxtp_2)
                                              0.347340   data arrival time

                      0.150000    0.000000    0.000000   clock clk_i (rise edge)
                                  0.000000    0.000000   clock network delay (ideal)
                                  0.250000    0.250000   clock uncertainty
                                  0.000000    0.250000   clock reconvergence pessimism
                                              0.250000 ^ _622_/CLK (sky130_fd_sc_hd__dfxtp_2)
                                 -0.013860    0.236140   library hold time
                                              0.236140   data required time
---------------------------------------------------------------------------------------------
                                              0.236140   data required time
                                             -0.347340   data arrival time
---------------------------------------------------------------------------------------------
                                              0.111200   slack (MET)


Startpoint: _621_ (rising edge-triggered flip-flop clocked by clk_i)
Endpoint: _621_ (rising edge-triggered flip-flop clocked by clk_i)
Path Group: clk_i
Path Type: min

Fanout         Cap        Slew       Delay        Time   Description
---------------------------------------------------------------------------------------------
                      0.150000    0.000000    0.000000   clock clk_i (rise edge)
                                  0.000000    0.000000   clock network delay (ideal)
                      0.150000    0.000000    0.000000 ^ _621_/CLK (sky130_fd_sc_hd__dfxtp_2)
     4    0.016527    0.069797    0.252654    0.252654 ^ _621_/Q (sky130_fd_sc_hd__dfxtp_2)
                                                         partial_word_reg[31] (net)
                      0.069797    0.000000    0.252654 ^ _478_/A1 (sky130_fd_sc_hd__o211a_2)
     1    0.001748    0.022367    0.098062    0.350715 ^ _478_/X (sky130_fd_sc_hd__o211a_2)
                                                         _027_ (net)
                      0.022367    0.000000    0.350715 ^ _621_/D (sky130_fd_sc_hd__dfxtp_2)
                                              0.350715   data arrival time

                      0.150000    0.000000    0.000000   clock clk_i (rise edge)
                                  0.000000    0.000000   clock network delay (ideal)
                                  0.250000    0.250000   clock uncertainty
                                  0.000000    0.250000   clock reconvergence pessimism
                                              0.250000 ^ _621_/CLK (sky130_fd_sc_hd__dfxtp_2)
                                 -0.013860    0.236140   library hold time
                                              0.236140   data required time
---------------------------------------------------------------------------------------------
                                              0.236140   data required time
                                             -0.350715   data arrival time
---------------------------------------------------------------------------------------------
                                              0.114575   slack (MET)


Startpoint: _625_ (rising edge-triggered flip-flop clocked by clk_i)
Endpoint: _625_ (rising edge-triggered flip-flop clocked by clk_i)
Path Group: clk_i
Path Type: min

Fanout         Cap        Slew       Delay        Time   Description
---------------------------------------------------------------------------------------------
                      0.150000    0.000000    0.000000   clock clk_i (rise edge)
                                  0.000000    0.000000   clock network delay (ideal)
                      0.150000    0.000000    0.000000 ^ _625_/CLK (sky130_fd_sc_hd__dfxtp_2)
     3    0.008739    0.042375    0.232080    0.232080 ^ _625_/Q (sky130_fd_sc_hd__dfxtp_2)
                                                         steps_left_reg[3] (net)
                      0.042375    0.000000    0.232080 ^ _488_/B1 (sky130_fd_sc_hd__o31a_2)
     1    0.002440    0.020626    0.058519    0.290599 ^ _488_/X (sky130_fd_sc_hd__o31a_2)
                                                         _242_ (net)
                      0.020626    0.000000    0.290599 ^ _491_/A1 (sky130_fd_sc_hd__o21a_2)
     1    0.001748    0.017809    0.066814    0.357413 ^ _491_/X (sky130_fd_sc_hd__o21a_2)
                                                         _031_ (net)
                      0.017809    0.000000    0.357413 ^ _625_/D (sky130_fd_sc_hd__dfxtp_2)
                                              0.357413   data arrival time

                      0.150000    0.000000    0.000000   clock clk_i (rise edge)
                                  0.000000    0.000000   clock network delay (ideal)
                                  0.250000    0.250000   clock uncertainty
                                  0.000000    0.250000   clock reconvergence pessimism
                                              0.250000 ^ _625_/CLK (sky130_fd_sc_hd__dfxtp_2)
                                 -0.013543    0.236457   library hold time
                                              0.236457   data required time
---------------------------------------------------------------------------------------------
                                              0.236457   data required time
                                             -0.357413   data arrival time
---------------------------------------------------------------------------------------------
                                              0.120956   slack (MET)


Startpoint: _591_ (rising edge-triggered flip-flop clocked by clk_i)
Endpoint: _591_ (rising edge-triggered flip-flop clocked by clk_i)
Path Group: clk_i
Path Type: min

Fanout         Cap        Slew       Delay        Time   Description
---------------------------------------------------------------------------------------------
                      0.150000    0.000000    0.000000   clock clk_i (rise edge)
                                  0.000000    0.000000   clock network delay (ideal)
                      0.150000    0.000000    0.000000 ^ _591_/CLK (sky130_fd_sc_hd__dfxtp_2)
     2    0.005036    0.029601    0.222180    0.222180 ^ _591_/Q (sky130_fd_sc_hd__dfxtp_2)
                                                         partial_word_reg[1] (net)
                      0.029601    0.000000    0.222180 ^ _417_/B2 (sky130_fd_sc_hd__a22o_2)
     1    0.001632    0.017995    0.063928    0.286108 ^ _417_/X (sky130_fd_sc_hd__a22o_2)
                                                         _205_ (net)
                      0.017995    0.000000    0.286108 ^ _418_/B (sky130_fd_sc_hd__and2_2)
     1    0.001748    0.021774    0.071405    0.357513 ^ _418_/X (sky130_fd_sc_hd__and2_2)
                                                         _130_ (net)
                      0.021774    0.000000    0.357513 ^ _591_/D (sky130_fd_sc_hd__dfxtp_2)
                                              0.357513   data arrival time

                      0.150000    0.000000    0.000000   clock clk_i (rise edge)
                                  0.000000    0.000000   clock network delay (ideal)
                                  0.250000    0.250000   clock uncertainty
                                  0.000000    0.250000   clock reconvergence pessimism
                                              0.250000 ^ _591_/CLK (sky130_fd_sc_hd__dfxtp_2)
                                 -0.013819    0.236181   library hold time
                                              0.236181   data required time
---------------------------------------------------------------------------------------------
                                              0.236181   data required time
                                             -0.357513   data arrival time
---------------------------------------------------------------------------------------------
                                              0.121331   slack (MET)


Startpoint: _592_ (rising edge-triggered flip-flop clocked by clk_i)
Endpoint: _592_ (rising edge-triggered flip-flop clocked by clk_i)
Path Group: clk_i
Path Type: min

Fanout         Cap        Slew       Delay        Time   Description
---------------------------------------------------------------------------------------------
                      0.150000    0.000000    0.000000   clock clk_i (rise edge)
                                  0.000000    0.000000   clock network delay (ideal)
                      0.150000    0.000000    0.000000 ^ _592_/CLK (sky130_fd_sc_hd__dfxtp_2)
     3    0.007505    0.038118    0.228781    0.228781 ^ _592_/Q (sky130_fd_sc_hd__dfxtp_2)
                                                         partial_word_reg[2] (net)
                      0.038118    0.000000    0.228781 ^ _419_/B2 (sky130_fd_sc_hd__a22o_2)
     1    0.001632    0.017980    0.066028    0.294809 ^ _419_/X (sky130_fd_sc_hd__a22o_2)
                                                         _206_ (net)
                      0.017980    0.000000    0.294809 ^ _420_/B (sky130_fd_sc_hd__and2_2)
     1    0.001748    0.021774    0.071400    0.366209 ^ _420_/X (sky130_fd_sc_hd__and2_2)
                                                         _131_ (net)
                      0.021774    0.000000    0.366209 ^ _592_/D (sky130_fd_sc_hd__dfxtp_2)
                                              0.366209   data arrival time

                      0.150000    0.000000    0.000000   clock clk_i (rise edge)
                                  0.000000    0.000000   clock network delay (ideal)
                                  0.250000    0.250000   clock uncertainty
                                  0.000000    0.250000   clock reconvergence pessimism
                                              0.250000 ^ _592_/CLK (sky130_fd_sc_hd__dfxtp_2)
                                 -0.013819    0.236181   library hold time
                                              0.236181   data required time
---------------------------------------------------------------------------------------------
                                              0.236181   data required time
                                             -0.366209   data arrival time
---------------------------------------------------------------------------------------------
                                              0.130028   slack (MET)


Startpoint: _593_ (rising edge-triggered flip-flop clocked by clk_i)
Endpoint: _593_ (rising edge-triggered flip-flop clocked by clk_i)
Path Group: clk_i
Path Type: min

Fanout         Cap        Slew       Delay        Time   Description
---------------------------------------------------------------------------------------------
                      0.150000    0.000000    0.000000   clock clk_i (rise edge)
                                  0.000000    0.000000   clock network delay (ideal)
                      0.150000    0.000000    0.000000 ^ _593_/CLK (sky130_fd_sc_hd__dfxtp_2)
     3    0.007505    0.038118    0.228781    0.228781 ^ _593_/Q (sky130_fd_sc_hd__dfxtp_2)
                                                         partial_word_reg[3] (net)
                      0.038118    0.000000    0.228781 ^ _421_/B2 (sky130_fd_sc_hd__a22o_2)
     1    0.001632    0.017980    0.066028    0.294809 ^ _421_/X (sky130_fd_sc_hd__a22o_2)
                                                         _207_ (net)
                      0.017980    0.000000    0.294809 ^ _422_/B (sky130_fd_sc_hd__and2_2)
     1    0.001748    0.021774    0.071400    0.366209 ^ _422_/X (sky130_fd_sc_hd__and2_2)
                                                         _132_ (net)
                      0.021774    0.000000    0.366209 ^ _593_/D (sky130_fd_sc_hd__dfxtp_2)
                                              0.366209   data arrival time

                      0.150000    0.000000    0.000000   clock clk_i (rise edge)
                                  0.000000    0.000000   clock network delay (ideal)
                                  0.250000    0.250000   clock uncertainty
                                  0.000000    0.250000   clock reconvergence pessimism
                                              0.250000 ^ _593_/CLK (sky130_fd_sc_hd__dfxtp_2)
                                 -0.013819    0.236181   library hold time
                                              0.236181   data required time
---------------------------------------------------------------------------------------------
                                              0.236181   data required time
                                             -0.366209   data arrival time
---------------------------------------------------------------------------------------------
                                              0.130028   slack (MET)


Startpoint: _594_ (rising edge-triggered flip-flop clocked by clk_i)
Endpoint: _594_ (rising edge-triggered flip-flop clocked by clk_i)
Path Group: clk_i
Path Type: min

Fanout         Cap        Slew       Delay        Time   Description
---------------------------------------------------------------------------------------------
                      0.150000    0.000000    0.000000   clock clk_i (rise edge)
                                  0.000000    0.000000   clock network delay (ideal)
                      0.150000    0.000000    0.000000 ^ _594_/CLK (sky130_fd_sc_hd__dfxtp_2)
     3    0.007505    0.038118    0.228781    0.228781 ^ _594_/Q (sky130_fd_sc_hd__dfxtp_2)
                                                         partial_word_reg[4] (net)
                      0.038118    0.000000    0.228781 ^ _423_/B2 (sky130_fd_sc_hd__a22o_2)
     1    0.001632    0.017980    0.066028    0.294809 ^ _423_/X (sky130_fd_sc_hd__a22o_2)
                                                         _208_ (net)
                      0.017980    0.000000    0.294809 ^ _424_/B (sky130_fd_sc_hd__and2_2)
     1    0.001748    0.021774    0.071400    0.366209 ^ _424_/X (sky130_fd_sc_hd__and2_2)
                                                         _000_ (net)
                      0.021774    0.000000    0.366209 ^ _594_/D (sky130_fd_sc_hd__dfxtp_2)
                                              0.366209   data arrival time

                      0.150000    0.000000    0.000000   clock clk_i (rise edge)
                                  0.000000    0.000000   clock network delay (ideal)
                                  0.250000    0.250000   clock uncertainty
                                  0.000000    0.250000   clock reconvergence pessimism
                                              0.250000 ^ _594_/CLK (sky130_fd_sc_hd__dfxtp_2)
                                 -0.013819    0.236181   library hold time
                                              0.236181   data required time
---------------------------------------------------------------------------------------------
                                              0.236181   data required time
                                             -0.366209   data arrival time
---------------------------------------------------------------------------------------------
                                              0.130028   slack (MET)


Startpoint: _595_ (rising edge-triggered flip-flop clocked by clk_i)
Endpoint: _595_ (rising edge-triggered flip-flop clocked by clk_i)
Path Group: clk_i
Path Type: min

Fanout         Cap        Slew       Delay        Time   Description
---------------------------------------------------------------------------------------------
                      0.150000    0.000000    0.000000   clock clk_i (rise edge)
                                  0.000000    0.000000   clock network delay (ideal)
                      0.150000    0.000000    0.000000 ^ _595_/CLK (sky130_fd_sc_hd__dfxtp_2)
     3    0.007505    0.038118    0.228781    0.228781 ^ _595_/Q (sky130_fd_sc_hd__dfxtp_2)
                                                         partial_word_reg[5] (net)
                      0.038118    0.000000    0.228781 ^ _425_/B2 (sky130_fd_sc_hd__a22o_2)
     1    0.001632    0.017980    0.066028    0.294809 ^ _425_/X (sky130_fd_sc_hd__a22o_2)
                                                         _209_ (net)
                      0.017980    0.000000    0.294809 ^ _426_/B (sky130_fd_sc_hd__and2_2)
     1    0.001748    0.021774    0.071400    0.366209 ^ _426_/X (sky130_fd_sc_hd__and2_2)
                                                         _001_ (net)
                      0.021774    0.000000    0.366209 ^ _595_/D (sky130_fd_sc_hd__dfxtp_2)
                                              0.366209   data arrival time

                      0.150000    0.000000    0.000000   clock clk_i (rise edge)
                                  0.000000    0.000000   clock network delay (ideal)
                                  0.250000    0.250000   clock uncertainty
                                  0.000000    0.250000   clock reconvergence pessimism
                                              0.250000 ^ _595_/CLK (sky130_fd_sc_hd__dfxtp_2)
                                 -0.013819    0.236181   library hold time
                                              0.236181   data required time
---------------------------------------------------------------------------------------------
                                              0.236181   data required time
                                             -0.366209   data arrival time
---------------------------------------------------------------------------------------------
                                              0.130028   slack (MET)


Startpoint: _596_ (rising edge-triggered flip-flop clocked by clk_i)
Endpoint: _596_ (rising edge-triggered flip-flop clocked by clk_i)
Path Group: clk_i
Path Type: min

Fanout         Cap        Slew       Delay        Time   Description
---------------------------------------------------------------------------------------------
                      0.150000    0.000000    0.000000   clock clk_i (rise edge)
                                  0.000000    0.000000   clock network delay (ideal)
                      0.150000    0.000000    0.000000 ^ _596_/CLK (sky130_fd_sc_hd__dfxtp_2)
     3    0.007505    0.038118    0.228781    0.228781 ^ _596_/Q (sky130_fd_sc_hd__dfxtp_2)
                                                         partial_word_reg[6] (net)
                      0.038118    0.000000    0.228781 ^ _427_/B2 (sky130_fd_sc_hd__a22o_2)
     1    0.001632    0.017980    0.066028    0.294809 ^ _427_/X (sky130_fd_sc_hd__a22o_2)
                                                         _210_ (net)
                      0.017980    0.000000    0.294809 ^ _428_/B (sky130_fd_sc_hd__and2_2)
     1    0.001748    0.021774    0.071400    0.366209 ^ _428_/X (sky130_fd_sc_hd__and2_2)
                                                         _002_ (net)
                      0.021774    0.000000    0.366209 ^ _596_/D (sky130_fd_sc_hd__dfxtp_2)
                                              0.366209   data arrival time

                      0.150000    0.000000    0.000000   clock clk_i (rise edge)
                                  0.000000    0.000000   clock network delay (ideal)
                                  0.250000    0.250000   clock uncertainty
                                  0.000000    0.250000   clock reconvergence pessimism
                                              0.250000 ^ _596_/CLK (sky130_fd_sc_hd__dfxtp_2)
                                 -0.013819    0.236181   library hold time
                                              0.236181   data required time
---------------------------------------------------------------------------------------------
                                              0.236181   data required time
                                             -0.366209   data arrival time
---------------------------------------------------------------------------------------------
                                              0.130028   slack (MET)


Startpoint: _597_ (rising edge-triggered flip-flop clocked by clk_i)
Endpoint: _597_ (rising edge-triggered flip-flop clocked by clk_i)
Path Group: clk_i
Path Type: min

Fanout         Cap        Slew       Delay        Time   Description
---------------------------------------------------------------------------------------------
                      0.150000    0.000000    0.000000   clock clk_i (rise edge)
                                  0.000000    0.000000   clock network delay (ideal)
                      0.150000    0.000000    0.000000 ^ _597_/CLK (sky130_fd_sc_hd__dfxtp_2)
     3    0.007505    0.038118    0.228781    0.228781 ^ _597_/Q (sky130_fd_sc_hd__dfxtp_2)
                                                         partial_word_reg[7] (net)
                      0.038118    0.000000    0.228781 ^ _429_/B2 (sky130_fd_sc_hd__a22o_2)
     1    0.001632    0.017980    0.066028    0.294809 ^ _429_/X (sky130_fd_sc_hd__a22o_2)
                                                         _211_ (net)
                      0.017980    0.000000    0.294809 ^ _430_/B (sky130_fd_sc_hd__and2_2)
     1    0.001748    0.021774    0.071400    0.366209 ^ _430_/X (sky130_fd_sc_hd__and2_2)
                                                         _003_ (net)
                      0.021774    0.000000    0.366209 ^ _597_/D (sky130_fd_sc_hd__dfxtp_2)
                                              0.366209   data arrival time

                      0.150000    0.000000    0.000000   clock clk_i (rise edge)
                                  0.000000    0.000000   clock network delay (ideal)
                                  0.250000    0.250000   clock uncertainty
                                  0.000000    0.250000   clock reconvergence pessimism
                                              0.250000 ^ _597_/CLK (sky130_fd_sc_hd__dfxtp_2)
                                 -0.013819    0.236181   library hold time
                                              0.236181   data required time
---------------------------------------------------------------------------------------------
                                              0.236181   data required time
                                             -0.366209   data arrival time
---------------------------------------------------------------------------------------------
                                              0.130028   slack (MET)


Startpoint: _598_ (rising edge-triggered flip-flop clocked by clk_i)
Endpoint: _598_ (rising edge-triggered flip-flop clocked by clk_i)
Path Group: clk_i
Path Type: min

Fanout         Cap        Slew       Delay        Time   Description
---------------------------------------------------------------------------------------------
                      0.150000    0.000000    0.000000   clock clk_i (rise edge)
                                  0.000000    0.000000   clock network delay (ideal)
                      0.150000    0.000000    0.000000 ^ _598_/CLK (sky130_fd_sc_hd__dfxtp_2)
     3    0.007505    0.038118    0.228781    0.228781 ^ _598_/Q (sky130_fd_sc_hd__dfxtp_2)
                                                         partial_word_reg[8] (net)
                      0.038118    0.000000    0.228781 ^ _431_/B2 (sky130_fd_sc_hd__a22o_2)
     1    0.001632    0.017980    0.066028    0.294809 ^ _431_/X (sky130_fd_sc_hd__a22o_2)
                                                         _212_ (net)
                      0.017980    0.000000    0.294809 ^ _432_/B (sky130_fd_sc_hd__and2_2)
     1    0.001748    0.021774    0.071400    0.366209 ^ _432_/X (sky130_fd_sc_hd__and2_2)
                                                         _004_ (net)
                      0.021774    0.000000    0.366209 ^ _598_/D (sky130_fd_sc_hd__dfxtp_2)
                                              0.366209   data arrival time

                      0.150000    0.000000    0.000000   clock clk_i (rise edge)
                                  0.000000    0.000000   clock network delay (ideal)
                                  0.250000    0.250000   clock uncertainty
                                  0.000000    0.250000   clock reconvergence pessimism
                                              0.250000 ^ _598_/CLK (sky130_fd_sc_hd__dfxtp_2)
                                 -0.013819    0.236181   library hold time
                                              0.236181   data required time
---------------------------------------------------------------------------------------------
                                              0.236181   data required time
                                             -0.366209   data arrival time
---------------------------------------------------------------------------------------------
                                              0.130028   slack (MET)


Startpoint: _599_ (rising edge-triggered flip-flop clocked by clk_i)
Endpoint: _599_ (rising edge-triggered flip-flop clocked by clk_i)
Path Group: clk_i
Path Type: min

Fanout         Cap        Slew       Delay        Time   Description
---------------------------------------------------------------------------------------------
                      0.150000    0.000000    0.000000   clock clk_i (rise edge)
                                  0.000000    0.000000   clock network delay (ideal)
                      0.150000    0.000000    0.000000 ^ _599_/CLK (sky130_fd_sc_hd__dfxtp_2)
     3    0.007505    0.038118    0.228781    0.228781 ^ _599_/Q (sky130_fd_sc_hd__dfxtp_2)
                                                         partial_word_reg[9] (net)
                      0.038118    0.000000    0.228781 ^ _433_/B2 (sky130_fd_sc_hd__a22o_2)
     1    0.001632    0.017980    0.066028    0.294809 ^ _433_/X (sky130_fd_sc_hd__a22o_2)
                                                         _213_ (net)
                      0.017980    0.000000    0.294809 ^ _434_/B (sky130_fd_sc_hd__and2_2)
     1    0.001748    0.021774    0.071400    0.366209 ^ _434_/X (sky130_fd_sc_hd__and2_2)
                                                         _005_ (net)
                      0.021774    0.000000    0.366209 ^ _599_/D (sky130_fd_sc_hd__dfxtp_2)
                                              0.366209   data arrival time

                      0.150000    0.000000    0.000000   clock clk_i (rise edge)
                                  0.000000    0.000000   clock network delay (ideal)
                                  0.250000    0.250000   clock uncertainty
                                  0.000000    0.250000   clock reconvergence pessimism
                                              0.250000 ^ _599_/CLK (sky130_fd_sc_hd__dfxtp_2)
                                 -0.013819    0.236181   library hold time
                                              0.236181   data required time
---------------------------------------------------------------------------------------------
                                              0.236181   data required time
                                             -0.366209   data arrival time
---------------------------------------------------------------------------------------------
                                              0.130028   slack (MET)


Startpoint: _600_ (rising edge-triggered flip-flop clocked by clk_i)
Endpoint: _600_ (rising edge-triggered flip-flop clocked by clk_i)
Path Group: clk_i
Path Type: min

Fanout         Cap        Slew       Delay        Time   Description
---------------------------------------------------------------------------------------------
                      0.150000    0.000000    0.000000   clock clk_i (rise edge)
                                  0.000000    0.000000   clock network delay (ideal)
                      0.150000    0.000000    0.000000 ^ _600_/CLK (sky130_fd_sc_hd__dfxtp_2)
     3    0.007505    0.038118    0.228781    0.228781 ^ _600_/Q (sky130_fd_sc_hd__dfxtp_2)
                                                         partial_word_reg[10] (net)
                      0.038118    0.000000    0.228781 ^ _435_/B2 (sky130_fd_sc_hd__a22o_2)
     1    0.001632    0.017980    0.066028    0.294809 ^ _435_/X (sky130_fd_sc_hd__a22o_2)
                                                         _214_ (net)
                      0.017980    0.000000    0.294809 ^ _436_/B (sky130_fd_sc_hd__and2_2)
     1    0.001748    0.021774    0.071400    0.366209 ^ _436_/X (sky130_fd_sc_hd__and2_2)
                                                         _006_ (net)
                      0.021774    0.000000    0.366209 ^ _600_/D (sky130_fd_sc_hd__dfxtp_2)
                                              0.366209   data arrival time

                      0.150000    0.000000    0.000000   clock clk_i (rise edge)
                                  0.000000    0.000000   clock network delay (ideal)
                                  0.250000    0.250000   clock uncertainty
                                  0.000000    0.250000   clock reconvergence pessimism
                                              0.250000 ^ _600_/CLK (sky130_fd_sc_hd__dfxtp_2)
                                 -0.013819    0.236181   library hold time
                                              0.236181   data required time
---------------------------------------------------------------------------------------------
                                              0.236181   data required time
                                             -0.366209   data arrival time
---------------------------------------------------------------------------------------------
                                              0.130028   slack (MET)


Startpoint: _601_ (rising edge-triggered flip-flop clocked by clk_i)
Endpoint: _601_ (rising edge-triggered flip-flop clocked by clk_i)
Path Group: clk_i
Path Type: min

Fanout         Cap        Slew       Delay        Time   Description
---------------------------------------------------------------------------------------------
                      0.150000    0.000000    0.000000   clock clk_i (rise edge)
                                  0.000000    0.000000   clock network delay (ideal)
                      0.150000    0.000000    0.000000 ^ _601_/CLK (sky130_fd_sc_hd__dfxtp_2)
     3    0.007505    0.038118    0.228781    0.228781 ^ _601_/Q (sky130_fd_sc_hd__dfxtp_2)
                                                         partial_word_reg[11] (net)
                      0.038118    0.000000    0.228781 ^ _437_/B2 (sky130_fd_sc_hd__a22o_2)
     1    0.001632    0.017980    0.066028    0.294809 ^ _437_/X (sky130_fd_sc_hd__a22o_2)
                                                         _215_ (net)
                      0.017980    0.000000    0.294809 ^ _438_/B (sky130_fd_sc_hd__and2_2)
     1    0.001748    0.021774    0.071400    0.366209 ^ _438_/X (sky130_fd_sc_hd__and2_2)
                                                         _007_ (net)
                      0.021774    0.000000    0.366209 ^ _601_/D (sky130_fd_sc_hd__dfxtp_2)
                                              0.366209   data arrival time

                      0.150000    0.000000    0.000000   clock clk_i (rise edge)
                                  0.000000    0.000000   clock network delay (ideal)
                                  0.250000    0.250000   clock uncertainty
                                  0.000000    0.250000   clock reconvergence pessimism
                                              0.250000 ^ _601_/CLK (sky130_fd_sc_hd__dfxtp_2)
                                 -0.013819    0.236181   library hold time
                                              0.236181   data required time
---------------------------------------------------------------------------------------------
                                              0.236181   data required time
                                             -0.366209   data arrival time
---------------------------------------------------------------------------------------------
                                              0.130028   slack (MET)


Startpoint: _602_ (rising edge-triggered flip-flop clocked by clk_i)
Endpoint: _602_ (rising edge-triggered flip-flop clocked by clk_i)
Path Group: clk_i
Path Type: min

Fanout         Cap        Slew       Delay        Time   Description
---------------------------------------------------------------------------------------------
                      0.150000    0.000000    0.000000   clock clk_i (rise edge)
                                  0.000000    0.000000   clock network delay (ideal)
                      0.150000    0.000000    0.000000 ^ _602_/CLK (sky130_fd_sc_hd__dfxtp_2)
     3    0.007505    0.038118    0.228781    0.228781 ^ _602_/Q (sky130_fd_sc_hd__dfxtp_2)
                                                         partial_word_reg[12] (net)
                      0.038118    0.000000    0.228781 ^ _439_/B2 (sky130_fd_sc_hd__a22o_2)
     1    0.001632    0.017980    0.066028    0.294809 ^ _439_/X (sky130_fd_sc_hd__a22o_2)
                                                         _216_ (net)
                      0.017980    0.000000    0.294809 ^ _440_/B (sky130_fd_sc_hd__and2_2)
     1    0.001748    0.021774    0.071400    0.366209 ^ _440_/X (sky130_fd_sc_hd__and2_2)
                                                         _008_ (net)
                      0.021774    0.000000    0.366209 ^ _602_/D (sky130_fd_sc_hd__dfxtp_2)
                                              0.366209   data arrival time

                      0.150000    0.000000    0.000000   clock clk_i (rise edge)
                                  0.000000    0.000000   clock network delay (ideal)
                                  0.250000    0.250000   clock uncertainty
                                  0.000000    0.250000   clock reconvergence pessimism
                                              0.250000 ^ _602_/CLK (sky130_fd_sc_hd__dfxtp_2)
                                 -0.013819    0.236181   library hold time
                                              0.236181   data required time
---------------------------------------------------------------------------------------------
                                              0.236181   data required time
                                             -0.366209   data arrival time
---------------------------------------------------------------------------------------------
                                              0.130028   slack (MET)


Startpoint: _603_ (rising edge-triggered flip-flop clocked by clk_i)
Endpoint: _603_ (rising edge-triggered flip-flop clocked by clk_i)
Path Group: clk_i
Path Type: min

Fanout         Cap        Slew       Delay        Time   Description
---------------------------------------------------------------------------------------------
                      0.150000    0.000000    0.000000   clock clk_i (rise edge)
                                  0.000000    0.000000   clock network delay (ideal)
                      0.150000    0.000000    0.000000 ^ _603_/CLK (sky130_fd_sc_hd__dfxtp_2)
     3    0.007505    0.038118    0.228781    0.228781 ^ _603_/Q (sky130_fd_sc_hd__dfxtp_2)
                                                         partial_word_reg[13] (net)
                      0.038118    0.000000    0.228781 ^ _441_/B2 (sky130_fd_sc_hd__a22o_2)
     1    0.001632    0.017980    0.066028    0.294809 ^ _441_/X (sky130_fd_sc_hd__a22o_2)
                                                         _217_ (net)
                      0.017980    0.000000    0.294809 ^ _442_/B (sky130_fd_sc_hd__and2_2)
     1    0.001748    0.021774    0.071400    0.366209 ^ _442_/X (sky130_fd_sc_hd__and2_2)
                                                         _009_ (net)
                      0.021774    0.000000    0.366209 ^ _603_/D (sky130_fd_sc_hd__dfxtp_2)
                                              0.366209   data arrival time

                      0.150000    0.000000    0.000000   clock clk_i (rise edge)
                                  0.000000    0.000000   clock network delay (ideal)
                                  0.250000    0.250000   clock uncertainty
                                  0.000000    0.250000   clock reconvergence pessimism
                                              0.250000 ^ _603_/CLK (sky130_fd_sc_hd__dfxtp_2)
                                 -0.013819    0.236181   library hold time
                                              0.236181   data required time
---------------------------------------------------------------------------------------------
                                              0.236181   data required time
                                             -0.366209   data arrival time
---------------------------------------------------------------------------------------------
                                              0.130028   slack (MET)


Startpoint: _604_ (rising edge-triggered flip-flop clocked by clk_i)
Endpoint: _604_ (rising edge-triggered flip-flop clocked by clk_i)
Path Group: clk_i
Path Type: min

Fanout         Cap        Slew       Delay        Time   Description
---------------------------------------------------------------------------------------------
                      0.150000    0.000000    0.000000   clock clk_i (rise edge)
                                  0.000000    0.000000   clock network delay (ideal)
                      0.150000    0.000000    0.000000 ^ _604_/CLK (sky130_fd_sc_hd__dfxtp_2)
     3    0.007505    0.038118    0.228781    0.228781 ^ _604_/Q (sky130_fd_sc_hd__dfxtp_2)
                                                         partial_word_reg[14] (net)
                      0.038118    0.000000    0.228781 ^ _443_/B2 (sky130_fd_sc_hd__a22o_2)
     1    0.001632    0.017980    0.066028    0.294809 ^ _443_/X (sky130_fd_sc_hd__a22o_2)
                                                         _218_ (net)
                      0.017980    0.000000    0.294809 ^ _444_/B (sky130_fd_sc_hd__and2_2)
     1    0.001748    0.021774    0.071400    0.366209 ^ _444_/X (sky130_fd_sc_hd__and2_2)
                                                         _010_ (net)
                      0.021774    0.000000    0.366209 ^ _604_/D (sky130_fd_sc_hd__dfxtp_2)
                                              0.366209   data arrival time

                      0.150000    0.000000    0.000000   clock clk_i (rise edge)
                                  0.000000    0.000000   clock network delay (ideal)
                                  0.250000    0.250000   clock uncertainty
                                  0.000000    0.250000   clock reconvergence pessimism
                                              0.250000 ^ _604_/CLK (sky130_fd_sc_hd__dfxtp_2)
                                 -0.013819    0.236181   library hold time
                                              0.236181   data required time
---------------------------------------------------------------------------------------------
                                              0.236181   data required time
                                             -0.366209   data arrival time
---------------------------------------------------------------------------------------------
                                              0.130028   slack (MET)


Startpoint: _605_ (rising edge-triggered flip-flop clocked by clk_i)
Endpoint: _605_ (rising edge-triggered flip-flop clocked by clk_i)
Path Group: clk_i
Path Type: min

Fanout         Cap        Slew       Delay        Time   Description
---------------------------------------------------------------------------------------------
                      0.150000    0.000000    0.000000   clock clk_i (rise edge)
                                  0.000000    0.000000   clock network delay (ideal)
                      0.150000    0.000000    0.000000 ^ _605_/CLK (sky130_fd_sc_hd__dfxtp_2)
     3    0.007505    0.038118    0.228781    0.228781 ^ _605_/Q (sky130_fd_sc_hd__dfxtp_2)
                                                         partial_word_reg[15] (net)
                      0.038118    0.000000    0.228781 ^ _445_/B2 (sky130_fd_sc_hd__a22o_2)
     1    0.001632    0.017980    0.066028    0.294809 ^ _445_/X (sky130_fd_sc_hd__a22o_2)
                                                         _219_ (net)
                      0.017980    0.000000    0.294809 ^ _446_/B (sky130_fd_sc_hd__and2_2)
     1    0.001748    0.021774    0.071400    0.366209 ^ _446_/X (sky130_fd_sc_hd__and2_2)
                                                         _011_ (net)
                      0.021774    0.000000    0.366209 ^ _605_/D (sky130_fd_sc_hd__dfxtp_2)
                                              0.366209   data arrival time

                      0.150000    0.000000    0.000000   clock clk_i (rise edge)
                                  0.000000    0.000000   clock network delay (ideal)
                                  0.250000    0.250000   clock uncertainty
                                  0.000000    0.250000   clock reconvergence pessimism
                                              0.250000 ^ _605_/CLK (sky130_fd_sc_hd__dfxtp_2)
                                 -0.013819    0.236181   library hold time
                                              0.236181   data required time
---------------------------------------------------------------------------------------------
                                              0.236181   data required time
                                             -0.366209   data arrival time
---------------------------------------------------------------------------------------------
                                              0.130028   slack (MET)


Startpoint: _606_ (rising edge-triggered flip-flop clocked by clk_i)
Endpoint: _606_ (rising edge-triggered flip-flop clocked by clk_i)
Path Group: clk_i
Path Type: min

Fanout         Cap        Slew       Delay        Time   Description
---------------------------------------------------------------------------------------------
                      0.150000    0.000000    0.000000   clock clk_i (rise edge)
                                  0.000000    0.000000   clock network delay (ideal)
                      0.150000    0.000000    0.000000 ^ _606_/CLK (sky130_fd_sc_hd__dfxtp_2)
     3    0.007505    0.038118    0.228781    0.228781 ^ _606_/Q (sky130_fd_sc_hd__dfxtp_2)
                                                         partial_word_reg[16] (net)
                      0.038118    0.000000    0.228781 ^ _447_/B2 (sky130_fd_sc_hd__a22o_2)
     1    0.001632    0.017980    0.066028    0.294809 ^ _447_/X (sky130_fd_sc_hd__a22o_2)
                                                         _220_ (net)
                      0.017980    0.000000    0.294809 ^ _448_/B (sky130_fd_sc_hd__and2_2)
     1    0.001748    0.021774    0.071400    0.366209 ^ _448_/X (sky130_fd_sc_hd__and2_2)
                                                         _012_ (net)
                      0.021774    0.000000    0.366209 ^ _606_/D (sky130_fd_sc_hd__dfxtp_2)
                                              0.366209   data arrival time

                      0.150000    0.000000    0.000000   clock clk_i (rise edge)
                                  0.000000    0.000000   clock network delay (ideal)
                                  0.250000    0.250000   clock uncertainty
                                  0.000000    0.250000   clock reconvergence pessimism
                                              0.250000 ^ _606_/CLK (sky130_fd_sc_hd__dfxtp_2)
                                 -0.013819    0.236181   library hold time
                                              0.236181   data required time
---------------------------------------------------------------------------------------------
                                              0.236181   data required time
                                             -0.366209   data arrival time
---------------------------------------------------------------------------------------------
                                              0.130028   slack (MET)


Startpoint: _607_ (rising edge-triggered flip-flop clocked by clk_i)
Endpoint: _607_ (rising edge-triggered flip-flop clocked by clk_i)
Path Group: clk_i
Path Type: min

Fanout         Cap        Slew       Delay        Time   Description
---------------------------------------------------------------------------------------------
                      0.150000    0.000000    0.000000   clock clk_i (rise edge)
                                  0.000000    0.000000   clock network delay (ideal)
                      0.150000    0.000000    0.000000 ^ _607_/CLK (sky130_fd_sc_hd__dfxtp_2)
     3    0.007505    0.038118    0.228781    0.228781 ^ _607_/Q (sky130_fd_sc_hd__dfxtp_2)
                                                         partial_word_reg[17] (net)
                      0.038118    0.000000    0.228781 ^ _449_/B2 (sky130_fd_sc_hd__a22o_2)
     1    0.001632    0.017980    0.066028    0.294809 ^ _449_/X (sky130_fd_sc_hd__a22o_2)
                                                         _221_ (net)
                      0.017980    0.000000    0.294809 ^ _450_/B (sky130_fd_sc_hd__and2_2)
     1    0.001748    0.021774    0.071400    0.366209 ^ _450_/X (sky130_fd_sc_hd__and2_2)
                                                         _013_ (net)
                      0.021774    0.000000    0.366209 ^ _607_/D (sky130_fd_sc_hd__dfxtp_2)
                                              0.366209   data arrival time

                      0.150000    0.000000    0.000000   clock clk_i (rise edge)
                                  0.000000    0.000000   clock network delay (ideal)
                                  0.250000    0.250000   clock uncertainty
                                  0.000000    0.250000   clock reconvergence pessimism
                                              0.250000 ^ _607_/CLK (sky130_fd_sc_hd__dfxtp_2)
                                 -0.013819    0.236181   library hold time
                                              0.236181   data required time
---------------------------------------------------------------------------------------------
                                              0.236181   data required time
                                             -0.366209   data arrival time
---------------------------------------------------------------------------------------------
                                              0.130028   slack (MET)


Startpoint: _608_ (rising edge-triggered flip-flop clocked by clk_i)
Endpoint: _608_ (rising edge-triggered flip-flop clocked by clk_i)
Path Group: clk_i
Path Type: min

Fanout         Cap        Slew       Delay        Time   Description
---------------------------------------------------------------------------------------------
                      0.150000    0.000000    0.000000   clock clk_i (rise edge)
                                  0.000000    0.000000   clock network delay (ideal)
                      0.150000    0.000000    0.000000 ^ _608_/CLK (sky130_fd_sc_hd__dfxtp_2)
     3    0.007505    0.038118    0.228781    0.228781 ^ _608_/Q (sky130_fd_sc_hd__dfxtp_2)
                                                         partial_word_reg[18] (net)
                      0.038118    0.000000    0.228781 ^ _451_/B2 (sky130_fd_sc_hd__a22o_2)
     1    0.001632    0.017980    0.066028    0.294809 ^ _451_/X (sky130_fd_sc_hd__a22o_2)
                                                         _222_ (net)
                      0.017980    0.000000    0.294809 ^ _452_/B (sky130_fd_sc_hd__and2_2)
     1    0.001748    0.021774    0.071400    0.366209 ^ _452_/X (sky130_fd_sc_hd__and2_2)
                                                         _014_ (net)
                      0.021774    0.000000    0.366209 ^ _608_/D (sky130_fd_sc_hd__dfxtp_2)
                                              0.366209   data arrival time

                      0.150000    0.000000    0.000000   clock clk_i (rise edge)
                                  0.000000    0.000000   clock network delay (ideal)
                                  0.250000    0.250000   clock uncertainty
                                  0.000000    0.250000   clock reconvergence pessimism
                                              0.250000 ^ _608_/CLK (sky130_fd_sc_hd__dfxtp_2)
                                 -0.013819    0.236181   library hold time
                                              0.236181   data required time
---------------------------------------------------------------------------------------------
                                              0.236181   data required time
                                             -0.366209   data arrival time
---------------------------------------------------------------------------------------------
                                              0.130028   slack (MET)


Startpoint: _609_ (rising edge-triggered flip-flop clocked by clk_i)
Endpoint: _609_ (rising edge-triggered flip-flop clocked by clk_i)
Path Group: clk_i
Path Type: min

Fanout         Cap        Slew       Delay        Time   Description
---------------------------------------------------------------------------------------------
                      0.150000    0.000000    0.000000   clock clk_i (rise edge)
                                  0.000000    0.000000   clock network delay (ideal)
                      0.150000    0.000000    0.000000 ^ _609_/CLK (sky130_fd_sc_hd__dfxtp_2)
     3    0.007505    0.038118    0.228781    0.228781 ^ _609_/Q (sky130_fd_sc_hd__dfxtp_2)
                                                         partial_word_reg[19] (net)
                      0.038118    0.000000    0.228781 ^ _453_/B2 (sky130_fd_sc_hd__a22o_2)
     1    0.001632    0.017980    0.066028    0.294809 ^ _453_/X (sky130_fd_sc_hd__a22o_2)
                                                         _223_ (net)
                      0.017980    0.000000    0.294809 ^ _454_/B (sky130_fd_sc_hd__and2_2)
     1    0.001748    0.021774    0.071400    0.366209 ^ _454_/X (sky130_fd_sc_hd__and2_2)
                                                         _015_ (net)
                      0.021774    0.000000    0.366209 ^ _609_/D (sky130_fd_sc_hd__dfxtp_2)
                                              0.366209   data arrival time

                      0.150000    0.000000    0.000000   clock clk_i (rise edge)
                                  0.000000    0.000000   clock network delay (ideal)
                                  0.250000    0.250000   clock uncertainty
                                  0.000000    0.250000   clock reconvergence pessimism
                                              0.250000 ^ _609_/CLK (sky130_fd_sc_hd__dfxtp_2)
                                 -0.013819    0.236181   library hold time
                                              0.236181   data required time
---------------------------------------------------------------------------------------------
                                              0.236181   data required time
                                             -0.366209   data arrival time
---------------------------------------------------------------------------------------------
                                              0.130028   slack (MET)


Startpoint: _610_ (rising edge-triggered flip-flop clocked by clk_i)
Endpoint: _610_ (rising edge-triggered flip-flop clocked by clk_i)
Path Group: clk_i
Path Type: min

Fanout         Cap        Slew       Delay        Time   Description
---------------------------------------------------------------------------------------------
                      0.150000    0.000000    0.000000   clock clk_i (rise edge)
                                  0.000000    0.000000   clock network delay (ideal)
                      0.150000    0.000000    0.000000 ^ _610_/CLK (sky130_fd_sc_hd__dfxtp_2)
     3    0.007505    0.038118    0.228781    0.228781 ^ _610_/Q (sky130_fd_sc_hd__dfxtp_2)
                                                         partial_word_reg[20] (net)
                      0.038118    0.000000    0.228781 ^ _455_/B2 (sky130_fd_sc_hd__a22o_2)
     1    0.001632    0.017980    0.066028    0.294809 ^ _455_/X (sky130_fd_sc_hd__a22o_2)
                                                         _224_ (net)
                      0.017980    0.000000    0.294809 ^ _456_/B (sky130_fd_sc_hd__and2_2)
     1    0.001748    0.021774    0.071400    0.366209 ^ _456_/X (sky130_fd_sc_hd__and2_2)
                                                         _016_ (net)
                      0.021774    0.000000    0.366209 ^ _610_/D (sky130_fd_sc_hd__dfxtp_2)
                                              0.366209   data arrival time

                      0.150000    0.000000    0.000000   clock clk_i (rise edge)
                                  0.000000    0.000000   clock network delay (ideal)
                                  0.250000    0.250000   clock uncertainty
                                  0.000000    0.250000   clock reconvergence pessimism
                                              0.250000 ^ _610_/CLK (sky130_fd_sc_hd__dfxtp_2)
                                 -0.013819    0.236181   library hold time
                                              0.236181   data required time
---------------------------------------------------------------------------------------------
                                              0.236181   data required time
                                             -0.366209   data arrival time
---------------------------------------------------------------------------------------------
                                              0.130028   slack (MET)


Startpoint: _611_ (rising edge-triggered flip-flop clocked by clk_i)
Endpoint: _611_ (rising edge-triggered flip-flop clocked by clk_i)
Path Group: clk_i
Path Type: min

Fanout         Cap        Slew       Delay        Time   Description
---------------------------------------------------------------------------------------------
                      0.150000    0.000000    0.000000   clock clk_i (rise edge)
                                  0.000000    0.000000   clock network delay (ideal)
                      0.150000    0.000000    0.000000 ^ _611_/CLK (sky130_fd_sc_hd__dfxtp_2)
     3    0.007505    0.038118    0.228781    0.228781 ^ _611_/Q (sky130_fd_sc_hd__dfxtp_2)
                                                         partial_word_reg[21] (net)
                      0.038118    0.000000    0.228781 ^ _457_/B2 (sky130_fd_sc_hd__a22o_2)
     1    0.001632    0.017980    0.066028    0.294809 ^ _457_/X (sky130_fd_sc_hd__a22o_2)
                                                         _225_ (net)
                      0.017980    0.000000    0.294809 ^ _458_/B (sky130_fd_sc_hd__and2_2)
     1    0.001748    0.021774    0.071400    0.366209 ^ _458_/X (sky130_fd_sc_hd__and2_2)
                                                         _017_ (net)
                      0.021774    0.000000    0.366209 ^ _611_/D (sky130_fd_sc_hd__dfxtp_2)
                                              0.366209   data arrival time

                      0.150000    0.000000    0.000000   clock clk_i (rise edge)
                                  0.000000    0.000000   clock network delay (ideal)
                                  0.250000    0.250000   clock uncertainty
                                  0.000000    0.250000   clock reconvergence pessimism
                                              0.250000 ^ _611_/CLK (sky130_fd_sc_hd__dfxtp_2)
                                 -0.013819    0.236181   library hold time
                                              0.236181   data required time
---------------------------------------------------------------------------------------------
                                              0.236181   data required time
                                             -0.366209   data arrival time
---------------------------------------------------------------------------------------------
                                              0.130028   slack (MET)


Startpoint: _612_ (rising edge-triggered flip-flop clocked by clk_i)
Endpoint: _612_ (rising edge-triggered flip-flop clocked by clk_i)
Path Group: clk_i
Path Type: min

Fanout         Cap        Slew       Delay        Time   Description
---------------------------------------------------------------------------------------------
                      0.150000    0.000000    0.000000   clock clk_i (rise edge)
                                  0.000000    0.000000   clock network delay (ideal)
                      0.150000    0.000000    0.000000 ^ _612_/CLK (sky130_fd_sc_hd__dfxtp_2)
     3    0.007505    0.038118    0.228781    0.228781 ^ _612_/Q (sky130_fd_sc_hd__dfxtp_2)
                                                         partial_word_reg[22] (net)
                      0.038118    0.000000    0.228781 ^ _459_/B2 (sky130_fd_sc_hd__a22o_2)
     1    0.001632    0.017980    0.066028    0.294809 ^ _459_/X (sky130_fd_sc_hd__a22o_2)
                                                         _226_ (net)
                      0.017980    0.000000    0.294809 ^ _460_/B (sky130_fd_sc_hd__and2_2)
     1    0.001748    0.021774    0.071400    0.366209 ^ _460_/X (sky130_fd_sc_hd__and2_2)
                                                         _018_ (net)
                      0.021774    0.000000    0.366209 ^ _612_/D (sky130_fd_sc_hd__dfxtp_2)
                                              0.366209   data arrival time

                      0.150000    0.000000    0.000000   clock clk_i (rise edge)
                                  0.000000    0.000000   clock network delay (ideal)
                                  0.250000    0.250000   clock uncertainty
                                  0.000000    0.250000   clock reconvergence pessimism
                                              0.250000 ^ _612_/CLK (sky130_fd_sc_hd__dfxtp_2)
                                 -0.013819    0.236181   library hold time
                                              0.236181   data required time
---------------------------------------------------------------------------------------------
                                              0.236181   data required time
                                             -0.366209   data arrival time
---------------------------------------------------------------------------------------------
                                              0.130028   slack (MET)


Startpoint: _613_ (rising edge-triggered flip-flop clocked by clk_i)
Endpoint: _613_ (rising edge-triggered flip-flop clocked by clk_i)
Path Group: clk_i
Path Type: min

Fanout         Cap        Slew       Delay        Time   Description
---------------------------------------------------------------------------------------------
                      0.150000    0.000000    0.000000   clock clk_i (rise edge)
                                  0.000000    0.000000   clock network delay (ideal)
                      0.150000    0.000000    0.000000 ^ _613_/CLK (sky130_fd_sc_hd__dfxtp_2)
     3    0.007505    0.038118    0.228781    0.228781 ^ _613_/Q (sky130_fd_sc_hd__dfxtp_2)
                                                         partial_word_reg[23] (net)
                      0.038118    0.000000    0.228781 ^ _461_/B2 (sky130_fd_sc_hd__a22o_2)
     1    0.001632    0.017980    0.066028    0.294809 ^ _461_/X (sky130_fd_sc_hd__a22o_2)
                                                         _227_ (net)
                      0.017980    0.000000    0.294809 ^ _462_/B (sky130_fd_sc_hd__and2_2)
     1    0.001748    0.021774    0.071400    0.366209 ^ _462_/X (sky130_fd_sc_hd__and2_2)
                                                         _019_ (net)
                      0.021774    0.000000    0.366209 ^ _613_/D (sky130_fd_sc_hd__dfxtp_2)
                                              0.366209   data arrival time

                      0.150000    0.000000    0.000000   clock clk_i (rise edge)
                                  0.000000    0.000000   clock network delay (ideal)
                                  0.250000    0.250000   clock uncertainty
                                  0.000000    0.250000   clock reconvergence pessimism
                                              0.250000 ^ _613_/CLK (sky130_fd_sc_hd__dfxtp_2)
                                 -0.013819    0.236181   library hold time
                                              0.236181   data required time
---------------------------------------------------------------------------------------------
                                              0.236181   data required time
                                             -0.366209   data arrival time
---------------------------------------------------------------------------------------------
                                              0.130028   slack (MET)


Startpoint: _614_ (rising edge-triggered flip-flop clocked by clk_i)
Endpoint: _614_ (rising edge-triggered flip-flop clocked by clk_i)
Path Group: clk_i
Path Type: min

Fanout         Cap        Slew       Delay        Time   Description
---------------------------------------------------------------------------------------------
                      0.150000    0.000000    0.000000   clock clk_i (rise edge)
                                  0.000000    0.000000   clock network delay (ideal)
                      0.150000    0.000000    0.000000 ^ _614_/CLK (sky130_fd_sc_hd__dfxtp_2)
     3    0.007505    0.038118    0.228781    0.228781 ^ _614_/Q (sky130_fd_sc_hd__dfxtp_2)
                                                         partial_word_reg[24] (net)
                      0.038118    0.000000    0.228781 ^ _463_/B2 (sky130_fd_sc_hd__a22o_2)
     1    0.001632    0.017980    0.066028    0.294809 ^ _463_/X (sky130_fd_sc_hd__a22o_2)
                                                         _228_ (net)
                      0.017980    0.000000    0.294809 ^ _464_/B (sky130_fd_sc_hd__and2_2)
     1    0.001748    0.021774    0.071400    0.366209 ^ _464_/X (sky130_fd_sc_hd__and2_2)
                                                         _020_ (net)
                      0.021774    0.000000    0.366209 ^ _614_/D (sky130_fd_sc_hd__dfxtp_2)
                                              0.366209   data arrival time

                      0.150000    0.000000    0.000000   clock clk_i (rise edge)
                                  0.000000    0.000000   clock network delay (ideal)
                                  0.250000    0.250000   clock uncertainty
                                  0.000000    0.250000   clock reconvergence pessimism
                                              0.250000 ^ _614_/CLK (sky130_fd_sc_hd__dfxtp_2)
                                 -0.013819    0.236181   library hold time
                                              0.236181   data required time
---------------------------------------------------------------------------------------------
                                              0.236181   data required time
                                             -0.366209   data arrival time
---------------------------------------------------------------------------------------------
                                              0.130028   slack (MET)


Startpoint: _615_ (rising edge-triggered flip-flop clocked by clk_i)
Endpoint: _615_ (rising edge-triggered flip-flop clocked by clk_i)
Path Group: clk_i
Path Type: min

Fanout         Cap        Slew       Delay        Time   Description
---------------------------------------------------------------------------------------------
                      0.150000    0.000000    0.000000   clock clk_i (rise edge)
                                  0.000000    0.000000   clock network delay (ideal)
                      0.150000    0.000000    0.000000 ^ _615_/CLK (sky130_fd_sc_hd__dfxtp_2)
     3    0.007505    0.038118    0.228781    0.228781 ^ _615_/Q (sky130_fd_sc_hd__dfxtp_2)
                                                         partial_word_reg[25] (net)
                      0.038118    0.000000    0.228781 ^ _465_/B2 (sky130_fd_sc_hd__a22o_2)
     1    0.001632    0.017980    0.066028    0.294809 ^ _465_/X (sky130_fd_sc_hd__a22o_2)
                                                         _229_ (net)
                      0.017980    0.000000    0.294809 ^ _466_/B (sky130_fd_sc_hd__and2_2)
     1    0.001748    0.021774    0.071400    0.366209 ^ _466_/X (sky130_fd_sc_hd__and2_2)
                                                         _021_ (net)
                      0.021774    0.000000    0.366209 ^ _615_/D (sky130_fd_sc_hd__dfxtp_2)
                                              0.366209   data arrival time

                      0.150000    0.000000    0.000000   clock clk_i (rise edge)
                                  0.000000    0.000000   clock network delay (ideal)
                                  0.250000    0.250000   clock uncertainty
                                  0.000000    0.250000   clock reconvergence pessimism
                                              0.250000 ^ _615_/CLK (sky130_fd_sc_hd__dfxtp_2)
                                 -0.013819    0.236181   library hold time
                                              0.236181   data required time
---------------------------------------------------------------------------------------------
                                              0.236181   data required time
                                             -0.366209   data arrival time
---------------------------------------------------------------------------------------------
                                              0.130028   slack (MET)


Startpoint: _616_ (rising edge-triggered flip-flop clocked by clk_i)
Endpoint: _616_ (rising edge-triggered flip-flop clocked by clk_i)
Path Group: clk_i
Path Type: min

Fanout         Cap        Slew       Delay        Time   Description
---------------------------------------------------------------------------------------------
                      0.150000    0.000000    0.000000   clock clk_i (rise edge)
                                  0.000000    0.000000   clock network delay (ideal)
                      0.150000    0.000000    0.000000 ^ _616_/CLK (sky130_fd_sc_hd__dfxtp_2)
     3    0.007505    0.038118    0.228781    0.228781 ^ _616_/Q (sky130_fd_sc_hd__dfxtp_2)
                                                         partial_word_reg[26] (net)
                      0.038118    0.000000    0.228781 ^ _467_/B2 (sky130_fd_sc_hd__a22o_2)
     1    0.001632    0.017980    0.066028    0.294809 ^ _467_/X (sky130_fd_sc_hd__a22o_2)
                                                         _230_ (net)
                      0.017980    0.000000    0.294809 ^ _468_/B (sky130_fd_sc_hd__and2_2)
     1    0.001748    0.021774    0.071400    0.366209 ^ _468_/X (sky130_fd_sc_hd__and2_2)
                                                         _022_ (net)
                      0.021774    0.000000    0.366209 ^ _616_/D (sky130_fd_sc_hd__dfxtp_2)
                                              0.366209   data arrival time

                      0.150000    0.000000    0.000000   clock clk_i (rise edge)
                                  0.000000    0.000000   clock network delay (ideal)
                                  0.250000    0.250000   clock uncertainty
                                  0.000000    0.250000   clock reconvergence pessimism
                                              0.250000 ^ _616_/CLK (sky130_fd_sc_hd__dfxtp_2)
                                 -0.013819    0.236181   library hold time
                                              0.236181   data required time
---------------------------------------------------------------------------------------------
                                              0.236181   data required time
                                             -0.366209   data arrival time
---------------------------------------------------------------------------------------------
                                              0.130028   slack (MET)


Startpoint: _617_ (rising edge-triggered flip-flop clocked by clk_i)
Endpoint: _617_ (rising edge-triggered flip-flop clocked by clk_i)
Path Group: clk_i
Path Type: min

Fanout         Cap        Slew       Delay        Time   Description
---------------------------------------------------------------------------------------------
                      0.150000    0.000000    0.000000   clock clk_i (rise edge)
                                  0.000000    0.000000   clock network delay (ideal)
                      0.150000    0.000000    0.000000 ^ _617_/CLK (sky130_fd_sc_hd__dfxtp_2)
     3    0.007505    0.038118    0.228781    0.228781 ^ _617_/Q (sky130_fd_sc_hd__dfxtp_2)
                                                         partial_word_reg[27] (net)
                      0.038118    0.000000    0.228781 ^ _469_/B2 (sky130_fd_sc_hd__a22o_2)
     1    0.001632    0.017980    0.066028    0.294809 ^ _469_/X (sky130_fd_sc_hd__a22o_2)
                                                         _231_ (net)
                      0.017980    0.000000    0.294809 ^ _470_/B (sky130_fd_sc_hd__and2_2)
     1    0.001748    0.021774    0.071400    0.366209 ^ _470_/X (sky130_fd_sc_hd__and2_2)
                                                         _023_ (net)
                      0.021774    0.000000    0.366209 ^ _617_/D (sky130_fd_sc_hd__dfxtp_2)
                                              0.366209   data arrival time

                      0.150000    0.000000    0.000000   clock clk_i (rise edge)
                                  0.000000    0.000000   clock network delay (ideal)
                                  0.250000    0.250000   clock uncertainty
                                  0.000000    0.250000   clock reconvergence pessimism
                                              0.250000 ^ _617_/CLK (sky130_fd_sc_hd__dfxtp_2)
                                 -0.013819    0.236181   library hold time
                                              0.236181   data required time
---------------------------------------------------------------------------------------------
                                              0.236181   data required time
                                             -0.366209   data arrival time
---------------------------------------------------------------------------------------------
                                              0.130028   slack (MET)


Startpoint: _618_ (rising edge-triggered flip-flop clocked by clk_i)
Endpoint: _618_ (rising edge-triggered flip-flop clocked by clk_i)
Path Group: clk_i
Path Type: min

Fanout         Cap        Slew       Delay        Time   Description
---------------------------------------------------------------------------------------------
                      0.150000    0.000000    0.000000   clock clk_i (rise edge)
                                  0.000000    0.000000   clock network delay (ideal)
                      0.150000    0.000000    0.000000 ^ _618_/CLK (sky130_fd_sc_hd__dfxtp_2)
     3    0.007505    0.038118    0.228781    0.228781 ^ _618_/Q (sky130_fd_sc_hd__dfxtp_2)
                                                         partial_word_reg[28] (net)
                      0.038118    0.000000    0.228781 ^ _471_/B2 (sky130_fd_sc_hd__a22o_2)
     1    0.001632    0.017980    0.066028    0.294809 ^ _471_/X (sky130_fd_sc_hd__a22o_2)
                                                         _232_ (net)
                      0.017980    0.000000    0.294809 ^ _472_/B (sky130_fd_sc_hd__and2_2)
     1    0.001748    0.021774    0.071400    0.366209 ^ _472_/X (sky130_fd_sc_hd__and2_2)
                                                         _024_ (net)
                      0.021774    0.000000    0.366209 ^ _618_/D (sky130_fd_sc_hd__dfxtp_2)
                                              0.366209   data arrival time

                      0.150000    0.000000    0.000000   clock clk_i (rise edge)
                                  0.000000    0.000000   clock network delay (ideal)
                                  0.250000    0.250000   clock uncertainty
                                  0.000000    0.250000   clock reconvergence pessimism
                                              0.250000 ^ _618_/CLK (sky130_fd_sc_hd__dfxtp_2)
                                 -0.013819    0.236181   library hold time
                                              0.236181   data required time
---------------------------------------------------------------------------------------------
                                              0.236181   data required time
                                             -0.366209   data arrival time
---------------------------------------------------------------------------------------------
                                              0.130028   slack (MET)


Startpoint: _619_ (rising edge-triggered flip-flop clocked by clk_i)
Endpoint: _619_ (rising edge-triggered flip-flop clocked by clk_i)
Path Group: clk_i
Path Type: min

Fanout         Cap        Slew       Delay        Time   Description
---------------------------------------------------------------------------------------------
                      0.150000    0.000000    0.000000   clock clk_i (rise edge)
                                  0.000000    0.000000   clock network delay (ideal)
                      0.150000    0.000000    0.000000 ^ _619_/CLK (sky130_fd_sc_hd__dfxtp_2)
     3    0.007505    0.038118    0.228781    0.228781 ^ _619_/Q (sky130_fd_sc_hd__dfxtp_2)
                                                         partial_word_reg[29] (net)
                      0.038118    0.000000    0.228781 ^ _473_/B2 (sky130_fd_sc_hd__a22o_2)
     1    0.001632    0.017980    0.066028    0.294809 ^ _473_/X (sky130_fd_sc_hd__a22o_2)
                                                         _233_ (net)
                      0.017980    0.000000    0.294809 ^ _474_/B (sky130_fd_sc_hd__and2_2)
     1    0.001748    0.021774    0.071400    0.366209 ^ _474_/X (sky130_fd_sc_hd__and2_2)
                                                         _025_ (net)
                      0.021774    0.000000    0.366209 ^ _619_/D (sky130_fd_sc_hd__dfxtp_2)
                                              0.366209   data arrival time

                      0.150000    0.000000    0.000000   clock clk_i (rise edge)
                                  0.000000    0.000000   clock network delay (ideal)
                                  0.250000    0.250000   clock uncertainty
                                  0.000000    0.250000   clock reconvergence pessimism
                                              0.250000 ^ _619_/CLK (sky130_fd_sc_hd__dfxtp_2)
                                 -0.013819    0.236181   library hold time
                                              0.236181   data required time
---------------------------------------------------------------------------------------------
                                              0.236181   data required time
                                             -0.366209   data arrival time
---------------------------------------------------------------------------------------------
                                              0.130028   slack (MET)


Startpoint: _620_ (rising edge-triggered flip-flop clocked by clk_i)
Endpoint: _620_ (rising edge-triggered flip-flop clocked by clk_i)
Path Group: clk_i
Path Type: min

Fanout         Cap        Slew       Delay        Time   Description
---------------------------------------------------------------------------------------------
                      0.150000    0.000000    0.000000   clock clk_i (rise edge)
                                  0.000000    0.000000   clock network delay (ideal)
                      0.150000    0.000000    0.000000 ^ _620_/CLK (sky130_fd_sc_hd__dfxtp_2)
     3    0.007505    0.038118    0.228781    0.228781 ^ _620_/Q (sky130_fd_sc_hd__dfxtp_2)
                                                         partial_word_reg[30] (net)
                      0.038118    0.000000    0.228781 ^ _475_/B2 (sky130_fd_sc_hd__a22o_2)
     1    0.001632    0.017980    0.066028    0.294809 ^ _475_/X (sky130_fd_sc_hd__a22o_2)
                                                         _234_ (net)
                      0.017980    0.000000    0.294809 ^ _476_/B (sky130_fd_sc_hd__and2_2)
     1    0.001748    0.021774    0.071400    0.366209 ^ _476_/X (sky130_fd_sc_hd__and2_2)
                                                         _026_ (net)
                      0.021774    0.000000    0.366209 ^ _620_/D (sky130_fd_sc_hd__dfxtp_2)
                                              0.366209   data arrival time

                      0.150000    0.000000    0.000000   clock clk_i (rise edge)
                                  0.000000    0.000000   clock network delay (ideal)
                                  0.250000    0.250000   clock uncertainty
                                  0.000000    0.250000   clock reconvergence pessimism
                                              0.250000 ^ _620_/CLK (sky130_fd_sc_hd__dfxtp_2)
                                 -0.013819    0.236181   library hold time
                                              0.236181   data required time
---------------------------------------------------------------------------------------------
                                              0.236181   data required time
                                             -0.366209   data arrival time
---------------------------------------------------------------------------------------------
                                              0.130028   slack (MET)


Startpoint: _623_ (rising edge-triggered flip-flop clocked by clk_i)
Endpoint: _623_ (rising edge-triggered flip-flop clocked by clk_i)
Path Group: clk_i
Path Type: min

Fanout         Cap        Slew       Delay        Time   Description
---------------------------------------------------------------------------------------------
                      0.150000    0.000000    0.000000   clock clk_i (rise edge)
                                  0.000000    0.000000   clock network delay (ideal)
                      0.150000    0.000000    0.000000 ^ _623_/CLK (sky130_fd_sc_hd__dfxtp_2)
     5    0.013215    0.057815    0.244046    0.244046 ^ _623_/Q (sky130_fd_sc_hd__dfxtp_2)
                                                         steps_left_reg[1] (net)
                      0.057815    0.000000    0.244046 ^ _481_/B1 (sky130_fd_sc_hd__o21a_2)
     1    0.002440    0.019154    0.060077    0.304123 ^ _481_/X (sky130_fd_sc_hd__o21a_2)
                                                         _237_ (net)
                      0.019154    0.000000    0.304123 ^ _483_/A1 (sky130_fd_sc_hd__o21a_2)
     1    0.001748    0.017322    0.066456    0.370579 ^ _483_/X (sky130_fd_sc_hd__o21a_2)
                                                         _029_ (net)
                      0.017322    0.000000    0.370579 ^ _623_/D (sky130_fd_sc_hd__dfxtp_2)
                                              0.370579   data arrival time

                      0.150000    0.000000    0.000000   clock clk_i (rise edge)
                                  0.000000    0.000000   clock network delay (ideal)
                                  0.250000    0.250000   clock uncertainty
                                  0.000000    0.250000   clock reconvergence pessimism
                                              0.250000 ^ _623_/CLK (sky130_fd_sc_hd__dfxtp_2)
                                 -0.013509    0.236491   library hold time
                                              0.236491   data required time
---------------------------------------------------------------------------------------------
                                              0.236491   data required time
                                             -0.370579   data arrival time
---------------------------------------------------------------------------------------------
                                              0.134088   slack (MET)


Startpoint: _624_ (rising edge-triggered flip-flop clocked by clk_i)
Endpoint: _624_ (rising edge-triggered flip-flop clocked by clk_i)
Path Group: clk_i
Path Type: min

Fanout         Cap        Slew       Delay        Time   Description
---------------------------------------------------------------------------------------------
                      0.150000    0.000000    0.000000   clock clk_i (rise edge)
                                  0.000000    0.000000   clock network delay (ideal)
                      0.150000    0.000000    0.000000 ^ _624_/CLK (sky130_fd_sc_hd__dfxtp_2)
     5    0.014240    0.061370    0.246778    0.246778 ^ _624_/Q (sky130_fd_sc_hd__dfxtp_2)
                                                         steps_left_reg[2] (net)
                      0.061370    0.000000    0.246778 ^ _484_/B1 (sky130_fd_sc_hd__o21a_2)
     1    0.002440    0.019257    0.060615    0.307393 ^ _484_/X (sky130_fd_sc_hd__o21a_2)
                                                         _239_ (net)
                      0.019257    0.000000    0.307393 ^ _487_/A1 (sky130_fd_sc_hd__o21a_2)
     1    0.001748    0.017202    0.066481    0.373874 ^ _487_/X (sky130_fd_sc_hd__o21a_2)
                                                         _030_ (net)
                      0.017202    0.000000    0.373874 ^ _624_/D (sky130_fd_sc_hd__dfxtp_2)
                                              0.373874   data arrival time

                      0.150000    0.000000    0.000000   clock clk_i (rise edge)
                                  0.000000    0.000000   clock network delay (ideal)
                                  0.250000    0.250000   clock uncertainty
                                  0.000000    0.250000   clock reconvergence pessimism
                                              0.250000 ^ _624_/CLK (sky130_fd_sc_hd__dfxtp_2)
                                 -0.013500    0.236499   library hold time
                                              0.236499   data required time
---------------------------------------------------------------------------------------------
                                              0.236499   data required time
                                             -0.373874   data arrival time
---------------------------------------------------------------------------------------------
                                              0.137375   slack (MET)


Startpoint: _528_ (rising edge-triggered flip-flop clocked by clk_i)
Endpoint: _527_ (rising edge-triggered flip-flop clocked by clk_i)
Path Group: clk_i
Path Type: min

Fanout         Cap        Slew       Delay        Time   Description
---------------------------------------------------------------------------------------------
                      0.150000    0.000000    0.000000   clock clk_i (rise edge)
                                  0.000000    0.000000   clock network delay (ideal)
                      0.150000    0.000000    0.000000 ^ _528_/CLK (sky130_fd_sc_hd__dfxtp_2)
     6    0.030574    0.057652    0.260883    0.260883 v _528_/Q (sky130_fd_sc_hd__dfxtp_2)
                                                         state_reg[0] (net)
                      0.057652    0.000000    0.260883 v _287_/B2 (sky130_fd_sc_hd__a22o_2)
     1    0.001783    0.020316    0.108351    0.369234 v _287_/X (sky130_fd_sc_hd__a22o_2)
                                                         _066_ (net)
                      0.020316    0.000000    0.369234 v _527_/D (sky130_fd_sc_hd__dfxtp_2)
                                              0.369234   data arrival time

                      0.150000    0.000000    0.000000   clock clk_i (rise edge)
                                  0.000000    0.000000   clock network delay (ideal)
                                  0.250000    0.250000   clock uncertainty
                                  0.000000    0.250000   clock reconvergence pessimism
                                              0.250000 ^ _527_/CLK (sky130_fd_sc_hd__dfxtp_2)
                                 -0.019402    0.230598   library hold time
                                              0.230598   data required time
---------------------------------------------------------------------------------------------
                                              0.230598   data required time
                                             -0.369234   data arrival time
---------------------------------------------------------------------------------------------
                                              0.138636   slack (MET)


Startpoint: _625_ (rising edge-triggered flip-flop clocked by clk_i)
Endpoint: _627_ (rising edge-triggered flip-flop clocked by clk_i)
Path Group: clk_i
Path Type: min

Fanout         Cap        Slew       Delay        Time   Description
---------------------------------------------------------------------------------------------
                      0.150000    0.000000    0.000000   clock clk_i (rise edge)
                                  0.000000    0.000000   clock network delay (ideal)
                      0.150000    0.000000    0.000000 ^ _625_/CLK (sky130_fd_sc_hd__dfxtp_2)
     3    0.008739    0.042375    0.232080    0.232080 ^ _625_/Q (sky130_fd_sc_hd__dfxtp_2)
                                                         steps_left_reg[3] (net)
                      0.042375    0.000000    0.232080 ^ _250_/A (sky130_fd_sc_hd__nor3_2)
     2    0.005831    0.023121    0.029247    0.261326 v _250_/Y (sky130_fd_sc_hd__nor3_2)
                                                         _135_ (net)
                      0.023121    0.000000    0.261326 v _255_/B (sky130_fd_sc_hd__and3_2)
    33    0.075031    0.134004    0.224420    0.485747 v _255_/X (sky130_fd_sc_hd__and3_2)
                                                         _033_ (net)
                      0.134004    0.000000    0.485747 v _627_/D (sky130_fd_sc_hd__dfxtp_2)
                                              0.485747   data arrival time

                      0.150000    0.000000    0.000000   clock clk_i (rise edge)
                                  0.000000    0.000000   clock network delay (ideal)
                                  0.250000    0.250000   clock uncertainty
                                  0.000000    0.250000   clock reconvergence pessimism
                                              0.250000 ^ _627_/CLK (sky130_fd_sc_hd__dfxtp_2)
                                 -0.057291    0.192709   library hold time
                                              0.192709   data required time
---------------------------------------------------------------------------------------------
                                              0.192709   data required time
                                             -0.485747   data arrival time
---------------------------------------------------------------------------------------------
                                              0.293038   slack (MET)


Startpoint: _623_ (rising edge-triggered flip-flop clocked by clk_i)
Endpoint: _495_ (rising edge-triggered flip-flop clocked by clk_i)
Path Group: clk_i
Path Type: min

Fanout         Cap        Slew       Delay        Time   Description
---------------------------------------------------------------------------------------------
                      0.150000    0.000000    0.000000   clock clk_i (rise edge)
                                  0.000000    0.000000   clock network delay (ideal)
                      0.150000    0.000000    0.000000 ^ _623_/CLK (sky130_fd_sc_hd__dfxtp_2)
     5    0.011548    0.030978    0.234891    0.234891 v _623_/Q (sky130_fd_sc_hd__dfxtp_2)
                                                         steps_left_reg[1] (net)
                      0.030978    0.000000    0.234891 v _250_/C (sky130_fd_sc_hd__nor3_2)
     2    0.006248    0.118324    0.090316    0.325206 ^ _250_/Y (sky130_fd_sc_hd__nor3_2)
                                                         _135_ (net)
                      0.118324    0.000000    0.325206 ^ _253_/A1 (sky130_fd_sc_hd__a21boi_2)
    33    0.073815    0.124536    0.155410    0.480616 v _253_/Y (sky130_fd_sc_hd__a21boi_2)
                                                         _138_ (net)
                      0.124536    0.000000    0.480616 v _254_/B (sky130_fd_sc_hd__and2_2)
     1    0.001783    0.024792    0.148077    0.628693 v _254_/X (sky130_fd_sc_hd__and2_2)
                                                         _034_ (net)
                      0.024792    0.000000    0.628693 v _495_/D (sky130_fd_sc_hd__dfxtp_2)
                                              0.628693   data arrival time

                      0.150000    0.000000    0.000000   clock clk_i (rise edge)
                                  0.000000    0.000000   clock network delay (ideal)
                                  0.250000    0.250000   clock uncertainty
                                  0.000000    0.250000   clock reconvergence pessimism
                                              0.250000 ^ _495_/CLK (sky130_fd_sc_hd__dfxtp_2)
                                 -0.020894    0.229106   library hold time
                                              0.229106   data required time
---------------------------------------------------------------------------------------------
                                              0.229106   data required time
                                             -0.628693   data arrival time
---------------------------------------------------------------------------------------------
                                              0.399587   slack (MET)


Startpoint: _627_ (rising edge-triggered flip-flop clocked by clk_i)
Endpoint: valid_o (output port clocked by clk_i)
Path Group: clk_i
Path Type: min

Fanout         Cap        Slew       Delay        Time   Description
---------------------------------------------------------------------------------------------
                      0.150000    0.000000    0.000000   clock clk_i (rise edge)
                                  0.000000    0.000000   clock network delay (ideal)
                      0.150000    0.000000    0.000000 ^ _627_/CLK (sky130_fd_sc_hd__dfxtp_2)
     1    0.033442    0.061636    0.264620    0.264620 v _627_/Q (sky130_fd_sc_hd__dfxtp_2)
                                                         valid_o (net)
                      0.061636    0.000000    0.264620 v valid_o (out)
                                              0.264620   data arrival time

                      0.150000    0.000000    0.000000   clock clk_i (rise edge)
                                  0.000000    0.000000   clock network delay (ideal)
                                  0.250000    0.250000   clock uncertainty
                                  0.000000    0.250000   clock reconvergence pessimism
                                 -4.000000   -3.750000   output external delay
                                             -3.750000   data required time
---------------------------------------------------------------------------------------------
                                             -3.750000   data required time
                                             -0.264620   data arrival time
---------------------------------------------------------------------------------------------
                                              4.014620   slack (MET)


Startpoint: _496_ (rising edge-triggered flip-flop clocked by clk_i)
Endpoint: random_o[0] (output port clocked by clk_i)
Path Group: clk_i
Path Type: min

Fanout         Cap        Slew       Delay        Time   Description
---------------------------------------------------------------------------------------------
                      0.150000    0.000000    0.000000   clock clk_i (rise edge)
                                  0.000000    0.000000   clock network delay (ideal)
                      0.150000    0.000000    0.000000 ^ _496_/CLK (sky130_fd_sc_hd__dfxtp_2)
     2    0.035703    0.064777    0.267566    0.267566 v _496_/Q (sky130_fd_sc_hd__dfxtp_2)
                                                         random_o[0] (net)
                      0.064777    0.000000    0.267566 v random_o[0] (out)
                                              0.267566   data arrival time

                      0.150000    0.000000    0.000000   clock clk_i (rise edge)
                                  0.000000    0.000000   clock network delay (ideal)
                                  0.250000    0.250000   clock uncertainty
                                  0.000000    0.250000   clock reconvergence pessimism
                                 -4.000000   -3.750000   output external delay
                                             -3.750000   data required time
---------------------------------------------------------------------------------------------
                                             -3.750000   data required time
                                             -0.267566   data arrival time
---------------------------------------------------------------------------------------------
                                              4.017566   slack (MET)


Startpoint: _506_ (rising edge-triggered flip-flop clocked by clk_i)
Endpoint: random_o[10] (output port clocked by clk_i)
Path Group: clk_i
Path Type: min

Fanout         Cap        Slew       Delay        Time   Description
---------------------------------------------------------------------------------------------
                      0.150000    0.000000    0.000000   clock clk_i (rise edge)
                                  0.000000    0.000000   clock network delay (ideal)
                      0.150000    0.000000    0.000000 ^ _506_/CLK (sky130_fd_sc_hd__dfxtp_2)
     2    0.035703    0.064777    0.267566    0.267566 v _506_/Q (sky130_fd_sc_hd__dfxtp_2)
                                                         random_o[10] (net)
                      0.064777    0.000000    0.267566 v random_o[10] (out)
                                              0.267566   data arrival time

                      0.150000    0.000000    0.000000   clock clk_i (rise edge)
                                  0.000000    0.000000   clock network delay (ideal)
                                  0.250000    0.250000   clock uncertainty
                                  0.000000    0.250000   clock reconvergence pessimism
                                 -4.000000   -3.750000   output external delay
                                             -3.750000   data required time
---------------------------------------------------------------------------------------------
                                             -3.750000   data required time
                                             -0.267566   data arrival time
---------------------------------------------------------------------------------------------
                                              4.017566   slack (MET)


Startpoint: _507_ (rising edge-triggered flip-flop clocked by clk_i)
Endpoint: random_o[11] (output port clocked by clk_i)
Path Group: clk_i
Path Type: min

Fanout         Cap        Slew       Delay        Time   Description
---------------------------------------------------------------------------------------------
                      0.150000    0.000000    0.000000   clock clk_i (rise edge)
                                  0.000000    0.000000   clock network delay (ideal)
                      0.150000    0.000000    0.000000 ^ _507_/CLK (sky130_fd_sc_hd__dfxtp_2)
     2    0.035703    0.064777    0.267566    0.267566 v _507_/Q (sky130_fd_sc_hd__dfxtp_2)
                                                         random_o[11] (net)
                      0.064777    0.000000    0.267566 v random_o[11] (out)
                                              0.267566   data arrival time

                      0.150000    0.000000    0.000000   clock clk_i (rise edge)
                                  0.000000    0.000000   clock network delay (ideal)
                                  0.250000    0.250000   clock uncertainty
                                  0.000000    0.250000   clock reconvergence pessimism
                                 -4.000000   -3.750000   output external delay
                                             -3.750000   data required time
---------------------------------------------------------------------------------------------
                                             -3.750000   data required time
                                             -0.267566   data arrival time
---------------------------------------------------------------------------------------------
                                              4.017566   slack (MET)


Startpoint: _508_ (rising edge-triggered flip-flop clocked by clk_i)
Endpoint: random_o[12] (output port clocked by clk_i)
Path Group: clk_i
Path Type: min

Fanout         Cap        Slew       Delay        Time   Description
---------------------------------------------------------------------------------------------
                      0.150000    0.000000    0.000000   clock clk_i (rise edge)
                                  0.000000    0.000000   clock network delay (ideal)
                      0.150000    0.000000    0.000000 ^ _508_/CLK (sky130_fd_sc_hd__dfxtp_2)
     2    0.035703    0.064777    0.267566    0.267566 v _508_/Q (sky130_fd_sc_hd__dfxtp_2)
                                                         random_o[12] (net)
                      0.064777    0.000000    0.267566 v random_o[12] (out)
                                              0.267566   data arrival time

                      0.150000    0.000000    0.000000   clock clk_i (rise edge)
                                  0.000000    0.000000   clock network delay (ideal)
                                  0.250000    0.250000   clock uncertainty
                                  0.000000    0.250000   clock reconvergence pessimism
                                 -4.000000   -3.750000   output external delay
                                             -3.750000   data required time
---------------------------------------------------------------------------------------------
                                             -3.750000   data required time
                                             -0.267566   data arrival time
---------------------------------------------------------------------------------------------
                                              4.017566   slack (MET)


Startpoint: _509_ (rising edge-triggered flip-flop clocked by clk_i)
Endpoint: random_o[13] (output port clocked by clk_i)
Path Group: clk_i
Path Type: min

Fanout         Cap        Slew       Delay        Time   Description
---------------------------------------------------------------------------------------------
                      0.150000    0.000000    0.000000   clock clk_i (rise edge)
                                  0.000000    0.000000   clock network delay (ideal)
                      0.150000    0.000000    0.000000 ^ _509_/CLK (sky130_fd_sc_hd__dfxtp_2)
     2    0.035703    0.064777    0.267566    0.267566 v _509_/Q (sky130_fd_sc_hd__dfxtp_2)
                                                         random_o[13] (net)
                      0.064777    0.000000    0.267566 v random_o[13] (out)
                                              0.267566   data arrival time

                      0.150000    0.000000    0.000000   clock clk_i (rise edge)
                                  0.000000    0.000000   clock network delay (ideal)
                                  0.250000    0.250000   clock uncertainty
                                  0.000000    0.250000   clock reconvergence pessimism
                                 -4.000000   -3.750000   output external delay
                                             -3.750000   data required time
---------------------------------------------------------------------------------------------
                                             -3.750000   data required time
                                             -0.267566   data arrival time
---------------------------------------------------------------------------------------------
                                              4.017566   slack (MET)


Startpoint: _510_ (rising edge-triggered flip-flop clocked by clk_i)
Endpoint: random_o[14] (output port clocked by clk_i)
Path Group: clk_i
Path Type: min

Fanout         Cap        Slew       Delay        Time   Description
---------------------------------------------------------------------------------------------
                      0.150000    0.000000    0.000000   clock clk_i (rise edge)
                                  0.000000    0.000000   clock network delay (ideal)
                      0.150000    0.000000    0.000000 ^ _510_/CLK (sky130_fd_sc_hd__dfxtp_2)
     2    0.035703    0.064777    0.267566    0.267566 v _510_/Q (sky130_fd_sc_hd__dfxtp_2)
                                                         random_o[14] (net)
                      0.064777    0.000000    0.267566 v random_o[14] (out)
                                              0.267566   data arrival time

                      0.150000    0.000000    0.000000   clock clk_i (rise edge)
                                  0.000000    0.000000   clock network delay (ideal)
                                  0.250000    0.250000   clock uncertainty
                                  0.000000    0.250000   clock reconvergence pessimism
                                 -4.000000   -3.750000   output external delay
                                             -3.750000   data required time
---------------------------------------------------------------------------------------------
                                             -3.750000   data required time
                                             -0.267566   data arrival time
---------------------------------------------------------------------------------------------
                                              4.017566   slack (MET)


Startpoint: _511_ (rising edge-triggered flip-flop clocked by clk_i)
Endpoint: random_o[15] (output port clocked by clk_i)
Path Group: clk_i
Path Type: min

Fanout         Cap        Slew       Delay        Time   Description
---------------------------------------------------------------------------------------------
                      0.150000    0.000000    0.000000   clock clk_i (rise edge)
                                  0.000000    0.000000   clock network delay (ideal)
                      0.150000    0.000000    0.000000 ^ _511_/CLK (sky130_fd_sc_hd__dfxtp_2)
     2    0.035703    0.064777    0.267566    0.267566 v _511_/Q (sky130_fd_sc_hd__dfxtp_2)
                                                         random_o[15] (net)
                      0.064777    0.000000    0.267566 v random_o[15] (out)
                                              0.267566   data arrival time

                      0.150000    0.000000    0.000000   clock clk_i (rise edge)
                                  0.000000    0.000000   clock network delay (ideal)
                                  0.250000    0.250000   clock uncertainty
                                  0.000000    0.250000   clock reconvergence pessimism
                                 -4.000000   -3.750000   output external delay
                                             -3.750000   data required time
---------------------------------------------------------------------------------------------
                                             -3.750000   data required time
                                             -0.267566   data arrival time
---------------------------------------------------------------------------------------------
                                              4.017566   slack (MET)


Startpoint: _512_ (rising edge-triggered flip-flop clocked by clk_i)
Endpoint: random_o[16] (output port clocked by clk_i)
Path Group: clk_i
Path Type: min

Fanout         Cap        Slew       Delay        Time   Description
---------------------------------------------------------------------------------------------
                      0.150000    0.000000    0.000000   clock clk_i (rise edge)
                                  0.000000    0.000000   clock network delay (ideal)
                      0.150000    0.000000    0.000000 ^ _512_/CLK (sky130_fd_sc_hd__dfxtp_2)
     2    0.035703    0.064777    0.267566    0.267566 v _512_/Q (sky130_fd_sc_hd__dfxtp_2)
                                                         random_o[16] (net)
                      0.064777    0.000000    0.267566 v random_o[16] (out)
                                              0.267566   data arrival time

                      0.150000    0.000000    0.000000   clock clk_i (rise edge)
                                  0.000000    0.000000   clock network delay (ideal)
                                  0.250000    0.250000   clock uncertainty
                                  0.000000    0.250000   clock reconvergence pessimism
                                 -4.000000   -3.750000   output external delay
                                             -3.750000   data required time
---------------------------------------------------------------------------------------------
                                             -3.750000   data required time
                                             -0.267566   data arrival time
---------------------------------------------------------------------------------------------
                                              4.017566   slack (MET)


Startpoint: _513_ (rising edge-triggered flip-flop clocked by clk_i)
Endpoint: random_o[17] (output port clocked by clk_i)
Path Group: clk_i
Path Type: min

Fanout         Cap        Slew       Delay        Time   Description
---------------------------------------------------------------------------------------------
                      0.150000    0.000000    0.000000   clock clk_i (rise edge)
                                  0.000000    0.000000   clock network delay (ideal)
                      0.150000    0.000000    0.000000 ^ _513_/CLK (sky130_fd_sc_hd__dfxtp_2)
     2    0.035703    0.064777    0.267566    0.267566 v _513_/Q (sky130_fd_sc_hd__dfxtp_2)
                                                         random_o[17] (net)
                      0.064777    0.000000    0.267566 v random_o[17] (out)
                                              0.267566   data arrival time

                      0.150000    0.000000    0.000000   clock clk_i (rise edge)
                                  0.000000    0.000000   clock network delay (ideal)
                                  0.250000    0.250000   clock uncertainty
                                  0.000000    0.250000   clock reconvergence pessimism
                                 -4.000000   -3.750000   output external delay
                                             -3.750000   data required time
---------------------------------------------------------------------------------------------
                                             -3.750000   data required time
                                             -0.267566   data arrival time
---------------------------------------------------------------------------------------------
                                              4.017566   slack (MET)


Startpoint: _514_ (rising edge-triggered flip-flop clocked by clk_i)
Endpoint: random_o[18] (output port clocked by clk_i)
Path Group: clk_i
Path Type: min

Fanout         Cap        Slew       Delay        Time   Description
---------------------------------------------------------------------------------------------
                      0.150000    0.000000    0.000000   clock clk_i (rise edge)
                                  0.000000    0.000000   clock network delay (ideal)
                      0.150000    0.000000    0.000000 ^ _514_/CLK (sky130_fd_sc_hd__dfxtp_2)
     2    0.035703    0.064777    0.267566    0.267566 v _514_/Q (sky130_fd_sc_hd__dfxtp_2)
                                                         random_o[18] (net)
                      0.064777    0.000000    0.267566 v random_o[18] (out)
                                              0.267566   data arrival time

                      0.150000    0.000000    0.000000   clock clk_i (rise edge)
                                  0.000000    0.000000   clock network delay (ideal)
                                  0.250000    0.250000   clock uncertainty
                                  0.000000    0.250000   clock reconvergence pessimism
                                 -4.000000   -3.750000   output external delay
                                             -3.750000   data required time
---------------------------------------------------------------------------------------------
                                             -3.750000   data required time
                                             -0.267566   data arrival time
---------------------------------------------------------------------------------------------
                                              4.017566   slack (MET)


Startpoint: _515_ (rising edge-triggered flip-flop clocked by clk_i)
Endpoint: random_o[19] (output port clocked by clk_i)
Path Group: clk_i
Path Type: min

Fanout         Cap        Slew       Delay        Time   Description
---------------------------------------------------------------------------------------------
                      0.150000    0.000000    0.000000   clock clk_i (rise edge)
                                  0.000000    0.000000   clock network delay (ideal)
                      0.150000    0.000000    0.000000 ^ _515_/CLK (sky130_fd_sc_hd__dfxtp_2)
     2    0.035703    0.064777    0.267566    0.267566 v _515_/Q (sky130_fd_sc_hd__dfxtp_2)
                                                         random_o[19] (net)
                      0.064777    0.000000    0.267566 v random_o[19] (out)
                                              0.267566   data arrival time

                      0.150000    0.000000    0.000000   clock clk_i (rise edge)
                                  0.000000    0.000000   clock network delay (ideal)
                                  0.250000    0.250000   clock uncertainty
                                  0.000000    0.250000   clock reconvergence pessimism
                                 -4.000000   -3.750000   output external delay
                                             -3.750000   data required time
---------------------------------------------------------------------------------------------
                                             -3.750000   data required time
                                             -0.267566   data arrival time
---------------------------------------------------------------------------------------------
                                              4.017566   slack (MET)


Startpoint: _497_ (rising edge-triggered flip-flop clocked by clk_i)
Endpoint: random_o[1] (output port clocked by clk_i)
Path Group: clk_i
Path Type: min

Fanout         Cap        Slew       Delay        Time   Description
---------------------------------------------------------------------------------------------
                      0.150000    0.000000    0.000000   clock clk_i (rise edge)
                                  0.000000    0.000000   clock network delay (ideal)
                      0.150000    0.000000    0.000000 ^ _497_/CLK (sky130_fd_sc_hd__dfxtp_2)
     2    0.035703    0.064777    0.267566    0.267566 v _497_/Q (sky130_fd_sc_hd__dfxtp_2)
                                                         random_o[1] (net)
                      0.064777    0.000000    0.267566 v random_o[1] (out)
                                              0.267566   data arrival time

                      0.150000    0.000000    0.000000   clock clk_i (rise edge)
                                  0.000000    0.000000   clock network delay (ideal)
                                  0.250000    0.250000   clock uncertainty
                                  0.000000    0.250000   clock reconvergence pessimism
                                 -4.000000   -3.750000   output external delay
                                             -3.750000   data required time
---------------------------------------------------------------------------------------------
                                             -3.750000   data required time
                                             -0.267566   data arrival time
---------------------------------------------------------------------------------------------
                                              4.017566   slack (MET)


Startpoint: _516_ (rising edge-triggered flip-flop clocked by clk_i)
Endpoint: random_o[20] (output port clocked by clk_i)
Path Group: clk_i
Path Type: min

Fanout         Cap        Slew       Delay        Time   Description
---------------------------------------------------------------------------------------------
                      0.150000    0.000000    0.000000   clock clk_i (rise edge)
                                  0.000000    0.000000   clock network delay (ideal)
                      0.150000    0.000000    0.000000 ^ _516_/CLK (sky130_fd_sc_hd__dfxtp_2)
     2    0.035703    0.064777    0.267566    0.267566 v _516_/Q (sky130_fd_sc_hd__dfxtp_2)
                                                         random_o[20] (net)
                      0.064777    0.000000    0.267566 v random_o[20] (out)
                                              0.267566   data arrival time

                      0.150000    0.000000    0.000000   clock clk_i (rise edge)
                                  0.000000    0.000000   clock network delay (ideal)
                                  0.250000    0.250000   clock uncertainty
                                  0.000000    0.250000   clock reconvergence pessimism
                                 -4.000000   -3.750000   output external delay
                                             -3.750000   data required time
---------------------------------------------------------------------------------------------
                                             -3.750000   data required time
                                             -0.267566   data arrival time
---------------------------------------------------------------------------------------------
                                              4.017566   slack (MET)


Startpoint: _517_ (rising edge-triggered flip-flop clocked by clk_i)
Endpoint: random_o[21] (output port clocked by clk_i)
Path Group: clk_i
Path Type: min

Fanout         Cap        Slew       Delay        Time   Description
---------------------------------------------------------------------------------------------
                      0.150000    0.000000    0.000000   clock clk_i (rise edge)
                                  0.000000    0.000000   clock network delay (ideal)
                      0.150000    0.000000    0.000000 ^ _517_/CLK (sky130_fd_sc_hd__dfxtp_2)
     2    0.035703    0.064777    0.267566    0.267566 v _517_/Q (sky130_fd_sc_hd__dfxtp_2)
                                                         random_o[21] (net)
                      0.064777    0.000000    0.267566 v random_o[21] (out)
                                              0.267566   data arrival time

                      0.150000    0.000000    0.000000   clock clk_i (rise edge)
                                  0.000000    0.000000   clock network delay (ideal)
                                  0.250000    0.250000   clock uncertainty
                                  0.000000    0.250000   clock reconvergence pessimism
                                 -4.000000   -3.750000   output external delay
                                             -3.750000   data required time
---------------------------------------------------------------------------------------------
                                             -3.750000   data required time
                                             -0.267566   data arrival time
---------------------------------------------------------------------------------------------
                                              4.017566   slack (MET)


Startpoint: _518_ (rising edge-triggered flip-flop clocked by clk_i)
Endpoint: random_o[22] (output port clocked by clk_i)
Path Group: clk_i
Path Type: min

Fanout         Cap        Slew       Delay        Time   Description
---------------------------------------------------------------------------------------------
                      0.150000    0.000000    0.000000   clock clk_i (rise edge)
                                  0.000000    0.000000   clock network delay (ideal)
                      0.150000    0.000000    0.000000 ^ _518_/CLK (sky130_fd_sc_hd__dfxtp_2)
     2    0.035703    0.064777    0.267566    0.267566 v _518_/Q (sky130_fd_sc_hd__dfxtp_2)
                                                         random_o[22] (net)
                      0.064777    0.000000    0.267566 v random_o[22] (out)
                                              0.267566   data arrival time

                      0.150000    0.000000    0.000000   clock clk_i (rise edge)
                                  0.000000    0.000000   clock network delay (ideal)
                                  0.250000    0.250000   clock uncertainty
                                  0.000000    0.250000   clock reconvergence pessimism
                                 -4.000000   -3.750000   output external delay
                                             -3.750000   data required time
---------------------------------------------------------------------------------------------
                                             -3.750000   data required time
                                             -0.267566   data arrival time
---------------------------------------------------------------------------------------------
                                              4.017566   slack (MET)


Startpoint: _519_ (rising edge-triggered flip-flop clocked by clk_i)
Endpoint: random_o[23] (output port clocked by clk_i)
Path Group: clk_i
Path Type: min

Fanout         Cap        Slew       Delay        Time   Description
---------------------------------------------------------------------------------------------
                      0.150000    0.000000    0.000000   clock clk_i (rise edge)
                                  0.000000    0.000000   clock network delay (ideal)
                      0.150000    0.000000    0.000000 ^ _519_/CLK (sky130_fd_sc_hd__dfxtp_2)
     2    0.035703    0.064777    0.267566    0.267566 v _519_/Q (sky130_fd_sc_hd__dfxtp_2)
                                                         random_o[23] (net)
                      0.064777    0.000000    0.267566 v random_o[23] (out)
                                              0.267566   data arrival time

                      0.150000    0.000000    0.000000   clock clk_i (rise edge)
                                  0.000000    0.000000   clock network delay (ideal)
                                  0.250000    0.250000   clock uncertainty
                                  0.000000    0.250000   clock reconvergence pessimism
                                 -4.000000   -3.750000   output external delay
                                             -3.750000   data required time
---------------------------------------------------------------------------------------------
                                             -3.750000   data required time
                                             -0.267566   data arrival time
---------------------------------------------------------------------------------------------
                                              4.017566   slack (MET)


Startpoint: _520_ (rising edge-triggered flip-flop clocked by clk_i)
Endpoint: random_o[24] (output port clocked by clk_i)
Path Group: clk_i
Path Type: min

Fanout         Cap        Slew       Delay        Time   Description
---------------------------------------------------------------------------------------------
                      0.150000    0.000000    0.000000   clock clk_i (rise edge)
                                  0.000000    0.000000   clock network delay (ideal)
                      0.150000    0.000000    0.000000 ^ _520_/CLK (sky130_fd_sc_hd__dfxtp_2)
     2    0.035703    0.064777    0.267566    0.267566 v _520_/Q (sky130_fd_sc_hd__dfxtp_2)
                                                         random_o[24] (net)
                      0.064777    0.000000    0.267566 v random_o[24] (out)
                                              0.267566   data arrival time

                      0.150000    0.000000    0.000000   clock clk_i (rise edge)
                                  0.000000    0.000000   clock network delay (ideal)
                                  0.250000    0.250000   clock uncertainty
                                  0.000000    0.250000   clock reconvergence pessimism
                                 -4.000000   -3.750000   output external delay
                                             -3.750000   data required time
---------------------------------------------------------------------------------------------
                                             -3.750000   data required time
                                             -0.267566   data arrival time
---------------------------------------------------------------------------------------------
                                              4.017566   slack (MET)


Startpoint: _521_ (rising edge-triggered flip-flop clocked by clk_i)
Endpoint: random_o[25] (output port clocked by clk_i)
Path Group: clk_i
Path Type: min

Fanout         Cap        Slew       Delay        Time   Description
---------------------------------------------------------------------------------------------
                      0.150000    0.000000    0.000000   clock clk_i (rise edge)
                                  0.000000    0.000000   clock network delay (ideal)
                      0.150000    0.000000    0.000000 ^ _521_/CLK (sky130_fd_sc_hd__dfxtp_2)
     2    0.035703    0.064777    0.267566    0.267566 v _521_/Q (sky130_fd_sc_hd__dfxtp_2)
                                                         random_o[25] (net)
                      0.064777    0.000000    0.267566 v random_o[25] (out)
                                              0.267566   data arrival time

                      0.150000    0.000000    0.000000   clock clk_i (rise edge)
                                  0.000000    0.000000   clock network delay (ideal)
                                  0.250000    0.250000   clock uncertainty
                                  0.000000    0.250000   clock reconvergence pessimism
                                 -4.000000   -3.750000   output external delay
                                             -3.750000   data required time
---------------------------------------------------------------------------------------------
                                             -3.750000   data required time
                                             -0.267566   data arrival time
---------------------------------------------------------------------------------------------
                                              4.017566   slack (MET)


Startpoint: _522_ (rising edge-triggered flip-flop clocked by clk_i)
Endpoint: random_o[26] (output port clocked by clk_i)
Path Group: clk_i
Path Type: min

Fanout         Cap        Slew       Delay        Time   Description
---------------------------------------------------------------------------------------------
                      0.150000    0.000000    0.000000   clock clk_i (rise edge)
                                  0.000000    0.000000   clock network delay (ideal)
                      0.150000    0.000000    0.000000 ^ _522_/CLK (sky130_fd_sc_hd__dfxtp_2)
     2    0.035703    0.064777    0.267566    0.267566 v _522_/Q (sky130_fd_sc_hd__dfxtp_2)
                                                         random_o[26] (net)
                      0.064777    0.000000    0.267566 v random_o[26] (out)
                                              0.267566   data arrival time

                      0.150000    0.000000    0.000000   clock clk_i (rise edge)
                                  0.000000    0.000000   clock network delay (ideal)
                                  0.250000    0.250000   clock uncertainty
                                  0.000000    0.250000   clock reconvergence pessimism
                                 -4.000000   -3.750000   output external delay
                                             -3.750000   data required time
---------------------------------------------------------------------------------------------
                                             -3.750000   data required time
                                             -0.267566   data arrival time
---------------------------------------------------------------------------------------------
                                              4.017566   slack (MET)


Startpoint: _523_ (rising edge-triggered flip-flop clocked by clk_i)
Endpoint: random_o[27] (output port clocked by clk_i)
Path Group: clk_i
Path Type: min

Fanout         Cap        Slew       Delay        Time   Description
---------------------------------------------------------------------------------------------
                      0.150000    0.000000    0.000000   clock clk_i (rise edge)
                                  0.000000    0.000000   clock network delay (ideal)
                      0.150000    0.000000    0.000000 ^ _523_/CLK (sky130_fd_sc_hd__dfxtp_2)
     2    0.035703    0.064777    0.267566    0.267566 v _523_/Q (sky130_fd_sc_hd__dfxtp_2)
                                                         random_o[27] (net)
                      0.064777    0.000000    0.267566 v random_o[27] (out)
                                              0.267566   data arrival time

                      0.150000    0.000000    0.000000   clock clk_i (rise edge)
                                  0.000000    0.000000   clock network delay (ideal)
                                  0.250000    0.250000   clock uncertainty
                                  0.000000    0.250000   clock reconvergence pessimism
                                 -4.000000   -3.750000   output external delay
                                             -3.750000   data required time
---------------------------------------------------------------------------------------------
                                             -3.750000   data required time
                                             -0.267566   data arrival time
---------------------------------------------------------------------------------------------
                                              4.017566   slack (MET)


Startpoint: _524_ (rising edge-triggered flip-flop clocked by clk_i)
Endpoint: random_o[28] (output port clocked by clk_i)
Path Group: clk_i
Path Type: min

Fanout         Cap        Slew       Delay        Time   Description
---------------------------------------------------------------------------------------------
                      0.150000    0.000000    0.000000   clock clk_i (rise edge)
                                  0.000000    0.000000   clock network delay (ideal)
                      0.150000    0.000000    0.000000 ^ _524_/CLK (sky130_fd_sc_hd__dfxtp_2)
     2    0.035703    0.064777    0.267566    0.267566 v _524_/Q (sky130_fd_sc_hd__dfxtp_2)
                                                         random_o[28] (net)
                      0.064777    0.000000    0.267566 v random_o[28] (out)
                                              0.267566   data arrival time

                      0.150000    0.000000    0.000000   clock clk_i (rise edge)
                                  0.000000    0.000000   clock network delay (ideal)
                                  0.250000    0.250000   clock uncertainty
                                  0.000000    0.250000   clock reconvergence pessimism
                                 -4.000000   -3.750000   output external delay
                                             -3.750000   data required time
---------------------------------------------------------------------------------------------
                                             -3.750000   data required time
                                             -0.267566   data arrival time
---------------------------------------------------------------------------------------------
                                              4.017566   slack (MET)


Startpoint: _525_ (rising edge-triggered flip-flop clocked by clk_i)
Endpoint: random_o[29] (output port clocked by clk_i)
Path Group: clk_i
Path Type: min

Fanout         Cap        Slew       Delay        Time   Description
---------------------------------------------------------------------------------------------
                      0.150000    0.000000    0.000000   clock clk_i (rise edge)
                                  0.000000    0.000000   clock network delay (ideal)
                      0.150000    0.000000    0.000000 ^ _525_/CLK (sky130_fd_sc_hd__dfxtp_2)
     2    0.035703    0.064777    0.267566    0.267566 v _525_/Q (sky130_fd_sc_hd__dfxtp_2)
                                                         random_o[29] (net)
                      0.064777    0.000000    0.267566 v random_o[29] (out)
                                              0.267566   data arrival time

                      0.150000    0.000000    0.000000   clock clk_i (rise edge)
                                  0.000000    0.000000   clock network delay (ideal)
                                  0.250000    0.250000   clock uncertainty
                                  0.000000    0.250000   clock reconvergence pessimism
                                 -4.000000   -3.750000   output external delay
                                             -3.750000   data required time
---------------------------------------------------------------------------------------------
                                             -3.750000   data required time
                                             -0.267566   data arrival time
---------------------------------------------------------------------------------------------
                                              4.017566   slack (MET)


Startpoint: _498_ (rising edge-triggered flip-flop clocked by clk_i)
Endpoint: random_o[2] (output port clocked by clk_i)
Path Group: clk_i
Path Type: min

Fanout         Cap        Slew       Delay        Time   Description
---------------------------------------------------------------------------------------------
                      0.150000    0.000000    0.000000   clock clk_i (rise edge)
                                  0.000000    0.000000   clock network delay (ideal)
                      0.150000    0.000000    0.000000 ^ _498_/CLK (sky130_fd_sc_hd__dfxtp_2)
     2    0.035703    0.064777    0.267566    0.267566 v _498_/Q (sky130_fd_sc_hd__dfxtp_2)
                                                         random_o[2] (net)
                      0.064777    0.000000    0.267566 v random_o[2] (out)
                                              0.267566   data arrival time

                      0.150000    0.000000    0.000000   clock clk_i (rise edge)
                                  0.000000    0.000000   clock network delay (ideal)
                                  0.250000    0.250000   clock uncertainty
                                  0.000000    0.250000   clock reconvergence pessimism
                                 -4.000000   -3.750000   output external delay
                                             -3.750000   data required time
---------------------------------------------------------------------------------------------
                                             -3.750000   data required time
                                             -0.267566   data arrival time
---------------------------------------------------------------------------------------------
                                              4.017566   slack (MET)


Startpoint: _526_ (rising edge-triggered flip-flop clocked by clk_i)
Endpoint: random_o[30] (output port clocked by clk_i)
Path Group: clk_i
Path Type: min

Fanout         Cap        Slew       Delay        Time   Description
---------------------------------------------------------------------------------------------
                      0.150000    0.000000    0.000000   clock clk_i (rise edge)
                                  0.000000    0.000000   clock network delay (ideal)
                      0.150000    0.000000    0.000000 ^ _526_/CLK (sky130_fd_sc_hd__dfxtp_2)
     2    0.035703    0.064777    0.267566    0.267566 v _526_/Q (sky130_fd_sc_hd__dfxtp_2)
                                                         random_o[30] (net)
                      0.064777    0.000000    0.267566 v random_o[30] (out)
                                              0.267566   data arrival time

                      0.150000    0.000000    0.000000   clock clk_i (rise edge)
                                  0.000000    0.000000   clock network delay (ideal)
                                  0.250000    0.250000   clock uncertainty
                                  0.000000    0.250000   clock reconvergence pessimism
                                 -4.000000   -3.750000   output external delay
                                             -3.750000   data required time
---------------------------------------------------------------------------------------------
                                             -3.750000   data required time
                                             -0.267566   data arrival time
---------------------------------------------------------------------------------------------
                                              4.017566   slack (MET)


Startpoint: _527_ (rising edge-triggered flip-flop clocked by clk_i)
Endpoint: random_o[31] (output port clocked by clk_i)
Path Group: clk_i
Path Type: min

Fanout         Cap        Slew       Delay        Time   Description
---------------------------------------------------------------------------------------------
                      0.150000    0.000000    0.000000   clock clk_i (rise edge)
                                  0.000000    0.000000   clock network delay (ideal)
                      0.150000    0.000000    0.000000 ^ _527_/CLK (sky130_fd_sc_hd__dfxtp_2)
     2    0.035703    0.064777    0.267566    0.267566 v _527_/Q (sky130_fd_sc_hd__dfxtp_2)
                                                         random_o[31] (net)
                      0.064777    0.000000    0.267566 v random_o[31] (out)
                                              0.267566   data arrival time

                      0.150000    0.000000    0.000000   clock clk_i (rise edge)
                                  0.000000    0.000000   clock network delay (ideal)
                                  0.250000    0.250000   clock uncertainty
                                  0.000000    0.250000   clock reconvergence pessimism
                                 -4.000000   -3.750000   output external delay
                                             -3.750000   data required time
---------------------------------------------------------------------------------------------
                                             -3.750000   data required time
                                             -0.267566   data arrival time
---------------------------------------------------------------------------------------------
                                              4.017566   slack (MET)


Startpoint: _499_ (rising edge-triggered flip-flop clocked by clk_i)
Endpoint: random_o[3] (output port clocked by clk_i)
Path Group: clk_i
Path Type: min

Fanout         Cap        Slew       Delay        Time   Description
---------------------------------------------------------------------------------------------
                      0.150000    0.000000    0.000000   clock clk_i (rise edge)
                                  0.000000    0.000000   clock network delay (ideal)
                      0.150000    0.000000    0.000000 ^ _499_/CLK (sky130_fd_sc_hd__dfxtp_2)
     2    0.035703    0.064777    0.267566    0.267566 v _499_/Q (sky130_fd_sc_hd__dfxtp_2)
                                                         random_o[3] (net)
                      0.064777    0.000000    0.267566 v random_o[3] (out)
                                              0.267566   data arrival time

                      0.150000    0.000000    0.000000   clock clk_i (rise edge)
                                  0.000000    0.000000   clock network delay (ideal)
                                  0.250000    0.250000   clock uncertainty
                                  0.000000    0.250000   clock reconvergence pessimism
                                 -4.000000   -3.750000   output external delay
                                             -3.750000   data required time
---------------------------------------------------------------------------------------------
                                             -3.750000   data required time
                                             -0.267566   data arrival time
---------------------------------------------------------------------------------------------
                                              4.017566   slack (MET)


Startpoint: _500_ (rising edge-triggered flip-flop clocked by clk_i)
Endpoint: random_o[4] (output port clocked by clk_i)
Path Group: clk_i
Path Type: min

Fanout         Cap        Slew       Delay        Time   Description
---------------------------------------------------------------------------------------------
                      0.150000    0.000000    0.000000   clock clk_i (rise edge)
                                  0.000000    0.000000   clock network delay (ideal)
                      0.150000    0.000000    0.000000 ^ _500_/CLK (sky130_fd_sc_hd__dfxtp_2)
     2    0.035703    0.064777    0.267566    0.267566 v _500_/Q (sky130_fd_sc_hd__dfxtp_2)
                                                         random_o[4] (net)
                      0.064777    0.000000    0.267566 v random_o[4] (out)
                                              0.267566   data arrival time

                      0.150000    0.000000    0.000000   clock clk_i (rise edge)
                                  0.000000    0.000000   clock network delay (ideal)
                                  0.250000    0.250000   clock uncertainty
                                  0.000000    0.250000   clock reconvergence pessimism
                                 -4.000000   -3.750000   output external delay
                                             -3.750000   data required time
---------------------------------------------------------------------------------------------
                                             -3.750000   data required time
                                             -0.267566   data arrival time
---------------------------------------------------------------------------------------------
                                              4.017566   slack (MET)


Startpoint: _501_ (rising edge-triggered flip-flop clocked by clk_i)
Endpoint: random_o[5] (output port clocked by clk_i)
Path Group: clk_i
Path Type: min

Fanout         Cap        Slew       Delay        Time   Description
---------------------------------------------------------------------------------------------
                      0.150000    0.000000    0.000000   clock clk_i (rise edge)
                                  0.000000    0.000000   clock network delay (ideal)
                      0.150000    0.000000    0.000000 ^ _501_/CLK (sky130_fd_sc_hd__dfxtp_2)
     2    0.035703    0.064777    0.267566    0.267566 v _501_/Q (sky130_fd_sc_hd__dfxtp_2)
                                                         random_o[5] (net)
                      0.064777    0.000000    0.267566 v random_o[5] (out)
                                              0.267566   data arrival time

                      0.150000    0.000000    0.000000   clock clk_i (rise edge)
                                  0.000000    0.000000   clock network delay (ideal)
                                  0.250000    0.250000   clock uncertainty
                                  0.000000    0.250000   clock reconvergence pessimism
                                 -4.000000   -3.750000   output external delay
                                             -3.750000   data required time
---------------------------------------------------------------------------------------------
                                             -3.750000   data required time
                                             -0.267566   data arrival time
---------------------------------------------------------------------------------------------
                                              4.017566   slack (MET)


Startpoint: _502_ (rising edge-triggered flip-flop clocked by clk_i)
Endpoint: random_o[6] (output port clocked by clk_i)
Path Group: clk_i
Path Type: min

Fanout         Cap        Slew       Delay        Time   Description
---------------------------------------------------------------------------------------------
                      0.150000    0.000000    0.000000   clock clk_i (rise edge)
                                  0.000000    0.000000   clock network delay (ideal)
                      0.150000    0.000000    0.000000 ^ _502_/CLK (sky130_fd_sc_hd__dfxtp_2)
     2    0.035703    0.064777    0.267566    0.267566 v _502_/Q (sky130_fd_sc_hd__dfxtp_2)
                                                         random_o[6] (net)
                      0.064777    0.000000    0.267566 v random_o[6] (out)
                                              0.267566   data arrival time

                      0.150000    0.000000    0.000000   clock clk_i (rise edge)
                                  0.000000    0.000000   clock network delay (ideal)
                                  0.250000    0.250000   clock uncertainty
                                  0.000000    0.250000   clock reconvergence pessimism
                                 -4.000000   -3.750000   output external delay
                                             -3.750000   data required time
---------------------------------------------------------------------------------------------
                                             -3.750000   data required time
                                             -0.267566   data arrival time
---------------------------------------------------------------------------------------------
                                              4.017566   slack (MET)


Startpoint: _503_ (rising edge-triggered flip-flop clocked by clk_i)
Endpoint: random_o[7] (output port clocked by clk_i)
Path Group: clk_i
Path Type: min

Fanout         Cap        Slew       Delay        Time   Description
---------------------------------------------------------------------------------------------
                      0.150000    0.000000    0.000000   clock clk_i (rise edge)
                                  0.000000    0.000000   clock network delay (ideal)
                      0.150000    0.000000    0.000000 ^ _503_/CLK (sky130_fd_sc_hd__dfxtp_2)
     2    0.035703    0.064777    0.267566    0.267566 v _503_/Q (sky130_fd_sc_hd__dfxtp_2)
                                                         random_o[7] (net)
                      0.064777    0.000000    0.267566 v random_o[7] (out)
                                              0.267566   data arrival time

                      0.150000    0.000000    0.000000   clock clk_i (rise edge)
                                  0.000000    0.000000   clock network delay (ideal)
                                  0.250000    0.250000   clock uncertainty
                                  0.000000    0.250000   clock reconvergence pessimism
                                 -4.000000   -3.750000   output external delay
                                             -3.750000   data required time
---------------------------------------------------------------------------------------------
                                             -3.750000   data required time
                                             -0.267566   data arrival time
---------------------------------------------------------------------------------------------
                                              4.017566   slack (MET)


Startpoint: _504_ (rising edge-triggered flip-flop clocked by clk_i)
Endpoint: random_o[8] (output port clocked by clk_i)
Path Group: clk_i
Path Type: min

Fanout         Cap        Slew       Delay        Time   Description
---------------------------------------------------------------------------------------------
                      0.150000    0.000000    0.000000   clock clk_i (rise edge)
                                  0.000000    0.000000   clock network delay (ideal)
                      0.150000    0.000000    0.000000 ^ _504_/CLK (sky130_fd_sc_hd__dfxtp_2)
     2    0.035703    0.064777    0.267566    0.267566 v _504_/Q (sky130_fd_sc_hd__dfxtp_2)
                                                         random_o[8] (net)
                      0.064777    0.000000    0.267566 v random_o[8] (out)
                                              0.267566   data arrival time

                      0.150000    0.000000    0.000000   clock clk_i (rise edge)
                                  0.000000    0.000000   clock network delay (ideal)
                                  0.250000    0.250000   clock uncertainty
                                  0.000000    0.250000   clock reconvergence pessimism
                                 -4.000000   -3.750000   output external delay
                                             -3.750000   data required time
---------------------------------------------------------------------------------------------
                                             -3.750000   data required time
                                             -0.267566   data arrival time
---------------------------------------------------------------------------------------------
                                              4.017566   slack (MET)


Startpoint: _505_ (rising edge-triggered flip-flop clocked by clk_i)
Endpoint: random_o[9] (output port clocked by clk_i)
Path Group: clk_i
Path Type: min

Fanout         Cap        Slew       Delay        Time   Description
---------------------------------------------------------------------------------------------
                      0.150000    0.000000    0.000000   clock clk_i (rise edge)
                                  0.000000    0.000000   clock network delay (ideal)
                      0.150000    0.000000    0.000000 ^ _505_/CLK (sky130_fd_sc_hd__dfxtp_2)
     2    0.035703    0.064777    0.267566    0.267566 v _505_/Q (sky130_fd_sc_hd__dfxtp_2)
                                                         random_o[9] (net)
                      0.064777    0.000000    0.267566 v random_o[9] (out)
                                              0.267566   data arrival time

                      0.150000    0.000000    0.000000   clock clk_i (rise edge)
                                  0.000000    0.000000   clock network delay (ideal)
                                  0.250000    0.250000   clock uncertainty
                                  0.000000    0.250000   clock reconvergence pessimism
                                 -4.000000   -3.750000   output external delay
                                             -3.750000   data required time
---------------------------------------------------------------------------------------------
                                             -3.750000   data required time
                                             -0.267566   data arrival time
---------------------------------------------------------------------------------------------
                                              4.017566   slack (MET)


Startpoint: _495_ (rising edge-triggered flip-flop clocked by clk_i)
Endpoint: ready_o (output port clocked by clk_i)
Path Group: clk_i
Path Type: min

Fanout         Cap        Slew       Delay        Time   Description
---------------------------------------------------------------------------------------------
                      0.150000    0.000000    0.000000   clock clk_i (rise edge)
                                  0.000000    0.000000   clock network delay (ideal)
                      0.150000    0.000000    0.000000 ^ _495_/CLK (sky130_fd_sc_hd__dfxtp_2)
    39    0.096747    0.154135    0.339471    0.339471 v _495_/Q (sky130_fd_sc_hd__dfxtp_2)
                                                         busy_reg (net)
                      0.154135    0.000000    0.339471 v _247_/A_N (sky130_fd_sc_hd__and2b_2)
     1    0.033442    0.131153    0.251587    0.591058 ^ _247_/X (sky130_fd_sc_hd__and2b_2)
                                                         ready_o (net)
                      0.131153    0.000000    0.591058 ^ ready_o (out)
                                              0.591058   data arrival time

                      0.150000    0.000000    0.000000   clock clk_i (rise edge)
                                  0.000000    0.000000   clock network delay (ideal)
                                  0.250000    0.250000   clock uncertainty
                                  0.000000    0.250000   clock reconvergence pessimism
                                 -4.000000   -3.750000   output external delay
                                             -3.750000   data required time
---------------------------------------------------------------------------------------------
                                             -3.750000   data required time
                                             -0.591058   data arrival time
---------------------------------------------------------------------------------------------
                                              4.341057   slack (MET)



