
===========================================================================
report_checks -path_delay max (Setup)
============================================================================
======================= nom_ss_100C_1v60 Corner ===================================

Startpoint: rst_ni (input port clocked by clk_i)
Endpoint: ready_o (output port clocked by clk_i)
Path Group: clk_i
Path Type: max

Fanout         Cap        Slew       Delay        Time   Description
---------------------------------------------------------------------------------------------
                      0.150000    0.000000    0.000000   clock clk_i (rise edge)
                                  0.000000    0.000000   clock network delay (ideal)
                                  4.000000    4.000000 ^ input external delay
   104    0.185797    1.334446    0.932605    4.932605 ^ rst_ni (in)
                                                         rst_ni (net)
                      1.334446    0.000000    4.932605 ^ _247_/B (sky130_fd_sc_hd__and2b_2)
     1    0.033442    0.295278    0.823905    5.756510 ^ _247_/X (sky130_fd_sc_hd__and2b_2)
                                                         ready_o (net)
                      0.295278    0.000000    5.756510 ^ ready_o (out)
                                              5.756510   data arrival time

                      0.150000   20.000000   20.000000   clock clk_i (rise edge)
                                  0.000000   20.000000   clock network delay (ideal)
                                 -0.250000   19.750002   clock uncertainty
                                  0.000000   19.750002   clock reconvergence pessimism
                                 -4.000000   15.750001   output external delay
                                             15.750001   data required time
---------------------------------------------------------------------------------------------
                                             15.750001   data required time
                                             -5.756510   data arrival time
---------------------------------------------------------------------------------------------
                                              9.993491   slack (MET)


Startpoint: rst_ni (input port clocked by clk_i)
Endpoint: _591_ (rising edge-triggered flip-flop clocked by clk_i)
Path Group: clk_i
Path Type: max

Fanout         Cap        Slew       Delay        Time   Description
---------------------------------------------------------------------------------------------
                      0.150000    0.000000    0.000000   clock clk_i (rise edge)
                                  0.000000    0.000000   clock network delay (ideal)
                                  4.000000    4.000000 v input external delay
   104    0.178625    0.741440    0.543395    4.543395 v rst_ni (in)
                                                         rst_ni (net)
                      0.741440    0.000000    4.543395 v _248_/A1 (sky130_fd_sc_hd__a21oi_2)
    97    0.216746    3.998281    3.362011    7.905406 ^ _248_/Y (sky130_fd_sc_hd__a21oi_2)
                                                         _133_ (net)
                      3.998281    0.000000    7.905406 ^ _417_/B1 (sky130_fd_sc_hd__a22o_2)
     1    0.001460    0.150276    1.052451    8.957857 ^ _417_/X (sky130_fd_sc_hd__a22o_2)
                                                         _205_ (net)
                      0.150276    0.000000    8.957857 ^ _418_/B (sky130_fd_sc_hd__and2_2)
     1    0.001537    0.086029    0.277625    9.235482 ^ _418_/X (sky130_fd_sc_hd__and2_2)
                                                         _130_ (net)
                      0.086029    0.000000    9.235482 ^ _591_/D (sky130_fd_sc_hd__dfxtp_2)
                                              9.235482   data arrival time

                      0.150000   20.000000   20.000000   clock clk_i (rise edge)
                                  0.000000   20.000000   clock network delay (ideal)
                                 -0.250000   19.750002   clock uncertainty
                                  0.000000   19.750002   clock reconvergence pessimism
                                             19.750002 ^ _591_/CLK (sky130_fd_sc_hd__dfxtp_2)
                                 -0.131365   19.618637   library setup time
                                             19.618637   data required time
---------------------------------------------------------------------------------------------
                                             19.618637   data required time
                                             -9.235482   data arrival time
---------------------------------------------------------------------------------------------
                                             10.383154   slack (MET)


Startpoint: rst_ni (input port clocked by clk_i)
Endpoint: _592_ (rising edge-triggered flip-flop clocked by clk_i)
Path Group: clk_i
Path Type: max

Fanout         Cap        Slew       Delay        Time   Description
---------------------------------------------------------------------------------------------
                      0.150000    0.000000    0.000000   clock clk_i (rise edge)
                                  0.000000    0.000000   clock network delay (ideal)
                                  4.000000    4.000000 v input external delay
   104    0.178625    0.741440    0.543395    4.543395 v rst_ni (in)
                                                         rst_ni (net)
                      0.741440    0.000000    4.543395 v _248_/A1 (sky130_fd_sc_hd__a21oi_2)
    97    0.216746    3.998281    3.362011    7.905406 ^ _248_/Y (sky130_fd_sc_hd__a21oi_2)
                                                         _133_ (net)
                      3.998281    0.000000    7.905406 ^ _419_/B1 (sky130_fd_sc_hd__a22o_2)
     1    0.001460    0.150276    1.052451    8.957857 ^ _419_/X (sky130_fd_sc_hd__a22o_2)
                                                         _206_ (net)
                      0.150276    0.000000    8.957857 ^ _420_/B (sky130_fd_sc_hd__and2_2)
     1    0.001537    0.086029    0.277625    9.235482 ^ _420_/X (sky130_fd_sc_hd__and2_2)
                                                         _131_ (net)
                      0.086029    0.000000    9.235482 ^ _592_/D (sky130_fd_sc_hd__dfxtp_2)
                                              9.235482   data arrival time

                      0.150000   20.000000   20.000000   clock clk_i (rise edge)
                                  0.000000   20.000000   clock network delay (ideal)
                                 -0.250000   19.750002   clock uncertainty
                                  0.000000   19.750002   clock reconvergence pessimism
                                             19.750002 ^ _592_/CLK (sky130_fd_sc_hd__dfxtp_2)
                                 -0.131365   19.618637   library setup time
                                             19.618637   data required time
---------------------------------------------------------------------------------------------
                                             19.618637   data required time
                                             -9.235482   data arrival time
---------------------------------------------------------------------------------------------
                                             10.383154   slack (MET)


Startpoint: rst_ni (input port clocked by clk_i)
Endpoint: _593_ (rising edge-triggered flip-flop clocked by clk_i)
Path Group: clk_i
Path Type: max

Fanout         Cap        Slew       Delay        Time   Description
---------------------------------------------------------------------------------------------
                      0.150000    0.000000    0.000000   clock clk_i (rise edge)
                                  0.000000    0.000000   clock network delay (ideal)
                                  4.000000    4.000000 v input external delay
   104    0.178625    0.741440    0.543395    4.543395 v rst_ni (in)
                                                         rst_ni (net)
                      0.741440    0.000000    4.543395 v _248_/A1 (sky130_fd_sc_hd__a21oi_2)
    97    0.216746    3.998281    3.362011    7.905406 ^ _248_/Y (sky130_fd_sc_hd__a21oi_2)
                                                         _133_ (net)
                      3.998281    0.000000    7.905406 ^ _421_/B1 (sky130_fd_sc_hd__a22o_2)
     1    0.001460    0.150276    1.052451    8.957857 ^ _421_/X (sky130_fd_sc_hd__a22o_2)
                                                         _207_ (net)
                      0.150276    0.000000    8.957857 ^ _422_/B (sky130_fd_sc_hd__and2_2)
     1    0.001537    0.086029    0.277625    9.235482 ^ _422_/X (sky130_fd_sc_hd__and2_2)
                                                         _132_ (net)
                      0.086029    0.000000    9.235482 ^ _593_/D (sky130_fd_sc_hd__dfxtp_2)
                                              9.235482   data arrival time

                      0.150000   20.000000   20.000000   clock clk_i (rise edge)
                                  0.000000   20.000000   clock network delay (ideal)
                                 -0.250000   19.750002   clock uncertainty
                                  0.000000   19.750002   clock reconvergence pessimism
                                             19.750002 ^ _593_/CLK (sky130_fd_sc_hd__dfxtp_2)
                                 -0.131365   19.618637   library setup time
                                             19.618637   data required time
---------------------------------------------------------------------------------------------
                                             19.618637   data required time
                                             -9.235482   data arrival time
---------------------------------------------------------------------------------------------
                                             10.383154   slack (MET)


Startpoint: rst_ni (input port clocked by clk_i)
Endpoint: _594_ (rising edge-triggered flip-flop clocked by clk_i)
Path Group: clk_i
Path Type: max

Fanout         Cap        Slew       Delay        Time   Description
---------------------------------------------------------------------------------------------
                      0.150000    0.000000    0.000000   clock clk_i (rise edge)
                                  0.000000    0.000000   clock network delay (ideal)
                                  4.000000    4.000000 v input external delay
   104    0.178625    0.741440    0.543395    4.543395 v rst_ni (in)
                                                         rst_ni (net)
                      0.741440    0.000000    4.543395 v _248_/A1 (sky130_fd_sc_hd__a21oi_2)
    97    0.216746    3.998281    3.362011    7.905406 ^ _248_/Y (sky130_fd_sc_hd__a21oi_2)
                                                         _133_ (net)
                      3.998281    0.000000    7.905406 ^ _423_/B1 (sky130_fd_sc_hd__a22o_2)
     1    0.001460    0.150276    1.052451    8.957857 ^ _423_/X (sky130_fd_sc_hd__a22o_2)
                                                         _208_ (net)
                      0.150276    0.000000    8.957857 ^ _424_/B (sky130_fd_sc_hd__and2_2)
     1    0.001537    0.086029    0.277625    9.235482 ^ _424_/X (sky130_fd_sc_hd__and2_2)
                                                         _000_ (net)
                      0.086029    0.000000    9.235482 ^ _594_/D (sky130_fd_sc_hd__dfxtp_2)
                                              9.235482   data arrival time

                      0.150000   20.000000   20.000000   clock clk_i (rise edge)
                                  0.000000   20.000000   clock network delay (ideal)
                                 -0.250000   19.750002   clock uncertainty
                                  0.000000   19.750002   clock reconvergence pessimism
                                             19.750002 ^ _594_/CLK (sky130_fd_sc_hd__dfxtp_2)
                                 -0.131365   19.618637   library setup time
                                             19.618637   data required time
---------------------------------------------------------------------------------------------
                                             19.618637   data required time
                                             -9.235482   data arrival time
---------------------------------------------------------------------------------------------
                                             10.383154   slack (MET)


Startpoint: rst_ni (input port clocked by clk_i)
Endpoint: _595_ (rising edge-triggered flip-flop clocked by clk_i)
Path Group: clk_i
Path Type: max

Fanout         Cap        Slew       Delay        Time   Description
---------------------------------------------------------------------------------------------
                      0.150000    0.000000    0.000000   clock clk_i (rise edge)
                                  0.000000    0.000000   clock network delay (ideal)
                                  4.000000    4.000000 v input external delay
   104    0.178625    0.741440    0.543395    4.543395 v rst_ni (in)
                                                         rst_ni (net)
                      0.741440    0.000000    4.543395 v _248_/A1 (sky130_fd_sc_hd__a21oi_2)
    97    0.216746    3.998281    3.362011    7.905406 ^ _248_/Y (sky130_fd_sc_hd__a21oi_2)
                                                         _133_ (net)
                      3.998281    0.000000    7.905406 ^ _425_/B1 (sky130_fd_sc_hd__a22o_2)
     1    0.001460    0.150276    1.052451    8.957857 ^ _425_/X (sky130_fd_sc_hd__a22o_2)
                                                         _209_ (net)
                      0.150276    0.000000    8.957857 ^ _426_/B (sky130_fd_sc_hd__and2_2)
     1    0.001537    0.086029    0.277625    9.235482 ^ _426_/X (sky130_fd_sc_hd__and2_2)
                                                         _001_ (net)
                      0.086029    0.000000    9.235482 ^ _595_/D (sky130_fd_sc_hd__dfxtp_2)
                                              9.235482   data arrival time

                      0.150000   20.000000   20.000000   clock clk_i (rise edge)
                                  0.000000   20.000000   clock network delay (ideal)
                                 -0.250000   19.750002   clock uncertainty
                                  0.000000   19.750002   clock reconvergence pessimism
                                             19.750002 ^ _595_/CLK (sky130_fd_sc_hd__dfxtp_2)
                                 -0.131365   19.618637   library setup time
                                             19.618637   data required time
---------------------------------------------------------------------------------------------
                                             19.618637   data required time
                                             -9.235482   data arrival time
---------------------------------------------------------------------------------------------
                                             10.383154   slack (MET)


Startpoint: rst_ni (input port clocked by clk_i)
Endpoint: _596_ (rising edge-triggered flip-flop clocked by clk_i)
Path Group: clk_i
Path Type: max

Fanout         Cap        Slew       Delay        Time   Description
---------------------------------------------------------------------------------------------
                      0.150000    0.000000    0.000000   clock clk_i (rise edge)
                                  0.000000    0.000000   clock network delay (ideal)
                                  4.000000    4.000000 v input external delay
   104    0.178625    0.741440    0.543395    4.543395 v rst_ni (in)
                                                         rst_ni (net)
                      0.741440    0.000000    4.543395 v _248_/A1 (sky130_fd_sc_hd__a21oi_2)
    97    0.216746    3.998281    3.362011    7.905406 ^ _248_/Y (sky130_fd_sc_hd__a21oi_2)
                                                         _133_ (net)
                      3.998281    0.000000    7.905406 ^ _427_/B1 (sky130_fd_sc_hd__a22o_2)
     1    0.001460    0.150276    1.052451    8.957857 ^ _427_/X (sky130_fd_sc_hd__a22o_2)
                                                         _210_ (net)
                      0.150276    0.000000    8.957857 ^ _428_/B (sky130_fd_sc_hd__and2_2)
     1    0.001537    0.086029    0.277625    9.235482 ^ _428_/X (sky130_fd_sc_hd__and2_2)
                                                         _002_ (net)
                      0.086029    0.000000    9.235482 ^ _596_/D (sky130_fd_sc_hd__dfxtp_2)
                                              9.235482   data arrival time

                      0.150000   20.000000   20.000000   clock clk_i (rise edge)
                                  0.000000   20.000000   clock network delay (ideal)
                                 -0.250000   19.750002   clock uncertainty
                                  0.000000   19.750002   clock reconvergence pessimism
                                             19.750002 ^ _596_/CLK (sky130_fd_sc_hd__dfxtp_2)
                                 -0.131365   19.618637   library setup time
                                             19.618637   data required time
---------------------------------------------------------------------------------------------
                                             19.618637   data required time
                                             -9.235482   data arrival time
---------------------------------------------------------------------------------------------
                                             10.383154   slack (MET)


Startpoint: rst_ni (input port clocked by clk_i)
Endpoint: _597_ (rising edge-triggered flip-flop clocked by clk_i)
Path Group: clk_i
Path Type: max

Fanout         Cap        Slew       Delay        Time   Description
---------------------------------------------------------------------------------------------
                      0.150000    0.000000    0.000000   clock clk_i (rise edge)
                                  0.000000    0.000000   clock network delay (ideal)
                                  4.000000    4.000000 v input external delay
   104    0.178625    0.741440    0.543395    4.543395 v rst_ni (in)
                                                         rst_ni (net)
                      0.741440    0.000000    4.543395 v _248_/A1 (sky130_fd_sc_hd__a21oi_2)
    97    0.216746    3.998281    3.362011    7.905406 ^ _248_/Y (sky130_fd_sc_hd__a21oi_2)
                                                         _133_ (net)
                      3.998281    0.000000    7.905406 ^ _429_/B1 (sky130_fd_sc_hd__a22o_2)
     1    0.001460    0.150276    1.052451    8.957857 ^ _429_/X (sky130_fd_sc_hd__a22o_2)
                                                         _211_ (net)
                      0.150276    0.000000    8.957857 ^ _430_/B (sky130_fd_sc_hd__and2_2)
     1    0.001537    0.086029    0.277625    9.235482 ^ _430_/X (sky130_fd_sc_hd__and2_2)
                                                         _003_ (net)
                      0.086029    0.000000    9.235482 ^ _597_/D (sky130_fd_sc_hd__dfxtp_2)
                                              9.235482   data arrival time

                      0.150000   20.000000   20.000000   clock clk_i (rise edge)
                                  0.000000   20.000000   clock network delay (ideal)
                                 -0.250000   19.750002   clock uncertainty
                                  0.000000   19.750002   clock reconvergence pessimism
                                             19.750002 ^ _597_/CLK (sky130_fd_sc_hd__dfxtp_2)
                                 -0.131365   19.618637   library setup time
                                             19.618637   data required time
---------------------------------------------------------------------------------------------
                                             19.618637   data required time
                                             -9.235482   data arrival time
---------------------------------------------------------------------------------------------
                                             10.383154   slack (MET)


Startpoint: rst_ni (input port clocked by clk_i)
Endpoint: _598_ (rising edge-triggered flip-flop clocked by clk_i)
Path Group: clk_i
Path Type: max

Fanout         Cap        Slew       Delay        Time   Description
---------------------------------------------------------------------------------------------
                      0.150000    0.000000    0.000000   clock clk_i (rise edge)
                                  0.000000    0.000000   clock network delay (ideal)
                                  4.000000    4.000000 v input external delay
   104    0.178625    0.741440    0.543395    4.543395 v rst_ni (in)
                                                         rst_ni (net)
                      0.741440    0.000000    4.543395 v _248_/A1 (sky130_fd_sc_hd__a21oi_2)
    97    0.216746    3.998281    3.362011    7.905406 ^ _248_/Y (sky130_fd_sc_hd__a21oi_2)
                                                         _133_ (net)
                      3.998281    0.000000    7.905406 ^ _431_/B1 (sky130_fd_sc_hd__a22o_2)
     1    0.001460    0.150276    1.052451    8.957857 ^ _431_/X (sky130_fd_sc_hd__a22o_2)
                                                         _212_ (net)
                      0.150276    0.000000    8.957857 ^ _432_/B (sky130_fd_sc_hd__and2_2)
     1    0.001537    0.086029    0.277625    9.235482 ^ _432_/X (sky130_fd_sc_hd__and2_2)
                                                         _004_ (net)
                      0.086029    0.000000    9.235482 ^ _598_/D (sky130_fd_sc_hd__dfxtp_2)
                                              9.235482   data arrival time

                      0.150000   20.000000   20.000000   clock clk_i (rise edge)
                                  0.000000   20.000000   clock network delay (ideal)
                                 -0.250000   19.750002   clock uncertainty
                                  0.000000   19.750002   clock reconvergence pessimism
                                             19.750002 ^ _598_/CLK (sky130_fd_sc_hd__dfxtp_2)
                                 -0.131365   19.618637   library setup time
                                             19.618637   data required time
---------------------------------------------------------------------------------------------
                                             19.618637   data required time
                                             -9.235482   data arrival time
---------------------------------------------------------------------------------------------
                                             10.383154   slack (MET)


Startpoint: rst_ni (input port clocked by clk_i)
Endpoint: _599_ (rising edge-triggered flip-flop clocked by clk_i)
Path Group: clk_i
Path Type: max

Fanout         Cap        Slew       Delay        Time   Description
---------------------------------------------------------------------------------------------
                      0.150000    0.000000    0.000000   clock clk_i (rise edge)
                                  0.000000    0.000000   clock network delay (ideal)
                                  4.000000    4.000000 v input external delay
   104    0.178625    0.741440    0.543395    4.543395 v rst_ni (in)
                                                         rst_ni (net)
                      0.741440    0.000000    4.543395 v _248_/A1 (sky130_fd_sc_hd__a21oi_2)
    97    0.216746    3.998281    3.362011    7.905406 ^ _248_/Y (sky130_fd_sc_hd__a21oi_2)
                                                         _133_ (net)
                      3.998281    0.000000    7.905406 ^ _433_/B1 (sky130_fd_sc_hd__a22o_2)
     1    0.001460    0.150276    1.052451    8.957857 ^ _433_/X (sky130_fd_sc_hd__a22o_2)
                                                         _213_ (net)
                      0.150276    0.000000    8.957857 ^ _434_/B (sky130_fd_sc_hd__and2_2)
     1    0.001537    0.086029    0.277625    9.235482 ^ _434_/X (sky130_fd_sc_hd__and2_2)
                                                         _005_ (net)
                      0.086029    0.000000    9.235482 ^ _599_/D (sky130_fd_sc_hd__dfxtp_2)
                                              9.235482   data arrival time

                      0.150000   20.000000   20.000000   clock clk_i (rise edge)
                                  0.000000   20.000000   clock network delay (ideal)
                                 -0.250000   19.750002   clock uncertainty
                                  0.000000   19.750002   clock reconvergence pessimism
                                             19.750002 ^ _599_/CLK (sky130_fd_sc_hd__dfxtp_2)
                                 -0.131365   19.618637   library setup time
                                             19.618637   data required time
---------------------------------------------------------------------------------------------
                                             19.618637   data required time
                                             -9.235482   data arrival time
---------------------------------------------------------------------------------------------
                                             10.383154   slack (MET)


Startpoint: rst_ni (input port clocked by clk_i)
Endpoint: _600_ (rising edge-triggered flip-flop clocked by clk_i)
Path Group: clk_i
Path Type: max

Fanout         Cap        Slew       Delay        Time   Description
---------------------------------------------------------------------------------------------
                      0.150000    0.000000    0.000000   clock clk_i (rise edge)
                                  0.000000    0.000000   clock network delay (ideal)
                                  4.000000    4.000000 v input external delay
   104    0.178625    0.741440    0.543395    4.543395 v rst_ni (in)
                                                         rst_ni (net)
                      0.741440    0.000000    4.543395 v _248_/A1 (sky130_fd_sc_hd__a21oi_2)
    97    0.216746    3.998281    3.362011    7.905406 ^ _248_/Y (sky130_fd_sc_hd__a21oi_2)
                                                         _133_ (net)
                      3.998281    0.000000    7.905406 ^ _435_/B1 (sky130_fd_sc_hd__a22o_2)
     1    0.001460    0.150276    1.052451    8.957857 ^ _435_/X (sky130_fd_sc_hd__a22o_2)
                                                         _214_ (net)
                      0.150276    0.000000    8.957857 ^ _436_/B (sky130_fd_sc_hd__and2_2)
     1    0.001537    0.086029    0.277625    9.235482 ^ _436_/X (sky130_fd_sc_hd__and2_2)
                                                         _006_ (net)
                      0.086029    0.000000    9.235482 ^ _600_/D (sky130_fd_sc_hd__dfxtp_2)
                                              9.235482   data arrival time

                      0.150000   20.000000   20.000000   clock clk_i (rise edge)
                                  0.000000   20.000000   clock network delay (ideal)
                                 -0.250000   19.750002   clock uncertainty
                                  0.000000   19.750002   clock reconvergence pessimism
                                             19.750002 ^ _600_/CLK (sky130_fd_sc_hd__dfxtp_2)
                                 -0.131365   19.618637   library setup time
                                             19.618637   data required time
---------------------------------------------------------------------------------------------
                                             19.618637   data required time
                                             -9.235482   data arrival time
---------------------------------------------------------------------------------------------
                                             10.383154   slack (MET)


Startpoint: rst_ni (input port clocked by clk_i)
Endpoint: _601_ (rising edge-triggered flip-flop clocked by clk_i)
Path Group: clk_i
Path Type: max

Fanout         Cap        Slew       Delay        Time   Description
---------------------------------------------------------------------------------------------
                      0.150000    0.000000    0.000000   clock clk_i (rise edge)
                                  0.000000    0.000000   clock network delay (ideal)
                                  4.000000    4.000000 v input external delay
   104    0.178625    0.741440    0.543395    4.543395 v rst_ni (in)
                                                         rst_ni (net)
                      0.741440    0.000000    4.543395 v _248_/A1 (sky130_fd_sc_hd__a21oi_2)
    97    0.216746    3.998281    3.362011    7.905406 ^ _248_/Y (sky130_fd_sc_hd__a21oi_2)
                                                         _133_ (net)
                      3.998281    0.000000    7.905406 ^ _437_/B1 (sky130_fd_sc_hd__a22o_2)
     1    0.001460    0.150276    1.052451    8.957857 ^ _437_/X (sky130_fd_sc_hd__a22o_2)
                                                         _215_ (net)
                      0.150276    0.000000    8.957857 ^ _438_/B (sky130_fd_sc_hd__and2_2)
     1    0.001537    0.086029    0.277625    9.235482 ^ _438_/X (sky130_fd_sc_hd__and2_2)
                                                         _007_ (net)
                      0.086029    0.000000    9.235482 ^ _601_/D (sky130_fd_sc_hd__dfxtp_2)
                                              9.235482   data arrival time

                      0.150000   20.000000   20.000000   clock clk_i (rise edge)
                                  0.000000   20.000000   clock network delay (ideal)
                                 -0.250000   19.750002   clock uncertainty
                                  0.000000   19.750002   clock reconvergence pessimism
                                             19.750002 ^ _601_/CLK (sky130_fd_sc_hd__dfxtp_2)
                                 -0.131365   19.618637   library setup time
                                             19.618637   data required time
---------------------------------------------------------------------------------------------
                                             19.618637   data required time
                                             -9.235482   data arrival time
---------------------------------------------------------------------------------------------
                                             10.383154   slack (MET)


Startpoint: rst_ni (input port clocked by clk_i)
Endpoint: _602_ (rising edge-triggered flip-flop clocked by clk_i)
Path Group: clk_i
Path Type: max

Fanout         Cap        Slew       Delay        Time   Description
---------------------------------------------------------------------------------------------
                      0.150000    0.000000    0.000000   clock clk_i (rise edge)
                                  0.000000    0.000000   clock network delay (ideal)
                                  4.000000    4.000000 v input external delay
   104    0.178625    0.741440    0.543395    4.543395 v rst_ni (in)
                                                         rst_ni (net)
                      0.741440    0.000000    4.543395 v _248_/A1 (sky130_fd_sc_hd__a21oi_2)
    97    0.216746    3.998281    3.362011    7.905406 ^ _248_/Y (sky130_fd_sc_hd__a21oi_2)
                                                         _133_ (net)
                      3.998281    0.000000    7.905406 ^ _439_/B1 (sky130_fd_sc_hd__a22o_2)
     1    0.001460    0.150276    1.052451    8.957857 ^ _439_/X (sky130_fd_sc_hd__a22o_2)
                                                         _216_ (net)
                      0.150276    0.000000    8.957857 ^ _440_/B (sky130_fd_sc_hd__and2_2)
     1    0.001537    0.086029    0.277625    9.235482 ^ _440_/X (sky130_fd_sc_hd__and2_2)
                                                         _008_ (net)
                      0.086029    0.000000    9.235482 ^ _602_/D (sky130_fd_sc_hd__dfxtp_2)
                                              9.235482   data arrival time

                      0.150000   20.000000   20.000000   clock clk_i (rise edge)
                                  0.000000   20.000000   clock network delay (ideal)
                                 -0.250000   19.750002   clock uncertainty
                                  0.000000   19.750002   clock reconvergence pessimism
                                             19.750002 ^ _602_/CLK (sky130_fd_sc_hd__dfxtp_2)
                                 -0.131365   19.618637   library setup time
                                             19.618637   data required time
---------------------------------------------------------------------------------------------
                                             19.618637   data required time
                                             -9.235482   data arrival time
---------------------------------------------------------------------------------------------
                                             10.383154   slack (MET)


Startpoint: rst_ni (input port clocked by clk_i)
Endpoint: _603_ (rising edge-triggered flip-flop clocked by clk_i)
Path Group: clk_i
Path Type: max

Fanout         Cap        Slew       Delay        Time   Description
---------------------------------------------------------------------------------------------
                      0.150000    0.000000    0.000000   clock clk_i (rise edge)
                                  0.000000    0.000000   clock network delay (ideal)
                                  4.000000    4.000000 v input external delay
   104    0.178625    0.741440    0.543395    4.543395 v rst_ni (in)
                                                         rst_ni (net)
                      0.741440    0.000000    4.543395 v _248_/A1 (sky130_fd_sc_hd__a21oi_2)
    97    0.216746    3.998281    3.362011    7.905406 ^ _248_/Y (sky130_fd_sc_hd__a21oi_2)
                                                         _133_ (net)
                      3.998281    0.000000    7.905406 ^ _441_/B1 (sky130_fd_sc_hd__a22o_2)
     1    0.001460    0.150276    1.052451    8.957857 ^ _441_/X (sky130_fd_sc_hd__a22o_2)
                                                         _217_ (net)
                      0.150276    0.000000    8.957857 ^ _442_/B (sky130_fd_sc_hd__and2_2)
     1    0.001537    0.086029    0.277625    9.235482 ^ _442_/X (sky130_fd_sc_hd__and2_2)
                                                         _009_ (net)
                      0.086029    0.000000    9.235482 ^ _603_/D (sky130_fd_sc_hd__dfxtp_2)
                                              9.235482   data arrival time

                      0.150000   20.000000   20.000000   clock clk_i (rise edge)
                                  0.000000   20.000000   clock network delay (ideal)
                                 -0.250000   19.750002   clock uncertainty
                                  0.000000   19.750002   clock reconvergence pessimism
                                             19.750002 ^ _603_/CLK (sky130_fd_sc_hd__dfxtp_2)
                                 -0.131365   19.618637   library setup time
                                             19.618637   data required time
---------------------------------------------------------------------------------------------
                                             19.618637   data required time
                                             -9.235482   data arrival time
---------------------------------------------------------------------------------------------
                                             10.383154   slack (MET)


Startpoint: rst_ni (input port clocked by clk_i)
Endpoint: _604_ (rising edge-triggered flip-flop clocked by clk_i)
Path Group: clk_i
Path Type: max

Fanout         Cap        Slew       Delay        Time   Description
---------------------------------------------------------------------------------------------
                      0.150000    0.000000    0.000000   clock clk_i (rise edge)
                                  0.000000    0.000000   clock network delay (ideal)
                                  4.000000    4.000000 v input external delay
   104    0.178625    0.741440    0.543395    4.543395 v rst_ni (in)
                                                         rst_ni (net)
                      0.741440    0.000000    4.543395 v _248_/A1 (sky130_fd_sc_hd__a21oi_2)
    97    0.216746    3.998281    3.362011    7.905406 ^ _248_/Y (sky130_fd_sc_hd__a21oi_2)
                                                         _133_ (net)
                      3.998281    0.000000    7.905406 ^ _443_/B1 (sky130_fd_sc_hd__a22o_2)
     1    0.001460    0.150276    1.052451    8.957857 ^ _443_/X (sky130_fd_sc_hd__a22o_2)
                                                         _218_ (net)
                      0.150276    0.000000    8.957857 ^ _444_/B (sky130_fd_sc_hd__and2_2)
     1    0.001537    0.086029    0.277625    9.235482 ^ _444_/X (sky130_fd_sc_hd__and2_2)
                                                         _010_ (net)
                      0.086029    0.000000    9.235482 ^ _604_/D (sky130_fd_sc_hd__dfxtp_2)
                                              9.235482   data arrival time

                      0.150000   20.000000   20.000000   clock clk_i (rise edge)
                                  0.000000   20.000000   clock network delay (ideal)
                                 -0.250000   19.750002   clock uncertainty
                                  0.000000   19.750002   clock reconvergence pessimism
                                             19.750002 ^ _604_/CLK (sky130_fd_sc_hd__dfxtp_2)
                                 -0.131365   19.618637   library setup time
                                             19.618637   data required time
---------------------------------------------------------------------------------------------
                                             19.618637   data required time
                                             -9.235482   data arrival time
---------------------------------------------------------------------------------------------
                                             10.383154   slack (MET)


Startpoint: rst_ni (input port clocked by clk_i)
Endpoint: _605_ (rising edge-triggered flip-flop clocked by clk_i)
Path Group: clk_i
Path Type: max

Fanout         Cap        Slew       Delay        Time   Description
---------------------------------------------------------------------------------------------
                      0.150000    0.000000    0.000000   clock clk_i (rise edge)
                                  0.000000    0.000000   clock network delay (ideal)
                                  4.000000    4.000000 v input external delay
   104    0.178625    0.741440    0.543395    4.543395 v rst_ni (in)
                                                         rst_ni (net)
                      0.741440    0.000000    4.543395 v _248_/A1 (sky130_fd_sc_hd__a21oi_2)
    97    0.216746    3.998281    3.362011    7.905406 ^ _248_/Y (sky130_fd_sc_hd__a21oi_2)
                                                         _133_ (net)
                      3.998281    0.000000    7.905406 ^ _445_/B1 (sky130_fd_sc_hd__a22o_2)
     1    0.001460    0.150276    1.052451    8.957857 ^ _445_/X (sky130_fd_sc_hd__a22o_2)
                                                         _219_ (net)
                      0.150276    0.000000    8.957857 ^ _446_/B (sky130_fd_sc_hd__and2_2)
     1    0.001537    0.086029    0.277625    9.235482 ^ _446_/X (sky130_fd_sc_hd__and2_2)
                                                         _011_ (net)
                      0.086029    0.000000    9.235482 ^ _605_/D (sky130_fd_sc_hd__dfxtp_2)
                                              9.235482   data arrival time

                      0.150000   20.000000   20.000000   clock clk_i (rise edge)
                                  0.000000   20.000000   clock network delay (ideal)
                                 -0.250000   19.750002   clock uncertainty
                                  0.000000   19.750002   clock reconvergence pessimism
                                             19.750002 ^ _605_/CLK (sky130_fd_sc_hd__dfxtp_2)
                                 -0.131365   19.618637   library setup time
                                             19.618637   data required time
---------------------------------------------------------------------------------------------
                                             19.618637   data required time
                                             -9.235482   data arrival time
---------------------------------------------------------------------------------------------
                                             10.383154   slack (MET)


Startpoint: rst_ni (input port clocked by clk_i)
Endpoint: _606_ (rising edge-triggered flip-flop clocked by clk_i)
Path Group: clk_i
Path Type: max

Fanout         Cap        Slew       Delay        Time   Description
---------------------------------------------------------------------------------------------
                      0.150000    0.000000    0.000000   clock clk_i (rise edge)
                                  0.000000    0.000000   clock network delay (ideal)
                                  4.000000    4.000000 v input external delay
   104    0.178625    0.741440    0.543395    4.543395 v rst_ni (in)
                                                         rst_ni (net)
                      0.741440    0.000000    4.543395 v _248_/A1 (sky130_fd_sc_hd__a21oi_2)
    97    0.216746    3.998281    3.362011    7.905406 ^ _248_/Y (sky130_fd_sc_hd__a21oi_2)
                                                         _133_ (net)
                      3.998281    0.000000    7.905406 ^ _447_/B1 (sky130_fd_sc_hd__a22o_2)
     1    0.001460    0.150276    1.052451    8.957857 ^ _447_/X (sky130_fd_sc_hd__a22o_2)
                                                         _220_ (net)
                      0.150276    0.000000    8.957857 ^ _448_/B (sky130_fd_sc_hd__and2_2)
     1    0.001537    0.086029    0.277625    9.235482 ^ _448_/X (sky130_fd_sc_hd__and2_2)
                                                         _012_ (net)
                      0.086029    0.000000    9.235482 ^ _606_/D (sky130_fd_sc_hd__dfxtp_2)
                                              9.235482   data arrival time

                      0.150000   20.000000   20.000000   clock clk_i (rise edge)
                                  0.000000   20.000000   clock network delay (ideal)
                                 -0.250000   19.750002   clock uncertainty
                                  0.000000   19.750002   clock reconvergence pessimism
                                             19.750002 ^ _606_/CLK (sky130_fd_sc_hd__dfxtp_2)
                                 -0.131365   19.618637   library setup time
                                             19.618637   data required time
---------------------------------------------------------------------------------------------
                                             19.618637   data required time
                                             -9.235482   data arrival time
---------------------------------------------------------------------------------------------
                                             10.383154   slack (MET)


Startpoint: rst_ni (input port clocked by clk_i)
Endpoint: _607_ (rising edge-triggered flip-flop clocked by clk_i)
Path Group: clk_i
Path Type: max

Fanout         Cap        Slew       Delay        Time   Description
---------------------------------------------------------------------------------------------
                      0.150000    0.000000    0.000000   clock clk_i (rise edge)
                                  0.000000    0.000000   clock network delay (ideal)
                                  4.000000    4.000000 v input external delay
   104    0.178625    0.741440    0.543395    4.543395 v rst_ni (in)
                                                         rst_ni (net)
                      0.741440    0.000000    4.543395 v _248_/A1 (sky130_fd_sc_hd__a21oi_2)
    97    0.216746    3.998281    3.362011    7.905406 ^ _248_/Y (sky130_fd_sc_hd__a21oi_2)
                                                         _133_ (net)
                      3.998281    0.000000    7.905406 ^ _449_/B1 (sky130_fd_sc_hd__a22o_2)
     1    0.001460    0.150276    1.052451    8.957857 ^ _449_/X (sky130_fd_sc_hd__a22o_2)
                                                         _221_ (net)
                      0.150276    0.000000    8.957857 ^ _450_/B (sky130_fd_sc_hd__and2_2)
     1    0.001537    0.086029    0.277625    9.235482 ^ _450_/X (sky130_fd_sc_hd__and2_2)
                                                         _013_ (net)
                      0.086029    0.000000    9.235482 ^ _607_/D (sky130_fd_sc_hd__dfxtp_2)
                                              9.235482   data arrival time

                      0.150000   20.000000   20.000000   clock clk_i (rise edge)
                                  0.000000   20.000000   clock network delay (ideal)
                                 -0.250000   19.750002   clock uncertainty
                                  0.000000   19.750002   clock reconvergence pessimism
                                             19.750002 ^ _607_/CLK (sky130_fd_sc_hd__dfxtp_2)
                                 -0.131365   19.618637   library setup time
                                             19.618637   data required time
---------------------------------------------------------------------------------------------
                                             19.618637   data required time
                                             -9.235482   data arrival time
---------------------------------------------------------------------------------------------
                                             10.383154   slack (MET)


Startpoint: rst_ni (input port clocked by clk_i)
Endpoint: _608_ (rising edge-triggered flip-flop clocked by clk_i)
Path Group: clk_i
Path Type: max

Fanout         Cap        Slew       Delay        Time   Description
---------------------------------------------------------------------------------------------
                      0.150000    0.000000    0.000000   clock clk_i (rise edge)
                                  0.000000    0.000000   clock network delay (ideal)
                                  4.000000    4.000000 v input external delay
   104    0.178625    0.741440    0.543395    4.543395 v rst_ni (in)
                                                         rst_ni (net)
                      0.741440    0.000000    4.543395 v _248_/A1 (sky130_fd_sc_hd__a21oi_2)
    97    0.216746    3.998281    3.362011    7.905406 ^ _248_/Y (sky130_fd_sc_hd__a21oi_2)
                                                         _133_ (net)
                      3.998281    0.000000    7.905406 ^ _451_/B1 (sky130_fd_sc_hd__a22o_2)
     1    0.001460    0.150276    1.052451    8.957857 ^ _451_/X (sky130_fd_sc_hd__a22o_2)
                                                         _222_ (net)
                      0.150276    0.000000    8.957857 ^ _452_/B (sky130_fd_sc_hd__and2_2)
     1    0.001537    0.086029    0.277625    9.235482 ^ _452_/X (sky130_fd_sc_hd__and2_2)
                                                         _014_ (net)
                      0.086029    0.000000    9.235482 ^ _608_/D (sky130_fd_sc_hd__dfxtp_2)
                                              9.235482   data arrival time

                      0.150000   20.000000   20.000000   clock clk_i (rise edge)
                                  0.000000   20.000000   clock network delay (ideal)
                                 -0.250000   19.750002   clock uncertainty
                                  0.000000   19.750002   clock reconvergence pessimism
                                             19.750002 ^ _608_/CLK (sky130_fd_sc_hd__dfxtp_2)
                                 -0.131365   19.618637   library setup time
                                             19.618637   data required time
---------------------------------------------------------------------------------------------
                                             19.618637   data required time
                                             -9.235482   data arrival time
---------------------------------------------------------------------------------------------
                                             10.383154   slack (MET)


Startpoint: rst_ni (input port clocked by clk_i)
Endpoint: _609_ (rising edge-triggered flip-flop clocked by clk_i)
Path Group: clk_i
Path Type: max

Fanout         Cap        Slew       Delay        Time   Description
---------------------------------------------------------------------------------------------
                      0.150000    0.000000    0.000000   clock clk_i (rise edge)
                                  0.000000    0.000000   clock network delay (ideal)
                                  4.000000    4.000000 v input external delay
   104    0.178625    0.741440    0.543395    4.543395 v rst_ni (in)
                                                         rst_ni (net)
                      0.741440    0.000000    4.543395 v _248_/A1 (sky130_fd_sc_hd__a21oi_2)
    97    0.216746    3.998281    3.362011    7.905406 ^ _248_/Y (sky130_fd_sc_hd__a21oi_2)
                                                         _133_ (net)
                      3.998281    0.000000    7.905406 ^ _453_/B1 (sky130_fd_sc_hd__a22o_2)
     1    0.001460    0.150276    1.052451    8.957857 ^ _453_/X (sky130_fd_sc_hd__a22o_2)
                                                         _223_ (net)
                      0.150276    0.000000    8.957857 ^ _454_/B (sky130_fd_sc_hd__and2_2)
     1    0.001537    0.086029    0.277625    9.235482 ^ _454_/X (sky130_fd_sc_hd__and2_2)
                                                         _015_ (net)
                      0.086029    0.000000    9.235482 ^ _609_/D (sky130_fd_sc_hd__dfxtp_2)
                                              9.235482   data arrival time

                      0.150000   20.000000   20.000000   clock clk_i (rise edge)
                                  0.000000   20.000000   clock network delay (ideal)
                                 -0.250000   19.750002   clock uncertainty
                                  0.000000   19.750002   clock reconvergence pessimism
                                             19.750002 ^ _609_/CLK (sky130_fd_sc_hd__dfxtp_2)
                                 -0.131365   19.618637   library setup time
                                             19.618637   data required time
---------------------------------------------------------------------------------------------
                                             19.618637   data required time
                                             -9.235482   data arrival time
---------------------------------------------------------------------------------------------
                                             10.383154   slack (MET)


Startpoint: rst_ni (input port clocked by clk_i)
Endpoint: _610_ (rising edge-triggered flip-flop clocked by clk_i)
Path Group: clk_i
Path Type: max

Fanout         Cap        Slew       Delay        Time   Description
---------------------------------------------------------------------------------------------
                      0.150000    0.000000    0.000000   clock clk_i (rise edge)
                                  0.000000    0.000000   clock network delay (ideal)
                                  4.000000    4.000000 v input external delay
   104    0.178625    0.741440    0.543395    4.543395 v rst_ni (in)
                                                         rst_ni (net)
                      0.741440    0.000000    4.543395 v _248_/A1 (sky130_fd_sc_hd__a21oi_2)
    97    0.216746    3.998281    3.362011    7.905406 ^ _248_/Y (sky130_fd_sc_hd__a21oi_2)
                                                         _133_ (net)
                      3.998281    0.000000    7.905406 ^ _455_/B1 (sky130_fd_sc_hd__a22o_2)
     1    0.001460    0.150276    1.052451    8.957857 ^ _455_/X (sky130_fd_sc_hd__a22o_2)
                                                         _224_ (net)
                      0.150276    0.000000    8.957857 ^ _456_/B (sky130_fd_sc_hd__and2_2)
     1    0.001537    0.086029    0.277625    9.235482 ^ _456_/X (sky130_fd_sc_hd__and2_2)
                                                         _016_ (net)
                      0.086029    0.000000    9.235482 ^ _610_/D (sky130_fd_sc_hd__dfxtp_2)
                                              9.235482   data arrival time

                      0.150000   20.000000   20.000000   clock clk_i (rise edge)
                                  0.000000   20.000000   clock network delay (ideal)
                                 -0.250000   19.750002   clock uncertainty
                                  0.000000   19.750002   clock reconvergence pessimism
                                             19.750002 ^ _610_/CLK (sky130_fd_sc_hd__dfxtp_2)
                                 -0.131365   19.618637   library setup time
                                             19.618637   data required time
---------------------------------------------------------------------------------------------
                                             19.618637   data required time
                                             -9.235482   data arrival time
---------------------------------------------------------------------------------------------
                                             10.383154   slack (MET)


Startpoint: rst_ni (input port clocked by clk_i)
Endpoint: _611_ (rising edge-triggered flip-flop clocked by clk_i)
Path Group: clk_i
Path Type: max

Fanout         Cap        Slew       Delay        Time   Description
---------------------------------------------------------------------------------------------
                      0.150000    0.000000    0.000000   clock clk_i (rise edge)
                                  0.000000    0.000000   clock network delay (ideal)
                                  4.000000    4.000000 v input external delay
   104    0.178625    0.741440    0.543395    4.543395 v rst_ni (in)
                                                         rst_ni (net)
                      0.741440    0.000000    4.543395 v _248_/A1 (sky130_fd_sc_hd__a21oi_2)
    97    0.216746    3.998281    3.362011    7.905406 ^ _248_/Y (sky130_fd_sc_hd__a21oi_2)
                                                         _133_ (net)
                      3.998281    0.000000    7.905406 ^ _457_/B1 (sky130_fd_sc_hd__a22o_2)
     1    0.001460    0.150276    1.052451    8.957857 ^ _457_/X (sky130_fd_sc_hd__a22o_2)
                                                         _225_ (net)
                      0.150276    0.000000    8.957857 ^ _458_/B (sky130_fd_sc_hd__and2_2)
     1    0.001537    0.086029    0.277625    9.235482 ^ _458_/X (sky130_fd_sc_hd__and2_2)
                                                         _017_ (net)
                      0.086029    0.000000    9.235482 ^ _611_/D (sky130_fd_sc_hd__dfxtp_2)
                                              9.235482   data arrival time

                      0.150000   20.000000   20.000000   clock clk_i (rise edge)
                                  0.000000   20.000000   clock network delay (ideal)
                                 -0.250000   19.750002   clock uncertainty
                                  0.000000   19.750002   clock reconvergence pessimism
                                             19.750002 ^ _611_/CLK (sky130_fd_sc_hd__dfxtp_2)
                                 -0.131365   19.618637   library setup time
                                             19.618637   data required time
---------------------------------------------------------------------------------------------
                                             19.618637   data required time
                                             -9.235482   data arrival time
---------------------------------------------------------------------------------------------
                                             10.383154   slack (MET)


Startpoint: rst_ni (input port clocked by clk_i)
Endpoint: _612_ (rising edge-triggered flip-flop clocked by clk_i)
Path Group: clk_i
Path Type: max

Fanout         Cap        Slew       Delay        Time   Description
---------------------------------------------------------------------------------------------
                      0.150000    0.000000    0.000000   clock clk_i (rise edge)
                                  0.000000    0.000000   clock network delay (ideal)
                                  4.000000    4.000000 v input external delay
   104    0.178625    0.741440    0.543395    4.543395 v rst_ni (in)
                                                         rst_ni (net)
                      0.741440    0.000000    4.543395 v _248_/A1 (sky130_fd_sc_hd__a21oi_2)
    97    0.216746    3.998281    3.362011    7.905406 ^ _248_/Y (sky130_fd_sc_hd__a21oi_2)
                                                         _133_ (net)
                      3.998281    0.000000    7.905406 ^ _459_/B1 (sky130_fd_sc_hd__a22o_2)
     1    0.001460    0.150276    1.052451    8.957857 ^ _459_/X (sky130_fd_sc_hd__a22o_2)
                                                         _226_ (net)
                      0.150276    0.000000    8.957857 ^ _460_/B (sky130_fd_sc_hd__and2_2)
     1    0.001537    0.086029    0.277625    9.235482 ^ _460_/X (sky130_fd_sc_hd__and2_2)
                                                         _018_ (net)
                      0.086029    0.000000    9.235482 ^ _612_/D (sky130_fd_sc_hd__dfxtp_2)
                                              9.235482   data arrival time

                      0.150000   20.000000   20.000000   clock clk_i (rise edge)
                                  0.000000   20.000000   clock network delay (ideal)
                                 -0.250000   19.750002   clock uncertainty
                                  0.000000   19.750002   clock reconvergence pessimism
                                             19.750002 ^ _612_/CLK (sky130_fd_sc_hd__dfxtp_2)
                                 -0.131365   19.618637   library setup time
                                             19.618637   data required time
---------------------------------------------------------------------------------------------
                                             19.618637   data required time
                                             -9.235482   data arrival time
---------------------------------------------------------------------------------------------
                                             10.383154   slack (MET)


Startpoint: rst_ni (input port clocked by clk_i)
Endpoint: _613_ (rising edge-triggered flip-flop clocked by clk_i)
Path Group: clk_i
Path Type: max

Fanout         Cap        Slew       Delay        Time   Description
---------------------------------------------------------------------------------------------
                      0.150000    0.000000    0.000000   clock clk_i (rise edge)
                                  0.000000    0.000000   clock network delay (ideal)
                                  4.000000    4.000000 v input external delay
   104    0.178625    0.741440    0.543395    4.543395 v rst_ni (in)
                                                         rst_ni (net)
                      0.741440    0.000000    4.543395 v _248_/A1 (sky130_fd_sc_hd__a21oi_2)
    97    0.216746    3.998281    3.362011    7.905406 ^ _248_/Y (sky130_fd_sc_hd__a21oi_2)
                                                         _133_ (net)
                      3.998281    0.000000    7.905406 ^ _461_/B1 (sky130_fd_sc_hd__a22o_2)
     1    0.001460    0.150276    1.052451    8.957857 ^ _461_/X (sky130_fd_sc_hd__a22o_2)
                                                         _227_ (net)
                      0.150276    0.000000    8.957857 ^ _462_/B (sky130_fd_sc_hd__and2_2)
     1    0.001537    0.086029    0.277625    9.235482 ^ _462_/X (sky130_fd_sc_hd__and2_2)
                                                         _019_ (net)
                      0.086029    0.000000    9.235482 ^ _613_/D (sky130_fd_sc_hd__dfxtp_2)
                                              9.235482   data arrival time

                      0.150000   20.000000   20.000000   clock clk_i (rise edge)
                                  0.000000   20.000000   clock network delay (ideal)
                                 -0.250000   19.750002   clock uncertainty
                                  0.000000   19.750002   clock reconvergence pessimism
                                             19.750002 ^ _613_/CLK (sky130_fd_sc_hd__dfxtp_2)
                                 -0.131365   19.618637   library setup time
                                             19.618637   data required time
---------------------------------------------------------------------------------------------
                                             19.618637   data required time
                                             -9.235482   data arrival time
---------------------------------------------------------------------------------------------
                                             10.383154   slack (MET)


Startpoint: rst_ni (input port clocked by clk_i)
Endpoint: _614_ (rising edge-triggered flip-flop clocked by clk_i)
Path Group: clk_i
Path Type: max

Fanout         Cap        Slew       Delay        Time   Description
---------------------------------------------------------------------------------------------
                      0.150000    0.000000    0.000000   clock clk_i (rise edge)
                                  0.000000    0.000000   clock network delay (ideal)
                                  4.000000    4.000000 v input external delay
   104    0.178625    0.741440    0.543395    4.543395 v rst_ni (in)
                                                         rst_ni (net)
                      0.741440    0.000000    4.543395 v _248_/A1 (sky130_fd_sc_hd__a21oi_2)
    97    0.216746    3.998281    3.362011    7.905406 ^ _248_/Y (sky130_fd_sc_hd__a21oi_2)
                                                         _133_ (net)
                      3.998281    0.000000    7.905406 ^ _463_/B1 (sky130_fd_sc_hd__a22o_2)
     1    0.001460    0.150276    1.052451    8.957857 ^ _463_/X (sky130_fd_sc_hd__a22o_2)
                                                         _228_ (net)
                      0.150276    0.000000    8.957857 ^ _464_/B (sky130_fd_sc_hd__and2_2)
     1    0.001537    0.086029    0.277625    9.235482 ^ _464_/X (sky130_fd_sc_hd__and2_2)
                                                         _020_ (net)
                      0.086029    0.000000    9.235482 ^ _614_/D (sky130_fd_sc_hd__dfxtp_2)
                                              9.235482   data arrival time

                      0.150000   20.000000   20.000000   clock clk_i (rise edge)
                                  0.000000   20.000000   clock network delay (ideal)
                                 -0.250000   19.750002   clock uncertainty
                                  0.000000   19.750002   clock reconvergence pessimism
                                             19.750002 ^ _614_/CLK (sky130_fd_sc_hd__dfxtp_2)
                                 -0.131365   19.618637   library setup time
                                             19.618637   data required time
---------------------------------------------------------------------------------------------
                                             19.618637   data required time
                                             -9.235482   data arrival time
---------------------------------------------------------------------------------------------
                                             10.383154   slack (MET)


Startpoint: rst_ni (input port clocked by clk_i)
Endpoint: _615_ (rising edge-triggered flip-flop clocked by clk_i)
Path Group: clk_i
Path Type: max

Fanout         Cap        Slew       Delay        Time   Description
---------------------------------------------------------------------------------------------
                      0.150000    0.000000    0.000000   clock clk_i (rise edge)
                                  0.000000    0.000000   clock network delay (ideal)
                                  4.000000    4.000000 v input external delay
   104    0.178625    0.741440    0.543395    4.543395 v rst_ni (in)
                                                         rst_ni (net)
                      0.741440    0.000000    4.543395 v _248_/A1 (sky130_fd_sc_hd__a21oi_2)
    97    0.216746    3.998281    3.362011    7.905406 ^ _248_/Y (sky130_fd_sc_hd__a21oi_2)
                                                         _133_ (net)
                      3.998281    0.000000    7.905406 ^ _465_/B1 (sky130_fd_sc_hd__a22o_2)
     1    0.001460    0.150276    1.052451    8.957857 ^ _465_/X (sky130_fd_sc_hd__a22o_2)
                                                         _229_ (net)
                      0.150276    0.000000    8.957857 ^ _466_/B (sky130_fd_sc_hd__and2_2)
     1    0.001537    0.086029    0.277625    9.235482 ^ _466_/X (sky130_fd_sc_hd__and2_2)
                                                         _021_ (net)
                      0.086029    0.000000    9.235482 ^ _615_/D (sky130_fd_sc_hd__dfxtp_2)
                                              9.235482   data arrival time

                      0.150000   20.000000   20.000000   clock clk_i (rise edge)
                                  0.000000   20.000000   clock network delay (ideal)
                                 -0.250000   19.750002   clock uncertainty
                                  0.000000   19.750002   clock reconvergence pessimism
                                             19.750002 ^ _615_/CLK (sky130_fd_sc_hd__dfxtp_2)
                                 -0.131365   19.618637   library setup time
                                             19.618637   data required time
---------------------------------------------------------------------------------------------
                                             19.618637   data required time
                                             -9.235482   data arrival time
---------------------------------------------------------------------------------------------
                                             10.383154   slack (MET)


Startpoint: rst_ni (input port clocked by clk_i)
Endpoint: _616_ (rising edge-triggered flip-flop clocked by clk_i)
Path Group: clk_i
Path Type: max

Fanout         Cap        Slew       Delay        Time   Description
---------------------------------------------------------------------------------------------
                      0.150000    0.000000    0.000000   clock clk_i (rise edge)
                                  0.000000    0.000000   clock network delay (ideal)
                                  4.000000    4.000000 v input external delay
   104    0.178625    0.741440    0.543395    4.543395 v rst_ni (in)
                                                         rst_ni (net)
                      0.741440    0.000000    4.543395 v _248_/A1 (sky130_fd_sc_hd__a21oi_2)
    97    0.216746    3.998281    3.362011    7.905406 ^ _248_/Y (sky130_fd_sc_hd__a21oi_2)
                                                         _133_ (net)
                      3.998281    0.000000    7.905406 ^ _467_/B1 (sky130_fd_sc_hd__a22o_2)
     1    0.001460    0.150276    1.052451    8.957857 ^ _467_/X (sky130_fd_sc_hd__a22o_2)
                                                         _230_ (net)
                      0.150276    0.000000    8.957857 ^ _468_/B (sky130_fd_sc_hd__and2_2)
     1    0.001537    0.086029    0.277625    9.235482 ^ _468_/X (sky130_fd_sc_hd__and2_2)
                                                         _022_ (net)
                      0.086029    0.000000    9.235482 ^ _616_/D (sky130_fd_sc_hd__dfxtp_2)
                                              9.235482   data arrival time

                      0.150000   20.000000   20.000000   clock clk_i (rise edge)
                                  0.000000   20.000000   clock network delay (ideal)
                                 -0.250000   19.750002   clock uncertainty
                                  0.000000   19.750002   clock reconvergence pessimism
                                             19.750002 ^ _616_/CLK (sky130_fd_sc_hd__dfxtp_2)
                                 -0.131365   19.618637   library setup time
                                             19.618637   data required time
---------------------------------------------------------------------------------------------
                                             19.618637   data required time
                                             -9.235482   data arrival time
---------------------------------------------------------------------------------------------
                                             10.383154   slack (MET)


Startpoint: rst_ni (input port clocked by clk_i)
Endpoint: _617_ (rising edge-triggered flip-flop clocked by clk_i)
Path Group: clk_i
Path Type: max

Fanout         Cap        Slew       Delay        Time   Description
---------------------------------------------------------------------------------------------
                      0.150000    0.000000    0.000000   clock clk_i (rise edge)
                                  0.000000    0.000000   clock network delay (ideal)
                                  4.000000    4.000000 v input external delay
   104    0.178625    0.741440    0.543395    4.543395 v rst_ni (in)
                                                         rst_ni (net)
                      0.741440    0.000000    4.543395 v _248_/A1 (sky130_fd_sc_hd__a21oi_2)
    97    0.216746    3.998281    3.362011    7.905406 ^ _248_/Y (sky130_fd_sc_hd__a21oi_2)
                                                         _133_ (net)
                      3.998281    0.000000    7.905406 ^ _469_/B1 (sky130_fd_sc_hd__a22o_2)
     1    0.001460    0.150276    1.052451    8.957857 ^ _469_/X (sky130_fd_sc_hd__a22o_2)
                                                         _231_ (net)
                      0.150276    0.000000    8.957857 ^ _470_/B (sky130_fd_sc_hd__and2_2)
     1    0.001537    0.086029    0.277625    9.235482 ^ _470_/X (sky130_fd_sc_hd__and2_2)
                                                         _023_ (net)
                      0.086029    0.000000    9.235482 ^ _617_/D (sky130_fd_sc_hd__dfxtp_2)
                                              9.235482   data arrival time

                      0.150000   20.000000   20.000000   clock clk_i (rise edge)
                                  0.000000   20.000000   clock network delay (ideal)
                                 -0.250000   19.750002   clock uncertainty
                                  0.000000   19.750002   clock reconvergence pessimism
                                             19.750002 ^ _617_/CLK (sky130_fd_sc_hd__dfxtp_2)
                                 -0.131365   19.618637   library setup time
                                             19.618637   data required time
---------------------------------------------------------------------------------------------
                                             19.618637   data required time
                                             -9.235482   data arrival time
---------------------------------------------------------------------------------------------
                                             10.383154   slack (MET)


Startpoint: rst_ni (input port clocked by clk_i)
Endpoint: _618_ (rising edge-triggered flip-flop clocked by clk_i)
Path Group: clk_i
Path Type: max

Fanout         Cap        Slew       Delay        Time   Description
---------------------------------------------------------------------------------------------
                      0.150000    0.000000    0.000000   clock clk_i (rise edge)
                                  0.000000    0.000000   clock network delay (ideal)
                                  4.000000    4.000000 v input external delay
   104    0.178625    0.741440    0.543395    4.543395 v rst_ni (in)
                                                         rst_ni (net)
                      0.741440    0.000000    4.543395 v _248_/A1 (sky130_fd_sc_hd__a21oi_2)
    97    0.216746    3.998281    3.362011    7.905406 ^ _248_/Y (sky130_fd_sc_hd__a21oi_2)
                                                         _133_ (net)
                      3.998281    0.000000    7.905406 ^ _471_/B1 (sky130_fd_sc_hd__a22o_2)
     1    0.001460    0.150276    1.052451    8.957857 ^ _471_/X (sky130_fd_sc_hd__a22o_2)
                                                         _232_ (net)
                      0.150276    0.000000    8.957857 ^ _472_/B (sky130_fd_sc_hd__and2_2)
     1    0.001537    0.086029    0.277625    9.235482 ^ _472_/X (sky130_fd_sc_hd__and2_2)
                                                         _024_ (net)
                      0.086029    0.000000    9.235482 ^ _618_/D (sky130_fd_sc_hd__dfxtp_2)
                                              9.235482   data arrival time

                      0.150000   20.000000   20.000000   clock clk_i (rise edge)
                                  0.000000   20.000000   clock network delay (ideal)
                                 -0.250000   19.750002   clock uncertainty
                                  0.000000   19.750002   clock reconvergence pessimism
                                             19.750002 ^ _618_/CLK (sky130_fd_sc_hd__dfxtp_2)
                                 -0.131365   19.618637   library setup time
                                             19.618637   data required time
---------------------------------------------------------------------------------------------
                                             19.618637   data required time
                                             -9.235482   data arrival time
---------------------------------------------------------------------------------------------
                                             10.383154   slack (MET)


Startpoint: rst_ni (input port clocked by clk_i)
Endpoint: _619_ (rising edge-triggered flip-flop clocked by clk_i)
Path Group: clk_i
Path Type: max

Fanout         Cap        Slew       Delay        Time   Description
---------------------------------------------------------------------------------------------
                      0.150000    0.000000    0.000000   clock clk_i (rise edge)
                                  0.000000    0.000000   clock network delay (ideal)
                                  4.000000    4.000000 v input external delay
   104    0.178625    0.741440    0.543395    4.543395 v rst_ni (in)
                                                         rst_ni (net)
                      0.741440    0.000000    4.543395 v _248_/A1 (sky130_fd_sc_hd__a21oi_2)
    97    0.216746    3.998281    3.362011    7.905406 ^ _248_/Y (sky130_fd_sc_hd__a21oi_2)
                                                         _133_ (net)
                      3.998281    0.000000    7.905406 ^ _473_/B1 (sky130_fd_sc_hd__a22o_2)
     1    0.001460    0.150276    1.052451    8.957857 ^ _473_/X (sky130_fd_sc_hd__a22o_2)
                                                         _233_ (net)
                      0.150276    0.000000    8.957857 ^ _474_/B (sky130_fd_sc_hd__and2_2)
     1    0.001537    0.086029    0.277625    9.235482 ^ _474_/X (sky130_fd_sc_hd__and2_2)
                                                         _025_ (net)
                      0.086029    0.000000    9.235482 ^ _619_/D (sky130_fd_sc_hd__dfxtp_2)
                                              9.235482   data arrival time

                      0.150000   20.000000   20.000000   clock clk_i (rise edge)
                                  0.000000   20.000000   clock network delay (ideal)
                                 -0.250000   19.750002   clock uncertainty
                                  0.000000   19.750002   clock reconvergence pessimism
                                             19.750002 ^ _619_/CLK (sky130_fd_sc_hd__dfxtp_2)
                                 -0.131365   19.618637   library setup time
                                             19.618637   data required time
---------------------------------------------------------------------------------------------
                                             19.618637   data required time
                                             -9.235482   data arrival time
---------------------------------------------------------------------------------------------
                                             10.383154   slack (MET)


Startpoint: rst_ni (input port clocked by clk_i)
Endpoint: _620_ (rising edge-triggered flip-flop clocked by clk_i)
Path Group: clk_i
Path Type: max

Fanout         Cap        Slew       Delay        Time   Description
---------------------------------------------------------------------------------------------
                      0.150000    0.000000    0.000000   clock clk_i (rise edge)
                                  0.000000    0.000000   clock network delay (ideal)
                                  4.000000    4.000000 v input external delay
   104    0.178625    0.741440    0.543395    4.543395 v rst_ni (in)
                                                         rst_ni (net)
                      0.741440    0.000000    4.543395 v _248_/A1 (sky130_fd_sc_hd__a21oi_2)
    97    0.216746    3.998281    3.362011    7.905406 ^ _248_/Y (sky130_fd_sc_hd__a21oi_2)
                                                         _133_ (net)
                      3.998281    0.000000    7.905406 ^ _475_/B1 (sky130_fd_sc_hd__a22o_2)
     1    0.001460    0.150276    1.052451    8.957857 ^ _475_/X (sky130_fd_sc_hd__a22o_2)
                                                         _234_ (net)
                      0.150276    0.000000    8.957857 ^ _476_/B (sky130_fd_sc_hd__and2_2)
     1    0.001537    0.086029    0.277625    9.235482 ^ _476_/X (sky130_fd_sc_hd__and2_2)
                                                         _026_ (net)
                      0.086029    0.000000    9.235482 ^ _620_/D (sky130_fd_sc_hd__dfxtp_2)
                                              9.235482   data arrival time

                      0.150000   20.000000   20.000000   clock clk_i (rise edge)
                                  0.000000   20.000000   clock network delay (ideal)
                                 -0.250000   19.750002   clock uncertainty
                                  0.000000   19.750002   clock reconvergence pessimism
                                             19.750002 ^ _620_/CLK (sky130_fd_sc_hd__dfxtp_2)
                                 -0.131365   19.618637   library setup time
                                             19.618637   data required time
---------------------------------------------------------------------------------------------
                                             19.618637   data required time
                                             -9.235482   data arrival time
---------------------------------------------------------------------------------------------
                                             10.383154   slack (MET)


Startpoint: rst_ni (input port clocked by clk_i)
Endpoint: _532_ (rising edge-triggered flip-flop clocked by clk_i)
Path Group: clk_i
Path Type: max

Fanout         Cap        Slew       Delay        Time   Description
---------------------------------------------------------------------------------------------
                      0.150000    0.000000    0.000000   clock clk_i (rise edge)
                                  0.000000    0.000000   clock network delay (ideal)
                                  4.000000    4.000000 v input external delay
   104    0.178625    0.741440    0.543395    4.543395 v rst_ni (in)
                                                         rst_ni (net)
                      0.741440    0.000000    4.543395 v _248_/A1 (sky130_fd_sc_hd__a21oi_2)
    97    0.216746    3.998281    3.362011    7.905406 ^ _248_/Y (sky130_fd_sc_hd__a21oi_2)
                                                         _133_ (net)
                      3.998281    0.000000    7.905406 ^ _296_/B (sky130_fd_sc_hd__or2_2)
     1    0.002427    0.135591    0.945758    8.851165 ^ _296_/X (sky130_fd_sc_hd__or2_2)
                                                         _143_ (net)
                      0.135591    0.000000    8.851165 ^ _297_/B1 (sky130_fd_sc_hd__o211a_2)
     1    0.001537    0.084365    0.368810    9.219975 ^ _297_/X (sky130_fd_sc_hd__o211a_2)
                                                         _071_ (net)
                      0.084365    0.000000    9.219975 ^ _532_/D (sky130_fd_sc_hd__dfxtp_2)
                                              9.219975   data arrival time

                      0.150000   20.000000   20.000000   clock clk_i (rise edge)
                                  0.000000   20.000000   clock network delay (ideal)
                                 -0.250000   19.750002   clock uncertainty
                                  0.000000   19.750002   clock reconvergence pessimism
                                             19.750002 ^ _532_/CLK (sky130_fd_sc_hd__dfxtp_2)
                                 -0.130930   19.619072   library setup time
                                             19.619072   data required time
---------------------------------------------------------------------------------------------
                                             19.619072   data required time
                                             -9.219975   data arrival time
---------------------------------------------------------------------------------------------
                                             10.399097   slack (MET)


Startpoint: rst_ni (input port clocked by clk_i)
Endpoint: _537_ (rising edge-triggered flip-flop clocked by clk_i)
Path Group: clk_i
Path Type: max

Fanout         Cap        Slew       Delay        Time   Description
---------------------------------------------------------------------------------------------
                      0.150000    0.000000    0.000000   clock clk_i (rise edge)
                                  0.000000    0.000000   clock network delay (ideal)
                                  4.000000    4.000000 v input external delay
   104    0.178625    0.741440    0.543395    4.543395 v rst_ni (in)
                                                         rst_ni (net)
                      0.741440    0.000000    4.543395 v _248_/A1 (sky130_fd_sc_hd__a21oi_2)
    97    0.216746    3.998281    3.362011    7.905406 ^ _248_/Y (sky130_fd_sc_hd__a21oi_2)
                                                         _133_ (net)
                      3.998281    0.000000    7.905406 ^ _306_/B (sky130_fd_sc_hd__or2_2)
     1    0.002427    0.135591    0.945758    8.851165 ^ _306_/X (sky130_fd_sc_hd__or2_2)
                                                         _148_ (net)
                      0.135591    0.000000    8.851165 ^ _307_/B1 (sky130_fd_sc_hd__o211a_2)
     1    0.001537    0.084365    0.368810    9.219975 ^ _307_/X (sky130_fd_sc_hd__o211a_2)
                                                         _076_ (net)
                      0.084365    0.000000    9.219975 ^ _537_/D (sky130_fd_sc_hd__dfxtp_2)
                                              9.219975   data arrival time

                      0.150000   20.000000   20.000000   clock clk_i (rise edge)
                                  0.000000   20.000000   clock network delay (ideal)
                                 -0.250000   19.750002   clock uncertainty
                                  0.000000   19.750002   clock reconvergence pessimism
                                             19.750002 ^ _537_/CLK (sky130_fd_sc_hd__dfxtp_2)
                                 -0.130930   19.619072   library setup time
                                             19.619072   data required time
---------------------------------------------------------------------------------------------
                                             19.619072   data required time
                                             -9.219975   data arrival time
---------------------------------------------------------------------------------------------
                                             10.399097   slack (MET)


Startpoint: rst_ni (input port clocked by clk_i)
Endpoint: _540_ (rising edge-triggered flip-flop clocked by clk_i)
Path Group: clk_i
Path Type: max

Fanout         Cap        Slew       Delay        Time   Description
---------------------------------------------------------------------------------------------
                      0.150000    0.000000    0.000000   clock clk_i (rise edge)
                                  0.000000    0.000000   clock network delay (ideal)
                                  4.000000    4.000000 v input external delay
   104    0.178625    0.741440    0.543395    4.543395 v rst_ni (in)
                                                         rst_ni (net)
                      0.741440    0.000000    4.543395 v _248_/A1 (sky130_fd_sc_hd__a21oi_2)
    97    0.216746    3.998281    3.362011    7.905406 ^ _248_/Y (sky130_fd_sc_hd__a21oi_2)
                                                         _133_ (net)
                      3.998281    0.000000    7.905406 ^ _312_/B (sky130_fd_sc_hd__or2_2)
     1    0.002427    0.135591    0.945758    8.851165 ^ _312_/X (sky130_fd_sc_hd__or2_2)
                                                         _151_ (net)
                      0.135591    0.000000    8.851165 ^ _313_/B1 (sky130_fd_sc_hd__o211a_2)
     1    0.001537    0.084365    0.368810    9.219975 ^ _313_/X (sky130_fd_sc_hd__o211a_2)
                                                         _079_ (net)
                      0.084365    0.000000    9.219975 ^ _540_/D (sky130_fd_sc_hd__dfxtp_2)
                                              9.219975   data arrival time

                      0.150000   20.000000   20.000000   clock clk_i (rise edge)
                                  0.000000   20.000000   clock network delay (ideal)
                                 -0.250000   19.750002   clock uncertainty
                                  0.000000   19.750002   clock reconvergence pessimism
                                             19.750002 ^ _540_/CLK (sky130_fd_sc_hd__dfxtp_2)
                                 -0.130930   19.619072   library setup time
                                             19.619072   data required time
---------------------------------------------------------------------------------------------
                                             19.619072   data required time
                                             -9.219975   data arrival time
---------------------------------------------------------------------------------------------
                                             10.399097   slack (MET)


Startpoint: rst_ni (input port clocked by clk_i)
Endpoint: _541_ (rising edge-triggered flip-flop clocked by clk_i)
Path Group: clk_i
Path Type: max

Fanout         Cap        Slew       Delay        Time   Description
---------------------------------------------------------------------------------------------
                      0.150000    0.000000    0.000000   clock clk_i (rise edge)
                                  0.000000    0.000000   clock network delay (ideal)
                                  4.000000    4.000000 v input external delay
   104    0.178625    0.741440    0.543395    4.543395 v rst_ni (in)
                                                         rst_ni (net)
                      0.741440    0.000000    4.543395 v _248_/A1 (sky130_fd_sc_hd__a21oi_2)
    97    0.216746    3.998281    3.362011    7.905406 ^ _248_/Y (sky130_fd_sc_hd__a21oi_2)
                                                         _133_ (net)
                      3.998281    0.000000    7.905406 ^ _314_/B (sky130_fd_sc_hd__or2_2)
     1    0.002427    0.135591    0.945758    8.851165 ^ _314_/X (sky130_fd_sc_hd__or2_2)
                                                         _152_ (net)
                      0.135591    0.000000    8.851165 ^ _315_/B1 (sky130_fd_sc_hd__o211a_2)
     1    0.001537    0.084365    0.368810    9.219975 ^ _315_/X (sky130_fd_sc_hd__o211a_2)
                                                         _080_ (net)
                      0.084365    0.000000    9.219975 ^ _541_/D (sky130_fd_sc_hd__dfxtp_2)
                                              9.219975   data arrival time

                      0.150000   20.000000   20.000000   clock clk_i (rise edge)
                                  0.000000   20.000000   clock network delay (ideal)
                                 -0.250000   19.750002   clock uncertainty
                                  0.000000   19.750002   clock reconvergence pessimism
                                             19.750002 ^ _541_/CLK (sky130_fd_sc_hd__dfxtp_2)
                                 -0.130930   19.619072   library setup time
                                             19.619072   data required time
---------------------------------------------------------------------------------------------
                                             19.619072   data required time
                                             -9.219975   data arrival time
---------------------------------------------------------------------------------------------
                                             10.399097   slack (MET)


Startpoint: rst_ni (input port clocked by clk_i)
Endpoint: _546_ (rising edge-triggered flip-flop clocked by clk_i)
Path Group: clk_i
Path Type: max

Fanout         Cap        Slew       Delay        Time   Description
---------------------------------------------------------------------------------------------
                      0.150000    0.000000    0.000000   clock clk_i (rise edge)
                                  0.000000    0.000000   clock network delay (ideal)
                                  4.000000    4.000000 v input external delay
   104    0.178625    0.741440    0.543395    4.543395 v rst_ni (in)
                                                         rst_ni (net)
                      0.741440    0.000000    4.543395 v _248_/A1 (sky130_fd_sc_hd__a21oi_2)
    97    0.216746    3.998281    3.362011    7.905406 ^ _248_/Y (sky130_fd_sc_hd__a21oi_2)
                                                         _133_ (net)
                      3.998281    0.000000    7.905406 ^ _324_/B (sky130_fd_sc_hd__or2_2)
     1    0.002427    0.135591    0.945758    8.851165 ^ _324_/X (sky130_fd_sc_hd__or2_2)
                                                         _157_ (net)
                      0.135591    0.000000    8.851165 ^ _325_/B1 (sky130_fd_sc_hd__o211a_2)
     1    0.001537    0.084365    0.368810    9.219975 ^ _325_/X (sky130_fd_sc_hd__o211a_2)
                                                         _085_ (net)
                      0.084365    0.000000    9.219975 ^ _546_/D (sky130_fd_sc_hd__dfxtp_2)
                                              9.219975   data arrival time

                      0.150000   20.000000   20.000000   clock clk_i (rise edge)
                                  0.000000   20.000000   clock network delay (ideal)
                                 -0.250000   19.750002   clock uncertainty
                                  0.000000   19.750002   clock reconvergence pessimism
                                             19.750002 ^ _546_/CLK (sky130_fd_sc_hd__dfxtp_2)
                                 -0.130930   19.619072   library setup time
                                             19.619072   data required time
---------------------------------------------------------------------------------------------
                                             19.619072   data required time
                                             -9.219975   data arrival time
---------------------------------------------------------------------------------------------
                                             10.399097   slack (MET)


Startpoint: rst_ni (input port clocked by clk_i)
Endpoint: _548_ (rising edge-triggered flip-flop clocked by clk_i)
Path Group: clk_i
Path Type: max

Fanout         Cap        Slew       Delay        Time   Description
---------------------------------------------------------------------------------------------
                      0.150000    0.000000    0.000000   clock clk_i (rise edge)
                                  0.000000    0.000000   clock network delay (ideal)
                                  4.000000    4.000000 v input external delay
   104    0.178625    0.741440    0.543395    4.543395 v rst_ni (in)
                                                         rst_ni (net)
                      0.741440    0.000000    4.543395 v _248_/A1 (sky130_fd_sc_hd__a21oi_2)
    97    0.216746    3.998281    3.362011    7.905406 ^ _248_/Y (sky130_fd_sc_hd__a21oi_2)
                                                         _133_ (net)
                      3.998281    0.000000    7.905406 ^ _328_/B (sky130_fd_sc_hd__or2_2)
     1    0.002427    0.135591    0.945758    8.851165 ^ _328_/X (sky130_fd_sc_hd__or2_2)
                                                         _159_ (net)
                      0.135591    0.000000    8.851165 ^ _329_/B1 (sky130_fd_sc_hd__o211a_2)
     1    0.001537    0.084365    0.368810    9.219975 ^ _329_/X (sky130_fd_sc_hd__o211a_2)
                                                         _087_ (net)
                      0.084365    0.000000    9.219975 ^ _548_/D (sky130_fd_sc_hd__dfxtp_2)
                                              9.219975   data arrival time

                      0.150000   20.000000   20.000000   clock clk_i (rise edge)
                                  0.000000   20.000000   clock network delay (ideal)
                                 -0.250000   19.750002   clock uncertainty
                                  0.000000   19.750002   clock reconvergence pessimism
                                             19.750002 ^ _548_/CLK (sky130_fd_sc_hd__dfxtp_2)
                                 -0.130930   19.619072   library setup time
                                             19.619072   data required time
---------------------------------------------------------------------------------------------
                                             19.619072   data required time
                                             -9.219975   data arrival time
---------------------------------------------------------------------------------------------
                                             10.399097   slack (MET)


Startpoint: rst_ni (input port clocked by clk_i)
Endpoint: _550_ (rising edge-triggered flip-flop clocked by clk_i)
Path Group: clk_i
Path Type: max

Fanout         Cap        Slew       Delay        Time   Description
---------------------------------------------------------------------------------------------
                      0.150000    0.000000    0.000000   clock clk_i (rise edge)
                                  0.000000    0.000000   clock network delay (ideal)
                                  4.000000    4.000000 v input external delay
   104    0.178625    0.741440    0.543395    4.543395 v rst_ni (in)
                                                         rst_ni (net)
                      0.741440    0.000000    4.543395 v _248_/A1 (sky130_fd_sc_hd__a21oi_2)
    97    0.216746    3.998281    3.362011    7.905406 ^ _248_/Y (sky130_fd_sc_hd__a21oi_2)
                                                         _133_ (net)
                      3.998281    0.000000    7.905406 ^ _332_/B (sky130_fd_sc_hd__or2_2)
     1    0.002427    0.135591    0.945758    8.851165 ^ _332_/X (sky130_fd_sc_hd__or2_2)
                                                         _161_ (net)
                      0.135591    0.000000    8.851165 ^ _333_/B1 (sky130_fd_sc_hd__o211a_2)
     1    0.001537    0.084365    0.368810    9.219975 ^ _333_/X (sky130_fd_sc_hd__o211a_2)
                                                         _089_ (net)
                      0.084365    0.000000    9.219975 ^ _550_/D (sky130_fd_sc_hd__dfxtp_2)
                                              9.219975   data arrival time

                      0.150000   20.000000   20.000000   clock clk_i (rise edge)
                                  0.000000   20.000000   clock network delay (ideal)
                                 -0.250000   19.750002   clock uncertainty
                                  0.000000   19.750002   clock reconvergence pessimism
                                             19.750002 ^ _550_/CLK (sky130_fd_sc_hd__dfxtp_2)
                                 -0.130930   19.619072   library setup time
                                             19.619072   data required time
---------------------------------------------------------------------------------------------
                                             19.619072   data required time
                                             -9.219975   data arrival time
---------------------------------------------------------------------------------------------
                                             10.399097   slack (MET)


Startpoint: rst_ni (input port clocked by clk_i)
Endpoint: _553_ (rising edge-triggered flip-flop clocked by clk_i)
Path Group: clk_i
Path Type: max

Fanout         Cap        Slew       Delay        Time   Description
---------------------------------------------------------------------------------------------
                      0.150000    0.000000    0.000000   clock clk_i (rise edge)
                                  0.000000    0.000000   clock network delay (ideal)
                                  4.000000    4.000000 v input external delay
   104    0.178625    0.741440    0.543395    4.543395 v rst_ni (in)
                                                         rst_ni (net)
                      0.741440    0.000000    4.543395 v _248_/A1 (sky130_fd_sc_hd__a21oi_2)
    97    0.216746    3.998281    3.362011    7.905406 ^ _248_/Y (sky130_fd_sc_hd__a21oi_2)
                                                         _133_ (net)
                      3.998281    0.000000    7.905406 ^ _338_/B (sky130_fd_sc_hd__or2_2)
     1    0.002427    0.135591    0.945758    8.851165 ^ _338_/X (sky130_fd_sc_hd__or2_2)
                                                         _164_ (net)
                      0.135591    0.000000    8.851165 ^ _339_/B1 (sky130_fd_sc_hd__o211a_2)
     1    0.001537    0.084365    0.368810    9.219975 ^ _339_/X (sky130_fd_sc_hd__o211a_2)
                                                         _092_ (net)
                      0.084365    0.000000    9.219975 ^ _553_/D (sky130_fd_sc_hd__dfxtp_2)
                                              9.219975   data arrival time

                      0.150000   20.000000   20.000000   clock clk_i (rise edge)
                                  0.000000   20.000000   clock network delay (ideal)
                                 -0.250000   19.750002   clock uncertainty
                                  0.000000   19.750002   clock reconvergence pessimism
                                             19.750002 ^ _553_/CLK (sky130_fd_sc_hd__dfxtp_2)
                                 -0.130930   19.619072   library setup time
                                             19.619072   data required time
---------------------------------------------------------------------------------------------
                                             19.619072   data required time
                                             -9.219975   data arrival time
---------------------------------------------------------------------------------------------
                                             10.399097   slack (MET)


Startpoint: rst_ni (input port clocked by clk_i)
Endpoint: _554_ (rising edge-triggered flip-flop clocked by clk_i)
Path Group: clk_i
Path Type: max

Fanout         Cap        Slew       Delay        Time   Description
---------------------------------------------------------------------------------------------
                      0.150000    0.000000    0.000000   clock clk_i (rise edge)
                                  0.000000    0.000000   clock network delay (ideal)
                                  4.000000    4.000000 v input external delay
   104    0.178625    0.741440    0.543395    4.543395 v rst_ni (in)
                                                         rst_ni (net)
                      0.741440    0.000000    4.543395 v _248_/A1 (sky130_fd_sc_hd__a21oi_2)
    97    0.216746    3.998281    3.362011    7.905406 ^ _248_/Y (sky130_fd_sc_hd__a21oi_2)
                                                         _133_ (net)
                      3.998281    0.000000    7.905406 ^ _340_/B (sky130_fd_sc_hd__or2_2)
     1    0.002427    0.135591    0.945758    8.851165 ^ _340_/X (sky130_fd_sc_hd__or2_2)
                                                         _165_ (net)
                      0.135591    0.000000    8.851165 ^ _341_/B1 (sky130_fd_sc_hd__o211a_2)
     1    0.001537    0.084365    0.368810    9.219975 ^ _341_/X (sky130_fd_sc_hd__o211a_2)
                                                         _093_ (net)
                      0.084365    0.000000    9.219975 ^ _554_/D (sky130_fd_sc_hd__dfxtp_2)
                                              9.219975   data arrival time

                      0.150000   20.000000   20.000000   clock clk_i (rise edge)
                                  0.000000   20.000000   clock network delay (ideal)
                                 -0.250000   19.750002   clock uncertainty
                                  0.000000   19.750002   clock reconvergence pessimism
                                             19.750002 ^ _554_/CLK (sky130_fd_sc_hd__dfxtp_2)
                                 -0.130930   19.619072   library setup time
                                             19.619072   data required time
---------------------------------------------------------------------------------------------
                                             19.619072   data required time
                                             -9.219975   data arrival time
---------------------------------------------------------------------------------------------
                                             10.399097   slack (MET)


Startpoint: rst_ni (input port clocked by clk_i)
Endpoint: _556_ (rising edge-triggered flip-flop clocked by clk_i)
Path Group: clk_i
Path Type: max

Fanout         Cap        Slew       Delay        Time   Description
---------------------------------------------------------------------------------------------
                      0.150000    0.000000    0.000000   clock clk_i (rise edge)
                                  0.000000    0.000000   clock network delay (ideal)
                                  4.000000    4.000000 v input external delay
   104    0.178625    0.741440    0.543395    4.543395 v rst_ni (in)
                                                         rst_ni (net)
                      0.741440    0.000000    4.543395 v _248_/A1 (sky130_fd_sc_hd__a21oi_2)
    97    0.216746    3.998281    3.362011    7.905406 ^ _248_/Y (sky130_fd_sc_hd__a21oi_2)
                                                         _133_ (net)
                      3.998281    0.000000    7.905406 ^ _344_/B (sky130_fd_sc_hd__or2_2)
     1    0.002427    0.135591    0.945758    8.851165 ^ _344_/X (sky130_fd_sc_hd__or2_2)
                                                         _167_ (net)
                      0.135591    0.000000    8.851165 ^ _345_/B1 (sky130_fd_sc_hd__o211a_2)
     1    0.001537    0.084365    0.368810    9.219975 ^ _345_/X (sky130_fd_sc_hd__o211a_2)
                                                         _095_ (net)
                      0.084365    0.000000    9.219975 ^ _556_/D (sky130_fd_sc_hd__dfxtp_2)
                                              9.219975   data arrival time

                      0.150000   20.000000   20.000000   clock clk_i (rise edge)
                                  0.000000   20.000000   clock network delay (ideal)
                                 -0.250000   19.750002   clock uncertainty
                                  0.000000   19.750002   clock reconvergence pessimism
                                             19.750002 ^ _556_/CLK (sky130_fd_sc_hd__dfxtp_2)
                                 -0.130930   19.619072   library setup time
                                             19.619072   data required time
---------------------------------------------------------------------------------------------
                                             19.619072   data required time
                                             -9.219975   data arrival time
---------------------------------------------------------------------------------------------
                                             10.399097   slack (MET)


Startpoint: rst_ni (input port clocked by clk_i)
Endpoint: _557_ (rising edge-triggered flip-flop clocked by clk_i)
Path Group: clk_i
Path Type: max

Fanout         Cap        Slew       Delay        Time   Description
---------------------------------------------------------------------------------------------
                      0.150000    0.000000    0.000000   clock clk_i (rise edge)
                                  0.000000    0.000000   clock network delay (ideal)
                                  4.000000    4.000000 v input external delay
   104    0.178625    0.741440    0.543395    4.543395 v rst_ni (in)
                                                         rst_ni (net)
                      0.741440    0.000000    4.543395 v _248_/A1 (sky130_fd_sc_hd__a21oi_2)
    97    0.216746    3.998281    3.362011    7.905406 ^ _248_/Y (sky130_fd_sc_hd__a21oi_2)
                                                         _133_ (net)
                      3.998281    0.000000    7.905406 ^ _346_/B (sky130_fd_sc_hd__or2_2)
     1    0.002427    0.135591    0.945758    8.851165 ^ _346_/X (sky130_fd_sc_hd__or2_2)
                                                         _168_ (net)
                      0.135591    0.000000    8.851165 ^ _347_/B1 (sky130_fd_sc_hd__o211a_2)
     1    0.001537    0.084365    0.368810    9.219975 ^ _347_/X (sky130_fd_sc_hd__o211a_2)
                                                         _096_ (net)
                      0.084365    0.000000    9.219975 ^ _557_/D (sky130_fd_sc_hd__dfxtp_2)
                                              9.219975   data arrival time

                      0.150000   20.000000   20.000000   clock clk_i (rise edge)
                                  0.000000   20.000000   clock network delay (ideal)
                                 -0.250000   19.750002   clock uncertainty
                                  0.000000   19.750002   clock reconvergence pessimism
                                             19.750002 ^ _557_/CLK (sky130_fd_sc_hd__dfxtp_2)
                                 -0.130930   19.619072   library setup time
                                             19.619072   data required time
---------------------------------------------------------------------------------------------
                                             19.619072   data required time
                                             -9.219975   data arrival time
---------------------------------------------------------------------------------------------
                                             10.399097   slack (MET)


Startpoint: rst_ni (input port clocked by clk_i)
Endpoint: _558_ (rising edge-triggered flip-flop clocked by clk_i)
Path Group: clk_i
Path Type: max

Fanout         Cap        Slew       Delay        Time   Description
---------------------------------------------------------------------------------------------
                      0.150000    0.000000    0.000000   clock clk_i (rise edge)
                                  0.000000    0.000000   clock network delay (ideal)
                                  4.000000    4.000000 v input external delay
   104    0.178625    0.741440    0.543395    4.543395 v rst_ni (in)
                                                         rst_ni (net)
                      0.741440    0.000000    4.543395 v _248_/A1 (sky130_fd_sc_hd__a21oi_2)
    97    0.216746    3.998281    3.362011    7.905406 ^ _248_/Y (sky130_fd_sc_hd__a21oi_2)
                                                         _133_ (net)
                      3.998281    0.000000    7.905406 ^ _348_/B (sky130_fd_sc_hd__or2_2)
     1    0.002427    0.135591    0.945758    8.851165 ^ _348_/X (sky130_fd_sc_hd__or2_2)
                                                         _169_ (net)
                      0.135591    0.000000    8.851165 ^ _349_/B1 (sky130_fd_sc_hd__o211a_2)
     1    0.001537    0.084365    0.368810    9.219975 ^ _349_/X (sky130_fd_sc_hd__o211a_2)
                                                         _097_ (net)
                      0.084365    0.000000    9.219975 ^ _558_/D (sky130_fd_sc_hd__dfxtp_2)
                                              9.219975   data arrival time

                      0.150000   20.000000   20.000000   clock clk_i (rise edge)
                                  0.000000   20.000000   clock network delay (ideal)
                                 -0.250000   19.750002   clock uncertainty
                                  0.000000   19.750002   clock reconvergence pessimism
                                             19.750002 ^ _558_/CLK (sky130_fd_sc_hd__dfxtp_2)
                                 -0.130930   19.619072   library setup time
                                             19.619072   data required time
---------------------------------------------------------------------------------------------
                                             19.619072   data required time
                                             -9.219975   data arrival time
---------------------------------------------------------------------------------------------
                                             10.399097   slack (MET)


Startpoint: rst_ni (input port clocked by clk_i)
Endpoint: _563_ (rising edge-triggered flip-flop clocked by clk_i)
Path Group: clk_i
Path Type: max

Fanout         Cap        Slew       Delay        Time   Description
---------------------------------------------------------------------------------------------
                      0.150000    0.000000    0.000000   clock clk_i (rise edge)
                                  0.000000    0.000000   clock network delay (ideal)
                                  4.000000    4.000000 v input external delay
   104    0.178625    0.741440    0.543395    4.543395 v rst_ni (in)
                                                         rst_ni (net)
                      0.741440    0.000000    4.543395 v _248_/A1 (sky130_fd_sc_hd__a21oi_2)
    97    0.216746    3.998281    3.362011    7.905406 ^ _248_/Y (sky130_fd_sc_hd__a21oi_2)
                                                         _133_ (net)
                      3.998281    0.000000    7.905406 ^ _358_/B (sky130_fd_sc_hd__or2_2)
     1    0.002427    0.135591    0.945758    8.851165 ^ _358_/X (sky130_fd_sc_hd__or2_2)
                                                         _174_ (net)
                      0.135591    0.000000    8.851165 ^ _359_/B1 (sky130_fd_sc_hd__o211a_2)
     1    0.001537    0.084365    0.368810    9.219975 ^ _359_/X (sky130_fd_sc_hd__o211a_2)
                                                         _102_ (net)
                      0.084365    0.000000    9.219975 ^ _563_/D (sky130_fd_sc_hd__dfxtp_2)
                                              9.219975   data arrival time

                      0.150000   20.000000   20.000000   clock clk_i (rise edge)
                                  0.000000   20.000000   clock network delay (ideal)
                                 -0.250000   19.750002   clock uncertainty
                                  0.000000   19.750002   clock reconvergence pessimism
                                             19.750002 ^ _563_/CLK (sky130_fd_sc_hd__dfxtp_2)
                                 -0.130930   19.619072   library setup time
                                             19.619072   data required time
---------------------------------------------------------------------------------------------
                                             19.619072   data required time
                                             -9.219975   data arrival time
---------------------------------------------------------------------------------------------
                                             10.399097   slack (MET)


Startpoint: rst_ni (input port clocked by clk_i)
Endpoint: _564_ (rising edge-triggered flip-flop clocked by clk_i)
Path Group: clk_i
Path Type: max

Fanout         Cap        Slew       Delay        Time   Description
---------------------------------------------------------------------------------------------
                      0.150000    0.000000    0.000000   clock clk_i (rise edge)
                                  0.000000    0.000000   clock network delay (ideal)
                                  4.000000    4.000000 v input external delay
   104    0.178625    0.741440    0.543395    4.543395 v rst_ni (in)
                                                         rst_ni (net)
                      0.741440    0.000000    4.543395 v _248_/A1 (sky130_fd_sc_hd__a21oi_2)
    97    0.216746    3.998281    3.362011    7.905406 ^ _248_/Y (sky130_fd_sc_hd__a21oi_2)
                                                         _133_ (net)
                      3.998281    0.000000    7.905406 ^ _360_/B (sky130_fd_sc_hd__or2_2)
     1    0.002427    0.135591    0.945758    8.851165 ^ _360_/X (sky130_fd_sc_hd__or2_2)
                                                         _175_ (net)
                      0.135591    0.000000    8.851165 ^ _361_/B1 (sky130_fd_sc_hd__o211a_2)
     1    0.001537    0.084365    0.368810    9.219975 ^ _361_/X (sky130_fd_sc_hd__o211a_2)
                                                         _103_ (net)
                      0.084365    0.000000    9.219975 ^ _564_/D (sky130_fd_sc_hd__dfxtp_2)
                                              9.219975   data arrival time

                      0.150000   20.000000   20.000000   clock clk_i (rise edge)
                                  0.000000   20.000000   clock network delay (ideal)
                                 -0.250000   19.750002   clock uncertainty
                                  0.000000   19.750002   clock reconvergence pessimism
                                             19.750002 ^ _564_/CLK (sky130_fd_sc_hd__dfxtp_2)
                                 -0.130930   19.619072   library setup time
                                             19.619072   data required time
---------------------------------------------------------------------------------------------
                                             19.619072   data required time
                                             -9.219975   data arrival time
---------------------------------------------------------------------------------------------
                                             10.399097   slack (MET)


Startpoint: rst_ni (input port clocked by clk_i)
Endpoint: _567_ (rising edge-triggered flip-flop clocked by clk_i)
Path Group: clk_i
Path Type: max

Fanout         Cap        Slew       Delay        Time   Description
---------------------------------------------------------------------------------------------
                      0.150000    0.000000    0.000000   clock clk_i (rise edge)
                                  0.000000    0.000000   clock network delay (ideal)
                                  4.000000    4.000000 v input external delay
   104    0.178625    0.741440    0.543395    4.543395 v rst_ni (in)
                                                         rst_ni (net)
                      0.741440    0.000000    4.543395 v _248_/A1 (sky130_fd_sc_hd__a21oi_2)
    97    0.216746    3.998281    3.362011    7.905406 ^ _248_/Y (sky130_fd_sc_hd__a21oi_2)
                                                         _133_ (net)
                      3.998281    0.000000    7.905406 ^ _366_/B (sky130_fd_sc_hd__or2_2)
     1    0.002427    0.135591    0.945758    8.851165 ^ _366_/X (sky130_fd_sc_hd__or2_2)
                                                         _178_ (net)
                      0.135591    0.000000    8.851165 ^ _367_/B1 (sky130_fd_sc_hd__o211a_2)
     1    0.001537    0.084365    0.368810    9.219975 ^ _367_/X (sky130_fd_sc_hd__o211a_2)
                                                         _106_ (net)
                      0.084365    0.000000    9.219975 ^ _567_/D (sky130_fd_sc_hd__dfxtp_2)
                                              9.219975   data arrival time

                      0.150000   20.000000   20.000000   clock clk_i (rise edge)
                                  0.000000   20.000000   clock network delay (ideal)
                                 -0.250000   19.750002   clock uncertainty
                                  0.000000   19.750002   clock reconvergence pessimism
                                             19.750002 ^ _567_/CLK (sky130_fd_sc_hd__dfxtp_2)
                                 -0.130930   19.619072   library setup time
                                             19.619072   data required time
---------------------------------------------------------------------------------------------
                                             19.619072   data required time
                                             -9.219975   data arrival time
---------------------------------------------------------------------------------------------
                                             10.399097   slack (MET)


Startpoint: rst_ni (input port clocked by clk_i)
Endpoint: _569_ (rising edge-triggered flip-flop clocked by clk_i)
Path Group: clk_i
Path Type: max

Fanout         Cap        Slew       Delay        Time   Description
---------------------------------------------------------------------------------------------
                      0.150000    0.000000    0.000000   clock clk_i (rise edge)
                                  0.000000    0.000000   clock network delay (ideal)
                                  4.000000    4.000000 v input external delay
   104    0.178625    0.741440    0.543395    4.543395 v rst_ni (in)
                                                         rst_ni (net)
                      0.741440    0.000000    4.543395 v _248_/A1 (sky130_fd_sc_hd__a21oi_2)
    97    0.216746    3.998281    3.362011    7.905406 ^ _248_/Y (sky130_fd_sc_hd__a21oi_2)
                                                         _133_ (net)
                      3.998281    0.000000    7.905406 ^ _370_/B (sky130_fd_sc_hd__or2_2)
     1    0.002427    0.135591    0.945758    8.851165 ^ _370_/X (sky130_fd_sc_hd__or2_2)
                                                         _180_ (net)
                      0.135591    0.000000    8.851165 ^ _371_/B1 (sky130_fd_sc_hd__o211a_2)
     1    0.001537    0.084365    0.368810    9.219975 ^ _371_/X (sky130_fd_sc_hd__o211a_2)
                                                         _108_ (net)
                      0.084365    0.000000    9.219975 ^ _569_/D (sky130_fd_sc_hd__dfxtp_2)
                                              9.219975   data arrival time

                      0.150000   20.000000   20.000000   clock clk_i (rise edge)
                                  0.000000   20.000000   clock network delay (ideal)
                                 -0.250000   19.750002   clock uncertainty
                                  0.000000   19.750002   clock reconvergence pessimism
                                             19.750002 ^ _569_/CLK (sky130_fd_sc_hd__dfxtp_2)
                                 -0.130930   19.619072   library setup time
                                             19.619072   data required time
---------------------------------------------------------------------------------------------
                                             19.619072   data required time
                                             -9.219975   data arrival time
---------------------------------------------------------------------------------------------
                                             10.399097   slack (MET)


Startpoint: rst_ni (input port clocked by clk_i)
Endpoint: _571_ (rising edge-triggered flip-flop clocked by clk_i)
Path Group: clk_i
Path Type: max

Fanout         Cap        Slew       Delay        Time   Description
---------------------------------------------------------------------------------------------
                      0.150000    0.000000    0.000000   clock clk_i (rise edge)
                                  0.000000    0.000000   clock network delay (ideal)
                                  4.000000    4.000000 v input external delay
   104    0.178625    0.741440    0.543395    4.543395 v rst_ni (in)
                                                         rst_ni (net)
                      0.741440    0.000000    4.543395 v _248_/A1 (sky130_fd_sc_hd__a21oi_2)
    97    0.216746    3.998281    3.362011    7.905406 ^ _248_/Y (sky130_fd_sc_hd__a21oi_2)
                                                         _133_ (net)
                      3.998281    0.000000    7.905406 ^ _374_/B (sky130_fd_sc_hd__or2_2)
     1    0.002427    0.135591    0.945758    8.851165 ^ _374_/X (sky130_fd_sc_hd__or2_2)
                                                         _182_ (net)
                      0.135591    0.000000    8.851165 ^ _375_/B1 (sky130_fd_sc_hd__o211a_2)
     1    0.001537    0.084365    0.368810    9.219975 ^ _375_/X (sky130_fd_sc_hd__o211a_2)
                                                         _110_ (net)
                      0.084365    0.000000    9.219975 ^ _571_/D (sky130_fd_sc_hd__dfxtp_2)
                                              9.219975   data arrival time

                      0.150000   20.000000   20.000000   clock clk_i (rise edge)
                                  0.000000   20.000000   clock network delay (ideal)
                                 -0.250000   19.750002   clock uncertainty
                                  0.000000   19.750002   clock reconvergence pessimism
                                             19.750002 ^ _571_/CLK (sky130_fd_sc_hd__dfxtp_2)
                                 -0.130930   19.619072   library setup time
                                             19.619072   data required time
---------------------------------------------------------------------------------------------
                                             19.619072   data required time
                                             -9.219975   data arrival time
---------------------------------------------------------------------------------------------
                                             10.399097   slack (MET)


Startpoint: rst_ni (input port clocked by clk_i)
Endpoint: _572_ (rising edge-triggered flip-flop clocked by clk_i)
Path Group: clk_i
Path Type: max

Fanout         Cap        Slew       Delay        Time   Description
---------------------------------------------------------------------------------------------
                      0.150000    0.000000    0.000000   clock clk_i (rise edge)
                                  0.000000    0.000000   clock network delay (ideal)
                                  4.000000    4.000000 v input external delay
   104    0.178625    0.741440    0.543395    4.543395 v rst_ni (in)
                                                         rst_ni (net)
                      0.741440    0.000000    4.543395 v _248_/A1 (sky130_fd_sc_hd__a21oi_2)
    97    0.216746    3.998281    3.362011    7.905406 ^ _248_/Y (sky130_fd_sc_hd__a21oi_2)
                                                         _133_ (net)
                      3.998281    0.000000    7.905406 ^ _376_/B (sky130_fd_sc_hd__or2_2)
     1    0.002427    0.135591    0.945758    8.851165 ^ _376_/X (sky130_fd_sc_hd__or2_2)
                                                         _183_ (net)
                      0.135591    0.000000    8.851165 ^ _377_/B1 (sky130_fd_sc_hd__o211a_2)
     1    0.001537    0.084365    0.368810    9.219975 ^ _377_/X (sky130_fd_sc_hd__o211a_2)
                                                         _111_ (net)
                      0.084365    0.000000    9.219975 ^ _572_/D (sky130_fd_sc_hd__dfxtp_2)
                                              9.219975   data arrival time

                      0.150000   20.000000   20.000000   clock clk_i (rise edge)
                                  0.000000   20.000000   clock network delay (ideal)
                                 -0.250000   19.750002   clock uncertainty
                                  0.000000   19.750002   clock reconvergence pessimism
                                             19.750002 ^ _572_/CLK (sky130_fd_sc_hd__dfxtp_2)
                                 -0.130930   19.619072   library setup time
                                             19.619072   data required time
---------------------------------------------------------------------------------------------
                                             19.619072   data required time
                                             -9.219975   data arrival time
---------------------------------------------------------------------------------------------
                                             10.399097   slack (MET)


Startpoint: rst_ni (input port clocked by clk_i)
Endpoint: _573_ (rising edge-triggered flip-flop clocked by clk_i)
Path Group: clk_i
Path Type: max

Fanout         Cap        Slew       Delay        Time   Description
---------------------------------------------------------------------------------------------
                      0.150000    0.000000    0.000000   clock clk_i (rise edge)
                                  0.000000    0.000000   clock network delay (ideal)
                                  4.000000    4.000000 v input external delay
   104    0.178625    0.741440    0.543395    4.543395 v rst_ni (in)
                                                         rst_ni (net)
                      0.741440    0.000000    4.543395 v _248_/A1 (sky130_fd_sc_hd__a21oi_2)
    97    0.216746    3.998281    3.362011    7.905406 ^ _248_/Y (sky130_fd_sc_hd__a21oi_2)
                                                         _133_ (net)
                      3.998281    0.000000    7.905406 ^ _378_/B (sky130_fd_sc_hd__or2_2)
     1    0.002427    0.135591    0.945758    8.851165 ^ _378_/X (sky130_fd_sc_hd__or2_2)
                                                         _184_ (net)
                      0.135591    0.000000    8.851165 ^ _379_/B1 (sky130_fd_sc_hd__o211a_2)
     1    0.001537    0.084365    0.368810    9.219975 ^ _379_/X (sky130_fd_sc_hd__o211a_2)
                                                         _112_ (net)
                      0.084365    0.000000    9.219975 ^ _573_/D (sky130_fd_sc_hd__dfxtp_2)
                                              9.219975   data arrival time

                      0.150000   20.000000   20.000000   clock clk_i (rise edge)
                                  0.000000   20.000000   clock network delay (ideal)
                                 -0.250000   19.750002   clock uncertainty
                                  0.000000   19.750002   clock reconvergence pessimism
                                             19.750002 ^ _573_/CLK (sky130_fd_sc_hd__dfxtp_2)
                                 -0.130930   19.619072   library setup time
                                             19.619072   data required time
---------------------------------------------------------------------------------------------
                                             19.619072   data required time
                                             -9.219975   data arrival time
---------------------------------------------------------------------------------------------
                                             10.399097   slack (MET)


Startpoint: rst_ni (input port clocked by clk_i)
Endpoint: _575_ (rising edge-triggered flip-flop clocked by clk_i)
Path Group: clk_i
Path Type: max

Fanout         Cap        Slew       Delay        Time   Description
---------------------------------------------------------------------------------------------
                      0.150000    0.000000    0.000000   clock clk_i (rise edge)
                                  0.000000    0.000000   clock network delay (ideal)
                                  4.000000    4.000000 v input external delay
   104    0.178625    0.741440    0.543395    4.543395 v rst_ni (in)
                                                         rst_ni (net)
                      0.741440    0.000000    4.543395 v _248_/A1 (sky130_fd_sc_hd__a21oi_2)
    97    0.216746    3.998281    3.362011    7.905406 ^ _248_/Y (sky130_fd_sc_hd__a21oi_2)
                                                         _133_ (net)
                      3.998281    0.000000    7.905406 ^ _382_/B (sky130_fd_sc_hd__or2_2)
     1    0.002427    0.135591    0.945758    8.851165 ^ _382_/X (sky130_fd_sc_hd__or2_2)
                                                         _186_ (net)
                      0.135591    0.000000    8.851165 ^ _383_/B1 (sky130_fd_sc_hd__o211a_2)
     1    0.001537    0.084365    0.368810    9.219975 ^ _383_/X (sky130_fd_sc_hd__o211a_2)
                                                         _114_ (net)
                      0.084365    0.000000    9.219975 ^ _575_/D (sky130_fd_sc_hd__dfxtp_2)
                                              9.219975   data arrival time

                      0.150000   20.000000   20.000000   clock clk_i (rise edge)
                                  0.000000   20.000000   clock network delay (ideal)
                                 -0.250000   19.750002   clock uncertainty
                                  0.000000   19.750002   clock reconvergence pessimism
                                             19.750002 ^ _575_/CLK (sky130_fd_sc_hd__dfxtp_2)
                                 -0.130930   19.619072   library setup time
                                             19.619072   data required time
---------------------------------------------------------------------------------------------
                                             19.619072   data required time
                                             -9.219975   data arrival time
---------------------------------------------------------------------------------------------
                                             10.399097   slack (MET)


Startpoint: rst_ni (input port clocked by clk_i)
Endpoint: _578_ (rising edge-triggered flip-flop clocked by clk_i)
Path Group: clk_i
Path Type: max

Fanout         Cap        Slew       Delay        Time   Description
---------------------------------------------------------------------------------------------
                      0.150000    0.000000    0.000000   clock clk_i (rise edge)
                                  0.000000    0.000000   clock network delay (ideal)
                                  4.000000    4.000000 v input external delay
   104    0.178625    0.741440    0.543395    4.543395 v rst_ni (in)
                                                         rst_ni (net)
                      0.741440    0.000000    4.543395 v _248_/A1 (sky130_fd_sc_hd__a21oi_2)
    97    0.216746    3.998281    3.362011    7.905406 ^ _248_/Y (sky130_fd_sc_hd__a21oi_2)
                                                         _133_ (net)
                      3.998281    0.000000    7.905406 ^ _388_/B (sky130_fd_sc_hd__or2_2)
     1    0.002427    0.135591    0.945758    8.851165 ^ _388_/X (sky130_fd_sc_hd__or2_2)
                                                         _189_ (net)
                      0.135591    0.000000    8.851165 ^ _389_/B1 (sky130_fd_sc_hd__o211a_2)
     1    0.001537    0.084365    0.368810    9.219975 ^ _389_/X (sky130_fd_sc_hd__o211a_2)
                                                         _117_ (net)
                      0.084365    0.000000    9.219975 ^ _578_/D (sky130_fd_sc_hd__dfxtp_2)
                                              9.219975   data arrival time

                      0.150000   20.000000   20.000000   clock clk_i (rise edge)
                                  0.000000   20.000000   clock network delay (ideal)
                                 -0.250000   19.750002   clock uncertainty
                                  0.000000   19.750002   clock reconvergence pessimism
                                             19.750002 ^ _578_/CLK (sky130_fd_sc_hd__dfxtp_2)
                                 -0.130930   19.619072   library setup time
                                             19.619072   data required time
---------------------------------------------------------------------------------------------
                                             19.619072   data required time
                                             -9.219975   data arrival time
---------------------------------------------------------------------------------------------
                                             10.399097   slack (MET)


Startpoint: rst_ni (input port clocked by clk_i)
Endpoint: _579_ (rising edge-triggered flip-flop clocked by clk_i)
Path Group: clk_i
Path Type: max

Fanout         Cap        Slew       Delay        Time   Description
---------------------------------------------------------------------------------------------
                      0.150000    0.000000    0.000000   clock clk_i (rise edge)
                                  0.000000    0.000000   clock network delay (ideal)
                                  4.000000    4.000000 v input external delay
   104    0.178625    0.741440    0.543395    4.543395 v rst_ni (in)
                                                         rst_ni (net)
                      0.741440    0.000000    4.543395 v _248_/A1 (sky130_fd_sc_hd__a21oi_2)
    97    0.216746    3.998281    3.362011    7.905406 ^ _248_/Y (sky130_fd_sc_hd__a21oi_2)
                                                         _133_ (net)
                      3.998281    0.000000    7.905406 ^ _390_/B (sky130_fd_sc_hd__or2_2)
     1    0.002427    0.135591    0.945758    8.851165 ^ _390_/X (sky130_fd_sc_hd__or2_2)
                                                         _190_ (net)
                      0.135591    0.000000    8.851165 ^ _391_/B1 (sky130_fd_sc_hd__o211a_2)
     1    0.001537    0.084365    0.368810    9.219975 ^ _391_/X (sky130_fd_sc_hd__o211a_2)
                                                         _118_ (net)
                      0.084365    0.000000    9.219975 ^ _579_/D (sky130_fd_sc_hd__dfxtp_2)
                                              9.219975   data arrival time

                      0.150000   20.000000   20.000000   clock clk_i (rise edge)
                                  0.000000   20.000000   clock network delay (ideal)
                                 -0.250000   19.750002   clock uncertainty
                                  0.000000   19.750002   clock reconvergence pessimism
                                             19.750002 ^ _579_/CLK (sky130_fd_sc_hd__dfxtp_2)
                                 -0.130930   19.619072   library setup time
                                             19.619072   data required time
---------------------------------------------------------------------------------------------
                                             19.619072   data required time
                                             -9.219975   data arrival time
---------------------------------------------------------------------------------------------
                                             10.399097   slack (MET)


Startpoint: rst_ni (input port clocked by clk_i)
Endpoint: _580_ (rising edge-triggered flip-flop clocked by clk_i)
Path Group: clk_i
Path Type: max

Fanout         Cap        Slew       Delay        Time   Description
---------------------------------------------------------------------------------------------
                      0.150000    0.000000    0.000000   clock clk_i (rise edge)
                                  0.000000    0.000000   clock network delay (ideal)
                                  4.000000    4.000000 v input external delay
   104    0.178625    0.741440    0.543395    4.543395 v rst_ni (in)
                                                         rst_ni (net)
                      0.741440    0.000000    4.543395 v _248_/A1 (sky130_fd_sc_hd__a21oi_2)
    97    0.216746    3.998281    3.362011    7.905406 ^ _248_/Y (sky130_fd_sc_hd__a21oi_2)
                                                         _133_ (net)
                      3.998281    0.000000    7.905406 ^ _392_/B (sky130_fd_sc_hd__or2_2)
     1    0.002427    0.135591    0.945758    8.851165 ^ _392_/X (sky130_fd_sc_hd__or2_2)
                                                         _191_ (net)
                      0.135591    0.000000    8.851165 ^ _393_/B1 (sky130_fd_sc_hd__o211a_2)
     1    0.001537    0.084365    0.368810    9.219975 ^ _393_/X (sky130_fd_sc_hd__o211a_2)
                                                         _119_ (net)
                      0.084365    0.000000    9.219975 ^ _580_/D (sky130_fd_sc_hd__dfxtp_2)
                                              9.219975   data arrival time

                      0.150000   20.000000   20.000000   clock clk_i (rise edge)
                                  0.000000   20.000000   clock network delay (ideal)
                                 -0.250000   19.750002   clock uncertainty
                                  0.000000   19.750002   clock reconvergence pessimism
                                             19.750002 ^ _580_/CLK (sky130_fd_sc_hd__dfxtp_2)
                                 -0.130930   19.619072   library setup time
                                             19.619072   data required time
---------------------------------------------------------------------------------------------
                                             19.619072   data required time
                                             -9.219975   data arrival time
---------------------------------------------------------------------------------------------
                                             10.399097   slack (MET)


Startpoint: rst_ni (input port clocked by clk_i)
Endpoint: _582_ (rising edge-triggered flip-flop clocked by clk_i)
Path Group: clk_i
Path Type: max

Fanout         Cap        Slew       Delay        Time   Description
---------------------------------------------------------------------------------------------
                      0.150000    0.000000    0.000000   clock clk_i (rise edge)
                                  0.000000    0.000000   clock network delay (ideal)
                                  4.000000    4.000000 v input external delay
   104    0.178625    0.741440    0.543395    4.543395 v rst_ni (in)
                                                         rst_ni (net)
                      0.741440    0.000000    4.543395 v _248_/A1 (sky130_fd_sc_hd__a21oi_2)
    97    0.216746    3.998281    3.362011    7.905406 ^ _248_/Y (sky130_fd_sc_hd__a21oi_2)
                                                         _133_ (net)
                      3.998281    0.000000    7.905406 ^ _396_/B (sky130_fd_sc_hd__or2_2)
     1    0.002427    0.135591    0.945758    8.851165 ^ _396_/X (sky130_fd_sc_hd__or2_2)
                                                         _193_ (net)
                      0.135591    0.000000    8.851165 ^ _397_/B1 (sky130_fd_sc_hd__o211a_2)
     1    0.001537    0.084365    0.368810    9.219975 ^ _397_/X (sky130_fd_sc_hd__o211a_2)
                                                         _121_ (net)
                      0.084365    0.000000    9.219975 ^ _582_/D (sky130_fd_sc_hd__dfxtp_2)
                                              9.219975   data arrival time

                      0.150000   20.000000   20.000000   clock clk_i (rise edge)
                                  0.000000   20.000000   clock network delay (ideal)
                                 -0.250000   19.750002   clock uncertainty
                                  0.000000   19.750002   clock reconvergence pessimism
                                             19.750002 ^ _582_/CLK (sky130_fd_sc_hd__dfxtp_2)
                                 -0.130930   19.619072   library setup time
                                             19.619072   data required time
---------------------------------------------------------------------------------------------
                                             19.619072   data required time
                                             -9.219975   data arrival time
---------------------------------------------------------------------------------------------
                                             10.399097   slack (MET)


Startpoint: rst_ni (input port clocked by clk_i)
Endpoint: _583_ (rising edge-triggered flip-flop clocked by clk_i)
Path Group: clk_i
Path Type: max

Fanout         Cap        Slew       Delay        Time   Description
---------------------------------------------------------------------------------------------
                      0.150000    0.000000    0.000000   clock clk_i (rise edge)
                                  0.000000    0.000000   clock network delay (ideal)
                                  4.000000    4.000000 v input external delay
   104    0.178625    0.741440    0.543395    4.543395 v rst_ni (in)
                                                         rst_ni (net)
                      0.741440    0.000000    4.543395 v _248_/A1 (sky130_fd_sc_hd__a21oi_2)
    97    0.216746    3.998281    3.362011    7.905406 ^ _248_/Y (sky130_fd_sc_hd__a21oi_2)
                                                         _133_ (net)
                      3.998281    0.000000    7.905406 ^ _398_/B (sky130_fd_sc_hd__or2_2)
     1    0.002427    0.135591    0.945758    8.851165 ^ _398_/X (sky130_fd_sc_hd__or2_2)
                                                         _194_ (net)
                      0.135591    0.000000    8.851165 ^ _399_/B1 (sky130_fd_sc_hd__o211a_2)
     1    0.001537    0.084365    0.368810    9.219975 ^ _399_/X (sky130_fd_sc_hd__o211a_2)
                                                         _122_ (net)
                      0.084365    0.000000    9.219975 ^ _583_/D (sky130_fd_sc_hd__dfxtp_2)
                                              9.219975   data arrival time

                      0.150000   20.000000   20.000000   clock clk_i (rise edge)
                                  0.000000   20.000000   clock network delay (ideal)
                                 -0.250000   19.750002   clock uncertainty
                                  0.000000   19.750002   clock reconvergence pessimism
                                             19.750002 ^ _583_/CLK (sky130_fd_sc_hd__dfxtp_2)
                                 -0.130930   19.619072   library setup time
                                             19.619072   data required time
---------------------------------------------------------------------------------------------
                                             19.619072   data required time
                                             -9.219975   data arrival time
---------------------------------------------------------------------------------------------
                                             10.399097   slack (MET)


Startpoint: rst_ni (input port clocked by clk_i)
Endpoint: _585_ (rising edge-triggered flip-flop clocked by clk_i)
Path Group: clk_i
Path Type: max

Fanout         Cap        Slew       Delay        Time   Description
---------------------------------------------------------------------------------------------
                      0.150000    0.000000    0.000000   clock clk_i (rise edge)
                                  0.000000    0.000000   clock network delay (ideal)
                                  4.000000    4.000000 v input external delay
   104    0.178625    0.741440    0.543395    4.543395 v rst_ni (in)
                                                         rst_ni (net)
                      0.741440    0.000000    4.543395 v _248_/A1 (sky130_fd_sc_hd__a21oi_2)
    97    0.216746    3.998281    3.362011    7.905406 ^ _248_/Y (sky130_fd_sc_hd__a21oi_2)
                                                         _133_ (net)
                      3.998281    0.000000    7.905406 ^ _402_/B (sky130_fd_sc_hd__or2_2)
     1    0.002427    0.135591    0.945758    8.851165 ^ _402_/X (sky130_fd_sc_hd__or2_2)
                                                         _196_ (net)
                      0.135591    0.000000    8.851165 ^ _403_/B1 (sky130_fd_sc_hd__o211a_2)
     1    0.001537    0.084365    0.368810    9.219975 ^ _403_/X (sky130_fd_sc_hd__o211a_2)
                                                         _124_ (net)
                      0.084365    0.000000    9.219975 ^ _585_/D (sky130_fd_sc_hd__dfxtp_2)
                                              9.219975   data arrival time

                      0.150000   20.000000   20.000000   clock clk_i (rise edge)
                                  0.000000   20.000000   clock network delay (ideal)
                                 -0.250000   19.750002   clock uncertainty
                                  0.000000   19.750002   clock reconvergence pessimism
                                             19.750002 ^ _585_/CLK (sky130_fd_sc_hd__dfxtp_2)
                                 -0.130930   19.619072   library setup time
                                             19.619072   data required time
---------------------------------------------------------------------------------------------
                                             19.619072   data required time
                                             -9.219975   data arrival time
---------------------------------------------------------------------------------------------
                                             10.399097   slack (MET)


Startpoint: rst_ni (input port clocked by clk_i)
Endpoint: _586_ (rising edge-triggered flip-flop clocked by clk_i)
Path Group: clk_i
Path Type: max

Fanout         Cap        Slew       Delay        Time   Description
---------------------------------------------------------------------------------------------
                      0.150000    0.000000    0.000000   clock clk_i (rise edge)
                                  0.000000    0.000000   clock network delay (ideal)
                                  4.000000    4.000000 v input external delay
   104    0.178625    0.741440    0.543395    4.543395 v rst_ni (in)
                                                         rst_ni (net)
                      0.741440    0.000000    4.543395 v _248_/A1 (sky130_fd_sc_hd__a21oi_2)
    97    0.216746    3.998281    3.362011    7.905406 ^ _248_/Y (sky130_fd_sc_hd__a21oi_2)
                                                         _133_ (net)
                      3.998281    0.000000    7.905406 ^ _404_/B (sky130_fd_sc_hd__or2_2)
     1    0.002427    0.135591    0.945758    8.851165 ^ _404_/X (sky130_fd_sc_hd__or2_2)
                                                         _197_ (net)
                      0.135591    0.000000    8.851165 ^ _405_/B1 (sky130_fd_sc_hd__o211a_2)
     1    0.001537    0.084365    0.368810    9.219975 ^ _405_/X (sky130_fd_sc_hd__o211a_2)
                                                         _125_ (net)
                      0.084365    0.000000    9.219975 ^ _586_/D (sky130_fd_sc_hd__dfxtp_2)
                                              9.219975   data arrival time

                      0.150000   20.000000   20.000000   clock clk_i (rise edge)
                                  0.000000   20.000000   clock network delay (ideal)
                                 -0.250000   19.750002   clock uncertainty
                                  0.000000   19.750002   clock reconvergence pessimism
                                             19.750002 ^ _586_/CLK (sky130_fd_sc_hd__dfxtp_2)
                                 -0.130930   19.619072   library setup time
                                             19.619072   data required time
---------------------------------------------------------------------------------------------
                                             19.619072   data required time
                                             -9.219975   data arrival time
---------------------------------------------------------------------------------------------
                                             10.399097   slack (MET)


Startpoint: rst_ni (input port clocked by clk_i)
Endpoint: _589_ (rising edge-triggered flip-flop clocked by clk_i)
Path Group: clk_i
Path Type: max

Fanout         Cap        Slew       Delay        Time   Description
---------------------------------------------------------------------------------------------
                      0.150000    0.000000    0.000000   clock clk_i (rise edge)
                                  0.000000    0.000000   clock network delay (ideal)
                                  4.000000    4.000000 v input external delay
   104    0.178625    0.741440    0.543395    4.543395 v rst_ni (in)
                                                         rst_ni (net)
                      0.741440    0.000000    4.543395 v _248_/A1 (sky130_fd_sc_hd__a21oi_2)
    97    0.216746    3.998281    3.362011    7.905406 ^ _248_/Y (sky130_fd_sc_hd__a21oi_2)
                                                         _133_ (net)
                      3.998281    0.000000    7.905406 ^ _412_/B (sky130_fd_sc_hd__or2_2)
     1    0.002427    0.135591    0.945758    8.851165 ^ _412_/X (sky130_fd_sc_hd__or2_2)
                                                         _202_ (net)
                      0.135591    0.000000    8.851165 ^ _413_/B1 (sky130_fd_sc_hd__o211a_2)
     1    0.001537    0.084365    0.368810    9.219975 ^ _413_/X (sky130_fd_sc_hd__o211a_2)
                                                         _128_ (net)
                      0.084365    0.000000    9.219975 ^ _589_/D (sky130_fd_sc_hd__dfxtp_2)
                                              9.219975   data arrival time

                      0.150000   20.000000   20.000000   clock clk_i (rise edge)
                                  0.000000   20.000000   clock network delay (ideal)
                                 -0.250000   19.750002   clock uncertainty
                                  0.000000   19.750002   clock reconvergence pessimism
                                             19.750002 ^ _589_/CLK (sky130_fd_sc_hd__dfxtp_2)
                                 -0.130930   19.619072   library setup time
                                             19.619072   data required time
---------------------------------------------------------------------------------------------
                                             19.619072   data required time
                                             -9.219975   data arrival time
---------------------------------------------------------------------------------------------
                                             10.399097   slack (MET)


Startpoint: rst_ni (input port clocked by clk_i)
Endpoint: _621_ (rising edge-triggered flip-flop clocked by clk_i)
Path Group: clk_i
Path Type: max

Fanout         Cap        Slew       Delay        Time   Description
---------------------------------------------------------------------------------------------
                      0.150000    0.000000    0.000000   clock clk_i (rise edge)
                                  0.000000    0.000000   clock network delay (ideal)
                                  4.000000    4.000000 v input external delay
   104    0.178625    0.741440    0.543395    4.543395 v rst_ni (in)
                                                         rst_ni (net)
                      0.741440    0.000000    4.543395 v _248_/A1 (sky130_fd_sc_hd__a21oi_2)
    97    0.216746    3.998281    3.362011    7.905406 ^ _248_/Y (sky130_fd_sc_hd__a21oi_2)
                                                         _133_ (net)
                      3.998281    0.000000    7.905406 ^ _477_/B (sky130_fd_sc_hd__or2_2)
     1    0.002427    0.135591    0.945758    8.851165 ^ _477_/X (sky130_fd_sc_hd__or2_2)
                                                         _235_ (net)
                      0.135591    0.000000    8.851165 ^ _478_/B1 (sky130_fd_sc_hd__o211a_2)
     1    0.001537    0.084365    0.368810    9.219975 ^ _478_/X (sky130_fd_sc_hd__o211a_2)
                                                         _027_ (net)
                      0.084365    0.000000    9.219975 ^ _621_/D (sky130_fd_sc_hd__dfxtp_2)
                                              9.219975   data arrival time

                      0.150000   20.000000   20.000000   clock clk_i (rise edge)
                                  0.000000   20.000000   clock network delay (ideal)
                                 -0.250000   19.750002   clock uncertainty
                                  0.000000   19.750002   clock reconvergence pessimism
                                             19.750002 ^ _621_/CLK (sky130_fd_sc_hd__dfxtp_2)
                                 -0.130930   19.619072   library setup time
                                             19.619072   data required time
---------------------------------------------------------------------------------------------
                                             19.619072   data required time
                                             -9.219975   data arrival time
---------------------------------------------------------------------------------------------
                                             10.399097   slack (MET)


Startpoint: rst_ni (input port clocked by clk_i)
Endpoint: _624_ (rising edge-triggered flip-flop clocked by clk_i)
Path Group: clk_i
Path Type: max

Fanout         Cap        Slew       Delay        Time   Description
---------------------------------------------------------------------------------------------
                      0.150000    0.000000    0.000000   clock clk_i (rise edge)
                                  0.000000    0.000000   clock network delay (ideal)
                                  4.000000    4.000000 v input external delay
   104    0.178625    0.741440    0.543395    4.543395 v rst_ni (in)
                                                         rst_ni (net)
                      0.741440    0.000000    4.543395 v _248_/A1 (sky130_fd_sc_hd__a21oi_2)
    97    0.216746    3.998281    3.362011    7.905406 ^ _248_/Y (sky130_fd_sc_hd__a21oi_2)
                                                         _133_ (net)
                      3.998281    0.000000    7.905406 ^ _484_/A1 (sky130_fd_sc_hd__o21a_2)
     1    0.002436    0.106501    1.062542    8.967948 ^ _484_/X (sky130_fd_sc_hd__o21a_2)
                                                         _239_ (net)
                      0.106501    0.000000    8.967948 ^ _487_/A1 (sky130_fd_sc_hd__o21a_2)
     1    0.001537    0.068725    0.251174    9.219123 ^ _487_/X (sky130_fd_sc_hd__o21a_2)
                                                         _030_ (net)
                      0.068725    0.000000    9.219123 ^ _624_/D (sky130_fd_sc_hd__dfxtp_2)
                                              9.219123   data arrival time

                      0.150000   20.000000   20.000000   clock clk_i (rise edge)
                                  0.000000   20.000000   clock network delay (ideal)
                                 -0.250000   19.750002   clock uncertainty
                                  0.000000   19.750002   clock reconvergence pessimism
                                             19.750002 ^ _624_/CLK (sky130_fd_sc_hd__dfxtp_2)
                                 -0.126843   19.623159   library setup time
                                             19.623159   data required time
---------------------------------------------------------------------------------------------
                                             19.623159   data required time
                                             -9.219123   data arrival time
---------------------------------------------------------------------------------------------
                                             10.404037   slack (MET)


Startpoint: rst_ni (input port clocked by clk_i)
Endpoint: _625_ (rising edge-triggered flip-flop clocked by clk_i)
Path Group: clk_i
Path Type: max

Fanout         Cap        Slew       Delay        Time   Description
---------------------------------------------------------------------------------------------
                      0.150000    0.000000    0.000000   clock clk_i (rise edge)
                                  0.000000    0.000000   clock network delay (ideal)
                                  4.000000    4.000000 v input external delay
   104    0.178625    0.741440    0.543395    4.543395 v rst_ni (in)
                                                         rst_ni (net)
                      0.741440    0.000000    4.543395 v _248_/A1 (sky130_fd_sc_hd__a21oi_2)
    97    0.216746    3.998281    3.362011    7.905406 ^ _248_/Y (sky130_fd_sc_hd__a21oi_2)
                                                         _133_ (net)
                      3.998281    0.000000    7.905406 ^ _488_/A2 (sky130_fd_sc_hd__o31a_2)
     1    0.002436    0.111999    0.995421    8.900827 ^ _488_/X (sky130_fd_sc_hd__o31a_2)
                                                         _242_ (net)
                      0.111999    0.000000    8.900827 ^ _491_/A1 (sky130_fd_sc_hd__o21a_2)
     1    0.001537    0.068725    0.253316    9.154142 ^ _491_/X (sky130_fd_sc_hd__o21a_2)
                                                         _031_ (net)
                      0.068725    0.000000    9.154142 ^ _625_/D (sky130_fd_sc_hd__dfxtp_2)
                                              9.154142   data arrival time

                      0.150000   20.000000   20.000000   clock clk_i (rise edge)
                                  0.000000   20.000000   clock network delay (ideal)
                                 -0.250000   19.750002   clock uncertainty
                                  0.000000   19.750002   clock reconvergence pessimism
                                             19.750002 ^ _625_/CLK (sky130_fd_sc_hd__dfxtp_2)
                                 -0.126843   19.623159   library setup time
                                             19.623159   data required time
---------------------------------------------------------------------------------------------
                                             19.623159   data required time
                                             -9.154142   data arrival time
---------------------------------------------------------------------------------------------
                                             10.469016   slack (MET)


Startpoint: rst_ni (input port clocked by clk_i)
Endpoint: _528_ (rising edge-triggered flip-flop clocked by clk_i)
Path Group: clk_i
Path Type: max

Fanout         Cap        Slew       Delay        Time   Description
---------------------------------------------------------------------------------------------
                      0.150000    0.000000    0.000000   clock clk_i (rise edge)
                                  0.000000    0.000000   clock network delay (ideal)
                                  4.000000    4.000000 v input external delay
   104    0.178625    0.741440    0.543395    4.543395 v rst_ni (in)
                                                         rst_ni (net)
                      0.741440    0.000000    4.543395 v _248_/A1 (sky130_fd_sc_hd__a21oi_2)
    97    0.216746    3.998281    3.362011    7.905406 ^ _248_/Y (sky130_fd_sc_hd__a21oi_2)
                                                         _133_ (net)
                      3.998281    0.000000    7.905406 ^ _288_/A2 (sky130_fd_sc_hd__a21bo_2)
     1    0.002547    0.109082    1.074350    8.979755 ^ _288_/X (sky130_fd_sc_hd__a21bo_2)
                                                         _139_ (net)
                      0.109082    0.000000    8.979755 ^ _289_/B1 (sky130_fd_sc_hd__a21o_2)
     1    0.001537    0.061087    0.154047    9.133803 ^ _289_/X (sky130_fd_sc_hd__a21o_2)
                                                         _067_ (net)
                      0.061087    0.000000    9.133803 ^ _528_/D (sky130_fd_sc_hd__dfxtp_2)
                                              9.133803   data arrival time

                      0.150000   20.000000   20.000000   clock clk_i (rise edge)
                                  0.000000   20.000000   clock network delay (ideal)
                                 -0.250000   19.750002   clock uncertainty
                                  0.000000   19.750002   clock reconvergence pessimism
                                             19.750002 ^ _528_/CLK (sky130_fd_sc_hd__dfxtp_2)
                                 -0.124847   19.625154   library setup time
                                             19.625154   data required time
---------------------------------------------------------------------------------------------
                                             19.625154   data required time
                                             -9.133803   data arrival time
---------------------------------------------------------------------------------------------
                                             10.491352   slack (MET)


Startpoint: rst_ni (input port clocked by clk_i)
Endpoint: _529_ (rising edge-triggered flip-flop clocked by clk_i)
Path Group: clk_i
Path Type: max

Fanout         Cap        Slew       Delay        Time   Description
---------------------------------------------------------------------------------------------
                      0.150000    0.000000    0.000000   clock clk_i (rise edge)
                                  0.000000    0.000000   clock network delay (ideal)
                                  4.000000    4.000000 v input external delay
   104    0.178625    0.741440    0.543395    4.543395 v rst_ni (in)
                                                         rst_ni (net)
                      0.741440    0.000000    4.543395 v _248_/A1 (sky130_fd_sc_hd__a21oi_2)
    97    0.216746    3.998281    3.362011    7.905406 ^ _248_/Y (sky130_fd_sc_hd__a21oi_2)
                                                         _133_ (net)
                      3.998281    0.000000    7.905406 ^ _290_/A2 (sky130_fd_sc_hd__a21bo_2)
     1    0.002547    0.109082    1.074350    8.979755 ^ _290_/X (sky130_fd_sc_hd__a21bo_2)
                                                         _140_ (net)
                      0.109082    0.000000    8.979755 ^ _291_/B1 (sky130_fd_sc_hd__a21o_2)
     1    0.001537    0.061087    0.154047    9.133803 ^ _291_/X (sky130_fd_sc_hd__a21o_2)
                                                         _068_ (net)
                      0.061087    0.000000    9.133803 ^ _529_/D (sky130_fd_sc_hd__dfxtp_2)
                                              9.133803   data arrival time

                      0.150000   20.000000   20.000000   clock clk_i (rise edge)
                                  0.000000   20.000000   clock network delay (ideal)
                                 -0.250000   19.750002   clock uncertainty
                                  0.000000   19.750002   clock reconvergence pessimism
                                             19.750002 ^ _529_/CLK (sky130_fd_sc_hd__dfxtp_2)
                                 -0.124847   19.625154   library setup time
                                             19.625154   data required time
---------------------------------------------------------------------------------------------
                                             19.625154   data required time
                                             -9.133803   data arrival time
---------------------------------------------------------------------------------------------
                                             10.491352   slack (MET)


Startpoint: rst_ni (input port clocked by clk_i)
Endpoint: _530_ (rising edge-triggered flip-flop clocked by clk_i)
Path Group: clk_i
Path Type: max

Fanout         Cap        Slew       Delay        Time   Description
---------------------------------------------------------------------------------------------
                      0.150000    0.000000    0.000000   clock clk_i (rise edge)
                                  0.000000    0.000000   clock network delay (ideal)
                                  4.000000    4.000000 v input external delay
   104    0.178625    0.741440    0.543395    4.543395 v rst_ni (in)
                                                         rst_ni (net)
                      0.741440    0.000000    4.543395 v _248_/A1 (sky130_fd_sc_hd__a21oi_2)
    97    0.216746    3.998281    3.362011    7.905406 ^ _248_/Y (sky130_fd_sc_hd__a21oi_2)
                                                         _133_ (net)
                      3.998281    0.000000    7.905406 ^ _292_/A2 (sky130_fd_sc_hd__a21bo_2)
     1    0.002547    0.109082    1.074350    8.979755 ^ _292_/X (sky130_fd_sc_hd__a21bo_2)
                                                         _141_ (net)
                      0.109082    0.000000    8.979755 ^ _293_/B1 (sky130_fd_sc_hd__a21o_2)
     1    0.001537    0.061087    0.154047    9.133803 ^ _293_/X (sky130_fd_sc_hd__a21o_2)
                                                         _069_ (net)
                      0.061087    0.000000    9.133803 ^ _530_/D (sky130_fd_sc_hd__dfxtp_2)
                                              9.133803   data arrival time

                      0.150000   20.000000   20.000000   clock clk_i (rise edge)
                                  0.000000   20.000000   clock network delay (ideal)
                                 -0.250000   19.750002   clock uncertainty
                                  0.000000   19.750002   clock reconvergence pessimism
                                             19.750002 ^ _530_/CLK (sky130_fd_sc_hd__dfxtp_2)
                                 -0.124847   19.625154   library setup time
                                             19.625154   data required time
---------------------------------------------------------------------------------------------
                                             19.625154   data required time
                                             -9.133803   data arrival time
---------------------------------------------------------------------------------------------
                                             10.491352   slack (MET)


Startpoint: rst_ni (input port clocked by clk_i)
Endpoint: _531_ (rising edge-triggered flip-flop clocked by clk_i)
Path Group: clk_i
Path Type: max

Fanout         Cap        Slew       Delay        Time   Description
---------------------------------------------------------------------------------------------
                      0.150000    0.000000    0.000000   clock clk_i (rise edge)
                                  0.000000    0.000000   clock network delay (ideal)
                                  4.000000    4.000000 v input external delay
   104    0.178625    0.741440    0.543395    4.543395 v rst_ni (in)
                                                         rst_ni (net)
                      0.741440    0.000000    4.543395 v _248_/A1 (sky130_fd_sc_hd__a21oi_2)
    97    0.216746    3.998281    3.362011    7.905406 ^ _248_/Y (sky130_fd_sc_hd__a21oi_2)
                                                         _133_ (net)
                      3.998281    0.000000    7.905406 ^ _294_/A2 (sky130_fd_sc_hd__a21bo_2)
     1    0.002547    0.109082    1.074350    8.979755 ^ _294_/X (sky130_fd_sc_hd__a21bo_2)
                                                         _142_ (net)
                      0.109082    0.000000    8.979755 ^ _295_/B1 (sky130_fd_sc_hd__a21o_2)
     1    0.001537    0.061087    0.154047    9.133803 ^ _295_/X (sky130_fd_sc_hd__a21o_2)
                                                         _070_ (net)
                      0.061087    0.000000    9.133803 ^ _531_/D (sky130_fd_sc_hd__dfxtp_2)
                                              9.133803   data arrival time

                      0.150000   20.000000   20.000000   clock clk_i (rise edge)
                                  0.000000   20.000000   clock network delay (ideal)
                                 -0.250000   19.750002   clock uncertainty
                                  0.000000   19.750002   clock reconvergence pessimism
                                             19.750002 ^ _531_/CLK (sky130_fd_sc_hd__dfxtp_2)
                                 -0.124847   19.625154   library setup time
                                             19.625154   data required time
---------------------------------------------------------------------------------------------
                                             19.625154   data required time
                                             -9.133803   data arrival time
---------------------------------------------------------------------------------------------
                                             10.491352   slack (MET)


Startpoint: rst_ni (input port clocked by clk_i)
Endpoint: _533_ (rising edge-triggered flip-flop clocked by clk_i)
Path Group: clk_i
Path Type: max

Fanout         Cap        Slew       Delay        Time   Description
---------------------------------------------------------------------------------------------
                      0.150000    0.000000    0.000000   clock clk_i (rise edge)
                                  0.000000    0.000000   clock network delay (ideal)
                                  4.000000    4.000000 v input external delay
   104    0.178625    0.741440    0.543395    4.543395 v rst_ni (in)
                                                         rst_ni (net)
                      0.741440    0.000000    4.543395 v _248_/A1 (sky130_fd_sc_hd__a21oi_2)
    97    0.216746    3.998281    3.362011    7.905406 ^ _248_/Y (sky130_fd_sc_hd__a21oi_2)
                                                         _133_ (net)
                      3.998281    0.000000    7.905406 ^ _298_/A2 (sky130_fd_sc_hd__a21bo_2)
     1    0.002547    0.109082    1.074350    8.979755 ^ _298_/X (sky130_fd_sc_hd__a21bo_2)
                                                         _144_ (net)
                      0.109082    0.000000    8.979755 ^ _299_/B1 (sky130_fd_sc_hd__a21o_2)
     1    0.001537    0.061087    0.154047    9.133803 ^ _299_/X (sky130_fd_sc_hd__a21o_2)
                                                         _072_ (net)
                      0.061087    0.000000    9.133803 ^ _533_/D (sky130_fd_sc_hd__dfxtp_2)
                                              9.133803   data arrival time

                      0.150000   20.000000   20.000000   clock clk_i (rise edge)
                                  0.000000   20.000000   clock network delay (ideal)
                                 -0.250000   19.750002   clock uncertainty
                                  0.000000   19.750002   clock reconvergence pessimism
                                             19.750002 ^ _533_/CLK (sky130_fd_sc_hd__dfxtp_2)
                                 -0.124847   19.625154   library setup time
                                             19.625154   data required time
---------------------------------------------------------------------------------------------
                                             19.625154   data required time
                                             -9.133803   data arrival time
---------------------------------------------------------------------------------------------
                                             10.491352   slack (MET)


Startpoint: rst_ni (input port clocked by clk_i)
Endpoint: _534_ (rising edge-triggered flip-flop clocked by clk_i)
Path Group: clk_i
Path Type: max

Fanout         Cap        Slew       Delay        Time   Description
---------------------------------------------------------------------------------------------
                      0.150000    0.000000    0.000000   clock clk_i (rise edge)
                                  0.000000    0.000000   clock network delay (ideal)
                                  4.000000    4.000000 v input external delay
   104    0.178625    0.741440    0.543395    4.543395 v rst_ni (in)
                                                         rst_ni (net)
                      0.741440    0.000000    4.543395 v _248_/A1 (sky130_fd_sc_hd__a21oi_2)
    97    0.216746    3.998281    3.362011    7.905406 ^ _248_/Y (sky130_fd_sc_hd__a21oi_2)
                                                         _133_ (net)
                      3.998281    0.000000    7.905406 ^ _300_/A2 (sky130_fd_sc_hd__a21bo_2)
     1    0.002547    0.109082    1.074350    8.979755 ^ _300_/X (sky130_fd_sc_hd__a21bo_2)
                                                         _145_ (net)
                      0.109082    0.000000    8.979755 ^ _301_/B1 (sky130_fd_sc_hd__a21o_2)
     1    0.001537    0.061087    0.154047    9.133803 ^ _301_/X (sky130_fd_sc_hd__a21o_2)
                                                         _073_ (net)
                      0.061087    0.000000    9.133803 ^ _534_/D (sky130_fd_sc_hd__dfxtp_2)
                                              9.133803   data arrival time

                      0.150000   20.000000   20.000000   clock clk_i (rise edge)
                                  0.000000   20.000000   clock network delay (ideal)
                                 -0.250000   19.750002   clock uncertainty
                                  0.000000   19.750002   clock reconvergence pessimism
                                             19.750002 ^ _534_/CLK (sky130_fd_sc_hd__dfxtp_2)
                                 -0.124847   19.625154   library setup time
                                             19.625154   data required time
---------------------------------------------------------------------------------------------
                                             19.625154   data required time
                                             -9.133803   data arrival time
---------------------------------------------------------------------------------------------
                                             10.491352   slack (MET)


Startpoint: rst_ni (input port clocked by clk_i)
Endpoint: _535_ (rising edge-triggered flip-flop clocked by clk_i)
Path Group: clk_i
Path Type: max

Fanout         Cap        Slew       Delay        Time   Description
---------------------------------------------------------------------------------------------
                      0.150000    0.000000    0.000000   clock clk_i (rise edge)
                                  0.000000    0.000000   clock network delay (ideal)
                                  4.000000    4.000000 v input external delay
   104    0.178625    0.741440    0.543395    4.543395 v rst_ni (in)
                                                         rst_ni (net)
                      0.741440    0.000000    4.543395 v _248_/A1 (sky130_fd_sc_hd__a21oi_2)
    97    0.216746    3.998281    3.362011    7.905406 ^ _248_/Y (sky130_fd_sc_hd__a21oi_2)
                                                         _133_ (net)
                      3.998281    0.000000    7.905406 ^ _302_/A2 (sky130_fd_sc_hd__a21bo_2)
     1    0.002547    0.109082    1.074350    8.979755 ^ _302_/X (sky130_fd_sc_hd__a21bo_2)
                                                         _146_ (net)
                      0.109082    0.000000    8.979755 ^ _303_/B1 (sky130_fd_sc_hd__a21o_2)
     1    0.001537    0.061087    0.154047    9.133803 ^ _303_/X (sky130_fd_sc_hd__a21o_2)
                                                         _074_ (net)
                      0.061087    0.000000    9.133803 ^ _535_/D (sky130_fd_sc_hd__dfxtp_2)
                                              9.133803   data arrival time

                      0.150000   20.000000   20.000000   clock clk_i (rise edge)
                                  0.000000   20.000000   clock network delay (ideal)
                                 -0.250000   19.750002   clock uncertainty
                                  0.000000   19.750002   clock reconvergence pessimism
                                             19.750002 ^ _535_/CLK (sky130_fd_sc_hd__dfxtp_2)
                                 -0.124847   19.625154   library setup time
                                             19.625154   data required time
---------------------------------------------------------------------------------------------
                                             19.625154   data required time
                                             -9.133803   data arrival time
---------------------------------------------------------------------------------------------
                                             10.491352   slack (MET)


Startpoint: rst_ni (input port clocked by clk_i)
Endpoint: _536_ (rising edge-triggered flip-flop clocked by clk_i)
Path Group: clk_i
Path Type: max

Fanout         Cap        Slew       Delay        Time   Description
---------------------------------------------------------------------------------------------
                      0.150000    0.000000    0.000000   clock clk_i (rise edge)
                                  0.000000    0.000000   clock network delay (ideal)
                                  4.000000    4.000000 v input external delay
   104    0.178625    0.741440    0.543395    4.543395 v rst_ni (in)
                                                         rst_ni (net)
                      0.741440    0.000000    4.543395 v _248_/A1 (sky130_fd_sc_hd__a21oi_2)
    97    0.216746    3.998281    3.362011    7.905406 ^ _248_/Y (sky130_fd_sc_hd__a21oi_2)
                                                         _133_ (net)
                      3.998281    0.000000    7.905406 ^ _304_/A2 (sky130_fd_sc_hd__a21bo_2)
     1    0.002547    0.109082    1.074350    8.979755 ^ _304_/X (sky130_fd_sc_hd__a21bo_2)
                                                         _147_ (net)
                      0.109082    0.000000    8.979755 ^ _305_/B1 (sky130_fd_sc_hd__a21o_2)
     1    0.001537    0.061087    0.154047    9.133803 ^ _305_/X (sky130_fd_sc_hd__a21o_2)
                                                         _075_ (net)
                      0.061087    0.000000    9.133803 ^ _536_/D (sky130_fd_sc_hd__dfxtp_2)
                                              9.133803   data arrival time

                      0.150000   20.000000   20.000000   clock clk_i (rise edge)
                                  0.000000   20.000000   clock network delay (ideal)
                                 -0.250000   19.750002   clock uncertainty
                                  0.000000   19.750002   clock reconvergence pessimism
                                             19.750002 ^ _536_/CLK (sky130_fd_sc_hd__dfxtp_2)
                                 -0.124847   19.625154   library setup time
                                             19.625154   data required time
---------------------------------------------------------------------------------------------
                                             19.625154   data required time
                                             -9.133803   data arrival time
---------------------------------------------------------------------------------------------
                                             10.491352   slack (MET)


Startpoint: rst_ni (input port clocked by clk_i)
Endpoint: _538_ (rising edge-triggered flip-flop clocked by clk_i)
Path Group: clk_i
Path Type: max

Fanout         Cap        Slew       Delay        Time   Description
---------------------------------------------------------------------------------------------
                      0.150000    0.000000    0.000000   clock clk_i (rise edge)
                                  0.000000    0.000000   clock network delay (ideal)
                                  4.000000    4.000000 v input external delay
   104    0.178625    0.741440    0.543395    4.543395 v rst_ni (in)
                                                         rst_ni (net)
                      0.741440    0.000000    4.543395 v _248_/A1 (sky130_fd_sc_hd__a21oi_2)
    97    0.216746    3.998281    3.362011    7.905406 ^ _248_/Y (sky130_fd_sc_hd__a21oi_2)
                                                         _133_ (net)
                      3.998281    0.000000    7.905406 ^ _308_/A2 (sky130_fd_sc_hd__a21bo_2)
     1    0.002547    0.109082    1.074350    8.979755 ^ _308_/X (sky130_fd_sc_hd__a21bo_2)
                                                         _149_ (net)
                      0.109082    0.000000    8.979755 ^ _309_/B1 (sky130_fd_sc_hd__a21o_2)
     1    0.001537    0.061087    0.154047    9.133803 ^ _309_/X (sky130_fd_sc_hd__a21o_2)
                                                         _077_ (net)
                      0.061087    0.000000    9.133803 ^ _538_/D (sky130_fd_sc_hd__dfxtp_2)
                                              9.133803   data arrival time

                      0.150000   20.000000   20.000000   clock clk_i (rise edge)
                                  0.000000   20.000000   clock network delay (ideal)
                                 -0.250000   19.750002   clock uncertainty
                                  0.000000   19.750002   clock reconvergence pessimism
                                             19.750002 ^ _538_/CLK (sky130_fd_sc_hd__dfxtp_2)
                                 -0.124847   19.625154   library setup time
                                             19.625154   data required time
---------------------------------------------------------------------------------------------
                                             19.625154   data required time
                                             -9.133803   data arrival time
---------------------------------------------------------------------------------------------
                                             10.491352   slack (MET)


Startpoint: rst_ni (input port clocked by clk_i)
Endpoint: _539_ (rising edge-triggered flip-flop clocked by clk_i)
Path Group: clk_i
Path Type: max

Fanout         Cap        Slew       Delay        Time   Description
---------------------------------------------------------------------------------------------
                      0.150000    0.000000    0.000000   clock clk_i (rise edge)
                                  0.000000    0.000000   clock network delay (ideal)
                                  4.000000    4.000000 v input external delay
   104    0.178625    0.741440    0.543395    4.543395 v rst_ni (in)
                                                         rst_ni (net)
                      0.741440    0.000000    4.543395 v _248_/A1 (sky130_fd_sc_hd__a21oi_2)
    97    0.216746    3.998281    3.362011    7.905406 ^ _248_/Y (sky130_fd_sc_hd__a21oi_2)
                                                         _133_ (net)
                      3.998281    0.000000    7.905406 ^ _310_/A2 (sky130_fd_sc_hd__a21bo_2)
     1    0.002547    0.109082    1.074350    8.979755 ^ _310_/X (sky130_fd_sc_hd__a21bo_2)
                                                         _150_ (net)
                      0.109082    0.000000    8.979755 ^ _311_/B1 (sky130_fd_sc_hd__a21o_2)
     1    0.001537    0.061087    0.154047    9.133803 ^ _311_/X (sky130_fd_sc_hd__a21o_2)
                                                         _078_ (net)
                      0.061087    0.000000    9.133803 ^ _539_/D (sky130_fd_sc_hd__dfxtp_2)
                                              9.133803   data arrival time

                      0.150000   20.000000   20.000000   clock clk_i (rise edge)
                                  0.000000   20.000000   clock network delay (ideal)
                                 -0.250000   19.750002   clock uncertainty
                                  0.000000   19.750002   clock reconvergence pessimism
                                             19.750002 ^ _539_/CLK (sky130_fd_sc_hd__dfxtp_2)
                                 -0.124847   19.625154   library setup time
                                             19.625154   data required time
---------------------------------------------------------------------------------------------
                                             19.625154   data required time
                                             -9.133803   data arrival time
---------------------------------------------------------------------------------------------
                                             10.491352   slack (MET)


Startpoint: rst_ni (input port clocked by clk_i)
Endpoint: _542_ (rising edge-triggered flip-flop clocked by clk_i)
Path Group: clk_i
Path Type: max

Fanout         Cap        Slew       Delay        Time   Description
---------------------------------------------------------------------------------------------
                      0.150000    0.000000    0.000000   clock clk_i (rise edge)
                                  0.000000    0.000000   clock network delay (ideal)
                                  4.000000    4.000000 v input external delay
   104    0.178625    0.741440    0.543395    4.543395 v rst_ni (in)
                                                         rst_ni (net)
                      0.741440    0.000000    4.543395 v _248_/A1 (sky130_fd_sc_hd__a21oi_2)
    97    0.216746    3.998281    3.362011    7.905406 ^ _248_/Y (sky130_fd_sc_hd__a21oi_2)
                                                         _133_ (net)
                      3.998281    0.000000    7.905406 ^ _316_/A2 (sky130_fd_sc_hd__a21bo_2)
     1    0.002547    0.109082    1.074350    8.979755 ^ _316_/X (sky130_fd_sc_hd__a21bo_2)
                                                         _153_ (net)
                      0.109082    0.000000    8.979755 ^ _317_/B1 (sky130_fd_sc_hd__a21o_2)
     1    0.001537    0.061087    0.154047    9.133803 ^ _317_/X (sky130_fd_sc_hd__a21o_2)
                                                         _081_ (net)
                      0.061087    0.000000    9.133803 ^ _542_/D (sky130_fd_sc_hd__dfxtp_2)
                                              9.133803   data arrival time

                      0.150000   20.000000   20.000000   clock clk_i (rise edge)
                                  0.000000   20.000000   clock network delay (ideal)
                                 -0.250000   19.750002   clock uncertainty
                                  0.000000   19.750002   clock reconvergence pessimism
                                             19.750002 ^ _542_/CLK (sky130_fd_sc_hd__dfxtp_2)
                                 -0.124847   19.625154   library setup time
                                             19.625154   data required time
---------------------------------------------------------------------------------------------
                                             19.625154   data required time
                                             -9.133803   data arrival time
---------------------------------------------------------------------------------------------
                                             10.491352   slack (MET)


Startpoint: rst_ni (input port clocked by clk_i)
Endpoint: _543_ (rising edge-triggered flip-flop clocked by clk_i)
Path Group: clk_i
Path Type: max

Fanout         Cap        Slew       Delay        Time   Description
---------------------------------------------------------------------------------------------
                      0.150000    0.000000    0.000000   clock clk_i (rise edge)
                                  0.000000    0.000000   clock network delay (ideal)
                                  4.000000    4.000000 v input external delay
   104    0.178625    0.741440    0.543395    4.543395 v rst_ni (in)
                                                         rst_ni (net)
                      0.741440    0.000000    4.543395 v _248_/A1 (sky130_fd_sc_hd__a21oi_2)
    97    0.216746    3.998281    3.362011    7.905406 ^ _248_/Y (sky130_fd_sc_hd__a21oi_2)
                                                         _133_ (net)
                      3.998281    0.000000    7.905406 ^ _318_/A2 (sky130_fd_sc_hd__a21bo_2)
     1    0.002547    0.109082    1.074350    8.979755 ^ _318_/X (sky130_fd_sc_hd__a21bo_2)
                                                         _154_ (net)
                      0.109082    0.000000    8.979755 ^ _319_/B1 (sky130_fd_sc_hd__a21o_2)
     1    0.001537    0.061087    0.154047    9.133803 ^ _319_/X (sky130_fd_sc_hd__a21o_2)
                                                         _082_ (net)
                      0.061087    0.000000    9.133803 ^ _543_/D (sky130_fd_sc_hd__dfxtp_2)
                                              9.133803   data arrival time

                      0.150000   20.000000   20.000000   clock clk_i (rise edge)
                                  0.000000   20.000000   clock network delay (ideal)
                                 -0.250000   19.750002   clock uncertainty
                                  0.000000   19.750002   clock reconvergence pessimism
                                             19.750002 ^ _543_/CLK (sky130_fd_sc_hd__dfxtp_2)
                                 -0.124847   19.625154   library setup time
                                             19.625154   data required time
---------------------------------------------------------------------------------------------
                                             19.625154   data required time
                                             -9.133803   data arrival time
---------------------------------------------------------------------------------------------
                                             10.491352   slack (MET)


Startpoint: rst_ni (input port clocked by clk_i)
Endpoint: _544_ (rising edge-triggered flip-flop clocked by clk_i)
Path Group: clk_i
Path Type: max

Fanout         Cap        Slew       Delay        Time   Description
---------------------------------------------------------------------------------------------
                      0.150000    0.000000    0.000000   clock clk_i (rise edge)
                                  0.000000    0.000000   clock network delay (ideal)
                                  4.000000    4.000000 v input external delay
   104    0.178625    0.741440    0.543395    4.543395 v rst_ni (in)
                                                         rst_ni (net)
                      0.741440    0.000000    4.543395 v _248_/A1 (sky130_fd_sc_hd__a21oi_2)
    97    0.216746    3.998281    3.362011    7.905406 ^ _248_/Y (sky130_fd_sc_hd__a21oi_2)
                                                         _133_ (net)
                      3.998281    0.000000    7.905406 ^ _320_/A2 (sky130_fd_sc_hd__a21bo_2)
     1    0.002547    0.109082    1.074350    8.979755 ^ _320_/X (sky130_fd_sc_hd__a21bo_2)
                                                         _155_ (net)
                      0.109082    0.000000    8.979755 ^ _321_/B1 (sky130_fd_sc_hd__a21o_2)
     1    0.001537    0.061087    0.154047    9.133803 ^ _321_/X (sky130_fd_sc_hd__a21o_2)
                                                         _083_ (net)
                      0.061087    0.000000    9.133803 ^ _544_/D (sky130_fd_sc_hd__dfxtp_2)
                                              9.133803   data arrival time

                      0.150000   20.000000   20.000000   clock clk_i (rise edge)
                                  0.000000   20.000000   clock network delay (ideal)
                                 -0.250000   19.750002   clock uncertainty
                                  0.000000   19.750002   clock reconvergence pessimism
                                             19.750002 ^ _544_/CLK (sky130_fd_sc_hd__dfxtp_2)
                                 -0.124847   19.625154   library setup time
                                             19.625154   data required time
---------------------------------------------------------------------------------------------
                                             19.625154   data required time
                                             -9.133803   data arrival time
---------------------------------------------------------------------------------------------
                                             10.491352   slack (MET)


Startpoint: rst_ni (input port clocked by clk_i)
Endpoint: _545_ (rising edge-triggered flip-flop clocked by clk_i)
Path Group: clk_i
Path Type: max

Fanout         Cap        Slew       Delay        Time   Description
---------------------------------------------------------------------------------------------
                      0.150000    0.000000    0.000000   clock clk_i (rise edge)
                                  0.000000    0.000000   clock network delay (ideal)
                                  4.000000    4.000000 v input external delay
   104    0.178625    0.741440    0.543395    4.543395 v rst_ni (in)
                                                         rst_ni (net)
                      0.741440    0.000000    4.543395 v _248_/A1 (sky130_fd_sc_hd__a21oi_2)
    97    0.216746    3.998281    3.362011    7.905406 ^ _248_/Y (sky130_fd_sc_hd__a21oi_2)
                                                         _133_ (net)
                      3.998281    0.000000    7.905406 ^ _322_/A2 (sky130_fd_sc_hd__a21bo_2)
     1    0.002547    0.109082    1.074350    8.979755 ^ _322_/X (sky130_fd_sc_hd__a21bo_2)
                                                         _156_ (net)
                      0.109082    0.000000    8.979755 ^ _323_/B1 (sky130_fd_sc_hd__a21o_2)
     1    0.001537    0.061087    0.154047    9.133803 ^ _323_/X (sky130_fd_sc_hd__a21o_2)
                                                         _084_ (net)
                      0.061087    0.000000    9.133803 ^ _545_/D (sky130_fd_sc_hd__dfxtp_2)
                                              9.133803   data arrival time

                      0.150000   20.000000   20.000000   clock clk_i (rise edge)
                                  0.000000   20.000000   clock network delay (ideal)
                                 -0.250000   19.750002   clock uncertainty
                                  0.000000   19.750002   clock reconvergence pessimism
                                             19.750002 ^ _545_/CLK (sky130_fd_sc_hd__dfxtp_2)
                                 -0.124847   19.625154   library setup time
                                             19.625154   data required time
---------------------------------------------------------------------------------------------
                                             19.625154   data required time
                                             -9.133803   data arrival time
---------------------------------------------------------------------------------------------
                                             10.491352   slack (MET)


Startpoint: rst_ni (input port clocked by clk_i)
Endpoint: _547_ (rising edge-triggered flip-flop clocked by clk_i)
Path Group: clk_i
Path Type: max

Fanout         Cap        Slew       Delay        Time   Description
---------------------------------------------------------------------------------------------
                      0.150000    0.000000    0.000000   clock clk_i (rise edge)
                                  0.000000    0.000000   clock network delay (ideal)
                                  4.000000    4.000000 v input external delay
   104    0.178625    0.741440    0.543395    4.543395 v rst_ni (in)
                                                         rst_ni (net)
                      0.741440    0.000000    4.543395 v _248_/A1 (sky130_fd_sc_hd__a21oi_2)
    97    0.216746    3.998281    3.362011    7.905406 ^ _248_/Y (sky130_fd_sc_hd__a21oi_2)
                                                         _133_ (net)
                      3.998281    0.000000    7.905406 ^ _326_/A2 (sky130_fd_sc_hd__a21bo_2)
     1    0.002547    0.109082    1.074350    8.979755 ^ _326_/X (sky130_fd_sc_hd__a21bo_2)
                                                         _158_ (net)
                      0.109082    0.000000    8.979755 ^ _327_/B1 (sky130_fd_sc_hd__a21o_2)
     1    0.001537    0.061087    0.154047    9.133803 ^ _327_/X (sky130_fd_sc_hd__a21o_2)
                                                         _086_ (net)
                      0.061087    0.000000    9.133803 ^ _547_/D (sky130_fd_sc_hd__dfxtp_2)
                                              9.133803   data arrival time

                      0.150000   20.000000   20.000000   clock clk_i (rise edge)
                                  0.000000   20.000000   clock network delay (ideal)
                                 -0.250000   19.750002   clock uncertainty
                                  0.000000   19.750002   clock reconvergence pessimism
                                             19.750002 ^ _547_/CLK (sky130_fd_sc_hd__dfxtp_2)
                                 -0.124847   19.625154   library setup time
                                             19.625154   data required time
---------------------------------------------------------------------------------------------
                                             19.625154   data required time
                                             -9.133803   data arrival time
---------------------------------------------------------------------------------------------
                                             10.491352   slack (MET)


Startpoint: rst_ni (input port clocked by clk_i)
Endpoint: _549_ (rising edge-triggered flip-flop clocked by clk_i)
Path Group: clk_i
Path Type: max

Fanout         Cap        Slew       Delay        Time   Description
---------------------------------------------------------------------------------------------
                      0.150000    0.000000    0.000000   clock clk_i (rise edge)
                                  0.000000    0.000000   clock network delay (ideal)
                                  4.000000    4.000000 v input external delay
   104    0.178625    0.741440    0.543395    4.543395 v rst_ni (in)
                                                         rst_ni (net)
                      0.741440    0.000000    4.543395 v _248_/A1 (sky130_fd_sc_hd__a21oi_2)
    97    0.216746    3.998281    3.362011    7.905406 ^ _248_/Y (sky130_fd_sc_hd__a21oi_2)
                                                         _133_ (net)
                      3.998281    0.000000    7.905406 ^ _330_/A2 (sky130_fd_sc_hd__a21bo_2)
     1    0.002547    0.109082    1.074350    8.979755 ^ _330_/X (sky130_fd_sc_hd__a21bo_2)
                                                         _160_ (net)
                      0.109082    0.000000    8.979755 ^ _331_/B1 (sky130_fd_sc_hd__a21o_2)
     1    0.001537    0.061087    0.154047    9.133803 ^ _331_/X (sky130_fd_sc_hd__a21o_2)
                                                         _088_ (net)
                      0.061087    0.000000    9.133803 ^ _549_/D (sky130_fd_sc_hd__dfxtp_2)
                                              9.133803   data arrival time

                      0.150000   20.000000   20.000000   clock clk_i (rise edge)
                                  0.000000   20.000000   clock network delay (ideal)
                                 -0.250000   19.750002   clock uncertainty
                                  0.000000   19.750002   clock reconvergence pessimism
                                             19.750002 ^ _549_/CLK (sky130_fd_sc_hd__dfxtp_2)
                                 -0.124847   19.625154   library setup time
                                             19.625154   data required time
---------------------------------------------------------------------------------------------
                                             19.625154   data required time
                                             -9.133803   data arrival time
---------------------------------------------------------------------------------------------
                                             10.491352   slack (MET)


Startpoint: rst_ni (input port clocked by clk_i)
Endpoint: _551_ (rising edge-triggered flip-flop clocked by clk_i)
Path Group: clk_i
Path Type: max

Fanout         Cap        Slew       Delay        Time   Description
---------------------------------------------------------------------------------------------
                      0.150000    0.000000    0.000000   clock clk_i (rise edge)
                                  0.000000    0.000000   clock network delay (ideal)
                                  4.000000    4.000000 v input external delay
   104    0.178625    0.741440    0.543395    4.543395 v rst_ni (in)
                                                         rst_ni (net)
                      0.741440    0.000000    4.543395 v _248_/A1 (sky130_fd_sc_hd__a21oi_2)
    97    0.216746    3.998281    3.362011    7.905406 ^ _248_/Y (sky130_fd_sc_hd__a21oi_2)
                                                         _133_ (net)
                      3.998281    0.000000    7.905406 ^ _334_/A2 (sky130_fd_sc_hd__a21bo_2)
     1    0.002547    0.109082    1.074350    8.979755 ^ _334_/X (sky130_fd_sc_hd__a21bo_2)
                                                         _162_ (net)
                      0.109082    0.000000    8.979755 ^ _335_/B1 (sky130_fd_sc_hd__a21o_2)
     1    0.001537    0.061087    0.154047    9.133803 ^ _335_/X (sky130_fd_sc_hd__a21o_2)
                                                         _090_ (net)
                      0.061087    0.000000    9.133803 ^ _551_/D (sky130_fd_sc_hd__dfxtp_2)
                                              9.133803   data arrival time

                      0.150000   20.000000   20.000000   clock clk_i (rise edge)
                                  0.000000   20.000000   clock network delay (ideal)
                                 -0.250000   19.750002   clock uncertainty
                                  0.000000   19.750002   clock reconvergence pessimism
                                             19.750002 ^ _551_/CLK (sky130_fd_sc_hd__dfxtp_2)
                                 -0.124847   19.625154   library setup time
                                             19.625154   data required time
---------------------------------------------------------------------------------------------
                                             19.625154   data required time
                                             -9.133803   data arrival time
---------------------------------------------------------------------------------------------
                                             10.491352   slack (MET)


Startpoint: rst_ni (input port clocked by clk_i)
Endpoint: _552_ (rising edge-triggered flip-flop clocked by clk_i)
Path Group: clk_i
Path Type: max

Fanout         Cap        Slew       Delay        Time   Description
---------------------------------------------------------------------------------------------
                      0.150000    0.000000    0.000000   clock clk_i (rise edge)
                                  0.000000    0.000000   clock network delay (ideal)
                                  4.000000    4.000000 v input external delay
   104    0.178625    0.741440    0.543395    4.543395 v rst_ni (in)
                                                         rst_ni (net)
                      0.741440    0.000000    4.543395 v _248_/A1 (sky130_fd_sc_hd__a21oi_2)
    97    0.216746    3.998281    3.362011    7.905406 ^ _248_/Y (sky130_fd_sc_hd__a21oi_2)
                                                         _133_ (net)
                      3.998281    0.000000    7.905406 ^ _336_/A2 (sky130_fd_sc_hd__a21bo_2)
     1    0.002547    0.109082    1.074350    8.979755 ^ _336_/X (sky130_fd_sc_hd__a21bo_2)
                                                         _163_ (net)
                      0.109082    0.000000    8.979755 ^ _337_/B1 (sky130_fd_sc_hd__a21o_2)
     1    0.001537    0.061087    0.154047    9.133803 ^ _337_/X (sky130_fd_sc_hd__a21o_2)
                                                         _091_ (net)
                      0.061087    0.000000    9.133803 ^ _552_/D (sky130_fd_sc_hd__dfxtp_2)
                                              9.133803   data arrival time

                      0.150000   20.000000   20.000000   clock clk_i (rise edge)
                                  0.000000   20.000000   clock network delay (ideal)
                                 -0.250000   19.750002   clock uncertainty
                                  0.000000   19.750002   clock reconvergence pessimism
                                             19.750002 ^ _552_/CLK (sky130_fd_sc_hd__dfxtp_2)
                                 -0.124847   19.625154   library setup time
                                             19.625154   data required time
---------------------------------------------------------------------------------------------
                                             19.625154   data required time
                                             -9.133803   data arrival time
---------------------------------------------------------------------------------------------
                                             10.491352   slack (MET)


Startpoint: rst_ni (input port clocked by clk_i)
Endpoint: _555_ (rising edge-triggered flip-flop clocked by clk_i)
Path Group: clk_i
Path Type: max

Fanout         Cap        Slew       Delay        Time   Description
---------------------------------------------------------------------------------------------
                      0.150000    0.000000    0.000000   clock clk_i (rise edge)
                                  0.000000    0.000000   clock network delay (ideal)
                                  4.000000    4.000000 v input external delay
   104    0.178625    0.741440    0.543395    4.543395 v rst_ni (in)
                                                         rst_ni (net)
                      0.741440    0.000000    4.543395 v _248_/A1 (sky130_fd_sc_hd__a21oi_2)
    97    0.216746    3.998281    3.362011    7.905406 ^ _248_/Y (sky130_fd_sc_hd__a21oi_2)
                                                         _133_ (net)
                      3.998281    0.000000    7.905406 ^ _342_/A2 (sky130_fd_sc_hd__a21bo_2)
     1    0.002547    0.109082    1.074350    8.979755 ^ _342_/X (sky130_fd_sc_hd__a21bo_2)
                                                         _166_ (net)
                      0.109082    0.000000    8.979755 ^ _343_/B1 (sky130_fd_sc_hd__a21o_2)
     1    0.001537    0.061087    0.154047    9.133803 ^ _343_/X (sky130_fd_sc_hd__a21o_2)
                                                         _094_ (net)
                      0.061087    0.000000    9.133803 ^ _555_/D (sky130_fd_sc_hd__dfxtp_2)
                                              9.133803   data arrival time

                      0.150000   20.000000   20.000000   clock clk_i (rise edge)
                                  0.000000   20.000000   clock network delay (ideal)
                                 -0.250000   19.750002   clock uncertainty
                                  0.000000   19.750002   clock reconvergence pessimism
                                             19.750002 ^ _555_/CLK (sky130_fd_sc_hd__dfxtp_2)
                                 -0.124847   19.625154   library setup time
                                             19.625154   data required time
---------------------------------------------------------------------------------------------
                                             19.625154   data required time
                                             -9.133803   data arrival time
---------------------------------------------------------------------------------------------
                                             10.491352   slack (MET)


Startpoint: rst_ni (input port clocked by clk_i)
Endpoint: _559_ (rising edge-triggered flip-flop clocked by clk_i)
Path Group: clk_i
Path Type: max

Fanout         Cap        Slew       Delay        Time   Description
---------------------------------------------------------------------------------------------
                      0.150000    0.000000    0.000000   clock clk_i (rise edge)
                                  0.000000    0.000000   clock network delay (ideal)
                                  4.000000    4.000000 v input external delay
   104    0.178625    0.741440    0.543395    4.543395 v rst_ni (in)
                                                         rst_ni (net)
                      0.741440    0.000000    4.543395 v _248_/A1 (sky130_fd_sc_hd__a21oi_2)
    97    0.216746    3.998281    3.362011    7.905406 ^ _248_/Y (sky130_fd_sc_hd__a21oi_2)
                                                         _133_ (net)
                      3.998281    0.000000    7.905406 ^ _350_/A2 (sky130_fd_sc_hd__a21bo_2)
     1    0.002547    0.109082    1.074350    8.979755 ^ _350_/X (sky130_fd_sc_hd__a21bo_2)
                                                         _170_ (net)
                      0.109082    0.000000    8.979755 ^ _351_/B1 (sky130_fd_sc_hd__a21o_2)
     1    0.001537    0.061087    0.154047    9.133803 ^ _351_/X (sky130_fd_sc_hd__a21o_2)
                                                         _098_ (net)
                      0.061087    0.000000    9.133803 ^ _559_/D (sky130_fd_sc_hd__dfxtp_2)
                                              9.133803   data arrival time

                      0.150000   20.000000   20.000000   clock clk_i (rise edge)
                                  0.000000   20.000000   clock network delay (ideal)
                                 -0.250000   19.750002   clock uncertainty
                                  0.000000   19.750002   clock reconvergence pessimism
                                             19.750002 ^ _559_/CLK (sky130_fd_sc_hd__dfxtp_2)
                                 -0.124847   19.625154   library setup time
                                             19.625154   data required time
---------------------------------------------------------------------------------------------
                                             19.625154   data required time
                                             -9.133803   data arrival time
---------------------------------------------------------------------------------------------
                                             10.491352   slack (MET)


Startpoint: rst_ni (input port clocked by clk_i)
Endpoint: _560_ (rising edge-triggered flip-flop clocked by clk_i)
Path Group: clk_i
Path Type: max

Fanout         Cap        Slew       Delay        Time   Description
---------------------------------------------------------------------------------------------
                      0.150000    0.000000    0.000000   clock clk_i (rise edge)
                                  0.000000    0.000000   clock network delay (ideal)
                                  4.000000    4.000000 v input external delay
   104    0.178625    0.741440    0.543395    4.543395 v rst_ni (in)
                                                         rst_ni (net)
                      0.741440    0.000000    4.543395 v _248_/A1 (sky130_fd_sc_hd__a21oi_2)
    97    0.216746    3.998281    3.362011    7.905406 ^ _248_/Y (sky130_fd_sc_hd__a21oi_2)
                                                         _133_ (net)
                      3.998281    0.000000    7.905406 ^ _352_/A2 (sky130_fd_sc_hd__a21bo_2)
     1    0.002547    0.109082    1.074350    8.979755 ^ _352_/X (sky130_fd_sc_hd__a21bo_2)
                                                         _171_ (net)
                      0.109082    0.000000    8.979755 ^ _353_/B1 (sky130_fd_sc_hd__a21o_2)
     1    0.001537    0.061087    0.154047    9.133803 ^ _353_/X (sky130_fd_sc_hd__a21o_2)
                                                         _099_ (net)
                      0.061087    0.000000    9.133803 ^ _560_/D (sky130_fd_sc_hd__dfxtp_2)
                                              9.133803   data arrival time

                      0.150000   20.000000   20.000000   clock clk_i (rise edge)
                                  0.000000   20.000000   clock network delay (ideal)
                                 -0.250000   19.750002   clock uncertainty
                                  0.000000   19.750002   clock reconvergence pessimism
                                             19.750002 ^ _560_/CLK (sky130_fd_sc_hd__dfxtp_2)
                                 -0.124847   19.625154   library setup time
                                             19.625154   data required time
---------------------------------------------------------------------------------------------
                                             19.625154   data required time
                                             -9.133803   data arrival time
---------------------------------------------------------------------------------------------
                                             10.491352   slack (MET)


Startpoint: rst_ni (input port clocked by clk_i)
Endpoint: _561_ (rising edge-triggered flip-flop clocked by clk_i)
Path Group: clk_i
Path Type: max

Fanout         Cap        Slew       Delay        Time   Description
---------------------------------------------------------------------------------------------
                      0.150000    0.000000    0.000000   clock clk_i (rise edge)
                                  0.000000    0.000000   clock network delay (ideal)
                                  4.000000    4.000000 v input external delay
   104    0.178625    0.741440    0.543395    4.543395 v rst_ni (in)
                                                         rst_ni (net)
                      0.741440    0.000000    4.543395 v _248_/A1 (sky130_fd_sc_hd__a21oi_2)
    97    0.216746    3.998281    3.362011    7.905406 ^ _248_/Y (sky130_fd_sc_hd__a21oi_2)
                                                         _133_ (net)
                      3.998281    0.000000    7.905406 ^ _354_/A2 (sky130_fd_sc_hd__a21bo_2)
     1    0.002547    0.109082    1.074350    8.979755 ^ _354_/X (sky130_fd_sc_hd__a21bo_2)
                                                         _172_ (net)
                      0.109082    0.000000    8.979755 ^ _355_/B1 (sky130_fd_sc_hd__a21o_2)
     1    0.001537    0.061087    0.154047    9.133803 ^ _355_/X (sky130_fd_sc_hd__a21o_2)
                                                         _100_ (net)
                      0.061087    0.000000    9.133803 ^ _561_/D (sky130_fd_sc_hd__dfxtp_2)
                                              9.133803   data arrival time

                      0.150000   20.000000   20.000000   clock clk_i (rise edge)
                                  0.000000   20.000000   clock network delay (ideal)
                                 -0.250000   19.750002   clock uncertainty
                                  0.000000   19.750002   clock reconvergence pessimism
                                             19.750002 ^ _561_/CLK (sky130_fd_sc_hd__dfxtp_2)
                                 -0.124847   19.625154   library setup time
                                             19.625154   data required time
---------------------------------------------------------------------------------------------
                                             19.625154   data required time
                                             -9.133803   data arrival time
---------------------------------------------------------------------------------------------
                                             10.491352   slack (MET)


Startpoint: rst_ni (input port clocked by clk_i)
Endpoint: _562_ (rising edge-triggered flip-flop clocked by clk_i)
Path Group: clk_i
Path Type: max

Fanout         Cap        Slew       Delay        Time   Description
---------------------------------------------------------------------------------------------
                      0.150000    0.000000    0.000000   clock clk_i (rise edge)
                                  0.000000    0.000000   clock network delay (ideal)
                                  4.000000    4.000000 v input external delay
   104    0.178625    0.741440    0.543395    4.543395 v rst_ni (in)
                                                         rst_ni (net)
                      0.741440    0.000000    4.543395 v _248_/A1 (sky130_fd_sc_hd__a21oi_2)
    97    0.216746    3.998281    3.362011    7.905406 ^ _248_/Y (sky130_fd_sc_hd__a21oi_2)
                                                         _133_ (net)
                      3.998281    0.000000    7.905406 ^ _356_/A2 (sky130_fd_sc_hd__a21bo_2)
     1    0.002547    0.109082    1.074350    8.979755 ^ _356_/X (sky130_fd_sc_hd__a21bo_2)
                                                         _173_ (net)
                      0.109082    0.000000    8.979755 ^ _357_/B1 (sky130_fd_sc_hd__a21o_2)
     1    0.001537    0.061087    0.154047    9.133803 ^ _357_/X (sky130_fd_sc_hd__a21o_2)
                                                         _101_ (net)
                      0.061087    0.000000    9.133803 ^ _562_/D (sky130_fd_sc_hd__dfxtp_2)
                                              9.133803   data arrival time

                      0.150000   20.000000   20.000000   clock clk_i (rise edge)
                                  0.000000   20.000000   clock network delay (ideal)
                                 -0.250000   19.750002   clock uncertainty
                                  0.000000   19.750002   clock reconvergence pessimism
                                             19.750002 ^ _562_/CLK (sky130_fd_sc_hd__dfxtp_2)
                                 -0.124847   19.625154   library setup time
                                             19.625154   data required time
---------------------------------------------------------------------------------------------
                                             19.625154   data required time
                                             -9.133803   data arrival time
---------------------------------------------------------------------------------------------
                                             10.491352   slack (MET)


Startpoint: rst_ni (input port clocked by clk_i)
Endpoint: _565_ (rising edge-triggered flip-flop clocked by clk_i)
Path Group: clk_i
Path Type: max

Fanout         Cap        Slew       Delay        Time   Description
---------------------------------------------------------------------------------------------
                      0.150000    0.000000    0.000000   clock clk_i (rise edge)
                                  0.000000    0.000000   clock network delay (ideal)
                                  4.000000    4.000000 v input external delay
   104    0.178625    0.741440    0.543395    4.543395 v rst_ni (in)
                                                         rst_ni (net)
                      0.741440    0.000000    4.543395 v _248_/A1 (sky130_fd_sc_hd__a21oi_2)
    97    0.216746    3.998281    3.362011    7.905406 ^ _248_/Y (sky130_fd_sc_hd__a21oi_2)
                                                         _133_ (net)
                      3.998281    0.000000    7.905406 ^ _362_/A2 (sky130_fd_sc_hd__a21bo_2)
     1    0.002547    0.109082    1.074350    8.979755 ^ _362_/X (sky130_fd_sc_hd__a21bo_2)
                                                         _176_ (net)
                      0.109082    0.000000    8.979755 ^ _363_/B1 (sky130_fd_sc_hd__a21o_2)
     1    0.001537    0.061087    0.154047    9.133803 ^ _363_/X (sky130_fd_sc_hd__a21o_2)
                                                         _104_ (net)
                      0.061087    0.000000    9.133803 ^ _565_/D (sky130_fd_sc_hd__dfxtp_2)
                                              9.133803   data arrival time

                      0.150000   20.000000   20.000000   clock clk_i (rise edge)
                                  0.000000   20.000000   clock network delay (ideal)
                                 -0.250000   19.750002   clock uncertainty
                                  0.000000   19.750002   clock reconvergence pessimism
                                             19.750002 ^ _565_/CLK (sky130_fd_sc_hd__dfxtp_2)
                                 -0.124847   19.625154   library setup time
                                             19.625154   data required time
---------------------------------------------------------------------------------------------
                                             19.625154   data required time
                                             -9.133803   data arrival time
---------------------------------------------------------------------------------------------
                                             10.491352   slack (MET)


Startpoint: rst_ni (input port clocked by clk_i)
Endpoint: _566_ (rising edge-triggered flip-flop clocked by clk_i)
Path Group: clk_i
Path Type: max

Fanout         Cap        Slew       Delay        Time   Description
---------------------------------------------------------------------------------------------
                      0.150000    0.000000    0.000000   clock clk_i (rise edge)
                                  0.000000    0.000000   clock network delay (ideal)
                                  4.000000    4.000000 v input external delay
   104    0.178625    0.741440    0.543395    4.543395 v rst_ni (in)
                                                         rst_ni (net)
                      0.741440    0.000000    4.543395 v _248_/A1 (sky130_fd_sc_hd__a21oi_2)
    97    0.216746    3.998281    3.362011    7.905406 ^ _248_/Y (sky130_fd_sc_hd__a21oi_2)
                                                         _133_ (net)
                      3.998281    0.000000    7.905406 ^ _364_/A2 (sky130_fd_sc_hd__a21bo_2)
     1    0.002547    0.109082    1.074350    8.979755 ^ _364_/X (sky130_fd_sc_hd__a21bo_2)
                                                         _177_ (net)
                      0.109082    0.000000    8.979755 ^ _365_/B1 (sky130_fd_sc_hd__a21o_2)
     1    0.001537    0.061087    0.154047    9.133803 ^ _365_/X (sky130_fd_sc_hd__a21o_2)
                                                         _105_ (net)
                      0.061087    0.000000    9.133803 ^ _566_/D (sky130_fd_sc_hd__dfxtp_2)
                                              9.133803   data arrival time

                      0.150000   20.000000   20.000000   clock clk_i (rise edge)
                                  0.000000   20.000000   clock network delay (ideal)
                                 -0.250000   19.750002   clock uncertainty
                                  0.000000   19.750002   clock reconvergence pessimism
                                             19.750002 ^ _566_/CLK (sky130_fd_sc_hd__dfxtp_2)
                                 -0.124847   19.625154   library setup time
                                             19.625154   data required time
---------------------------------------------------------------------------------------------
                                             19.625154   data required time
                                             -9.133803   data arrival time
---------------------------------------------------------------------------------------------
                                             10.491352   slack (MET)


Startpoint: rst_ni (input port clocked by clk_i)
Endpoint: _568_ (rising edge-triggered flip-flop clocked by clk_i)
Path Group: clk_i
Path Type: max

Fanout         Cap        Slew       Delay        Time   Description
---------------------------------------------------------------------------------------------
                      0.150000    0.000000    0.000000   clock clk_i (rise edge)
                                  0.000000    0.000000   clock network delay (ideal)
                                  4.000000    4.000000 v input external delay
   104    0.178625    0.741440    0.543395    4.543395 v rst_ni (in)
                                                         rst_ni (net)
                      0.741440    0.000000    4.543395 v _248_/A1 (sky130_fd_sc_hd__a21oi_2)
    97    0.216746    3.998281    3.362011    7.905406 ^ _248_/Y (sky130_fd_sc_hd__a21oi_2)
                                                         _133_ (net)
                      3.998281    0.000000    7.905406 ^ _368_/A2 (sky130_fd_sc_hd__a21bo_2)
     1    0.002547    0.109082    1.074350    8.979755 ^ _368_/X (sky130_fd_sc_hd__a21bo_2)
                                                         _179_ (net)
                      0.109082    0.000000    8.979755 ^ _369_/B1 (sky130_fd_sc_hd__a21o_2)
     1    0.001537    0.061087    0.154047    9.133803 ^ _369_/X (sky130_fd_sc_hd__a21o_2)
                                                         _107_ (net)
                      0.061087    0.000000    9.133803 ^ _568_/D (sky130_fd_sc_hd__dfxtp_2)
                                              9.133803   data arrival time

                      0.150000   20.000000   20.000000   clock clk_i (rise edge)
                                  0.000000   20.000000   clock network delay (ideal)
                                 -0.250000   19.750002   clock uncertainty
                                  0.000000   19.750002   clock reconvergence pessimism
                                             19.750002 ^ _568_/CLK (sky130_fd_sc_hd__dfxtp_2)
                                 -0.124847   19.625154   library setup time
                                             19.625154   data required time
---------------------------------------------------------------------------------------------
                                             19.625154   data required time
                                             -9.133803   data arrival time
---------------------------------------------------------------------------------------------
                                             10.491352   slack (MET)


Startpoint: rst_ni (input port clocked by clk_i)
Endpoint: _570_ (rising edge-triggered flip-flop clocked by clk_i)
Path Group: clk_i
Path Type: max

Fanout         Cap        Slew       Delay        Time   Description
---------------------------------------------------------------------------------------------
                      0.150000    0.000000    0.000000   clock clk_i (rise edge)
                                  0.000000    0.000000   clock network delay (ideal)
                                  4.000000    4.000000 v input external delay
   104    0.178625    0.741440    0.543395    4.543395 v rst_ni (in)
                                                         rst_ni (net)
                      0.741440    0.000000    4.543395 v _248_/A1 (sky130_fd_sc_hd__a21oi_2)
    97    0.216746    3.998281    3.362011    7.905406 ^ _248_/Y (sky130_fd_sc_hd__a21oi_2)
                                                         _133_ (net)
                      3.998281    0.000000    7.905406 ^ _372_/A2 (sky130_fd_sc_hd__a21bo_2)
     1    0.002547    0.109082    1.074350    8.979755 ^ _372_/X (sky130_fd_sc_hd__a21bo_2)
                                                         _181_ (net)
                      0.109082    0.000000    8.979755 ^ _373_/B1 (sky130_fd_sc_hd__a21o_2)
     1    0.001537    0.061087    0.154047    9.133803 ^ _373_/X (sky130_fd_sc_hd__a21o_2)
                                                         _109_ (net)
                      0.061087    0.000000    9.133803 ^ _570_/D (sky130_fd_sc_hd__dfxtp_2)
                                              9.133803   data arrival time

                      0.150000   20.000000   20.000000   clock clk_i (rise edge)
                                  0.000000   20.000000   clock network delay (ideal)
                                 -0.250000   19.750002   clock uncertainty
                                  0.000000   19.750002   clock reconvergence pessimism
                                             19.750002 ^ _570_/CLK (sky130_fd_sc_hd__dfxtp_2)
                                 -0.124847   19.625154   library setup time
                                             19.625154   data required time
---------------------------------------------------------------------------------------------
                                             19.625154   data required time
                                             -9.133803   data arrival time
---------------------------------------------------------------------------------------------
                                             10.491352   slack (MET)


Startpoint: rst_ni (input port clocked by clk_i)
Endpoint: _574_ (rising edge-triggered flip-flop clocked by clk_i)
Path Group: clk_i
Path Type: max

Fanout         Cap        Slew       Delay        Time   Description
---------------------------------------------------------------------------------------------
                      0.150000    0.000000    0.000000   clock clk_i (rise edge)
                                  0.000000    0.000000   clock network delay (ideal)
                                  4.000000    4.000000 v input external delay
   104    0.178625    0.741440    0.543395    4.543395 v rst_ni (in)
                                                         rst_ni (net)
                      0.741440    0.000000    4.543395 v _248_/A1 (sky130_fd_sc_hd__a21oi_2)
    97    0.216746    3.998281    3.362011    7.905406 ^ _248_/Y (sky130_fd_sc_hd__a21oi_2)
                                                         _133_ (net)
                      3.998281    0.000000    7.905406 ^ _380_/A2 (sky130_fd_sc_hd__a21bo_2)
     1    0.002547    0.109082    1.074350    8.979755 ^ _380_/X (sky130_fd_sc_hd__a21bo_2)
                                                         _185_ (net)
                      0.109082    0.000000    8.979755 ^ _381_/B1 (sky130_fd_sc_hd__a21o_2)
     1    0.001537    0.061087    0.154047    9.133803 ^ _381_/X (sky130_fd_sc_hd__a21o_2)
                                                         _113_ (net)
                      0.061087    0.000000    9.133803 ^ _574_/D (sky130_fd_sc_hd__dfxtp_2)
                                              9.133803   data arrival time

                      0.150000   20.000000   20.000000   clock clk_i (rise edge)
                                  0.000000   20.000000   clock network delay (ideal)
                                 -0.250000   19.750002   clock uncertainty
                                  0.000000   19.750002   clock reconvergence pessimism
                                             19.750002 ^ _574_/CLK (sky130_fd_sc_hd__dfxtp_2)
                                 -0.124847   19.625154   library setup time
                                             19.625154   data required time
---------------------------------------------------------------------------------------------
                                             19.625154   data required time
                                             -9.133803   data arrival time
---------------------------------------------------------------------------------------------
                                             10.491352   slack (MET)


Startpoint: rst_ni (input port clocked by clk_i)
Endpoint: _576_ (rising edge-triggered flip-flop clocked by clk_i)
Path Group: clk_i
Path Type: max

Fanout         Cap        Slew       Delay        Time   Description
---------------------------------------------------------------------------------------------
                      0.150000    0.000000    0.000000   clock clk_i (rise edge)
                                  0.000000    0.000000   clock network delay (ideal)
                                  4.000000    4.000000 v input external delay
   104    0.178625    0.741440    0.543395    4.543395 v rst_ni (in)
                                                         rst_ni (net)
                      0.741440    0.000000    4.543395 v _248_/A1 (sky130_fd_sc_hd__a21oi_2)
    97    0.216746    3.998281    3.362011    7.905406 ^ _248_/Y (sky130_fd_sc_hd__a21oi_2)
                                                         _133_ (net)
                      3.998281    0.000000    7.905406 ^ _384_/A2 (sky130_fd_sc_hd__a21bo_2)
     1    0.002547    0.109082    1.074350    8.979755 ^ _384_/X (sky130_fd_sc_hd__a21bo_2)
                                                         _187_ (net)
                      0.109082    0.000000    8.979755 ^ _385_/B1 (sky130_fd_sc_hd__a21o_2)
     1    0.001537    0.061087    0.154047    9.133803 ^ _385_/X (sky130_fd_sc_hd__a21o_2)
                                                         _115_ (net)
                      0.061087    0.000000    9.133803 ^ _576_/D (sky130_fd_sc_hd__dfxtp_2)
                                              9.133803   data arrival time

                      0.150000   20.000000   20.000000   clock clk_i (rise edge)
                                  0.000000   20.000000   clock network delay (ideal)
                                 -0.250000   19.750002   clock uncertainty
                                  0.000000   19.750002   clock reconvergence pessimism
                                             19.750002 ^ _576_/CLK (sky130_fd_sc_hd__dfxtp_2)
                                 -0.124847   19.625154   library setup time
                                             19.625154   data required time
---------------------------------------------------------------------------------------------
                                             19.625154   data required time
                                             -9.133803   data arrival time
---------------------------------------------------------------------------------------------
                                             10.491352   slack (MET)


Startpoint: rst_ni (input port clocked by clk_i)
Endpoint: _577_ (rising edge-triggered flip-flop clocked by clk_i)
Path Group: clk_i
Path Type: max

Fanout         Cap        Slew       Delay        Time   Description
---------------------------------------------------------------------------------------------
                      0.150000    0.000000    0.000000   clock clk_i (rise edge)
                                  0.000000    0.000000   clock network delay (ideal)
                                  4.000000    4.000000 v input external delay
   104    0.178625    0.741440    0.543395    4.543395 v rst_ni (in)
                                                         rst_ni (net)
                      0.741440    0.000000    4.543395 v _248_/A1 (sky130_fd_sc_hd__a21oi_2)
    97    0.216746    3.998281    3.362011    7.905406 ^ _248_/Y (sky130_fd_sc_hd__a21oi_2)
                                                         _133_ (net)
                      3.998281    0.000000    7.905406 ^ _386_/A2 (sky130_fd_sc_hd__a21bo_2)
     1    0.002547    0.109082    1.074350    8.979755 ^ _386_/X (sky130_fd_sc_hd__a21bo_2)
                                                         _188_ (net)
                      0.109082    0.000000    8.979755 ^ _387_/B1 (sky130_fd_sc_hd__a21o_2)
     1    0.001537    0.061087    0.154047    9.133803 ^ _387_/X (sky130_fd_sc_hd__a21o_2)
                                                         _116_ (net)
                      0.061087    0.000000    9.133803 ^ _577_/D (sky130_fd_sc_hd__dfxtp_2)
                                              9.133803   data arrival time

                      0.150000   20.000000   20.000000   clock clk_i (rise edge)
                                  0.000000   20.000000   clock network delay (ideal)
                                 -0.250000   19.750002   clock uncertainty
                                  0.000000   19.750002   clock reconvergence pessimism
                                             19.750002 ^ _577_/CLK (sky130_fd_sc_hd__dfxtp_2)
                                 -0.124847   19.625154   library setup time
                                             19.625154   data required time
---------------------------------------------------------------------------------------------
                                             19.625154   data required time
                                             -9.133803   data arrival time
---------------------------------------------------------------------------------------------
                                             10.491352   slack (MET)


Startpoint: rst_ni (input port clocked by clk_i)
Endpoint: _581_ (rising edge-triggered flip-flop clocked by clk_i)
Path Group: clk_i
Path Type: max

Fanout         Cap        Slew       Delay        Time   Description
---------------------------------------------------------------------------------------------
                      0.150000    0.000000    0.000000   clock clk_i (rise edge)
                                  0.000000    0.000000   clock network delay (ideal)
                                  4.000000    4.000000 v input external delay
   104    0.178625    0.741440    0.543395    4.543395 v rst_ni (in)
                                                         rst_ni (net)
                      0.741440    0.000000    4.543395 v _248_/A1 (sky130_fd_sc_hd__a21oi_2)
    97    0.216746    3.998281    3.362011    7.905406 ^ _248_/Y (sky130_fd_sc_hd__a21oi_2)
                                                         _133_ (net)
                      3.998281    0.000000    7.905406 ^ _394_/A2 (sky130_fd_sc_hd__a21bo_2)
     1    0.002547    0.109082    1.074350    8.979755 ^ _394_/X (sky130_fd_sc_hd__a21bo_2)
                                                         _192_ (net)
                      0.109082    0.000000    8.979755 ^ _395_/B1 (sky130_fd_sc_hd__a21o_2)
     1    0.001537    0.061087    0.154047    9.133803 ^ _395_/X (sky130_fd_sc_hd__a21o_2)
                                                         _120_ (net)
                      0.061087    0.000000    9.133803 ^ _581_/D (sky130_fd_sc_hd__dfxtp_2)
                                              9.133803   data arrival time

                      0.150000   20.000000   20.000000   clock clk_i (rise edge)
                                  0.000000   20.000000   clock network delay (ideal)
                                 -0.250000   19.750002   clock uncertainty
                                  0.000000   19.750002   clock reconvergence pessimism
                                             19.750002 ^ _581_/CLK (sky130_fd_sc_hd__dfxtp_2)
                                 -0.124847   19.625154   library setup time
                                             19.625154   data required time
---------------------------------------------------------------------------------------------
                                             19.625154   data required time
                                             -9.133803   data arrival time
---------------------------------------------------------------------------------------------
                                             10.491352   slack (MET)


Startpoint: rst_ni (input port clocked by clk_i)
Endpoint: _584_ (rising edge-triggered flip-flop clocked by clk_i)
Path Group: clk_i
Path Type: max

Fanout         Cap        Slew       Delay        Time   Description
---------------------------------------------------------------------------------------------
                      0.150000    0.000000    0.000000   clock clk_i (rise edge)
                                  0.000000    0.000000   clock network delay (ideal)
                                  4.000000    4.000000 v input external delay
   104    0.178625    0.741440    0.543395    4.543395 v rst_ni (in)
                                                         rst_ni (net)
                      0.741440    0.000000    4.543395 v _248_/A1 (sky130_fd_sc_hd__a21oi_2)
    97    0.216746    3.998281    3.362011    7.905406 ^ _248_/Y (sky130_fd_sc_hd__a21oi_2)
                                                         _133_ (net)
                      3.998281    0.000000    7.905406 ^ _400_/A2 (sky130_fd_sc_hd__a21bo_2)
     1    0.002547    0.109082    1.074350    8.979755 ^ _400_/X (sky130_fd_sc_hd__a21bo_2)
                                                         _195_ (net)
                      0.109082    0.000000    8.979755 ^ _401_/B1 (sky130_fd_sc_hd__a21o_2)
     1    0.001537    0.061087    0.154047    9.133803 ^ _401_/X (sky130_fd_sc_hd__a21o_2)
                                                         _123_ (net)
                      0.061087    0.000000    9.133803 ^ _584_/D (sky130_fd_sc_hd__dfxtp_2)
                                              9.133803   data arrival time

                      0.150000   20.000000   20.000000   clock clk_i (rise edge)
                                  0.000000   20.000000   clock network delay (ideal)
                                 -0.250000   19.750002   clock uncertainty
                                  0.000000   19.750002   clock reconvergence pessimism
                                             19.750002 ^ _584_/CLK (sky130_fd_sc_hd__dfxtp_2)
                                 -0.124847   19.625154   library setup time
                                             19.625154   data required time
---------------------------------------------------------------------------------------------
                                             19.625154   data required time
                                             -9.133803   data arrival time
---------------------------------------------------------------------------------------------
                                             10.491352   slack (MET)


Startpoint: rst_ni (input port clocked by clk_i)
Endpoint: _623_ (rising edge-triggered flip-flop clocked by clk_i)
Path Group: clk_i
Path Type: max

Fanout         Cap        Slew       Delay        Time   Description
---------------------------------------------------------------------------------------------
                      0.150000    0.000000    0.000000   clock clk_i (rise edge)
                                  0.000000    0.000000   clock network delay (ideal)
                                  4.000000    4.000000 v input external delay
   104    0.178625    0.741440    0.543395    4.543395 v rst_ni (in)
                                                         rst_ni (net)
                      0.741440    0.000000    4.543395 v _248_/A1 (sky130_fd_sc_hd__a21oi_2)
    97    0.216746    3.998281    3.362011    7.905406 ^ _248_/Y (sky130_fd_sc_hd__a21oi_2)
                                                         _133_ (net)
                      3.998281    0.000000    7.905406 ^ _481_/A2 (sky130_fd_sc_hd__o21a_2)
     1    0.002436    0.114574    0.907929    8.813335 ^ _481_/X (sky130_fd_sc_hd__o21a_2)
                                                         _237_ (net)
                      0.114574    0.000000    8.813335 ^ _483_/A1 (sky130_fd_sc_hd__o21a_2)
     1    0.001537    0.068725    0.254319    9.067655 ^ _483_/X (sky130_fd_sc_hd__o21a_2)
                                                         _029_ (net)
                      0.068725    0.000000    9.067655 ^ _623_/D (sky130_fd_sc_hd__dfxtp_2)
                                              9.067655   data arrival time

                      0.150000   20.000000   20.000000   clock clk_i (rise edge)
                                  0.000000   20.000000   clock network delay (ideal)
                                 -0.250000   19.750002   clock uncertainty
                                  0.000000   19.750002   clock reconvergence pessimism
                                             19.750002 ^ _623_/CLK (sky130_fd_sc_hd__dfxtp_2)
                                 -0.126843   19.623159   library setup time
                                             19.623159   data required time
---------------------------------------------------------------------------------------------
                                             19.623159   data required time
                                             -9.067655   data arrival time
---------------------------------------------------------------------------------------------
                                             10.555505   slack (MET)


Startpoint: rst_ni (input port clocked by clk_i)
Endpoint: _626_ (rising edge-triggered flip-flop clocked by clk_i)
Path Group: clk_i
Path Type: max

Fanout         Cap        Slew       Delay        Time   Description
---------------------------------------------------------------------------------------------
                      0.150000    0.000000    0.000000   clock clk_i (rise edge)
                                  0.000000    0.000000   clock network delay (ideal)
                                  4.000000    4.000000 v input external delay
   104    0.178625    0.741440    0.543395    4.543395 v rst_ni (in)
                                                         rst_ni (net)
                      0.741440    0.000000    4.543395 v _248_/A1 (sky130_fd_sc_hd__a21oi_2)
    97    0.216746    3.998281    3.362011    7.905406 ^ _248_/Y (sky130_fd_sc_hd__a21oi_2)
                                                         _133_ (net)
                      3.998281    0.000000    7.905406 ^ _490_/B1 (sky130_fd_sc_hd__a21oi_2)
     2    0.004488    0.533934    0.402629    8.308036 v _490_/Y (sky130_fd_sc_hd__a21oi_2)
                                                         _244_ (net)
                      0.533934    0.000000    8.308036 v _494_/A2 (sky130_fd_sc_hd__o211a_2)
     1    0.001577    0.063918    0.632258    8.940293 v _494_/X (sky130_fd_sc_hd__o211a_2)
                                                         _032_ (net)
                      0.063918    0.000000    8.940293 v _626_/D (sky130_fd_sc_hd__dfxtp_2)
                                              8.940293   data arrival time

                      0.150000   20.000000   20.000000   clock clk_i (rise edge)
                                  0.000000   20.000000   clock network delay (ideal)
                                 -0.250000   19.750002   clock uncertainty
                                  0.000000   19.750002   clock reconvergence pessimism
                                             19.750002 ^ _626_/CLK (sky130_fd_sc_hd__dfxtp_2)
                                 -0.250195   19.499807   library setup time
                                             19.499807   data required time
---------------------------------------------------------------------------------------------
                                             19.499807   data required time
                                             -8.940293   data arrival time
---------------------------------------------------------------------------------------------
                                             10.559513   slack (MET)


Startpoint: rst_ni (input port clocked by clk_i)
Endpoint: _496_ (rising edge-triggered flip-flop clocked by clk_i)
Path Group: clk_i
Path Type: max

Fanout         Cap        Slew       Delay        Time   Description
---------------------------------------------------------------------------------------------
                      0.150000    0.000000    0.000000   clock clk_i (rise edge)
                                  0.000000    0.000000   clock network delay (ideal)
                                  4.000000    4.000000 ^ input external delay
   104    0.185797    1.334446    0.932605    4.932605 ^ rst_ni (in)
                                                         rst_ni (net)
                      1.334446    0.000000    4.932605 ^ _253_/B1_N (sky130_fd_sc_hd__a21boi_2)
    33    0.081716    1.527784    1.624725    6.557330 ^ _253_/Y (sky130_fd_sc_hd__a21boi_2)
                                                         _138_ (net)
                      1.527784    0.000000    6.557330 ^ _256_/A2 (sky130_fd_sc_hd__a22o_2)
     1    0.001537    0.068765    0.703742    7.261071 ^ _256_/X (sky130_fd_sc_hd__a22o_2)
                                                         _035_ (net)
                      0.068765    0.000000    7.261071 ^ _496_/D (sky130_fd_sc_hd__dfxtp_2)
                                              7.261071   data arrival time

                      0.150000   20.000000   20.000000   clock clk_i (rise edge)
                                  0.000000   20.000000   clock network delay (ideal)
                                 -0.250000   19.750002   clock uncertainty
                                  0.000000   19.750002   clock reconvergence pessimism
                                             19.750002 ^ _496_/CLK (sky130_fd_sc_hd__dfxtp_2)
                                 -0.126853   19.623148   library setup time
                                             19.623148   data required time
---------------------------------------------------------------------------------------------
                                             19.623148   data required time
                                             -7.261071   data arrival time
---------------------------------------------------------------------------------------------
                                             12.362077   slack (MET)


Startpoint: rst_ni (input port clocked by clk_i)
Endpoint: _497_ (rising edge-triggered flip-flop clocked by clk_i)
Path Group: clk_i
Path Type: max

Fanout         Cap        Slew       Delay        Time   Description
---------------------------------------------------------------------------------------------
                      0.150000    0.000000    0.000000   clock clk_i (rise edge)
                                  0.000000    0.000000   clock network delay (ideal)
                                  4.000000    4.000000 ^ input external delay
   104    0.185797    1.334446    0.932605    4.932605 ^ rst_ni (in)
                                                         rst_ni (net)
                      1.334446    0.000000    4.932605 ^ _253_/B1_N (sky130_fd_sc_hd__a21boi_2)
    33    0.081716    1.527784    1.624725    6.557330 ^ _253_/Y (sky130_fd_sc_hd__a21boi_2)
                                                         _138_ (net)
                      1.527784    0.000000    6.557330 ^ _257_/A2 (sky130_fd_sc_hd__a22o_2)
     1    0.001537    0.068765    0.703742    7.261071 ^ _257_/X (sky130_fd_sc_hd__a22o_2)
                                                         _036_ (net)
                      0.068765    0.000000    7.261071 ^ _497_/D (sky130_fd_sc_hd__dfxtp_2)
                                              7.261071   data arrival time

                      0.150000   20.000000   20.000000   clock clk_i (rise edge)
                                  0.000000   20.000000   clock network delay (ideal)
                                 -0.250000   19.750002   clock uncertainty
                                  0.000000   19.750002   clock reconvergence pessimism
                                             19.750002 ^ _497_/CLK (sky130_fd_sc_hd__dfxtp_2)
                                 -0.126853   19.623148   library setup time
                                             19.623148   data required time
---------------------------------------------------------------------------------------------
                                             19.623148   data required time
                                             -7.261071   data arrival time
---------------------------------------------------------------------------------------------
                                             12.362077   slack (MET)


Startpoint: rst_ni (input port clocked by clk_i)
Endpoint: _498_ (rising edge-triggered flip-flop clocked by clk_i)
Path Group: clk_i
Path Type: max

Fanout         Cap        Slew       Delay        Time   Description
---------------------------------------------------------------------------------------------
                      0.150000    0.000000    0.000000   clock clk_i (rise edge)
                                  0.000000    0.000000   clock network delay (ideal)
                                  4.000000    4.000000 ^ input external delay
   104    0.185797    1.334446    0.932605    4.932605 ^ rst_ni (in)
                                                         rst_ni (net)
                      1.334446    0.000000    4.932605 ^ _253_/B1_N (sky130_fd_sc_hd__a21boi_2)
    33    0.081716    1.527784    1.624725    6.557330 ^ _253_/Y (sky130_fd_sc_hd__a21boi_2)
                                                         _138_ (net)
                      1.527784    0.000000    6.557330 ^ _258_/A2 (sky130_fd_sc_hd__a22o_2)
     1    0.001537    0.068765    0.703742    7.261071 ^ _258_/X (sky130_fd_sc_hd__a22o_2)
                                                         _037_ (net)
                      0.068765    0.000000    7.261071 ^ _498_/D (sky130_fd_sc_hd__dfxtp_2)
                                              7.261071   data arrival time

                      0.150000   20.000000   20.000000   clock clk_i (rise edge)
                                  0.000000   20.000000   clock network delay (ideal)
                                 -0.250000   19.750002   clock uncertainty
                                  0.000000   19.750002   clock reconvergence pessimism
                                             19.750002 ^ _498_/CLK (sky130_fd_sc_hd__dfxtp_2)
                                 -0.126853   19.623148   library setup time
                                             19.623148   data required time
---------------------------------------------------------------------------------------------
                                             19.623148   data required time
                                             -7.261071   data arrival time
---------------------------------------------------------------------------------------------
                                             12.362077   slack (MET)


Startpoint: rst_ni (input port clocked by clk_i)
Endpoint: _499_ (rising edge-triggered flip-flop clocked by clk_i)
Path Group: clk_i
Path Type: max

Fanout         Cap        Slew       Delay        Time   Description
---------------------------------------------------------------------------------------------
                      0.150000    0.000000    0.000000   clock clk_i (rise edge)
                                  0.000000    0.000000   clock network delay (ideal)
                                  4.000000    4.000000 ^ input external delay
   104    0.185797    1.334446    0.932605    4.932605 ^ rst_ni (in)
                                                         rst_ni (net)
                      1.334446    0.000000    4.932605 ^ _253_/B1_N (sky130_fd_sc_hd__a21boi_2)
    33    0.081716    1.527784    1.624725    6.557330 ^ _253_/Y (sky130_fd_sc_hd__a21boi_2)
                                                         _138_ (net)
                      1.527784    0.000000    6.557330 ^ _259_/A2 (sky130_fd_sc_hd__a22o_2)
     1    0.001537    0.068765    0.703742    7.261071 ^ _259_/X (sky130_fd_sc_hd__a22o_2)
                                                         _038_ (net)
                      0.068765    0.000000    7.261071 ^ _499_/D (sky130_fd_sc_hd__dfxtp_2)
                                              7.261071   data arrival time

                      0.150000   20.000000   20.000000   clock clk_i (rise edge)
                                  0.000000   20.000000   clock network delay (ideal)
                                 -0.250000   19.750002   clock uncertainty
                                  0.000000   19.750002   clock reconvergence pessimism
                                             19.750002 ^ _499_/CLK (sky130_fd_sc_hd__dfxtp_2)
                                 -0.126853   19.623148   library setup time
                                             19.623148   data required time
---------------------------------------------------------------------------------------------
                                             19.623148   data required time
                                             -7.261071   data arrival time
---------------------------------------------------------------------------------------------
                                             12.362077   slack (MET)


Startpoint: rst_ni (input port clocked by clk_i)
Endpoint: _500_ (rising edge-triggered flip-flop clocked by clk_i)
Path Group: clk_i
Path Type: max

Fanout         Cap        Slew       Delay        Time   Description
---------------------------------------------------------------------------------------------
                      0.150000    0.000000    0.000000   clock clk_i (rise edge)
                                  0.000000    0.000000   clock network delay (ideal)
                                  4.000000    4.000000 ^ input external delay
   104    0.185797    1.334446    0.932605    4.932605 ^ rst_ni (in)
                                                         rst_ni (net)
                      1.334446    0.000000    4.932605 ^ _253_/B1_N (sky130_fd_sc_hd__a21boi_2)
    33    0.081716    1.527784    1.624725    6.557330 ^ _253_/Y (sky130_fd_sc_hd__a21boi_2)
                                                         _138_ (net)
                      1.527784    0.000000    6.557330 ^ _260_/A2 (sky130_fd_sc_hd__a22o_2)
     1    0.001537    0.068765    0.703742    7.261071 ^ _260_/X (sky130_fd_sc_hd__a22o_2)
                                                         _039_ (net)
                      0.068765    0.000000    7.261071 ^ _500_/D (sky130_fd_sc_hd__dfxtp_2)
                                              7.261071   data arrival time

                      0.150000   20.000000   20.000000   clock clk_i (rise edge)
                                  0.000000   20.000000   clock network delay (ideal)
                                 -0.250000   19.750002   clock uncertainty
                                  0.000000   19.750002   clock reconvergence pessimism
                                             19.750002 ^ _500_/CLK (sky130_fd_sc_hd__dfxtp_2)
                                 -0.126853   19.623148   library setup time
                                             19.623148   data required time
---------------------------------------------------------------------------------------------
                                             19.623148   data required time
                                             -7.261071   data arrival time
---------------------------------------------------------------------------------------------
                                             12.362077   slack (MET)


Startpoint: rst_ni (input port clocked by clk_i)
Endpoint: _501_ (rising edge-triggered flip-flop clocked by clk_i)
Path Group: clk_i
Path Type: max

Fanout         Cap        Slew       Delay        Time   Description
---------------------------------------------------------------------------------------------
                      0.150000    0.000000    0.000000   clock clk_i (rise edge)
                                  0.000000    0.000000   clock network delay (ideal)
                                  4.000000    4.000000 ^ input external delay
   104    0.185797    1.334446    0.932605    4.932605 ^ rst_ni (in)
                                                         rst_ni (net)
                      1.334446    0.000000    4.932605 ^ _253_/B1_N (sky130_fd_sc_hd__a21boi_2)
    33    0.081716    1.527784    1.624725    6.557330 ^ _253_/Y (sky130_fd_sc_hd__a21boi_2)
                                                         _138_ (net)
                      1.527784    0.000000    6.557330 ^ _261_/A2 (sky130_fd_sc_hd__a22o_2)
     1    0.001537    0.068765    0.703742    7.261071 ^ _261_/X (sky130_fd_sc_hd__a22o_2)
                                                         _040_ (net)
                      0.068765    0.000000    7.261071 ^ _501_/D (sky130_fd_sc_hd__dfxtp_2)
                                              7.261071   data arrival time

                      0.150000   20.000000   20.000000   clock clk_i (rise edge)
                                  0.000000   20.000000   clock network delay (ideal)
                                 -0.250000   19.750002   clock uncertainty
                                  0.000000   19.750002   clock reconvergence pessimism
                                             19.750002 ^ _501_/CLK (sky130_fd_sc_hd__dfxtp_2)
                                 -0.126853   19.623148   library setup time
                                             19.623148   data required time
---------------------------------------------------------------------------------------------
                                             19.623148   data required time
                                             -7.261071   data arrival time
---------------------------------------------------------------------------------------------
                                             12.362077   slack (MET)


Startpoint: rst_ni (input port clocked by clk_i)
Endpoint: _502_ (rising edge-triggered flip-flop clocked by clk_i)
Path Group: clk_i
Path Type: max

Fanout         Cap        Slew       Delay        Time   Description
---------------------------------------------------------------------------------------------
                      0.150000    0.000000    0.000000   clock clk_i (rise edge)
                                  0.000000    0.000000   clock network delay (ideal)
                                  4.000000    4.000000 ^ input external delay
   104    0.185797    1.334446    0.932605    4.932605 ^ rst_ni (in)
                                                         rst_ni (net)
                      1.334446    0.000000    4.932605 ^ _253_/B1_N (sky130_fd_sc_hd__a21boi_2)
    33    0.081716    1.527784    1.624725    6.557330 ^ _253_/Y (sky130_fd_sc_hd__a21boi_2)
                                                         _138_ (net)
                      1.527784    0.000000    6.557330 ^ _262_/A2 (sky130_fd_sc_hd__a22o_2)
     1    0.001537    0.068765    0.703742    7.261071 ^ _262_/X (sky130_fd_sc_hd__a22o_2)
                                                         _041_ (net)
                      0.068765    0.000000    7.261071 ^ _502_/D (sky130_fd_sc_hd__dfxtp_2)
                                              7.261071   data arrival time

                      0.150000   20.000000   20.000000   clock clk_i (rise edge)
                                  0.000000   20.000000   clock network delay (ideal)
                                 -0.250000   19.750002   clock uncertainty
                                  0.000000   19.750002   clock reconvergence pessimism
                                             19.750002 ^ _502_/CLK (sky130_fd_sc_hd__dfxtp_2)
                                 -0.126853   19.623148   library setup time
                                             19.623148   data required time
---------------------------------------------------------------------------------------------
                                             19.623148   data required time
                                             -7.261071   data arrival time
---------------------------------------------------------------------------------------------
                                             12.362077   slack (MET)


Startpoint: rst_ni (input port clocked by clk_i)
Endpoint: _503_ (rising edge-triggered flip-flop clocked by clk_i)
Path Group: clk_i
Path Type: max

Fanout         Cap        Slew       Delay        Time   Description
---------------------------------------------------------------------------------------------
                      0.150000    0.000000    0.000000   clock clk_i (rise edge)
                                  0.000000    0.000000   clock network delay (ideal)
                                  4.000000    4.000000 ^ input external delay
   104    0.185797    1.334446    0.932605    4.932605 ^ rst_ni (in)
                                                         rst_ni (net)
                      1.334446    0.000000    4.932605 ^ _253_/B1_N (sky130_fd_sc_hd__a21boi_2)
    33    0.081716    1.527784    1.624725    6.557330 ^ _253_/Y (sky130_fd_sc_hd__a21boi_2)
                                                         _138_ (net)
                      1.527784    0.000000    6.557330 ^ _263_/A2 (sky130_fd_sc_hd__a22o_2)
     1    0.001537    0.068765    0.703742    7.261071 ^ _263_/X (sky130_fd_sc_hd__a22o_2)
                                                         _042_ (net)
                      0.068765    0.000000    7.261071 ^ _503_/D (sky130_fd_sc_hd__dfxtp_2)
                                              7.261071   data arrival time

                      0.150000   20.000000   20.000000   clock clk_i (rise edge)
                                  0.000000   20.000000   clock network delay (ideal)
                                 -0.250000   19.750002   clock uncertainty
                                  0.000000   19.750002   clock reconvergence pessimism
                                             19.750002 ^ _503_/CLK (sky130_fd_sc_hd__dfxtp_2)
                                 -0.126853   19.623148   library setup time
                                             19.623148   data required time
---------------------------------------------------------------------------------------------
                                             19.623148   data required time
                                             -7.261071   data arrival time
---------------------------------------------------------------------------------------------
                                             12.362077   slack (MET)


Startpoint: rst_ni (input port clocked by clk_i)
Endpoint: _504_ (rising edge-triggered flip-flop clocked by clk_i)
Path Group: clk_i
Path Type: max

Fanout         Cap        Slew       Delay        Time   Description
---------------------------------------------------------------------------------------------
                      0.150000    0.000000    0.000000   clock clk_i (rise edge)
                                  0.000000    0.000000   clock network delay (ideal)
                                  4.000000    4.000000 ^ input external delay
   104    0.185797    1.334446    0.932605    4.932605 ^ rst_ni (in)
                                                         rst_ni (net)
                      1.334446    0.000000    4.932605 ^ _253_/B1_N (sky130_fd_sc_hd__a21boi_2)
    33    0.081716    1.527784    1.624725    6.557330 ^ _253_/Y (sky130_fd_sc_hd__a21boi_2)
                                                         _138_ (net)
                      1.527784    0.000000    6.557330 ^ _264_/A2 (sky130_fd_sc_hd__a22o_2)
     1    0.001537    0.068765    0.703742    7.261071 ^ _264_/X (sky130_fd_sc_hd__a22o_2)
                                                         _043_ (net)
                      0.068765    0.000000    7.261071 ^ _504_/D (sky130_fd_sc_hd__dfxtp_2)
                                              7.261071   data arrival time

                      0.150000   20.000000   20.000000   clock clk_i (rise edge)
                                  0.000000   20.000000   clock network delay (ideal)
                                 -0.250000   19.750002   clock uncertainty
                                  0.000000   19.750002   clock reconvergence pessimism
                                             19.750002 ^ _504_/CLK (sky130_fd_sc_hd__dfxtp_2)
                                 -0.126853   19.623148   library setup time
                                             19.623148   data required time
---------------------------------------------------------------------------------------------
                                             19.623148   data required time
                                             -7.261071   data arrival time
---------------------------------------------------------------------------------------------
                                             12.362077   slack (MET)


Startpoint: rst_ni (input port clocked by clk_i)
Endpoint: _505_ (rising edge-triggered flip-flop clocked by clk_i)
Path Group: clk_i
Path Type: max

Fanout         Cap        Slew       Delay        Time   Description
---------------------------------------------------------------------------------------------
                      0.150000    0.000000    0.000000   clock clk_i (rise edge)
                                  0.000000    0.000000   clock network delay (ideal)
                                  4.000000    4.000000 ^ input external delay
   104    0.185797    1.334446    0.932605    4.932605 ^ rst_ni (in)
                                                         rst_ni (net)
                      1.334446    0.000000    4.932605 ^ _253_/B1_N (sky130_fd_sc_hd__a21boi_2)
    33    0.081716    1.527784    1.624725    6.557330 ^ _253_/Y (sky130_fd_sc_hd__a21boi_2)
                                                         _138_ (net)
                      1.527784    0.000000    6.557330 ^ _265_/A2 (sky130_fd_sc_hd__a22o_2)
     1    0.001537    0.068765    0.703742    7.261071 ^ _265_/X (sky130_fd_sc_hd__a22o_2)
                                                         _044_ (net)
                      0.068765    0.000000    7.261071 ^ _505_/D (sky130_fd_sc_hd__dfxtp_2)
                                              7.261071   data arrival time

                      0.150000   20.000000   20.000000   clock clk_i (rise edge)
                                  0.000000   20.000000   clock network delay (ideal)
                                 -0.250000   19.750002   clock uncertainty
                                  0.000000   19.750002   clock reconvergence pessimism
                                             19.750002 ^ _505_/CLK (sky130_fd_sc_hd__dfxtp_2)
                                 -0.126853   19.623148   library setup time
                                             19.623148   data required time
---------------------------------------------------------------------------------------------
                                             19.623148   data required time
                                             -7.261071   data arrival time
---------------------------------------------------------------------------------------------
                                             12.362077   slack (MET)


Startpoint: rst_ni (input port clocked by clk_i)
Endpoint: _506_ (rising edge-triggered flip-flop clocked by clk_i)
Path Group: clk_i
Path Type: max

Fanout         Cap        Slew       Delay        Time   Description
---------------------------------------------------------------------------------------------
                      0.150000    0.000000    0.000000   clock clk_i (rise edge)
                                  0.000000    0.000000   clock network delay (ideal)
                                  4.000000    4.000000 ^ input external delay
   104    0.185797    1.334446    0.932605    4.932605 ^ rst_ni (in)
                                                         rst_ni (net)
                      1.334446    0.000000    4.932605 ^ _253_/B1_N (sky130_fd_sc_hd__a21boi_2)
    33    0.081716    1.527784    1.624725    6.557330 ^ _253_/Y (sky130_fd_sc_hd__a21boi_2)
                                                         _138_ (net)
                      1.527784    0.000000    6.557330 ^ _266_/A2 (sky130_fd_sc_hd__a22o_2)
     1    0.001537    0.068765    0.703742    7.261071 ^ _266_/X (sky130_fd_sc_hd__a22o_2)
                                                         _045_ (net)
                      0.068765    0.000000    7.261071 ^ _506_/D (sky130_fd_sc_hd__dfxtp_2)
                                              7.261071   data arrival time

                      0.150000   20.000000   20.000000   clock clk_i (rise edge)
                                  0.000000   20.000000   clock network delay (ideal)
                                 -0.250000   19.750002   clock uncertainty
                                  0.000000   19.750002   clock reconvergence pessimism
                                             19.750002 ^ _506_/CLK (sky130_fd_sc_hd__dfxtp_2)
                                 -0.126853   19.623148   library setup time
                                             19.623148   data required time
---------------------------------------------------------------------------------------------
                                             19.623148   data required time
                                             -7.261071   data arrival time
---------------------------------------------------------------------------------------------
                                             12.362077   slack (MET)


Startpoint: rst_ni (input port clocked by clk_i)
Endpoint: _507_ (rising edge-triggered flip-flop clocked by clk_i)
Path Group: clk_i
Path Type: max

Fanout         Cap        Slew       Delay        Time   Description
---------------------------------------------------------------------------------------------
                      0.150000    0.000000    0.000000   clock clk_i (rise edge)
                                  0.000000    0.000000   clock network delay (ideal)
                                  4.000000    4.000000 ^ input external delay
   104    0.185797    1.334446    0.932605    4.932605 ^ rst_ni (in)
                                                         rst_ni (net)
                      1.334446    0.000000    4.932605 ^ _253_/B1_N (sky130_fd_sc_hd__a21boi_2)
    33    0.081716    1.527784    1.624725    6.557330 ^ _253_/Y (sky130_fd_sc_hd__a21boi_2)
                                                         _138_ (net)
                      1.527784    0.000000    6.557330 ^ _267_/A2 (sky130_fd_sc_hd__a22o_2)
     1    0.001537    0.068765    0.703742    7.261071 ^ _267_/X (sky130_fd_sc_hd__a22o_2)
                                                         _046_ (net)
                      0.068765    0.000000    7.261071 ^ _507_/D (sky130_fd_sc_hd__dfxtp_2)
                                              7.261071   data arrival time

                      0.150000   20.000000   20.000000   clock clk_i (rise edge)
                                  0.000000   20.000000   clock network delay (ideal)
                                 -0.250000   19.750002   clock uncertainty
                                  0.000000   19.750002   clock reconvergence pessimism
                                             19.750002 ^ _507_/CLK (sky130_fd_sc_hd__dfxtp_2)
                                 -0.126853   19.623148   library setup time
                                             19.623148   data required time
---------------------------------------------------------------------------------------------
                                             19.623148   data required time
                                             -7.261071   data arrival time
---------------------------------------------------------------------------------------------
                                             12.362077   slack (MET)


Startpoint: rst_ni (input port clocked by clk_i)
Endpoint: _508_ (rising edge-triggered flip-flop clocked by clk_i)
Path Group: clk_i
Path Type: max

Fanout         Cap        Slew       Delay        Time   Description
---------------------------------------------------------------------------------------------
                      0.150000    0.000000    0.000000   clock clk_i (rise edge)
                                  0.000000    0.000000   clock network delay (ideal)
                                  4.000000    4.000000 ^ input external delay
   104    0.185797    1.334446    0.932605    4.932605 ^ rst_ni (in)
                                                         rst_ni (net)
                      1.334446    0.000000    4.932605 ^ _253_/B1_N (sky130_fd_sc_hd__a21boi_2)
    33    0.081716    1.527784    1.624725    6.557330 ^ _253_/Y (sky130_fd_sc_hd__a21boi_2)
                                                         _138_ (net)
                      1.527784    0.000000    6.557330 ^ _268_/A2 (sky130_fd_sc_hd__a22o_2)
     1    0.001537    0.068765    0.703742    7.261071 ^ _268_/X (sky130_fd_sc_hd__a22o_2)
                                                         _047_ (net)
                      0.068765    0.000000    7.261071 ^ _508_/D (sky130_fd_sc_hd__dfxtp_2)
                                              7.261071   data arrival time

                      0.150000   20.000000   20.000000   clock clk_i (rise edge)
                                  0.000000   20.000000   clock network delay (ideal)
                                 -0.250000   19.750002   clock uncertainty
                                  0.000000   19.750002   clock reconvergence pessimism
                                             19.750002 ^ _508_/CLK (sky130_fd_sc_hd__dfxtp_2)
                                 -0.126853   19.623148   library setup time
                                             19.623148   data required time
---------------------------------------------------------------------------------------------
                                             19.623148   data required time
                                             -7.261071   data arrival time
---------------------------------------------------------------------------------------------
                                             12.362077   slack (MET)


Startpoint: rst_ni (input port clocked by clk_i)
Endpoint: _509_ (rising edge-triggered flip-flop clocked by clk_i)
Path Group: clk_i
Path Type: max

Fanout         Cap        Slew       Delay        Time   Description
---------------------------------------------------------------------------------------------
                      0.150000    0.000000    0.000000   clock clk_i (rise edge)
                                  0.000000    0.000000   clock network delay (ideal)
                                  4.000000    4.000000 ^ input external delay
   104    0.185797    1.334446    0.932605    4.932605 ^ rst_ni (in)
                                                         rst_ni (net)
                      1.334446    0.000000    4.932605 ^ _253_/B1_N (sky130_fd_sc_hd__a21boi_2)
    33    0.081716    1.527784    1.624725    6.557330 ^ _253_/Y (sky130_fd_sc_hd__a21boi_2)
                                                         _138_ (net)
                      1.527784    0.000000    6.557330 ^ _269_/A2 (sky130_fd_sc_hd__a22o_2)
     1    0.001537    0.068765    0.703742    7.261071 ^ _269_/X (sky130_fd_sc_hd__a22o_2)
                                                         _048_ (net)
                      0.068765    0.000000    7.261071 ^ _509_/D (sky130_fd_sc_hd__dfxtp_2)
                                              7.261071   data arrival time

                      0.150000   20.000000   20.000000   clock clk_i (rise edge)
                                  0.000000   20.000000   clock network delay (ideal)
                                 -0.250000   19.750002   clock uncertainty
                                  0.000000   19.750002   clock reconvergence pessimism
                                             19.750002 ^ _509_/CLK (sky130_fd_sc_hd__dfxtp_2)
                                 -0.126853   19.623148   library setup time
                                             19.623148   data required time
---------------------------------------------------------------------------------------------
                                             19.623148   data required time
                                             -7.261071   data arrival time
---------------------------------------------------------------------------------------------
                                             12.362077   slack (MET)


Startpoint: rst_ni (input port clocked by clk_i)
Endpoint: _510_ (rising edge-triggered flip-flop clocked by clk_i)
Path Group: clk_i
Path Type: max

Fanout         Cap        Slew       Delay        Time   Description
---------------------------------------------------------------------------------------------
                      0.150000    0.000000    0.000000   clock clk_i (rise edge)
                                  0.000000    0.000000   clock network delay (ideal)
                                  4.000000    4.000000 ^ input external delay
   104    0.185797    1.334446    0.932605    4.932605 ^ rst_ni (in)
                                                         rst_ni (net)
                      1.334446    0.000000    4.932605 ^ _253_/B1_N (sky130_fd_sc_hd__a21boi_2)
    33    0.081716    1.527784    1.624725    6.557330 ^ _253_/Y (sky130_fd_sc_hd__a21boi_2)
                                                         _138_ (net)
                      1.527784    0.000000    6.557330 ^ _270_/A2 (sky130_fd_sc_hd__a22o_2)
     1    0.001537    0.068765    0.703742    7.261071 ^ _270_/X (sky130_fd_sc_hd__a22o_2)
                                                         _049_ (net)
                      0.068765    0.000000    7.261071 ^ _510_/D (sky130_fd_sc_hd__dfxtp_2)
                                              7.261071   data arrival time

                      0.150000   20.000000   20.000000   clock clk_i (rise edge)
                                  0.000000   20.000000   clock network delay (ideal)
                                 -0.250000   19.750002   clock uncertainty
                                  0.000000   19.750002   clock reconvergence pessimism
                                             19.750002 ^ _510_/CLK (sky130_fd_sc_hd__dfxtp_2)
                                 -0.126853   19.623148   library setup time
                                             19.623148   data required time
---------------------------------------------------------------------------------------------
                                             19.623148   data required time
                                             -7.261071   data arrival time
---------------------------------------------------------------------------------------------
                                             12.362077   slack (MET)


Startpoint: rst_ni (input port clocked by clk_i)
Endpoint: _511_ (rising edge-triggered flip-flop clocked by clk_i)
Path Group: clk_i
Path Type: max

Fanout         Cap        Slew       Delay        Time   Description
---------------------------------------------------------------------------------------------
                      0.150000    0.000000    0.000000   clock clk_i (rise edge)
                                  0.000000    0.000000   clock network delay (ideal)
                                  4.000000    4.000000 ^ input external delay
   104    0.185797    1.334446    0.932605    4.932605 ^ rst_ni (in)
                                                         rst_ni (net)
                      1.334446    0.000000    4.932605 ^ _253_/B1_N (sky130_fd_sc_hd__a21boi_2)
    33    0.081716    1.527784    1.624725    6.557330 ^ _253_/Y (sky130_fd_sc_hd__a21boi_2)
                                                         _138_ (net)
                      1.527784    0.000000    6.557330 ^ _271_/A2 (sky130_fd_sc_hd__a22o_2)
     1    0.001537    0.068765    0.703742    7.261071 ^ _271_/X (sky130_fd_sc_hd__a22o_2)
                                                         _050_ (net)
                      0.068765    0.000000    7.261071 ^ _511_/D (sky130_fd_sc_hd__dfxtp_2)
                                              7.261071   data arrival time

                      0.150000   20.000000   20.000000   clock clk_i (rise edge)
                                  0.000000   20.000000   clock network delay (ideal)
                                 -0.250000   19.750002   clock uncertainty
                                  0.000000   19.750002   clock reconvergence pessimism
                                             19.750002 ^ _511_/CLK (sky130_fd_sc_hd__dfxtp_2)
                                 -0.126853   19.623148   library setup time
                                             19.623148   data required time
---------------------------------------------------------------------------------------------
                                             19.623148   data required time
                                             -7.261071   data arrival time
---------------------------------------------------------------------------------------------
                                             12.362077   slack (MET)


Startpoint: rst_ni (input port clocked by clk_i)
Endpoint: _512_ (rising edge-triggered flip-flop clocked by clk_i)
Path Group: clk_i
Path Type: max

Fanout         Cap        Slew       Delay        Time   Description
---------------------------------------------------------------------------------------------
                      0.150000    0.000000    0.000000   clock clk_i (rise edge)
                                  0.000000    0.000000   clock network delay (ideal)
                                  4.000000    4.000000 ^ input external delay
   104    0.185797    1.334446    0.932605    4.932605 ^ rst_ni (in)
                                                         rst_ni (net)
                      1.334446    0.000000    4.932605 ^ _253_/B1_N (sky130_fd_sc_hd__a21boi_2)
    33    0.081716    1.527784    1.624725    6.557330 ^ _253_/Y (sky130_fd_sc_hd__a21boi_2)
                                                         _138_ (net)
                      1.527784    0.000000    6.557330 ^ _272_/A2 (sky130_fd_sc_hd__a22o_2)
     1    0.001537    0.068765    0.703742    7.261071 ^ _272_/X (sky130_fd_sc_hd__a22o_2)
                                                         _051_ (net)
                      0.068765    0.000000    7.261071 ^ _512_/D (sky130_fd_sc_hd__dfxtp_2)
                                              7.261071   data arrival time

                      0.150000   20.000000   20.000000   clock clk_i (rise edge)
                                  0.000000   20.000000   clock network delay (ideal)
                                 -0.250000   19.750002   clock uncertainty
                                  0.000000   19.750002   clock reconvergence pessimism
                                             19.750002 ^ _512_/CLK (sky130_fd_sc_hd__dfxtp_2)
                                 -0.126853   19.623148   library setup time
                                             19.623148   data required time
---------------------------------------------------------------------------------------------
                                             19.623148   data required time
                                             -7.261071   data arrival time
---------------------------------------------------------------------------------------------
                                             12.362077   slack (MET)


Startpoint: rst_ni (input port clocked by clk_i)
Endpoint: _513_ (rising edge-triggered flip-flop clocked by clk_i)
Path Group: clk_i
Path Type: max

Fanout         Cap        Slew       Delay        Time   Description
---------------------------------------------------------------------------------------------
                      0.150000    0.000000    0.000000   clock clk_i (rise edge)
                                  0.000000    0.000000   clock network delay (ideal)
                                  4.000000    4.000000 ^ input external delay
   104    0.185797    1.334446    0.932605    4.932605 ^ rst_ni (in)
                                                         rst_ni (net)
                      1.334446    0.000000    4.932605 ^ _253_/B1_N (sky130_fd_sc_hd__a21boi_2)
    33    0.081716    1.527784    1.624725    6.557330 ^ _253_/Y (sky130_fd_sc_hd__a21boi_2)
                                                         _138_ (net)
                      1.527784    0.000000    6.557330 ^ _273_/A2 (sky130_fd_sc_hd__a22o_2)
     1    0.001537    0.068765    0.703742    7.261071 ^ _273_/X (sky130_fd_sc_hd__a22o_2)
                                                         _052_ (net)
                      0.068765    0.000000    7.261071 ^ _513_/D (sky130_fd_sc_hd__dfxtp_2)
                                              7.261071   data arrival time

                      0.150000   20.000000   20.000000   clock clk_i (rise edge)
                                  0.000000   20.000000   clock network delay (ideal)
                                 -0.250000   19.750002   clock uncertainty
                                  0.000000   19.750002   clock reconvergence pessimism
                                             19.750002 ^ _513_/CLK (sky130_fd_sc_hd__dfxtp_2)
                                 -0.126853   19.623148   library setup time
                                             19.623148   data required time
---------------------------------------------------------------------------------------------
                                             19.623148   data required time
                                             -7.261071   data arrival time
---------------------------------------------------------------------------------------------
                                             12.362077   slack (MET)


Startpoint: rst_ni (input port clocked by clk_i)
Endpoint: _514_ (rising edge-triggered flip-flop clocked by clk_i)
Path Group: clk_i
Path Type: max

Fanout         Cap        Slew       Delay        Time   Description
---------------------------------------------------------------------------------------------
                      0.150000    0.000000    0.000000   clock clk_i (rise edge)
                                  0.000000    0.000000   clock network delay (ideal)
                                  4.000000    4.000000 ^ input external delay
   104    0.185797    1.334446    0.932605    4.932605 ^ rst_ni (in)
                                                         rst_ni (net)
                      1.334446    0.000000    4.932605 ^ _253_/B1_N (sky130_fd_sc_hd__a21boi_2)
    33    0.081716    1.527784    1.624725    6.557330 ^ _253_/Y (sky130_fd_sc_hd__a21boi_2)
                                                         _138_ (net)
                      1.527784    0.000000    6.557330 ^ _274_/A2 (sky130_fd_sc_hd__a22o_2)
     1    0.001537    0.068765    0.703742    7.261071 ^ _274_/X (sky130_fd_sc_hd__a22o_2)
                                                         _053_ (net)
                      0.068765    0.000000    7.261071 ^ _514_/D (sky130_fd_sc_hd__dfxtp_2)
                                              7.261071   data arrival time

                      0.150000   20.000000   20.000000   clock clk_i (rise edge)
                                  0.000000   20.000000   clock network delay (ideal)
                                 -0.250000   19.750002   clock uncertainty
                                  0.000000   19.750002   clock reconvergence pessimism
                                             19.750002 ^ _514_/CLK (sky130_fd_sc_hd__dfxtp_2)
                                 -0.126853   19.623148   library setup time
                                             19.623148   data required time
---------------------------------------------------------------------------------------------
                                             19.623148   data required time
                                             -7.261071   data arrival time
---------------------------------------------------------------------------------------------
                                             12.362077   slack (MET)


Startpoint: rst_ni (input port clocked by clk_i)
Endpoint: _515_ (rising edge-triggered flip-flop clocked by clk_i)
Path Group: clk_i
Path Type: max

Fanout         Cap        Slew       Delay        Time   Description
---------------------------------------------------------------------------------------------
                      0.150000    0.000000    0.000000   clock clk_i (rise edge)
                                  0.000000    0.000000   clock network delay (ideal)
                                  4.000000    4.000000 ^ input external delay
   104    0.185797    1.334446    0.932605    4.932605 ^ rst_ni (in)
                                                         rst_ni (net)
                      1.334446    0.000000    4.932605 ^ _253_/B1_N (sky130_fd_sc_hd__a21boi_2)
    33    0.081716    1.527784    1.624725    6.557330 ^ _253_/Y (sky130_fd_sc_hd__a21boi_2)
                                                         _138_ (net)
                      1.527784    0.000000    6.557330 ^ _275_/A2 (sky130_fd_sc_hd__a22o_2)
     1    0.001537    0.068765    0.703742    7.261071 ^ _275_/X (sky130_fd_sc_hd__a22o_2)
                                                         _054_ (net)
                      0.068765    0.000000    7.261071 ^ _515_/D (sky130_fd_sc_hd__dfxtp_2)
                                              7.261071   data arrival time

                      0.150000   20.000000   20.000000   clock clk_i (rise edge)
                                  0.000000   20.000000   clock network delay (ideal)
                                 -0.250000   19.750002   clock uncertainty
                                  0.000000   19.750002   clock reconvergence pessimism
                                             19.750002 ^ _515_/CLK (sky130_fd_sc_hd__dfxtp_2)
                                 -0.126853   19.623148   library setup time
                                             19.623148   data required time
---------------------------------------------------------------------------------------------
                                             19.623148   data required time
                                             -7.261071   data arrival time
---------------------------------------------------------------------------------------------
                                             12.362077   slack (MET)


Startpoint: rst_ni (input port clocked by clk_i)
Endpoint: _516_ (rising edge-triggered flip-flop clocked by clk_i)
Path Group: clk_i
Path Type: max

Fanout         Cap        Slew       Delay        Time   Description
---------------------------------------------------------------------------------------------
                      0.150000    0.000000    0.000000   clock clk_i (rise edge)
                                  0.000000    0.000000   clock network delay (ideal)
                                  4.000000    4.000000 ^ input external delay
   104    0.185797    1.334446    0.932605    4.932605 ^ rst_ni (in)
                                                         rst_ni (net)
                      1.334446    0.000000    4.932605 ^ _253_/B1_N (sky130_fd_sc_hd__a21boi_2)
    33    0.081716    1.527784    1.624725    6.557330 ^ _253_/Y (sky130_fd_sc_hd__a21boi_2)
                                                         _138_ (net)
                      1.527784    0.000000    6.557330 ^ _276_/A2 (sky130_fd_sc_hd__a22o_2)
     1    0.001537    0.068765    0.703742    7.261071 ^ _276_/X (sky130_fd_sc_hd__a22o_2)
                                                         _055_ (net)
                      0.068765    0.000000    7.261071 ^ _516_/D (sky130_fd_sc_hd__dfxtp_2)
                                              7.261071   data arrival time

                      0.150000   20.000000   20.000000   clock clk_i (rise edge)
                                  0.000000   20.000000   clock network delay (ideal)
                                 -0.250000   19.750002   clock uncertainty
                                  0.000000   19.750002   clock reconvergence pessimism
                                             19.750002 ^ _516_/CLK (sky130_fd_sc_hd__dfxtp_2)
                                 -0.126853   19.623148   library setup time
                                             19.623148   data required time
---------------------------------------------------------------------------------------------
                                             19.623148   data required time
                                             -7.261071   data arrival time
---------------------------------------------------------------------------------------------
                                             12.362077   slack (MET)


Startpoint: rst_ni (input port clocked by clk_i)
Endpoint: _517_ (rising edge-triggered flip-flop clocked by clk_i)
Path Group: clk_i
Path Type: max

Fanout         Cap        Slew       Delay        Time   Description
---------------------------------------------------------------------------------------------
                      0.150000    0.000000    0.000000   clock clk_i (rise edge)
                                  0.000000    0.000000   clock network delay (ideal)
                                  4.000000    4.000000 ^ input external delay
   104    0.185797    1.334446    0.932605    4.932605 ^ rst_ni (in)
                                                         rst_ni (net)
                      1.334446    0.000000    4.932605 ^ _253_/B1_N (sky130_fd_sc_hd__a21boi_2)
    33    0.081716    1.527784    1.624725    6.557330 ^ _253_/Y (sky130_fd_sc_hd__a21boi_2)
                                                         _138_ (net)
                      1.527784    0.000000    6.557330 ^ _277_/A2 (sky130_fd_sc_hd__a22o_2)
     1    0.001537    0.068765    0.703742    7.261071 ^ _277_/X (sky130_fd_sc_hd__a22o_2)
                                                         _056_ (net)
                      0.068765    0.000000    7.261071 ^ _517_/D (sky130_fd_sc_hd__dfxtp_2)
                                              7.261071   data arrival time

                      0.150000   20.000000   20.000000   clock clk_i (rise edge)
                                  0.000000   20.000000   clock network delay (ideal)
                                 -0.250000   19.750002   clock uncertainty
                                  0.000000   19.750002   clock reconvergence pessimism
                                             19.750002 ^ _517_/CLK (sky130_fd_sc_hd__dfxtp_2)
                                 -0.126853   19.623148   library setup time
                                             19.623148   data required time
---------------------------------------------------------------------------------------------
                                             19.623148   data required time
                                             -7.261071   data arrival time
---------------------------------------------------------------------------------------------
                                             12.362077   slack (MET)


Startpoint: rst_ni (input port clocked by clk_i)
Endpoint: _518_ (rising edge-triggered flip-flop clocked by clk_i)
Path Group: clk_i
Path Type: max

Fanout         Cap        Slew       Delay        Time   Description
---------------------------------------------------------------------------------------------
                      0.150000    0.000000    0.000000   clock clk_i (rise edge)
                                  0.000000    0.000000   clock network delay (ideal)
                                  4.000000    4.000000 ^ input external delay
   104    0.185797    1.334446    0.932605    4.932605 ^ rst_ni (in)
                                                         rst_ni (net)
                      1.334446    0.000000    4.932605 ^ _253_/B1_N (sky130_fd_sc_hd__a21boi_2)
    33    0.081716    1.527784    1.624725    6.557330 ^ _253_/Y (sky130_fd_sc_hd__a21boi_2)
                                                         _138_ (net)
                      1.527784    0.000000    6.557330 ^ _278_/A2 (sky130_fd_sc_hd__a22o_2)
     1    0.001537    0.068765    0.703742    7.261071 ^ _278_/X (sky130_fd_sc_hd__a22o_2)
                                                         _057_ (net)
                      0.068765    0.000000    7.261071 ^ _518_/D (sky130_fd_sc_hd__dfxtp_2)
                                              7.261071   data arrival time

                      0.150000   20.000000   20.000000   clock clk_i (rise edge)
                                  0.000000   20.000000   clock network delay (ideal)
                                 -0.250000   19.750002   clock uncertainty
                                  0.000000   19.750002   clock reconvergence pessimism
                                             19.750002 ^ _518_/CLK (sky130_fd_sc_hd__dfxtp_2)
                                 -0.126853   19.623148   library setup time
                                             19.623148   data required time
---------------------------------------------------------------------------------------------
                                             19.623148   data required time
                                             -7.261071   data arrival time
---------------------------------------------------------------------------------------------
                                             12.362077   slack (MET)


Startpoint: rst_ni (input port clocked by clk_i)
Endpoint: _519_ (rising edge-triggered flip-flop clocked by clk_i)
Path Group: clk_i
Path Type: max

Fanout         Cap        Slew       Delay        Time   Description
---------------------------------------------------------------------------------------------
                      0.150000    0.000000    0.000000   clock clk_i (rise edge)
                                  0.000000    0.000000   clock network delay (ideal)
                                  4.000000    4.000000 ^ input external delay
   104    0.185797    1.334446    0.932605    4.932605 ^ rst_ni (in)
                                                         rst_ni (net)
                      1.334446    0.000000    4.932605 ^ _253_/B1_N (sky130_fd_sc_hd__a21boi_2)
    33    0.081716    1.527784    1.624725    6.557330 ^ _253_/Y (sky130_fd_sc_hd__a21boi_2)
                                                         _138_ (net)
                      1.527784    0.000000    6.557330 ^ _279_/A2 (sky130_fd_sc_hd__a22o_2)
     1    0.001537    0.068765    0.703742    7.261071 ^ _279_/X (sky130_fd_sc_hd__a22o_2)
                                                         _058_ (net)
                      0.068765    0.000000    7.261071 ^ _519_/D (sky130_fd_sc_hd__dfxtp_2)
                                              7.261071   data arrival time

                      0.150000   20.000000   20.000000   clock clk_i (rise edge)
                                  0.000000   20.000000   clock network delay (ideal)
                                 -0.250000   19.750002   clock uncertainty
                                  0.000000   19.750002   clock reconvergence pessimism
                                             19.750002 ^ _519_/CLK (sky130_fd_sc_hd__dfxtp_2)
                                 -0.126853   19.623148   library setup time
                                             19.623148   data required time
---------------------------------------------------------------------------------------------
                                             19.623148   data required time
                                             -7.261071   data arrival time
---------------------------------------------------------------------------------------------
                                             12.362077   slack (MET)


Startpoint: rst_ni (input port clocked by clk_i)
Endpoint: _520_ (rising edge-triggered flip-flop clocked by clk_i)
Path Group: clk_i
Path Type: max

Fanout         Cap        Slew       Delay        Time   Description
---------------------------------------------------------------------------------------------
                      0.150000    0.000000    0.000000   clock clk_i (rise edge)
                                  0.000000    0.000000   clock network delay (ideal)
                                  4.000000    4.000000 ^ input external delay
   104    0.185797    1.334446    0.932605    4.932605 ^ rst_ni (in)
                                                         rst_ni (net)
                      1.334446    0.000000    4.932605 ^ _253_/B1_N (sky130_fd_sc_hd__a21boi_2)
    33    0.081716    1.527784    1.624725    6.557330 ^ _253_/Y (sky130_fd_sc_hd__a21boi_2)
                                                         _138_ (net)
                      1.527784    0.000000    6.557330 ^ _280_/A2 (sky130_fd_sc_hd__a22o_2)
     1    0.001537    0.068765    0.703742    7.261071 ^ _280_/X (sky130_fd_sc_hd__a22o_2)
                                                         _059_ (net)
                      0.068765    0.000000    7.261071 ^ _520_/D (sky130_fd_sc_hd__dfxtp_2)
                                              7.261071   data arrival time

                      0.150000   20.000000   20.000000   clock clk_i (rise edge)
                                  0.000000   20.000000   clock network delay (ideal)
                                 -0.250000   19.750002   clock uncertainty
                                  0.000000   19.750002   clock reconvergence pessimism
                                             19.750002 ^ _520_/CLK (sky130_fd_sc_hd__dfxtp_2)
                                 -0.126853   19.623148   library setup time
                                             19.623148   data required time
---------------------------------------------------------------------------------------------
                                             19.623148   data required time
                                             -7.261071   data arrival time
---------------------------------------------------------------------------------------------
                                             12.362077   slack (MET)


Startpoint: rst_ni (input port clocked by clk_i)
Endpoint: _521_ (rising edge-triggered flip-flop clocked by clk_i)
Path Group: clk_i
Path Type: max

Fanout         Cap        Slew       Delay        Time   Description
---------------------------------------------------------------------------------------------
                      0.150000    0.000000    0.000000   clock clk_i (rise edge)
                                  0.000000    0.000000   clock network delay (ideal)
                                  4.000000    4.000000 ^ input external delay
   104    0.185797    1.334446    0.932605    4.932605 ^ rst_ni (in)
                                                         rst_ni (net)
                      1.334446    0.000000    4.932605 ^ _253_/B1_N (sky130_fd_sc_hd__a21boi_2)
    33    0.081716    1.527784    1.624725    6.557330 ^ _253_/Y (sky130_fd_sc_hd__a21boi_2)
                                                         _138_ (net)
                      1.527784    0.000000    6.557330 ^ _281_/A2 (sky130_fd_sc_hd__a22o_2)
     1    0.001537    0.068765    0.703742    7.261071 ^ _281_/X (sky130_fd_sc_hd__a22o_2)
                                                         _060_ (net)
                      0.068765    0.000000    7.261071 ^ _521_/D (sky130_fd_sc_hd__dfxtp_2)
                                              7.261071   data arrival time

                      0.150000   20.000000   20.000000   clock clk_i (rise edge)
                                  0.000000   20.000000   clock network delay (ideal)
                                 -0.250000   19.750002   clock uncertainty
                                  0.000000   19.750002   clock reconvergence pessimism
                                             19.750002 ^ _521_/CLK (sky130_fd_sc_hd__dfxtp_2)
                                 -0.126853   19.623148   library setup time
                                             19.623148   data required time
---------------------------------------------------------------------------------------------
                                             19.623148   data required time
                                             -7.261071   data arrival time
---------------------------------------------------------------------------------------------
                                             12.362077   slack (MET)


Startpoint: rst_ni (input port clocked by clk_i)
Endpoint: _522_ (rising edge-triggered flip-flop clocked by clk_i)
Path Group: clk_i
Path Type: max

Fanout         Cap        Slew       Delay        Time   Description
---------------------------------------------------------------------------------------------
                      0.150000    0.000000    0.000000   clock clk_i (rise edge)
                                  0.000000    0.000000   clock network delay (ideal)
                                  4.000000    4.000000 ^ input external delay
   104    0.185797    1.334446    0.932605    4.932605 ^ rst_ni (in)
                                                         rst_ni (net)
                      1.334446    0.000000    4.932605 ^ _253_/B1_N (sky130_fd_sc_hd__a21boi_2)
    33    0.081716    1.527784    1.624725    6.557330 ^ _253_/Y (sky130_fd_sc_hd__a21boi_2)
                                                         _138_ (net)
                      1.527784    0.000000    6.557330 ^ _282_/A2 (sky130_fd_sc_hd__a22o_2)
     1    0.001537    0.068765    0.703742    7.261071 ^ _282_/X (sky130_fd_sc_hd__a22o_2)
                                                         _061_ (net)
                      0.068765    0.000000    7.261071 ^ _522_/D (sky130_fd_sc_hd__dfxtp_2)
                                              7.261071   data arrival time

                      0.150000   20.000000   20.000000   clock clk_i (rise edge)
                                  0.000000   20.000000   clock network delay (ideal)
                                 -0.250000   19.750002   clock uncertainty
                                  0.000000   19.750002   clock reconvergence pessimism
                                             19.750002 ^ _522_/CLK (sky130_fd_sc_hd__dfxtp_2)
                                 -0.126853   19.623148   library setup time
                                             19.623148   data required time
---------------------------------------------------------------------------------------------
                                             19.623148   data required time
                                             -7.261071   data arrival time
---------------------------------------------------------------------------------------------
                                             12.362077   slack (MET)


Startpoint: rst_ni (input port clocked by clk_i)
Endpoint: _523_ (rising edge-triggered flip-flop clocked by clk_i)
Path Group: clk_i
Path Type: max

Fanout         Cap        Slew       Delay        Time   Description
---------------------------------------------------------------------------------------------
                      0.150000    0.000000    0.000000   clock clk_i (rise edge)
                                  0.000000    0.000000   clock network delay (ideal)
                                  4.000000    4.000000 ^ input external delay
   104    0.185797    1.334446    0.932605    4.932605 ^ rst_ni (in)
                                                         rst_ni (net)
                      1.334446    0.000000    4.932605 ^ _253_/B1_N (sky130_fd_sc_hd__a21boi_2)
    33    0.081716    1.527784    1.624725    6.557330 ^ _253_/Y (sky130_fd_sc_hd__a21boi_2)
                                                         _138_ (net)
                      1.527784    0.000000    6.557330 ^ _283_/A2 (sky130_fd_sc_hd__a22o_2)
     1    0.001537    0.068765    0.703742    7.261071 ^ _283_/X (sky130_fd_sc_hd__a22o_2)
                                                         _062_ (net)
                      0.068765    0.000000    7.261071 ^ _523_/D (sky130_fd_sc_hd__dfxtp_2)
                                              7.261071   data arrival time

                      0.150000   20.000000   20.000000   clock clk_i (rise edge)
                                  0.000000   20.000000   clock network delay (ideal)
                                 -0.250000   19.750002   clock uncertainty
                                  0.000000   19.750002   clock reconvergence pessimism
                                             19.750002 ^ _523_/CLK (sky130_fd_sc_hd__dfxtp_2)
                                 -0.126853   19.623148   library setup time
                                             19.623148   data required time
---------------------------------------------------------------------------------------------
                                             19.623148   data required time
                                             -7.261071   data arrival time
---------------------------------------------------------------------------------------------
                                             12.362077   slack (MET)


Startpoint: rst_ni (input port clocked by clk_i)
Endpoint: _524_ (rising edge-triggered flip-flop clocked by clk_i)
Path Group: clk_i
Path Type: max

Fanout         Cap        Slew       Delay        Time   Description
---------------------------------------------------------------------------------------------
                      0.150000    0.000000    0.000000   clock clk_i (rise edge)
                                  0.000000    0.000000   clock network delay (ideal)
                                  4.000000    4.000000 ^ input external delay
   104    0.185797    1.334446    0.932605    4.932605 ^ rst_ni (in)
                                                         rst_ni (net)
                      1.334446    0.000000    4.932605 ^ _253_/B1_N (sky130_fd_sc_hd__a21boi_2)
    33    0.081716    1.527784    1.624725    6.557330 ^ _253_/Y (sky130_fd_sc_hd__a21boi_2)
                                                         _138_ (net)
                      1.527784    0.000000    6.557330 ^ _284_/A2 (sky130_fd_sc_hd__a22o_2)
     1    0.001537    0.068765    0.703742    7.261071 ^ _284_/X (sky130_fd_sc_hd__a22o_2)
                                                         _063_ (net)
                      0.068765    0.000000    7.261071 ^ _524_/D (sky130_fd_sc_hd__dfxtp_2)
                                              7.261071   data arrival time

                      0.150000   20.000000   20.000000   clock clk_i (rise edge)
                                  0.000000   20.000000   clock network delay (ideal)
                                 -0.250000   19.750002   clock uncertainty
                                  0.000000   19.750002   clock reconvergence pessimism
                                             19.750002 ^ _524_/CLK (sky130_fd_sc_hd__dfxtp_2)
                                 -0.126853   19.623148   library setup time
                                             19.623148   data required time
---------------------------------------------------------------------------------------------
                                             19.623148   data required time
                                             -7.261071   data arrival time
---------------------------------------------------------------------------------------------
                                             12.362077   slack (MET)


Startpoint: rst_ni (input port clocked by clk_i)
Endpoint: _525_ (rising edge-triggered flip-flop clocked by clk_i)
Path Group: clk_i
Path Type: max

Fanout         Cap        Slew       Delay        Time   Description
---------------------------------------------------------------------------------------------
                      0.150000    0.000000    0.000000   clock clk_i (rise edge)
                                  0.000000    0.000000   clock network delay (ideal)
                                  4.000000    4.000000 ^ input external delay
   104    0.185797    1.334446    0.932605    4.932605 ^ rst_ni (in)
                                                         rst_ni (net)
                      1.334446    0.000000    4.932605 ^ _253_/B1_N (sky130_fd_sc_hd__a21boi_2)
    33    0.081716    1.527784    1.624725    6.557330 ^ _253_/Y (sky130_fd_sc_hd__a21boi_2)
                                                         _138_ (net)
                      1.527784    0.000000    6.557330 ^ _285_/A2 (sky130_fd_sc_hd__a22o_2)
     1    0.001537    0.068765    0.703742    7.261071 ^ _285_/X (sky130_fd_sc_hd__a22o_2)
                                                         _064_ (net)
                      0.068765    0.000000    7.261071 ^ _525_/D (sky130_fd_sc_hd__dfxtp_2)
                                              7.261071   data arrival time

                      0.150000   20.000000   20.000000   clock clk_i (rise edge)
                                  0.000000   20.000000   clock network delay (ideal)
                                 -0.250000   19.750002   clock uncertainty
                                  0.000000   19.750002   clock reconvergence pessimism
                                             19.750002 ^ _525_/CLK (sky130_fd_sc_hd__dfxtp_2)
                                 -0.126853   19.623148   library setup time
                                             19.623148   data required time
---------------------------------------------------------------------------------------------
                                             19.623148   data required time
                                             -7.261071   data arrival time
---------------------------------------------------------------------------------------------
                                             12.362077   slack (MET)


Startpoint: rst_ni (input port clocked by clk_i)
Endpoint: _526_ (rising edge-triggered flip-flop clocked by clk_i)
Path Group: clk_i
Path Type: max

Fanout         Cap        Slew       Delay        Time   Description
---------------------------------------------------------------------------------------------
                      0.150000    0.000000    0.000000   clock clk_i (rise edge)
                                  0.000000    0.000000   clock network delay (ideal)
                                  4.000000    4.000000 ^ input external delay
   104    0.185797    1.334446    0.932605    4.932605 ^ rst_ni (in)
                                                         rst_ni (net)
                      1.334446    0.000000    4.932605 ^ _253_/B1_N (sky130_fd_sc_hd__a21boi_2)
    33    0.081716    1.527784    1.624725    6.557330 ^ _253_/Y (sky130_fd_sc_hd__a21boi_2)
                                                         _138_ (net)
                      1.527784    0.000000    6.557330 ^ _286_/A2 (sky130_fd_sc_hd__a22o_2)
     1    0.001537    0.068765    0.703742    7.261071 ^ _286_/X (sky130_fd_sc_hd__a22o_2)
                                                         _065_ (net)
                      0.068765    0.000000    7.261071 ^ _526_/D (sky130_fd_sc_hd__dfxtp_2)
                                              7.261071   data arrival time

                      0.150000   20.000000   20.000000   clock clk_i (rise edge)
                                  0.000000   20.000000   clock network delay (ideal)
                                 -0.250000   19.750002   clock uncertainty
                                  0.000000   19.750002   clock reconvergence pessimism
                                             19.750002 ^ _526_/CLK (sky130_fd_sc_hd__dfxtp_2)
                                 -0.126853   19.623148   library setup time
                                             19.623148   data required time
---------------------------------------------------------------------------------------------
                                             19.623148   data required time
                                             -7.261071   data arrival time
---------------------------------------------------------------------------------------------
                                             12.362077   slack (MET)


Startpoint: rst_ni (input port clocked by clk_i)
Endpoint: _527_ (rising edge-triggered flip-flop clocked by clk_i)
Path Group: clk_i
Path Type: max

Fanout         Cap        Slew       Delay        Time   Description
---------------------------------------------------------------------------------------------
                      0.150000    0.000000    0.000000   clock clk_i (rise edge)
                                  0.000000    0.000000   clock network delay (ideal)
                                  4.000000    4.000000 ^ input external delay
   104    0.185797    1.334446    0.932605    4.932605 ^ rst_ni (in)
                                                         rst_ni (net)
                      1.334446    0.000000    4.932605 ^ _253_/B1_N (sky130_fd_sc_hd__a21boi_2)
    33    0.081716    1.527784    1.624725    6.557330 ^ _253_/Y (sky130_fd_sc_hd__a21boi_2)
                                                         _138_ (net)
                      1.527784    0.000000    6.557330 ^ _287_/A2 (sky130_fd_sc_hd__a22o_2)
     1    0.001537    0.068765    0.703742    7.261071 ^ _287_/X (sky130_fd_sc_hd__a22o_2)
                                                         _066_ (net)
                      0.068765    0.000000    7.261071 ^ _527_/D (sky130_fd_sc_hd__dfxtp_2)
                                              7.261071   data arrival time

                      0.150000   20.000000   20.000000   clock clk_i (rise edge)
                                  0.000000   20.000000   clock network delay (ideal)
                                 -0.250000   19.750002   clock uncertainty
                                  0.000000   19.750002   clock reconvergence pessimism
                                             19.750002 ^ _527_/CLK (sky130_fd_sc_hd__dfxtp_2)
                                 -0.126853   19.623148   library setup time
                                             19.623148   data required time
---------------------------------------------------------------------------------------------
                                             19.623148   data required time
                                             -7.261071   data arrival time
---------------------------------------------------------------------------------------------
                                             12.362077   slack (MET)


Startpoint: rst_ni (input port clocked by clk_i)
Endpoint: _495_ (rising edge-triggered flip-flop clocked by clk_i)
Path Group: clk_i
Path Type: max

Fanout         Cap        Slew       Delay        Time   Description
---------------------------------------------------------------------------------------------
                      0.150000    0.000000    0.000000   clock clk_i (rise edge)
                                  0.000000    0.000000   clock network delay (ideal)
                                  4.000000    4.000000 ^ input external delay
   104    0.185797    1.334446    0.932605    4.932605 ^ rst_ni (in)
                                                         rst_ni (net)
                      1.334446    0.000000    4.932605 ^ _253_/B1_N (sky130_fd_sc_hd__a21boi_2)
    33    0.081716    1.527784    1.624725    6.557330 ^ _253_/Y (sky130_fd_sc_hd__a21boi_2)
                                                         _138_ (net)
                      1.527784    0.000000    6.557330 ^ _254_/B (sky130_fd_sc_hd__and2_2)
     1    0.001537    0.085799    0.657250    7.214580 ^ _254_/X (sky130_fd_sc_hd__and2_2)
                                                         _034_ (net)
                      0.085799    0.000000    7.214580 ^ _495_/D (sky130_fd_sc_hd__dfxtp_2)
                                              7.214580   data arrival time

                      0.150000   20.000000   20.000000   clock clk_i (rise edge)
                                  0.000000   20.000000   clock network delay (ideal)
                                 -0.250000   19.750002   clock uncertainty
                                  0.000000   19.750002   clock reconvergence pessimism
                                             19.750002 ^ _495_/CLK (sky130_fd_sc_hd__dfxtp_2)
                                 -0.131304   19.618696   library setup time
                                             19.618696   data required time
---------------------------------------------------------------------------------------------
                                             19.618696   data required time
                                             -7.214580   data arrival time
---------------------------------------------------------------------------------------------
                                             12.404118   slack (MET)


Startpoint: rst_ni (input port clocked by clk_i)
Endpoint: _587_ (rising edge-triggered flip-flop clocked by clk_i)
Path Group: clk_i
Path Type: max

Fanout         Cap        Slew       Delay        Time   Description
---------------------------------------------------------------------------------------------
                      0.150000    0.000000    0.000000   clock clk_i (rise edge)
                                  0.000000    0.000000   clock network delay (ideal)
                                  4.000000    4.000000 ^ input external delay
   104    0.185797    1.334446    0.932605    4.932605 ^ rst_ni (in)
                                                         rst_ni (net)
                      1.334446    0.000000    4.932605 ^ _249_/A1 (sky130_fd_sc_hd__a21o_2)
    69    0.174586    1.326119    1.537012    6.469616 ^ _249_/X (sky130_fd_sc_hd__a21o_2)
                                                         _134_ (net)
                      1.326119    0.000000    6.469616 ^ _407_/A (sky130_fd_sc_hd__nand2_2)
     1    0.002288    0.204388    0.274408    6.744025 v _407_/Y (sky130_fd_sc_hd__nand2_2)
                                                         _199_ (net)
                      0.204388    0.000000    6.744025 v _408_/B1 (sky130_fd_sc_hd__o211a_2)
     1    0.001577    0.064630    0.292207    7.036232 v _408_/X (sky130_fd_sc_hd__o211a_2)
                                                         _126_ (net)
                      0.064630    0.000000    7.036232 v _587_/D (sky130_fd_sc_hd__dfxtp_2)
                                              7.036232   data arrival time

                      0.150000   20.000000   20.000000   clock clk_i (rise edge)
                                  0.000000   20.000000   clock network delay (ideal)
                                 -0.250000   19.750002   clock uncertainty
                                  0.000000   19.750002   clock reconvergence pessimism
                                             19.750002 ^ _587_/CLK (sky130_fd_sc_hd__dfxtp_2)
                                 -0.250490   19.499510   library setup time
                                             19.499510   data required time
---------------------------------------------------------------------------------------------
                                             19.499510   data required time
                                             -7.036232   data arrival time
---------------------------------------------------------------------------------------------
                                             12.463279   slack (MET)


Startpoint: rst_ni (input port clocked by clk_i)
Endpoint: _588_ (rising edge-triggered flip-flop clocked by clk_i)
Path Group: clk_i
Path Type: max

Fanout         Cap        Slew       Delay        Time   Description
---------------------------------------------------------------------------------------------
                      0.150000    0.000000    0.000000   clock clk_i (rise edge)
                                  0.000000    0.000000   clock network delay (ideal)
                                  4.000000    4.000000 ^ input external delay
   104    0.185797    1.334446    0.932605    4.932605 ^ rst_ni (in)
                                                         rst_ni (net)
                      1.334446    0.000000    4.932605 ^ _249_/A1 (sky130_fd_sc_hd__a21o_2)
    69    0.174586    1.326119    1.537012    6.469616 ^ _249_/X (sky130_fd_sc_hd__a21o_2)
                                                         _134_ (net)
                      1.326119    0.000000    6.469616 ^ _410_/A (sky130_fd_sc_hd__nand2_2)
     1    0.002288    0.204388    0.274408    6.744025 v _410_/Y (sky130_fd_sc_hd__nand2_2)
                                                         _201_ (net)
                      0.204388    0.000000    6.744025 v _411_/B1 (sky130_fd_sc_hd__o211a_2)
     1    0.001577    0.064630    0.292207    7.036232 v _411_/X (sky130_fd_sc_hd__o211a_2)
                                                         _127_ (net)
                      0.064630    0.000000    7.036232 v _588_/D (sky130_fd_sc_hd__dfxtp_2)
                                              7.036232   data arrival time

                      0.150000   20.000000   20.000000   clock clk_i (rise edge)
                                  0.000000   20.000000   clock network delay (ideal)
                                 -0.250000   19.750002   clock uncertainty
                                  0.000000   19.750002   clock reconvergence pessimism
                                             19.750002 ^ _588_/CLK (sky130_fd_sc_hd__dfxtp_2)
                                 -0.250490   19.499510   library setup time
                                             19.499510   data required time
---------------------------------------------------------------------------------------------
                                             19.499510   data required time
                                             -7.036232   data arrival time
---------------------------------------------------------------------------------------------
                                             12.463279   slack (MET)


Startpoint: rst_ni (input port clocked by clk_i)
Endpoint: _590_ (rising edge-triggered flip-flop clocked by clk_i)
Path Group: clk_i
Path Type: max

Fanout         Cap        Slew       Delay        Time   Description
---------------------------------------------------------------------------------------------
                      0.150000    0.000000    0.000000   clock clk_i (rise edge)
                                  0.000000    0.000000   clock network delay (ideal)
                                  4.000000    4.000000 ^ input external delay
   104    0.185797    1.334446    0.932605    4.932605 ^ rst_ni (in)
                                                         rst_ni (net)
                      1.334446    0.000000    4.932605 ^ _249_/A1 (sky130_fd_sc_hd__a21o_2)
    69    0.174586    1.326119    1.537012    6.469616 ^ _249_/X (sky130_fd_sc_hd__a21o_2)
                                                         _134_ (net)
                      1.326119    0.000000    6.469616 ^ _415_/A (sky130_fd_sc_hd__nand2_2)
     1    0.002288    0.204388    0.274408    6.744025 v _415_/Y (sky130_fd_sc_hd__nand2_2)
                                                         _204_ (net)
                      0.204388    0.000000    6.744025 v _416_/B1 (sky130_fd_sc_hd__o211a_2)
     1    0.001577    0.064630    0.292207    7.036232 v _416_/X (sky130_fd_sc_hd__o211a_2)
                                                         _129_ (net)
                      0.064630    0.000000    7.036232 v _590_/D (sky130_fd_sc_hd__dfxtp_2)
                                              7.036232   data arrival time

                      0.150000   20.000000   20.000000   clock clk_i (rise edge)
                                  0.000000   20.000000   clock network delay (ideal)
                                 -0.250000   19.750002   clock uncertainty
                                  0.000000   19.750002   clock reconvergence pessimism
                                             19.750002 ^ _590_/CLK (sky130_fd_sc_hd__dfxtp_2)
                                 -0.250490   19.499510   library setup time
                                             19.499510   data required time
---------------------------------------------------------------------------------------------
                                             19.499510   data required time
                                             -7.036232   data arrival time
---------------------------------------------------------------------------------------------
                                             12.463279   slack (MET)


Startpoint: rst_ni (input port clocked by clk_i)
Endpoint: _622_ (rising edge-triggered flip-flop clocked by clk_i)
Path Group: clk_i
Path Type: max

Fanout         Cap        Slew       Delay        Time   Description
---------------------------------------------------------------------------------------------
                      0.150000    0.000000    0.000000   clock clk_i (rise edge)
                                  0.000000    0.000000   clock network delay (ideal)
                                  4.000000    4.000000 ^ input external delay
   104    0.185797    1.334446    0.932605    4.932605 ^ rst_ni (in)
                                                         rst_ni (net)
                      1.334446    0.000000    4.932605 ^ _249_/A1 (sky130_fd_sc_hd__a21o_2)
    69    0.174586    1.326119    1.537012    6.469616 ^ _249_/X (sky130_fd_sc_hd__a21o_2)
                                                         _134_ (net)
                      1.326119    0.000000    6.469616 ^ _479_/A2 (sky130_fd_sc_hd__o211a_2)
     1    0.001537    0.084365    0.670479    7.140095 ^ _479_/X (sky130_fd_sc_hd__o211a_2)
                                                         _028_ (net)
                      0.084365    0.000000    7.140095 ^ _622_/D (sky130_fd_sc_hd__dfxtp_2)
                                              7.140095   data arrival time

                      0.150000   20.000000   20.000000   clock clk_i (rise edge)
                                  0.000000   20.000000   clock network delay (ideal)
                                 -0.250000   19.750002   clock uncertainty
                                  0.000000   19.750002   clock reconvergence pessimism
                                             19.750002 ^ _622_/CLK (sky130_fd_sc_hd__dfxtp_2)
                                 -0.130930   19.619072   library setup time
                                             19.619072   data required time
---------------------------------------------------------------------------------------------
                                             19.619072   data required time
                                             -7.140095   data arrival time
---------------------------------------------------------------------------------------------
                                             12.478976   slack (MET)


Startpoint: rst_ni (input port clocked by clk_i)
Endpoint: _627_ (rising edge-triggered flip-flop clocked by clk_i)
Path Group: clk_i
Path Type: max

Fanout         Cap        Slew       Delay        Time   Description
---------------------------------------------------------------------------------------------
                      0.150000    0.000000    0.000000   clock clk_i (rise edge)
                                  0.000000    0.000000   clock network delay (ideal)
                                  4.000000    4.000000 ^ input external delay
   104    0.185797    1.334446    0.932605    4.932605 ^ rst_ni (in)
                                                         rst_ni (net)
                      1.334446    0.000000    4.932605 ^ _255_/A (sky130_fd_sc_hd__and3_2)
    33    0.081441    0.655590    1.240294    6.172898 ^ _255_/X (sky130_fd_sc_hd__and3_2)
                                                         _033_ (net)
                      0.655590    0.000000    6.172898 ^ _627_/D (sky130_fd_sc_hd__dfxtp_2)
                                              6.172898   data arrival time

                      0.150000   20.000000   20.000000   clock clk_i (rise edge)
                                  0.000000   20.000000   clock network delay (ideal)
                                 -0.250000   19.750002   clock uncertainty
                                  0.000000   19.750002   clock reconvergence pessimism
                                             19.750002 ^ _627_/CLK (sky130_fd_sc_hd__dfxtp_2)
                                 -0.280200   19.469803   library setup time
                                             19.469803   data required time
---------------------------------------------------------------------------------------------
                                             19.469803   data required time
                                             -6.172898   data arrival time
---------------------------------------------------------------------------------------------
                                             13.296904   slack (MET)


Startpoint: _496_ (rising edge-triggered flip-flop clocked by clk_i)
Endpoint: random_o[0] (output port clocked by clk_i)
Path Group: clk_i
Path Type: max

Fanout         Cap        Slew       Delay        Time   Description
---------------------------------------------------------------------------------------------
                      0.150000    0.000000    0.000000   clock clk_i (rise edge)
                                  0.000000    0.000000   clock network delay (ideal)
                      0.150000    0.000000    0.000000 ^ _496_/CLK (sky130_fd_sc_hd__dfxtp_2)
     2    0.035876    0.298835    0.865546    0.865546 ^ _496_/Q (sky130_fd_sc_hd__dfxtp_2)
                                                         random_o[0] (net)
                      0.298835    0.000000    0.865546 ^ random_o[0] (out)
                                              0.865546   data arrival time

                      0.150000   20.000000   20.000000   clock clk_i (rise edge)
                                  0.000000   20.000000   clock network delay (ideal)
                                 -0.250000   19.750002   clock uncertainty
                                  0.000000   19.750002   clock reconvergence pessimism
                                 -4.000000   15.750001   output external delay
                                             15.750001   data required time
---------------------------------------------------------------------------------------------
                                             15.750001   data required time
                                             -0.865546   data arrival time
---------------------------------------------------------------------------------------------
                                             14.884455   slack (MET)


Startpoint: _506_ (rising edge-triggered flip-flop clocked by clk_i)
Endpoint: random_o[10] (output port clocked by clk_i)
Path Group: clk_i
Path Type: max

Fanout         Cap        Slew       Delay        Time   Description
---------------------------------------------------------------------------------------------
                      0.150000    0.000000    0.000000   clock clk_i (rise edge)
                                  0.000000    0.000000   clock network delay (ideal)
                      0.150000    0.000000    0.000000 ^ _506_/CLK (sky130_fd_sc_hd__dfxtp_2)
     2    0.035876    0.298835    0.865546    0.865546 ^ _506_/Q (sky130_fd_sc_hd__dfxtp_2)
                                                         random_o[10] (net)
                      0.298835    0.000000    0.865546 ^ random_o[10] (out)
                                              0.865546   data arrival time

                      0.150000   20.000000   20.000000   clock clk_i (rise edge)
                                  0.000000   20.000000   clock network delay (ideal)
                                 -0.250000   19.750002   clock uncertainty
                                  0.000000   19.750002   clock reconvergence pessimism
                                 -4.000000   15.750001   output external delay
                                             15.750001   data required time
---------------------------------------------------------------------------------------------
                                             15.750001   data required time
                                             -0.865546   data arrival time
---------------------------------------------------------------------------------------------
                                             14.884455   slack (MET)


Startpoint: _507_ (rising edge-triggered flip-flop clocked by clk_i)
Endpoint: random_o[11] (output port clocked by clk_i)
Path Group: clk_i
Path Type: max

Fanout         Cap        Slew       Delay        Time   Description
---------------------------------------------------------------------------------------------
                      0.150000    0.000000    0.000000   clock clk_i (rise edge)
                                  0.000000    0.000000   clock network delay (ideal)
                      0.150000    0.000000    0.000000 ^ _507_/CLK (sky130_fd_sc_hd__dfxtp_2)
     2    0.035876    0.298835    0.865546    0.865546 ^ _507_/Q (sky130_fd_sc_hd__dfxtp_2)
                                                         random_o[11] (net)
                      0.298835    0.000000    0.865546 ^ random_o[11] (out)
                                              0.865546   data arrival time

                      0.150000   20.000000   20.000000   clock clk_i (rise edge)
                                  0.000000   20.000000   clock network delay (ideal)
                                 -0.250000   19.750002   clock uncertainty
                                  0.000000   19.750002   clock reconvergence pessimism
                                 -4.000000   15.750001   output external delay
                                             15.750001   data required time
---------------------------------------------------------------------------------------------
                                             15.750001   data required time
                                             -0.865546   data arrival time
---------------------------------------------------------------------------------------------
                                             14.884455   slack (MET)


Startpoint: _508_ (rising edge-triggered flip-flop clocked by clk_i)
Endpoint: random_o[12] (output port clocked by clk_i)
Path Group: clk_i
Path Type: max

Fanout         Cap        Slew       Delay        Time   Description
---------------------------------------------------------------------------------------------
                      0.150000    0.000000    0.000000   clock clk_i (rise edge)
                                  0.000000    0.000000   clock network delay (ideal)
                      0.150000    0.000000    0.000000 ^ _508_/CLK (sky130_fd_sc_hd__dfxtp_2)
     2    0.035876    0.298835    0.865546    0.865546 ^ _508_/Q (sky130_fd_sc_hd__dfxtp_2)
                                                         random_o[12] (net)
                      0.298835    0.000000    0.865546 ^ random_o[12] (out)
                                              0.865546   data arrival time

                      0.150000   20.000000   20.000000   clock clk_i (rise edge)
                                  0.000000   20.000000   clock network delay (ideal)
                                 -0.250000   19.750002   clock uncertainty
                                  0.000000   19.750002   clock reconvergence pessimism
                                 -4.000000   15.750001   output external delay
                                             15.750001   data required time
---------------------------------------------------------------------------------------------
                                             15.750001   data required time
                                             -0.865546   data arrival time
---------------------------------------------------------------------------------------------
                                             14.884455   slack (MET)


Startpoint: _509_ (rising edge-triggered flip-flop clocked by clk_i)
Endpoint: random_o[13] (output port clocked by clk_i)
Path Group: clk_i
Path Type: max

Fanout         Cap        Slew       Delay        Time   Description
---------------------------------------------------------------------------------------------
                      0.150000    0.000000    0.000000   clock clk_i (rise edge)
                                  0.000000    0.000000   clock network delay (ideal)
                      0.150000    0.000000    0.000000 ^ _509_/CLK (sky130_fd_sc_hd__dfxtp_2)
     2    0.035876    0.298835    0.865546    0.865546 ^ _509_/Q (sky130_fd_sc_hd__dfxtp_2)
                                                         random_o[13] (net)
                      0.298835    0.000000    0.865546 ^ random_o[13] (out)
                                              0.865546   data arrival time

                      0.150000   20.000000   20.000000   clock clk_i (rise edge)
                                  0.000000   20.000000   clock network delay (ideal)
                                 -0.250000   19.750002   clock uncertainty
                                  0.000000   19.750002   clock reconvergence pessimism
                                 -4.000000   15.750001   output external delay
                                             15.750001   data required time
---------------------------------------------------------------------------------------------
                                             15.750001   data required time
                                             -0.865546   data arrival time
---------------------------------------------------------------------------------------------
                                             14.884455   slack (MET)


Startpoint: _510_ (rising edge-triggered flip-flop clocked by clk_i)
Endpoint: random_o[14] (output port clocked by clk_i)
Path Group: clk_i
Path Type: max

Fanout         Cap        Slew       Delay        Time   Description
---------------------------------------------------------------------------------------------
                      0.150000    0.000000    0.000000   clock clk_i (rise edge)
                                  0.000000    0.000000   clock network delay (ideal)
                      0.150000    0.000000    0.000000 ^ _510_/CLK (sky130_fd_sc_hd__dfxtp_2)
     2    0.035876    0.298835    0.865546    0.865546 ^ _510_/Q (sky130_fd_sc_hd__dfxtp_2)
                                                         random_o[14] (net)
                      0.298835    0.000000    0.865546 ^ random_o[14] (out)
                                              0.865546   data arrival time

                      0.150000   20.000000   20.000000   clock clk_i (rise edge)
                                  0.000000   20.000000   clock network delay (ideal)
                                 -0.250000   19.750002   clock uncertainty
                                  0.000000   19.750002   clock reconvergence pessimism
                                 -4.000000   15.750001   output external delay
                                             15.750001   data required time
---------------------------------------------------------------------------------------------
                                             15.750001   data required time
                                             -0.865546   data arrival time
---------------------------------------------------------------------------------------------
                                             14.884455   slack (MET)


Startpoint: _511_ (rising edge-triggered flip-flop clocked by clk_i)
Endpoint: random_o[15] (output port clocked by clk_i)
Path Group: clk_i
Path Type: max

Fanout         Cap        Slew       Delay        Time   Description
---------------------------------------------------------------------------------------------
                      0.150000    0.000000    0.000000   clock clk_i (rise edge)
                                  0.000000    0.000000   clock network delay (ideal)
                      0.150000    0.000000    0.000000 ^ _511_/CLK (sky130_fd_sc_hd__dfxtp_2)
     2    0.035876    0.298835    0.865546    0.865546 ^ _511_/Q (sky130_fd_sc_hd__dfxtp_2)
                                                         random_o[15] (net)
                      0.298835    0.000000    0.865546 ^ random_o[15] (out)
                                              0.865546   data arrival time

                      0.150000   20.000000   20.000000   clock clk_i (rise edge)
                                  0.000000   20.000000   clock network delay (ideal)
                                 -0.250000   19.750002   clock uncertainty
                                  0.000000   19.750002   clock reconvergence pessimism
                                 -4.000000   15.750001   output external delay
                                             15.750001   data required time
---------------------------------------------------------------------------------------------
                                             15.750001   data required time
                                             -0.865546   data arrival time
---------------------------------------------------------------------------------------------
                                             14.884455   slack (MET)


Startpoint: _512_ (rising edge-triggered flip-flop clocked by clk_i)
Endpoint: random_o[16] (output port clocked by clk_i)
Path Group: clk_i
Path Type: max

Fanout         Cap        Slew       Delay        Time   Description
---------------------------------------------------------------------------------------------
                      0.150000    0.000000    0.000000   clock clk_i (rise edge)
                                  0.000000    0.000000   clock network delay (ideal)
                      0.150000    0.000000    0.000000 ^ _512_/CLK (sky130_fd_sc_hd__dfxtp_2)
     2    0.035876    0.298835    0.865546    0.865546 ^ _512_/Q (sky130_fd_sc_hd__dfxtp_2)
                                                         random_o[16] (net)
                      0.298835    0.000000    0.865546 ^ random_o[16] (out)
                                              0.865546   data arrival time

                      0.150000   20.000000   20.000000   clock clk_i (rise edge)
                                  0.000000   20.000000   clock network delay (ideal)
                                 -0.250000   19.750002   clock uncertainty
                                  0.000000   19.750002   clock reconvergence pessimism
                                 -4.000000   15.750001   output external delay
                                             15.750001   data required time
---------------------------------------------------------------------------------------------
                                             15.750001   data required time
                                             -0.865546   data arrival time
---------------------------------------------------------------------------------------------
                                             14.884455   slack (MET)


Startpoint: _513_ (rising edge-triggered flip-flop clocked by clk_i)
Endpoint: random_o[17] (output port clocked by clk_i)
Path Group: clk_i
Path Type: max

Fanout         Cap        Slew       Delay        Time   Description
---------------------------------------------------------------------------------------------
                      0.150000    0.000000    0.000000   clock clk_i (rise edge)
                                  0.000000    0.000000   clock network delay (ideal)
                      0.150000    0.000000    0.000000 ^ _513_/CLK (sky130_fd_sc_hd__dfxtp_2)
     2    0.035876    0.298835    0.865546    0.865546 ^ _513_/Q (sky130_fd_sc_hd__dfxtp_2)
                                                         random_o[17] (net)
                      0.298835    0.000000    0.865546 ^ random_o[17] (out)
                                              0.865546   data arrival time

                      0.150000   20.000000   20.000000   clock clk_i (rise edge)
                                  0.000000   20.000000   clock network delay (ideal)
                                 -0.250000   19.750002   clock uncertainty
                                  0.000000   19.750002   clock reconvergence pessimism
                                 -4.000000   15.750001   output external delay
                                             15.750001   data required time
---------------------------------------------------------------------------------------------
                                             15.750001   data required time
                                             -0.865546   data arrival time
---------------------------------------------------------------------------------------------
                                             14.884455   slack (MET)


Startpoint: _514_ (rising edge-triggered flip-flop clocked by clk_i)
Endpoint: random_o[18] (output port clocked by clk_i)
Path Group: clk_i
Path Type: max

Fanout         Cap        Slew       Delay        Time   Description
---------------------------------------------------------------------------------------------
                      0.150000    0.000000    0.000000   clock clk_i (rise edge)
                                  0.000000    0.000000   clock network delay (ideal)
                      0.150000    0.000000    0.000000 ^ _514_/CLK (sky130_fd_sc_hd__dfxtp_2)
     2    0.035876    0.298835    0.865546    0.865546 ^ _514_/Q (sky130_fd_sc_hd__dfxtp_2)
                                                         random_o[18] (net)
                      0.298835    0.000000    0.865546 ^ random_o[18] (out)
                                              0.865546   data arrival time

                      0.150000   20.000000   20.000000   clock clk_i (rise edge)
                                  0.000000   20.000000   clock network delay (ideal)
                                 -0.250000   19.750002   clock uncertainty
                                  0.000000   19.750002   clock reconvergence pessimism
                                 -4.000000   15.750001   output external delay
                                             15.750001   data required time
---------------------------------------------------------------------------------------------
                                             15.750001   data required time
                                             -0.865546   data arrival time
---------------------------------------------------------------------------------------------
                                             14.884455   slack (MET)


Startpoint: _515_ (rising edge-triggered flip-flop clocked by clk_i)
Endpoint: random_o[19] (output port clocked by clk_i)
Path Group: clk_i
Path Type: max

Fanout         Cap        Slew       Delay        Time   Description
---------------------------------------------------------------------------------------------
                      0.150000    0.000000    0.000000   clock clk_i (rise edge)
                                  0.000000    0.000000   clock network delay (ideal)
                      0.150000    0.000000    0.000000 ^ _515_/CLK (sky130_fd_sc_hd__dfxtp_2)
     2    0.035876    0.298835    0.865546    0.865546 ^ _515_/Q (sky130_fd_sc_hd__dfxtp_2)
                                                         random_o[19] (net)
                      0.298835    0.000000    0.865546 ^ random_o[19] (out)
                                              0.865546   data arrival time

                      0.150000   20.000000   20.000000   clock clk_i (rise edge)
                                  0.000000   20.000000   clock network delay (ideal)
                                 -0.250000   19.750002   clock uncertainty
                                  0.000000   19.750002   clock reconvergence pessimism
                                 -4.000000   15.750001   output external delay
                                             15.750001   data required time
---------------------------------------------------------------------------------------------
                                             15.750001   data required time
                                             -0.865546   data arrival time
---------------------------------------------------------------------------------------------
                                             14.884455   slack (MET)


Startpoint: _497_ (rising edge-triggered flip-flop clocked by clk_i)
Endpoint: random_o[1] (output port clocked by clk_i)
Path Group: clk_i
Path Type: max

Fanout         Cap        Slew       Delay        Time   Description
---------------------------------------------------------------------------------------------
                      0.150000    0.000000    0.000000   clock clk_i (rise edge)
                                  0.000000    0.000000   clock network delay (ideal)
                      0.150000    0.000000    0.000000 ^ _497_/CLK (sky130_fd_sc_hd__dfxtp_2)
     2    0.035876    0.298835    0.865546    0.865546 ^ _497_/Q (sky130_fd_sc_hd__dfxtp_2)
                                                         random_o[1] (net)
                      0.298835    0.000000    0.865546 ^ random_o[1] (out)
                                              0.865546   data arrival time

                      0.150000   20.000000   20.000000   clock clk_i (rise edge)
                                  0.000000   20.000000   clock network delay (ideal)
                                 -0.250000   19.750002   clock uncertainty
                                  0.000000   19.750002   clock reconvergence pessimism
                                 -4.000000   15.750001   output external delay
                                             15.750001   data required time
---------------------------------------------------------------------------------------------
                                             15.750001   data required time
                                             -0.865546   data arrival time
---------------------------------------------------------------------------------------------
                                             14.884455   slack (MET)


Startpoint: _516_ (rising edge-triggered flip-flop clocked by clk_i)
Endpoint: random_o[20] (output port clocked by clk_i)
Path Group: clk_i
Path Type: max

Fanout         Cap        Slew       Delay        Time   Description
---------------------------------------------------------------------------------------------
                      0.150000    0.000000    0.000000   clock clk_i (rise edge)
                                  0.000000    0.000000   clock network delay (ideal)
                      0.150000    0.000000    0.000000 ^ _516_/CLK (sky130_fd_sc_hd__dfxtp_2)
     2    0.035876    0.298835    0.865546    0.865546 ^ _516_/Q (sky130_fd_sc_hd__dfxtp_2)
                                                         random_o[20] (net)
                      0.298835    0.000000    0.865546 ^ random_o[20] (out)
                                              0.865546   data arrival time

                      0.150000   20.000000   20.000000   clock clk_i (rise edge)
                                  0.000000   20.000000   clock network delay (ideal)
                                 -0.250000   19.750002   clock uncertainty
                                  0.000000   19.750002   clock reconvergence pessimism
                                 -4.000000   15.750001   output external delay
                                             15.750001   data required time
---------------------------------------------------------------------------------------------
                                             15.750001   data required time
                                             -0.865546   data arrival time
---------------------------------------------------------------------------------------------
                                             14.884455   slack (MET)


Startpoint: _517_ (rising edge-triggered flip-flop clocked by clk_i)
Endpoint: random_o[21] (output port clocked by clk_i)
Path Group: clk_i
Path Type: max

Fanout         Cap        Slew       Delay        Time   Description
---------------------------------------------------------------------------------------------
                      0.150000    0.000000    0.000000   clock clk_i (rise edge)
                                  0.000000    0.000000   clock network delay (ideal)
                      0.150000    0.000000    0.000000 ^ _517_/CLK (sky130_fd_sc_hd__dfxtp_2)
     2    0.035876    0.298835    0.865546    0.865546 ^ _517_/Q (sky130_fd_sc_hd__dfxtp_2)
                                                         random_o[21] (net)
                      0.298835    0.000000    0.865546 ^ random_o[21] (out)
                                              0.865546   data arrival time

                      0.150000   20.000000   20.000000   clock clk_i (rise edge)
                                  0.000000   20.000000   clock network delay (ideal)
                                 -0.250000   19.750002   clock uncertainty
                                  0.000000   19.750002   clock reconvergence pessimism
                                 -4.000000   15.750001   output external delay
                                             15.750001   data required time
---------------------------------------------------------------------------------------------
                                             15.750001   data required time
                                             -0.865546   data arrival time
---------------------------------------------------------------------------------------------
                                             14.884455   slack (MET)


Startpoint: _518_ (rising edge-triggered flip-flop clocked by clk_i)
Endpoint: random_o[22] (output port clocked by clk_i)
Path Group: clk_i
Path Type: max

Fanout         Cap        Slew       Delay        Time   Description
---------------------------------------------------------------------------------------------
                      0.150000    0.000000    0.000000   clock clk_i (rise edge)
                                  0.000000    0.000000   clock network delay (ideal)
                      0.150000    0.000000    0.000000 ^ _518_/CLK (sky130_fd_sc_hd__dfxtp_2)
     2    0.035876    0.298835    0.865546    0.865546 ^ _518_/Q (sky130_fd_sc_hd__dfxtp_2)
                                                         random_o[22] (net)
                      0.298835    0.000000    0.865546 ^ random_o[22] (out)
                                              0.865546   data arrival time

                      0.150000   20.000000   20.000000   clock clk_i (rise edge)
                                  0.000000   20.000000   clock network delay (ideal)
                                 -0.250000   19.750002   clock uncertainty
                                  0.000000   19.750002   clock reconvergence pessimism
                                 -4.000000   15.750001   output external delay
                                             15.750001   data required time
---------------------------------------------------------------------------------------------
                                             15.750001   data required time
                                             -0.865546   data arrival time
---------------------------------------------------------------------------------------------
                                             14.884455   slack (MET)


Startpoint: _519_ (rising edge-triggered flip-flop clocked by clk_i)
Endpoint: random_o[23] (output port clocked by clk_i)
Path Group: clk_i
Path Type: max

Fanout         Cap        Slew       Delay        Time   Description
---------------------------------------------------------------------------------------------
                      0.150000    0.000000    0.000000   clock clk_i (rise edge)
                                  0.000000    0.000000   clock network delay (ideal)
                      0.150000    0.000000    0.000000 ^ _519_/CLK (sky130_fd_sc_hd__dfxtp_2)
     2    0.035876    0.298835    0.865546    0.865546 ^ _519_/Q (sky130_fd_sc_hd__dfxtp_2)
                                                         random_o[23] (net)
                      0.298835    0.000000    0.865546 ^ random_o[23] (out)
                                              0.865546   data arrival time

                      0.150000   20.000000   20.000000   clock clk_i (rise edge)
                                  0.000000   20.000000   clock network delay (ideal)
                                 -0.250000   19.750002   clock uncertainty
                                  0.000000   19.750002   clock reconvergence pessimism
                                 -4.000000   15.750001   output external delay
                                             15.750001   data required time
---------------------------------------------------------------------------------------------
                                             15.750001   data required time
                                             -0.865546   data arrival time
---------------------------------------------------------------------------------------------
                                             14.884455   slack (MET)


Startpoint: _520_ (rising edge-triggered flip-flop clocked by clk_i)
Endpoint: random_o[24] (output port clocked by clk_i)
Path Group: clk_i
Path Type: max

Fanout         Cap        Slew       Delay        Time   Description
---------------------------------------------------------------------------------------------
                      0.150000    0.000000    0.000000   clock clk_i (rise edge)
                                  0.000000    0.000000   clock network delay (ideal)
                      0.150000    0.000000    0.000000 ^ _520_/CLK (sky130_fd_sc_hd__dfxtp_2)
     2    0.035876    0.298835    0.865546    0.865546 ^ _520_/Q (sky130_fd_sc_hd__dfxtp_2)
                                                         random_o[24] (net)
                      0.298835    0.000000    0.865546 ^ random_o[24] (out)
                                              0.865546   data arrival time

                      0.150000   20.000000   20.000000   clock clk_i (rise edge)
                                  0.000000   20.000000   clock network delay (ideal)
                                 -0.250000   19.750002   clock uncertainty
                                  0.000000   19.750002   clock reconvergence pessimism
                                 -4.000000   15.750001   output external delay
                                             15.750001   data required time
---------------------------------------------------------------------------------------------
                                             15.750001   data required time
                                             -0.865546   data arrival time
---------------------------------------------------------------------------------------------
                                             14.884455   slack (MET)


Startpoint: _521_ (rising edge-triggered flip-flop clocked by clk_i)
Endpoint: random_o[25] (output port clocked by clk_i)
Path Group: clk_i
Path Type: max

Fanout         Cap        Slew       Delay        Time   Description
---------------------------------------------------------------------------------------------
                      0.150000    0.000000    0.000000   clock clk_i (rise edge)
                                  0.000000    0.000000   clock network delay (ideal)
                      0.150000    0.000000    0.000000 ^ _521_/CLK (sky130_fd_sc_hd__dfxtp_2)
     2    0.035876    0.298835    0.865546    0.865546 ^ _521_/Q (sky130_fd_sc_hd__dfxtp_2)
                                                         random_o[25] (net)
                      0.298835    0.000000    0.865546 ^ random_o[25] (out)
                                              0.865546   data arrival time

                      0.150000   20.000000   20.000000   clock clk_i (rise edge)
                                  0.000000   20.000000   clock network delay (ideal)
                                 -0.250000   19.750002   clock uncertainty
                                  0.000000   19.750002   clock reconvergence pessimism
                                 -4.000000   15.750001   output external delay
                                             15.750001   data required time
---------------------------------------------------------------------------------------------
                                             15.750001   data required time
                                             -0.865546   data arrival time
---------------------------------------------------------------------------------------------
                                             14.884455   slack (MET)


Startpoint: _522_ (rising edge-triggered flip-flop clocked by clk_i)
Endpoint: random_o[26] (output port clocked by clk_i)
Path Group: clk_i
Path Type: max

Fanout         Cap        Slew       Delay        Time   Description
---------------------------------------------------------------------------------------------
                      0.150000    0.000000    0.000000   clock clk_i (rise edge)
                                  0.000000    0.000000   clock network delay (ideal)
                      0.150000    0.000000    0.000000 ^ _522_/CLK (sky130_fd_sc_hd__dfxtp_2)
     2    0.035876    0.298835    0.865546    0.865546 ^ _522_/Q (sky130_fd_sc_hd__dfxtp_2)
                                                         random_o[26] (net)
                      0.298835    0.000000    0.865546 ^ random_o[26] (out)
                                              0.865546   data arrival time

                      0.150000   20.000000   20.000000   clock clk_i (rise edge)
                                  0.000000   20.000000   clock network delay (ideal)
                                 -0.250000   19.750002   clock uncertainty
                                  0.000000   19.750002   clock reconvergence pessimism
                                 -4.000000   15.750001   output external delay
                                             15.750001   data required time
---------------------------------------------------------------------------------------------
                                             15.750001   data required time
                                             -0.865546   data arrival time
---------------------------------------------------------------------------------------------
                                             14.884455   slack (MET)


Startpoint: _523_ (rising edge-triggered flip-flop clocked by clk_i)
Endpoint: random_o[27] (output port clocked by clk_i)
Path Group: clk_i
Path Type: max

Fanout         Cap        Slew       Delay        Time   Description
---------------------------------------------------------------------------------------------
                      0.150000    0.000000    0.000000   clock clk_i (rise edge)
                                  0.000000    0.000000   clock network delay (ideal)
                      0.150000    0.000000    0.000000 ^ _523_/CLK (sky130_fd_sc_hd__dfxtp_2)
     2    0.035876    0.298835    0.865546    0.865546 ^ _523_/Q (sky130_fd_sc_hd__dfxtp_2)
                                                         random_o[27] (net)
                      0.298835    0.000000    0.865546 ^ random_o[27] (out)
                                              0.865546   data arrival time

                      0.150000   20.000000   20.000000   clock clk_i (rise edge)
                                  0.000000   20.000000   clock network delay (ideal)
                                 -0.250000   19.750002   clock uncertainty
                                  0.000000   19.750002   clock reconvergence pessimism
                                 -4.000000   15.750001   output external delay
                                             15.750001   data required time
---------------------------------------------------------------------------------------------
                                             15.750001   data required time
                                             -0.865546   data arrival time
---------------------------------------------------------------------------------------------
                                             14.884455   slack (MET)


Startpoint: _524_ (rising edge-triggered flip-flop clocked by clk_i)
Endpoint: random_o[28] (output port clocked by clk_i)
Path Group: clk_i
Path Type: max

Fanout         Cap        Slew       Delay        Time   Description
---------------------------------------------------------------------------------------------
                      0.150000    0.000000    0.000000   clock clk_i (rise edge)
                                  0.000000    0.000000   clock network delay (ideal)
                      0.150000    0.000000    0.000000 ^ _524_/CLK (sky130_fd_sc_hd__dfxtp_2)
     2    0.035876    0.298835    0.865546    0.865546 ^ _524_/Q (sky130_fd_sc_hd__dfxtp_2)
                                                         random_o[28] (net)
                      0.298835    0.000000    0.865546 ^ random_o[28] (out)
                                              0.865546   data arrival time

                      0.150000   20.000000   20.000000   clock clk_i (rise edge)
                                  0.000000   20.000000   clock network delay (ideal)
                                 -0.250000   19.750002   clock uncertainty
                                  0.000000   19.750002   clock reconvergence pessimism
                                 -4.000000   15.750001   output external delay
                                             15.750001   data required time
---------------------------------------------------------------------------------------------
                                             15.750001   data required time
                                             -0.865546   data arrival time
---------------------------------------------------------------------------------------------
                                             14.884455   slack (MET)


Startpoint: _525_ (rising edge-triggered flip-flop clocked by clk_i)
Endpoint: random_o[29] (output port clocked by clk_i)
Path Group: clk_i
Path Type: max

Fanout         Cap        Slew       Delay        Time   Description
---------------------------------------------------------------------------------------------
                      0.150000    0.000000    0.000000   clock clk_i (rise edge)
                                  0.000000    0.000000   clock network delay (ideal)
                      0.150000    0.000000    0.000000 ^ _525_/CLK (sky130_fd_sc_hd__dfxtp_2)
     2    0.035876    0.298835    0.865546    0.865546 ^ _525_/Q (sky130_fd_sc_hd__dfxtp_2)
                                                         random_o[29] (net)
                      0.298835    0.000000    0.865546 ^ random_o[29] (out)
                                              0.865546   data arrival time

                      0.150000   20.000000   20.000000   clock clk_i (rise edge)
                                  0.000000   20.000000   clock network delay (ideal)
                                 -0.250000   19.750002   clock uncertainty
                                  0.000000   19.750002   clock reconvergence pessimism
                                 -4.000000   15.750001   output external delay
                                             15.750001   data required time
---------------------------------------------------------------------------------------------
                                             15.750001   data required time
                                             -0.865546   data arrival time
---------------------------------------------------------------------------------------------
                                             14.884455   slack (MET)


Startpoint: _498_ (rising edge-triggered flip-flop clocked by clk_i)
Endpoint: random_o[2] (output port clocked by clk_i)
Path Group: clk_i
Path Type: max

Fanout         Cap        Slew       Delay        Time   Description
---------------------------------------------------------------------------------------------
                      0.150000    0.000000    0.000000   clock clk_i (rise edge)
                                  0.000000    0.000000   clock network delay (ideal)
                      0.150000    0.000000    0.000000 ^ _498_/CLK (sky130_fd_sc_hd__dfxtp_2)
     2    0.035876    0.298835    0.865546    0.865546 ^ _498_/Q (sky130_fd_sc_hd__dfxtp_2)
                                                         random_o[2] (net)
                      0.298835    0.000000    0.865546 ^ random_o[2] (out)
                                              0.865546   data arrival time

                      0.150000   20.000000   20.000000   clock clk_i (rise edge)
                                  0.000000   20.000000   clock network delay (ideal)
                                 -0.250000   19.750002   clock uncertainty
                                  0.000000   19.750002   clock reconvergence pessimism
                                 -4.000000   15.750001   output external delay
                                             15.750001   data required time
---------------------------------------------------------------------------------------------
                                             15.750001   data required time
                                             -0.865546   data arrival time
---------------------------------------------------------------------------------------------
                                             14.884455   slack (MET)


Startpoint: _526_ (rising edge-triggered flip-flop clocked by clk_i)
Endpoint: random_o[30] (output port clocked by clk_i)
Path Group: clk_i
Path Type: max

Fanout         Cap        Slew       Delay        Time   Description
---------------------------------------------------------------------------------------------
                      0.150000    0.000000    0.000000   clock clk_i (rise edge)
                                  0.000000    0.000000   clock network delay (ideal)
                      0.150000    0.000000    0.000000 ^ _526_/CLK (sky130_fd_sc_hd__dfxtp_2)
     2    0.035876    0.298835    0.865546    0.865546 ^ _526_/Q (sky130_fd_sc_hd__dfxtp_2)
                                                         random_o[30] (net)
                      0.298835    0.000000    0.865546 ^ random_o[30] (out)
                                              0.865546   data arrival time

                      0.150000   20.000000   20.000000   clock clk_i (rise edge)
                                  0.000000   20.000000   clock network delay (ideal)
                                 -0.250000   19.750002   clock uncertainty
                                  0.000000   19.750002   clock reconvergence pessimism
                                 -4.000000   15.750001   output external delay
                                             15.750001   data required time
---------------------------------------------------------------------------------------------
                                             15.750001   data required time
                                             -0.865546   data arrival time
---------------------------------------------------------------------------------------------
                                             14.884455   slack (MET)


Startpoint: _527_ (rising edge-triggered flip-flop clocked by clk_i)
Endpoint: random_o[31] (output port clocked by clk_i)
Path Group: clk_i
Path Type: max

Fanout         Cap        Slew       Delay        Time   Description
---------------------------------------------------------------------------------------------
                      0.150000    0.000000    0.000000   clock clk_i (rise edge)
                                  0.000000    0.000000   clock network delay (ideal)
                      0.150000    0.000000    0.000000 ^ _527_/CLK (sky130_fd_sc_hd__dfxtp_2)
     2    0.035876    0.298835    0.865546    0.865546 ^ _527_/Q (sky130_fd_sc_hd__dfxtp_2)
                                                         random_o[31] (net)
                      0.298835    0.000000    0.865546 ^ random_o[31] (out)
                                              0.865546   data arrival time

                      0.150000   20.000000   20.000000   clock clk_i (rise edge)
                                  0.000000   20.000000   clock network delay (ideal)
                                 -0.250000   19.750002   clock uncertainty
                                  0.000000   19.750002   clock reconvergence pessimism
                                 -4.000000   15.750001   output external delay
                                             15.750001   data required time
---------------------------------------------------------------------------------------------
                                             15.750001   data required time
                                             -0.865546   data arrival time
---------------------------------------------------------------------------------------------
                                             14.884455   slack (MET)


Startpoint: _499_ (rising edge-triggered flip-flop clocked by clk_i)
Endpoint: random_o[3] (output port clocked by clk_i)
Path Group: clk_i
Path Type: max

Fanout         Cap        Slew       Delay        Time   Description
---------------------------------------------------------------------------------------------
                      0.150000    0.000000    0.000000   clock clk_i (rise edge)
                                  0.000000    0.000000   clock network delay (ideal)
                      0.150000    0.000000    0.000000 ^ _499_/CLK (sky130_fd_sc_hd__dfxtp_2)
     2    0.035876    0.298835    0.865546    0.865546 ^ _499_/Q (sky130_fd_sc_hd__dfxtp_2)
                                                         random_o[3] (net)
                      0.298835    0.000000    0.865546 ^ random_o[3] (out)
                                              0.865546   data arrival time

                      0.150000   20.000000   20.000000   clock clk_i (rise edge)
                                  0.000000   20.000000   clock network delay (ideal)
                                 -0.250000   19.750002   clock uncertainty
                                  0.000000   19.750002   clock reconvergence pessimism
                                 -4.000000   15.750001   output external delay
                                             15.750001   data required time
---------------------------------------------------------------------------------------------
                                             15.750001   data required time
                                             -0.865546   data arrival time
---------------------------------------------------------------------------------------------
                                             14.884455   slack (MET)


Startpoint: _500_ (rising edge-triggered flip-flop clocked by clk_i)
Endpoint: random_o[4] (output port clocked by clk_i)
Path Group: clk_i
Path Type: max

Fanout         Cap        Slew       Delay        Time   Description
---------------------------------------------------------------------------------------------
                      0.150000    0.000000    0.000000   clock clk_i (rise edge)
                                  0.000000    0.000000   clock network delay (ideal)
                      0.150000    0.000000    0.000000 ^ _500_/CLK (sky130_fd_sc_hd__dfxtp_2)
     2    0.035876    0.298835    0.865546    0.865546 ^ _500_/Q (sky130_fd_sc_hd__dfxtp_2)
                                                         random_o[4] (net)
                      0.298835    0.000000    0.865546 ^ random_o[4] (out)
                                              0.865546   data arrival time

                      0.150000   20.000000   20.000000   clock clk_i (rise edge)
                                  0.000000   20.000000   clock network delay (ideal)
                                 -0.250000   19.750002   clock uncertainty
                                  0.000000   19.750002   clock reconvergence pessimism
                                 -4.000000   15.750001   output external delay
                                             15.750001   data required time
---------------------------------------------------------------------------------------------
                                             15.750001   data required time
                                             -0.865546   data arrival time
---------------------------------------------------------------------------------------------
                                             14.884455   slack (MET)


Startpoint: _501_ (rising edge-triggered flip-flop clocked by clk_i)
Endpoint: random_o[5] (output port clocked by clk_i)
Path Group: clk_i
Path Type: max

Fanout         Cap        Slew       Delay        Time   Description
---------------------------------------------------------------------------------------------
                      0.150000    0.000000    0.000000   clock clk_i (rise edge)
                                  0.000000    0.000000   clock network delay (ideal)
                      0.150000    0.000000    0.000000 ^ _501_/CLK (sky130_fd_sc_hd__dfxtp_2)
     2    0.035876    0.298835    0.865546    0.865546 ^ _501_/Q (sky130_fd_sc_hd__dfxtp_2)
                                                         random_o[5] (net)
                      0.298835    0.000000    0.865546 ^ random_o[5] (out)
                                              0.865546   data arrival time

                      0.150000   20.000000   20.000000   clock clk_i (rise edge)
                                  0.000000   20.000000   clock network delay (ideal)
                                 -0.250000   19.750002   clock uncertainty
                                  0.000000   19.750002   clock reconvergence pessimism
                                 -4.000000   15.750001   output external delay
                                             15.750001   data required time
---------------------------------------------------------------------------------------------
                                             15.750001   data required time
                                             -0.865546   data arrival time
---------------------------------------------------------------------------------------------
                                             14.884455   slack (MET)


Startpoint: _502_ (rising edge-triggered flip-flop clocked by clk_i)
Endpoint: random_o[6] (output port clocked by clk_i)
Path Group: clk_i
Path Type: max

Fanout         Cap        Slew       Delay        Time   Description
---------------------------------------------------------------------------------------------
                      0.150000    0.000000    0.000000   clock clk_i (rise edge)
                                  0.000000    0.000000   clock network delay (ideal)
                      0.150000    0.000000    0.000000 ^ _502_/CLK (sky130_fd_sc_hd__dfxtp_2)
     2    0.035876    0.298835    0.865546    0.865546 ^ _502_/Q (sky130_fd_sc_hd__dfxtp_2)
                                                         random_o[6] (net)
                      0.298835    0.000000    0.865546 ^ random_o[6] (out)
                                              0.865546   data arrival time

                      0.150000   20.000000   20.000000   clock clk_i (rise edge)
                                  0.000000   20.000000   clock network delay (ideal)
                                 -0.250000   19.750002   clock uncertainty
                                  0.000000   19.750002   clock reconvergence pessimism
                                 -4.000000   15.750001   output external delay
                                             15.750001   data required time
---------------------------------------------------------------------------------------------
                                             15.750001   data required time
                                             -0.865546   data arrival time
---------------------------------------------------------------------------------------------
                                             14.884455   slack (MET)


Startpoint: _503_ (rising edge-triggered flip-flop clocked by clk_i)
Endpoint: random_o[7] (output port clocked by clk_i)
Path Group: clk_i
Path Type: max

Fanout         Cap        Slew       Delay        Time   Description
---------------------------------------------------------------------------------------------
                      0.150000    0.000000    0.000000   clock clk_i (rise edge)
                                  0.000000    0.000000   clock network delay (ideal)
                      0.150000    0.000000    0.000000 ^ _503_/CLK (sky130_fd_sc_hd__dfxtp_2)
     2    0.035876    0.298835    0.865546    0.865546 ^ _503_/Q (sky130_fd_sc_hd__dfxtp_2)
                                                         random_o[7] (net)
                      0.298835    0.000000    0.865546 ^ random_o[7] (out)
                                              0.865546   data arrival time

                      0.150000   20.000000   20.000000   clock clk_i (rise edge)
                                  0.000000   20.000000   clock network delay (ideal)
                                 -0.250000   19.750002   clock uncertainty
                                  0.000000   19.750002   clock reconvergence pessimism
                                 -4.000000   15.750001   output external delay
                                             15.750001   data required time
---------------------------------------------------------------------------------------------
                                             15.750001   data required time
                                             -0.865546   data arrival time
---------------------------------------------------------------------------------------------
                                             14.884455   slack (MET)


Startpoint: _504_ (rising edge-triggered flip-flop clocked by clk_i)
Endpoint: random_o[8] (output port clocked by clk_i)
Path Group: clk_i
Path Type: max

Fanout         Cap        Slew       Delay        Time   Description
---------------------------------------------------------------------------------------------
                      0.150000    0.000000    0.000000   clock clk_i (rise edge)
                                  0.000000    0.000000   clock network delay (ideal)
                      0.150000    0.000000    0.000000 ^ _504_/CLK (sky130_fd_sc_hd__dfxtp_2)
     2    0.035876    0.298835    0.865546    0.865546 ^ _504_/Q (sky130_fd_sc_hd__dfxtp_2)
                                                         random_o[8] (net)
                      0.298835    0.000000    0.865546 ^ random_o[8] (out)
                                              0.865546   data arrival time

                      0.150000   20.000000   20.000000   clock clk_i (rise edge)
                                  0.000000   20.000000   clock network delay (ideal)
                                 -0.250000   19.750002   clock uncertainty
                                  0.000000   19.750002   clock reconvergence pessimism
                                 -4.000000   15.750001   output external delay
                                             15.750001   data required time
---------------------------------------------------------------------------------------------
                                             15.750001   data required time
                                             -0.865546   data arrival time
---------------------------------------------------------------------------------------------
                                             14.884455   slack (MET)


Startpoint: _505_ (rising edge-triggered flip-flop clocked by clk_i)
Endpoint: random_o[9] (output port clocked by clk_i)
Path Group: clk_i
Path Type: max

Fanout         Cap        Slew       Delay        Time   Description
---------------------------------------------------------------------------------------------
                      0.150000    0.000000    0.000000   clock clk_i (rise edge)
                                  0.000000    0.000000   clock network delay (ideal)
                      0.150000    0.000000    0.000000 ^ _505_/CLK (sky130_fd_sc_hd__dfxtp_2)
     2    0.035876    0.298835    0.865546    0.865546 ^ _505_/Q (sky130_fd_sc_hd__dfxtp_2)
                                                         random_o[9] (net)
                      0.298835    0.000000    0.865546 ^ random_o[9] (out)
                                              0.865546   data arrival time

                      0.150000   20.000000   20.000000   clock clk_i (rise edge)
                                  0.000000   20.000000   clock network delay (ideal)
                                 -0.250000   19.750002   clock uncertainty
                                  0.000000   19.750002   clock reconvergence pessimism
                                 -4.000000   15.750001   output external delay
                                             15.750001   data required time
---------------------------------------------------------------------------------------------
                                             15.750001   data required time
                                             -0.865546   data arrival time
---------------------------------------------------------------------------------------------
                                             14.884455   slack (MET)


Startpoint: _627_ (rising edge-triggered flip-flop clocked by clk_i)
Endpoint: valid_o (output port clocked by clk_i)
Path Group: clk_i
Path Type: max

Fanout         Cap        Slew       Delay        Time   Description
---------------------------------------------------------------------------------------------
                      0.150000    0.000000    0.000000   clock clk_i (rise edge)
                                  0.000000    0.000000   clock network delay (ideal)
                      0.150000    0.000000    0.000000 ^ _627_/CLK (sky130_fd_sc_hd__dfxtp_2)
     1    0.033442    0.280322    0.852096    0.852096 ^ _627_/Q (sky130_fd_sc_hd__dfxtp_2)
                                                         valid_o (net)
                      0.280322    0.000000    0.852096 ^ valid_o (out)
                                              0.852096   data arrival time

                      0.150000   20.000000   20.000000   clock clk_i (rise edge)
                                  0.000000   20.000000   clock network delay (ideal)
                                 -0.250000   19.750002   clock uncertainty
                                  0.000000   19.750002   clock reconvergence pessimism
                                 -4.000000   15.750001   output external delay
                                             15.750001   data required time
---------------------------------------------------------------------------------------------
                                             15.750001   data required time
                                             -0.852096   data arrival time
---------------------------------------------------------------------------------------------
                                             14.897904   slack (MET)



