
===========================================================================
report_checks -path_delay min (Hold)
============================================================================
======================= nom_ff_n40C_1v95 Corner ===================================

Startpoint: _11818_ (rising edge-triggered flip-flop clocked by clk_i)
Endpoint: _11818_ (rising edge-triggered flip-flop clocked by clk_i)
Path Group: clk_i
Path Type: min

Fanout         Cap        Slew       Delay        Time   Description
---------------------------------------------------------------------------------------------
                      0.150000    0.000000    0.000000   clock clk_i (rise edge)
                                  0.000000    0.000000   clock network delay (ideal)
                      0.150000    0.000000    0.000000 ^ _11818_/CLK (sky130_fd_sc_hd__dfxtp_2)
     2    0.038070    0.149177    0.307997    0.307997 ^ _11818_/Q (sky130_fd_sc_hd__dfxtp_2)
                                                         random_o[17] (net)
                      0.149177    0.000000    0.307997 ^ _06144_/A1 (sky130_fd_sc_hd__a21oi_2)
     1    0.004145    0.014714    0.034705    0.342702 v _06144_/Y (sky130_fd_sc_hd__a21oi_2)
                                                         _03688_ (net)
                      0.014714    0.000000    0.342702 v _06145_/B (sky130_fd_sc_hd__nor2_2)
     1    0.001748    0.036234    0.035300    0.378002 ^ _06145_/Y (sky130_fd_sc_hd__nor2_2)
                                                         _00018_ (net)
                      0.036234    0.000000    0.378002 ^ _11818_/D (sky130_fd_sc_hd__dfxtp_2)
                                              0.378002   data arrival time

                      0.150000    0.000000    0.000000   clock clk_i (rise edge)
                                  0.000000    0.000000   clock network delay (ideal)
                                  0.250000    0.250000   clock uncertainty
                                  0.000000    0.250000   clock reconvergence pessimism
                                              0.250000 ^ _11818_/CLK (sky130_fd_sc_hd__dfxtp_2)
                                 -0.014824    0.235176   library hold time
                                              0.235176   data required time
---------------------------------------------------------------------------------------------
                                              0.235176   data required time
                                             -0.378002   data arrival time
---------------------------------------------------------------------------------------------
                                              0.142826   slack (MET)


Startpoint: _11819_ (rising edge-triggered flip-flop clocked by clk_i)
Endpoint: _11819_ (rising edge-triggered flip-flop clocked by clk_i)
Path Group: clk_i
Path Type: min

Fanout         Cap        Slew       Delay        Time   Description
---------------------------------------------------------------------------------------------
                      0.150000    0.000000    0.000000   clock clk_i (rise edge)
                                  0.000000    0.000000   clock network delay (ideal)
                      0.150000    0.000000    0.000000 ^ _11819_/CLK (sky130_fd_sc_hd__dfxtp_2)
     2    0.038070    0.149177    0.307997    0.307997 ^ _11819_/Q (sky130_fd_sc_hd__dfxtp_2)
                                                         random_o[18] (net)
                      0.149177    0.000000    0.307997 ^ _06148_/A1 (sky130_fd_sc_hd__a21oi_2)
     1    0.004145    0.014714    0.034705    0.342702 v _06148_/Y (sky130_fd_sc_hd__a21oi_2)
                                                         _03730_ (net)
                      0.014714    0.000000    0.342702 v _06149_/B (sky130_fd_sc_hd__nor2_2)
     1    0.001748    0.036234    0.035300    0.378002 ^ _06149_/Y (sky130_fd_sc_hd__nor2_2)
                                                         _00019_ (net)
                      0.036234    0.000000    0.378002 ^ _11819_/D (sky130_fd_sc_hd__dfxtp_2)
                                              0.378002   data arrival time

                      0.150000    0.000000    0.000000   clock clk_i (rise edge)
                                  0.000000    0.000000   clock network delay (ideal)
                                  0.250000    0.250000   clock uncertainty
                                  0.000000    0.250000   clock reconvergence pessimism
                                              0.250000 ^ _11819_/CLK (sky130_fd_sc_hd__dfxtp_2)
                                 -0.014824    0.235176   library hold time
                                              0.235176   data required time
---------------------------------------------------------------------------------------------
                                              0.235176   data required time
                                             -0.378002   data arrival time
---------------------------------------------------------------------------------------------
                                              0.142826   slack (MET)


Startpoint: _11885_ (rising edge-triggered flip-flop clocked by clk_i)
Endpoint: _11885_ (rising edge-triggered flip-flop clocked by clk_i)
Path Group: clk_i
Path Type: min

Fanout         Cap        Slew       Delay        Time   Description
---------------------------------------------------------------------------------------------
                      0.150000    0.000000    0.000000   clock clk_i (rise edge)
                                  0.000000    0.000000   clock network delay (ideal)
                      0.150000    0.000000    0.000000 ^ _11885_/CLK (sky130_fd_sc_hd__dfxtp_2)
    17    0.066316    0.109274    0.304156    0.304156 v _11885_/Q (sky130_fd_sc_hd__dfxtp_2)
                                                         state_reg[52] (net)
                      0.109274    0.000000    0.304156 v _10243_/B2 (sky130_fd_sc_hd__a32o_2)
     1    0.001783    0.018151    0.120289    0.424444 v _10243_/X (sky130_fd_sc_hd__a32o_2)
                                                         _00085_ (net)
                      0.018151    0.000000    0.424444 v _11885_/D (sky130_fd_sc_hd__dfxtp_2)
                                              0.424444   data arrival time

                      0.150000    0.000000    0.000000   clock clk_i (rise edge)
                                  0.000000    0.000000   clock network delay (ideal)
                                  0.250000    0.250000   clock uncertainty
                                  0.000000    0.250000   clock reconvergence pessimism
                                              0.250000 ^ _11885_/CLK (sky130_fd_sc_hd__dfxtp_2)
                                 -0.018681    0.231319   library hold time
                                              0.231319   data required time
---------------------------------------------------------------------------------------------
                                              0.231319   data required time
                                             -0.424444   data arrival time
---------------------------------------------------------------------------------------------
                                              0.193125   slack (MET)


Startpoint: _11891_ (rising edge-triggered flip-flop clocked by clk_i)
Endpoint: _11891_ (rising edge-triggered flip-flop clocked by clk_i)
Path Group: clk_i
Path Type: min

Fanout         Cap        Slew       Delay        Time   Description
---------------------------------------------------------------------------------------------
                      0.150000    0.000000    0.000000   clock clk_i (rise edge)
                                  0.000000    0.000000   clock network delay (ideal)
                      0.150000    0.000000    0.000000 ^ _11891_/CLK (sky130_fd_sc_hd__dfxtp_2)
    16    0.071059    0.116266    0.309660    0.309660 v _11891_/Q (sky130_fd_sc_hd__dfxtp_2)
                                                         state_reg[58] (net)
                      0.116266    0.000000    0.309660 v _11089_/B2 (sky130_fd_sc_hd__a32o_2)
     1    0.001783    0.018151    0.123206    0.432866 v _11089_/X (sky130_fd_sc_hd__a32o_2)
                                                         _00091_ (net)
                      0.018151    0.000000    0.432866 v _11891_/D (sky130_fd_sc_hd__dfxtp_2)
                                              0.432866   data arrival time

                      0.150000    0.000000    0.000000   clock clk_i (rise edge)
                                  0.000000    0.000000   clock network delay (ideal)
                                  0.250000    0.250000   clock uncertainty
                                  0.000000    0.250000   clock reconvergence pessimism
                                              0.250000 ^ _11891_/CLK (sky130_fd_sc_hd__dfxtp_2)
                                 -0.018681    0.231319   library hold time
                                              0.231319   data required time
---------------------------------------------------------------------------------------------
                                              0.231319   data required time
                                             -0.432866   data arrival time
---------------------------------------------------------------------------------------------
                                              0.201547   slack (MET)


Startpoint: _11883_ (rising edge-triggered flip-flop clocked by clk_i)
Endpoint: _11883_ (rising edge-triggered flip-flop clocked by clk_i)
Path Group: clk_i
Path Type: min

Fanout         Cap        Slew       Delay        Time   Description
---------------------------------------------------------------------------------------------
                      0.150000    0.000000    0.000000   clock clk_i (rise edge)
                                  0.000000    0.000000   clock network delay (ideal)
                      0.150000    0.000000    0.000000 ^ _11883_/CLK (sky130_fd_sc_hd__dfxtp_2)
    19    0.077807    0.126214    0.317491    0.317491 v _11883_/Q (sky130_fd_sc_hd__dfxtp_2)
                                                         state_reg[50] (net)
                      0.126214    0.000000    0.317491 v _09976_/B2 (sky130_fd_sc_hd__a32o_2)
     1    0.001783    0.018151    0.127148    0.444640 v _09976_/X (sky130_fd_sc_hd__a32o_2)
                                                         _00083_ (net)
                      0.018151    0.000000    0.444640 v _11883_/D (sky130_fd_sc_hd__dfxtp_2)
                                              0.444640   data arrival time

                      0.150000    0.000000    0.000000   clock clk_i (rise edge)
                                  0.000000    0.000000   clock network delay (ideal)
                                  0.250000    0.250000   clock uncertainty
                                  0.000000    0.250000   clock reconvergence pessimism
                                              0.250000 ^ _11883_/CLK (sky130_fd_sc_hd__dfxtp_2)
                                 -0.018681    0.231319   library hold time
                                              0.231319   data required time
---------------------------------------------------------------------------------------------
                                              0.231319   data required time
                                             -0.444640   data arrival time
---------------------------------------------------------------------------------------------
                                              0.213320   slack (MET)


Startpoint: _11890_ (rising edge-triggered flip-flop clocked by clk_i)
Endpoint: _11890_ (rising edge-triggered flip-flop clocked by clk_i)
Path Group: clk_i
Path Type: min

Fanout         Cap        Slew       Delay        Time   Description
---------------------------------------------------------------------------------------------
                      0.150000    0.000000    0.000000   clock clk_i (rise edge)
                                  0.000000    0.000000   clock network delay (ideal)
                      0.150000    0.000000    0.000000 ^ _11890_/CLK (sky130_fd_sc_hd__dfxtp_2)
    11    0.050112    0.193776    0.338833    0.338833 ^ _11890_/Q (sky130_fd_sc_hd__dfxtp_2)
                                                         state_reg[57] (net)
                      0.193776    0.000000    0.338833 ^ _10946_/A1 (sky130_fd_sc_hd__o221a_2)
     1    0.001748    0.021893    0.111069    0.449902 ^ _10946_/X (sky130_fd_sc_hd__o221a_2)
                                                         _00090_ (net)
                      0.021893    0.000000    0.449902 ^ _11890_/D (sky130_fd_sc_hd__dfxtp_2)
                                              0.449902   data arrival time

                      0.150000    0.000000    0.000000   clock clk_i (rise edge)
                                  0.000000    0.000000   clock network delay (ideal)
                                  0.250000    0.250000   clock uncertainty
                                  0.000000    0.250000   clock reconvergence pessimism
                                              0.250000 ^ _11890_/CLK (sky130_fd_sc_hd__dfxtp_2)
                                 -0.013827    0.236173   library hold time
                                              0.236173   data required time
---------------------------------------------------------------------------------------------
                                              0.236173   data required time
                                             -0.449902   data arrival time
---------------------------------------------------------------------------------------------
                                              0.213729   slack (MET)


Startpoint: _11888_ (rising edge-triggered flip-flop clocked by clk_i)
Endpoint: _11888_ (rising edge-triggered flip-flop clocked by clk_i)
Path Group: clk_i
Path Type: min

Fanout         Cap        Slew       Delay        Time   Description
---------------------------------------------------------------------------------------------
                      0.150000    0.000000    0.000000   clock clk_i (rise edge)
                                  0.000000    0.000000   clock network delay (ideal)
                      0.150000    0.000000    0.000000 ^ _11888_/CLK (sky130_fd_sc_hd__dfxtp_2)
    15    0.071126    0.116365    0.309738    0.309738 v _11888_/Q (sky130_fd_sc_hd__dfxtp_2)
                                                         state_reg[55] (net)
                      0.116365    0.000000    0.309738 v _10658_/A1 (sky130_fd_sc_hd__o21ai_2)
     1    0.004764    0.058112    0.122063    0.431800 ^ _10658_/Y (sky130_fd_sc_hd__o21ai_2)
                                                         _04278_ (net)
                      0.058112    0.000000    0.431800 ^ _10659_/B1 (sky130_fd_sc_hd__a21oi_2)
     1    0.001783    0.015765    0.014827    0.446627 v _10659_/Y (sky130_fd_sc_hd__a21oi_2)
                                                         _00088_ (net)
                      0.015765    0.000000    0.446627 v _11888_/D (sky130_fd_sc_hd__dfxtp_2)
                                              0.446627   data arrival time

                      0.150000    0.000000    0.000000   clock clk_i (rise edge)
                                  0.000000    0.000000   clock network delay (ideal)
                                  0.250000    0.250000   clock uncertainty
                                  0.000000    0.250000   clock reconvergence pessimism
                                              0.250000 ^ _11888_/CLK (sky130_fd_sc_hd__dfxtp_2)
                                 -0.017885    0.232115   library hold time
                                              0.232115   data required time
---------------------------------------------------------------------------------------------
                                              0.232115   data required time
                                             -0.446627   data arrival time
---------------------------------------------------------------------------------------------
                                              0.214513   slack (MET)


Startpoint: _11810_ (rising edge-triggered flip-flop clocked by clk_i)
Endpoint: _11810_ (rising edge-triggered flip-flop clocked by clk_i)
Path Group: clk_i
Path Type: min

Fanout         Cap        Slew       Delay        Time   Description
---------------------------------------------------------------------------------------------
                      0.150000    0.000000    0.000000   clock clk_i (rise edge)
                                  0.000000    0.000000   clock network delay (ideal)
                      0.150000    0.000000    0.000000 ^ _11810_/CLK (sky130_fd_sc_hd__dfxtp_2)
     2    0.036147    0.142091    0.303057    0.303057 ^ _11810_/Q (sky130_fd_sc_hd__dfxtp_2)
                                                         random_o[9] (net)
                      0.142091    0.000000    0.303057 ^ _06105_/B2 (sky130_fd_sc_hd__a32o_2)
     1    0.001632    0.022920    0.075012    0.378069 ^ _06105_/X (sky130_fd_sc_hd__a32o_2)
                                                         _03270_ (net)
                      0.022920    0.000000    0.378069 ^ _06106_/B (sky130_fd_sc_hd__and2_2)
     1    0.001748    0.021780    0.072712    0.450781 ^ _06106_/X (sky130_fd_sc_hd__and2_2)
                                                         _00010_ (net)
                      0.021780    0.000000    0.450781 ^ _11810_/D (sky130_fd_sc_hd__dfxtp_2)
                                              0.450781   data arrival time

                      0.150000    0.000000    0.000000   clock clk_i (rise edge)
                                  0.000000    0.000000   clock network delay (ideal)
                                  0.250000    0.250000   clock uncertainty
                                  0.000000    0.250000   clock reconvergence pessimism
                                              0.250000 ^ _11810_/CLK (sky130_fd_sc_hd__dfxtp_2)
                                 -0.013819    0.236181   library hold time
                                              0.236181   data required time
---------------------------------------------------------------------------------------------
                                              0.236181   data required time
                                             -0.450781   data arrival time
---------------------------------------------------------------------------------------------
                                              0.214600   slack (MET)


Startpoint: _11811_ (rising edge-triggered flip-flop clocked by clk_i)
Endpoint: _11811_ (rising edge-triggered flip-flop clocked by clk_i)
Path Group: clk_i
Path Type: min

Fanout         Cap        Slew       Delay        Time   Description
---------------------------------------------------------------------------------------------
                      0.150000    0.000000    0.000000   clock clk_i (rise edge)
                                  0.000000    0.000000   clock network delay (ideal)
                      0.150000    0.000000    0.000000 ^ _11811_/CLK (sky130_fd_sc_hd__dfxtp_2)
     2    0.036147    0.142091    0.303057    0.303057 ^ _11811_/Q (sky130_fd_sc_hd__dfxtp_2)
                                                         random_o[10] (net)
                      0.142091    0.000000    0.303057 ^ _06111_/B2 (sky130_fd_sc_hd__a32o_2)
     1    0.001632    0.022920    0.075012    0.378069 ^ _06111_/X (sky130_fd_sc_hd__a32o_2)
                                                         _03334_ (net)
                      0.022920    0.000000    0.378069 ^ _06112_/B (sky130_fd_sc_hd__and2_2)
     1    0.001748    0.021780    0.072712    0.450781 ^ _06112_/X (sky130_fd_sc_hd__and2_2)
                                                         _00011_ (net)
                      0.021780    0.000000    0.450781 ^ _11811_/D (sky130_fd_sc_hd__dfxtp_2)
                                              0.450781   data arrival time

                      0.150000    0.000000    0.000000   clock clk_i (rise edge)
                                  0.000000    0.000000   clock network delay (ideal)
                                  0.250000    0.250000   clock uncertainty
                                  0.000000    0.250000   clock reconvergence pessimism
                                              0.250000 ^ _11811_/CLK (sky130_fd_sc_hd__dfxtp_2)
                                 -0.013819    0.236181   library hold time
                                              0.236181   data required time
---------------------------------------------------------------------------------------------
                                              0.236181   data required time
                                             -0.450781   data arrival time
---------------------------------------------------------------------------------------------
                                              0.214600   slack (MET)


Startpoint: _11817_ (rising edge-triggered flip-flop clocked by clk_i)
Endpoint: _11817_ (rising edge-triggered flip-flop clocked by clk_i)
Path Group: clk_i
Path Type: min

Fanout         Cap        Slew       Delay        Time   Description
---------------------------------------------------------------------------------------------
                      0.150000    0.000000    0.000000   clock clk_i (rise edge)
                                  0.000000    0.000000   clock network delay (ideal)
                      0.150000    0.000000    0.000000 ^ _11817_/CLK (sky130_fd_sc_hd__dfxtp_2)
     2    0.036147    0.142091    0.303057    0.303057 ^ _11817_/Q (sky130_fd_sc_hd__dfxtp_2)
                                                         random_o[16] (net)
                      0.142091    0.000000    0.303057 ^ _06140_/B2 (sky130_fd_sc_hd__a32o_2)
     1    0.001632    0.022920    0.075012    0.378069 ^ _06140_/X (sky130_fd_sc_hd__a32o_2)
                                                         _03645_ (net)
                      0.022920    0.000000    0.378069 ^ _06141_/B (sky130_fd_sc_hd__and2_2)
     1    0.001748    0.021780    0.072712    0.450781 ^ _06141_/X (sky130_fd_sc_hd__and2_2)
                                                         _00017_ (net)
                      0.021780    0.000000    0.450781 ^ _11817_/D (sky130_fd_sc_hd__dfxtp_2)
                                              0.450781   data arrival time

                      0.150000    0.000000    0.000000   clock clk_i (rise edge)
                                  0.000000    0.000000   clock network delay (ideal)
                                  0.250000    0.250000   clock uncertainty
                                  0.000000    0.250000   clock reconvergence pessimism
                                              0.250000 ^ _11817_/CLK (sky130_fd_sc_hd__dfxtp_2)
                                 -0.013819    0.236181   library hold time
                                              0.236181   data required time
---------------------------------------------------------------------------------------------
                                              0.236181   data required time
                                             -0.450781   data arrival time
---------------------------------------------------------------------------------------------
                                              0.214600   slack (MET)


Startpoint: _11825_ (rising edge-triggered flip-flop clocked by clk_i)
Endpoint: _11825_ (rising edge-triggered flip-flop clocked by clk_i)
Path Group: clk_i
Path Type: min

Fanout         Cap        Slew       Delay        Time   Description
---------------------------------------------------------------------------------------------
                      0.150000    0.000000    0.000000   clock clk_i (rise edge)
                                  0.000000    0.000000   clock network delay (ideal)
                      0.150000    0.000000    0.000000 ^ _11825_/CLK (sky130_fd_sc_hd__dfxtp_2)
     2    0.036147    0.142091    0.303057    0.303057 ^ _11825_/Q (sky130_fd_sc_hd__dfxtp_2)
                                                         random_o[24] (net)
                      0.142091    0.000000    0.303057 ^ _06168_/B2 (sky130_fd_sc_hd__a32o_2)
     1    0.001632    0.022920    0.075012    0.378069 ^ _06168_/X (sky130_fd_sc_hd__a32o_2)
                                                         _03943_ (net)
                      0.022920    0.000000    0.378069 ^ _06169_/B (sky130_fd_sc_hd__and2_2)
     1    0.001748    0.021780    0.072712    0.450781 ^ _06169_/X (sky130_fd_sc_hd__and2_2)
                                                         _00025_ (net)
                      0.021780    0.000000    0.450781 ^ _11825_/D (sky130_fd_sc_hd__dfxtp_2)
                                              0.450781   data arrival time

                      0.150000    0.000000    0.000000   clock clk_i (rise edge)
                                  0.000000    0.000000   clock network delay (ideal)
                                  0.250000    0.250000   clock uncertainty
                                  0.000000    0.250000   clock reconvergence pessimism
                                              0.250000 ^ _11825_/CLK (sky130_fd_sc_hd__dfxtp_2)
                                 -0.013819    0.236181   library hold time
                                              0.236181   data required time
---------------------------------------------------------------------------------------------
                                              0.236181   data required time
                                             -0.450781   data arrival time
---------------------------------------------------------------------------------------------
                                              0.214600   slack (MET)


Startpoint: _11826_ (rising edge-triggered flip-flop clocked by clk_i)
Endpoint: _11826_ (rising edge-triggered flip-flop clocked by clk_i)
Path Group: clk_i
Path Type: min

Fanout         Cap        Slew       Delay        Time   Description
---------------------------------------------------------------------------------------------
                      0.150000    0.000000    0.000000   clock clk_i (rise edge)
                                  0.000000    0.000000   clock network delay (ideal)
                      0.150000    0.000000    0.000000 ^ _11826_/CLK (sky130_fd_sc_hd__dfxtp_2)
     2    0.036147    0.142091    0.303057    0.303057 ^ _11826_/Q (sky130_fd_sc_hd__dfxtp_2)
                                                         random_o[25] (net)
                      0.142091    0.000000    0.303057 ^ _06172_/B2 (sky130_fd_sc_hd__a32o_2)
     1    0.001632    0.022920    0.075012    0.378069 ^ _06172_/X (sky130_fd_sc_hd__a32o_2)
                                                         _03985_ (net)
                      0.022920    0.000000    0.378069 ^ _06173_/B (sky130_fd_sc_hd__and2_2)
     1    0.001748    0.021780    0.072712    0.450781 ^ _06173_/X (sky130_fd_sc_hd__and2_2)
                                                         _00026_ (net)
                      0.021780    0.000000    0.450781 ^ _11826_/D (sky130_fd_sc_hd__dfxtp_2)
                                              0.450781   data arrival time

                      0.150000    0.000000    0.000000   clock clk_i (rise edge)
                                  0.000000    0.000000   clock network delay (ideal)
                                  0.250000    0.250000   clock uncertainty
                                  0.000000    0.250000   clock reconvergence pessimism
                                              0.250000 ^ _11826_/CLK (sky130_fd_sc_hd__dfxtp_2)
                                 -0.013819    0.236181   library hold time
                                              0.236181   data required time
---------------------------------------------------------------------------------------------
                                              0.236181   data required time
                                             -0.450781   data arrival time
---------------------------------------------------------------------------------------------
                                              0.214600   slack (MET)


Startpoint: _11827_ (rising edge-triggered flip-flop clocked by clk_i)
Endpoint: _11827_ (rising edge-triggered flip-flop clocked by clk_i)
Path Group: clk_i
Path Type: min

Fanout         Cap        Slew       Delay        Time   Description
---------------------------------------------------------------------------------------------
                      0.150000    0.000000    0.000000   clock clk_i (rise edge)
                                  0.000000    0.000000   clock network delay (ideal)
                      0.150000    0.000000    0.000000 ^ _11827_/CLK (sky130_fd_sc_hd__dfxtp_2)
     2    0.036147    0.142091    0.303057    0.303057 ^ _11827_/Q (sky130_fd_sc_hd__dfxtp_2)
                                                         random_o[26] (net)
                      0.142091    0.000000    0.303057 ^ _06176_/B2 (sky130_fd_sc_hd__a32o_2)
     1    0.001632    0.022920    0.075012    0.378069 ^ _06176_/X (sky130_fd_sc_hd__a32o_2)
                                                         _04028_ (net)
                      0.022920    0.000000    0.378069 ^ _06177_/B (sky130_fd_sc_hd__and2_2)
     1    0.001748    0.021780    0.072712    0.450781 ^ _06177_/X (sky130_fd_sc_hd__and2_2)
                                                         _00027_ (net)
                      0.021780    0.000000    0.450781 ^ _11827_/D (sky130_fd_sc_hd__dfxtp_2)
                                              0.450781   data arrival time

                      0.150000    0.000000    0.000000   clock clk_i (rise edge)
                                  0.000000    0.000000   clock network delay (ideal)
                                  0.250000    0.250000   clock uncertainty
                                  0.000000    0.250000   clock reconvergence pessimism
                                              0.250000 ^ _11827_/CLK (sky130_fd_sc_hd__dfxtp_2)
                                 -0.013819    0.236181   library hold time
                                              0.236181   data required time
---------------------------------------------------------------------------------------------
                                              0.236181   data required time
                                             -0.450781   data arrival time
---------------------------------------------------------------------------------------------
                                              0.214600   slack (MET)


Startpoint: _11889_ (rising edge-triggered flip-flop clocked by clk_i)
Endpoint: _11889_ (rising edge-triggered flip-flop clocked by clk_i)
Path Group: clk_i
Path Type: min

Fanout         Cap        Slew       Delay        Time   Description
---------------------------------------------------------------------------------------------
                      0.150000    0.000000    0.000000   clock clk_i (rise edge)
                                  0.000000    0.000000   clock network delay (ideal)
                      0.150000    0.000000    0.000000 ^ _11889_/CLK (sky130_fd_sc_hd__dfxtp_2)
    13    0.054199    0.208969    0.349274    0.349274 ^ _11889_/Q (sky130_fd_sc_hd__dfxtp_2)
                                                         state_reg[56] (net)
                      0.208969    0.000000    0.349274 ^ _10801_/A1 (sky130_fd_sc_hd__a221o_2)
     1    0.001748    0.018824    0.104178    0.453452 ^ _10801_/X (sky130_fd_sc_hd__a221o_2)
                                                         _00089_ (net)
                      0.018824    0.000000    0.453452 ^ _11889_/D (sky130_fd_sc_hd__dfxtp_2)
                                              0.453452   data arrival time

                      0.150000    0.000000    0.000000   clock clk_i (rise edge)
                                  0.000000    0.000000   clock network delay (ideal)
                                  0.250000    0.250000   clock uncertainty
                                  0.000000    0.250000   clock reconvergence pessimism
                                              0.250000 ^ _11889_/CLK (sky130_fd_sc_hd__dfxtp_2)
                                 -0.013613    0.236387   library hold time
                                              0.236387   data required time
---------------------------------------------------------------------------------------------
                                              0.236387   data required time
                                             -0.453452   data arrival time
---------------------------------------------------------------------------------------------
                                              0.217065   slack (MET)


Startpoint: _11876_ (rising edge-triggered flip-flop clocked by clk_i)
Endpoint: _11876_ (rising edge-triggered flip-flop clocked by clk_i)
Path Group: clk_i
Path Type: min

Fanout         Cap        Slew       Delay        Time   Description
---------------------------------------------------------------------------------------------
                      0.150000    0.000000    0.000000   clock clk_i (rise edge)
                                  0.000000    0.000000   clock network delay (ideal)
                      0.150000    0.000000    0.000000 ^ _11876_/CLK (sky130_fd_sc_hd__dfxtp_2)
    19    0.081566    0.131755    0.321853    0.321853 v _11876_/Q (sky130_fd_sc_hd__dfxtp_2)
                                                         state_reg[43] (net)
                      0.131755    0.000000    0.321853 v _09133_/B2 (sky130_fd_sc_hd__a32o_2)
     1    0.001783    0.018151    0.129152    0.451006 v _09133_/X (sky130_fd_sc_hd__a32o_2)
                                                         _00076_ (net)
                      0.018151    0.000000    0.451006 v _11876_/D (sky130_fd_sc_hd__dfxtp_2)
                                              0.451006   data arrival time

                      0.150000    0.000000    0.000000   clock clk_i (rise edge)
                                  0.000000    0.000000   clock network delay (ideal)
                                  0.250000    0.250000   clock uncertainty
                                  0.000000    0.250000   clock reconvergence pessimism
                                              0.250000 ^ _11876_/CLK (sky130_fd_sc_hd__dfxtp_2)
                                 -0.018681    0.231319   library hold time
                                              0.231319   data required time
---------------------------------------------------------------------------------------------
                                              0.231319   data required time
                                             -0.451006   data arrival time
---------------------------------------------------------------------------------------------
                                              0.219686   slack (MET)


Startpoint: _11801_ (rising edge-triggered flip-flop clocked by clk_i)
Endpoint: _11801_ (rising edge-triggered flip-flop clocked by clk_i)
Path Group: clk_i
Path Type: min

Fanout         Cap        Slew       Delay        Time   Description
---------------------------------------------------------------------------------------------
                      0.150000    0.000000    0.000000   clock clk_i (rise edge)
                                  0.000000    0.000000   clock network delay (ideal)
                      0.150000    0.000000    0.000000 ^ _11801_/CLK (sky130_fd_sc_hd__dfxtp_2)
     2    0.035911    0.141222    0.302451    0.302451 ^ _11801_/Q (sky130_fd_sc_hd__dfxtp_2)
                                                         random_o[0] (net)
                      0.141222    0.000000    0.302451 ^ _05987_/A1 (sky130_fd_sc_hd__a22o_2)
     1    0.001632    0.017998    0.090887    0.393338 ^ _05987_/X (sky130_fd_sc_hd__a22o_2)
                                                         _01991_ (net)
                      0.017998    0.000000    0.393338 ^ _05988_/B (sky130_fd_sc_hd__and2_2)
     1    0.001748    0.021774    0.071405    0.464743 ^ _05988_/X (sky130_fd_sc_hd__and2_2)
                                                         _00001_ (net)
                      0.021774    0.000000    0.464743 ^ _11801_/D (sky130_fd_sc_hd__dfxtp_2)
                                              0.464743   data arrival time

                      0.150000    0.000000    0.000000   clock clk_i (rise edge)
                                  0.000000    0.000000   clock network delay (ideal)
                                  0.250000    0.250000   clock uncertainty
                                  0.000000    0.250000   clock reconvergence pessimism
                                              0.250000 ^ _11801_/CLK (sky130_fd_sc_hd__dfxtp_2)
                                 -0.013819    0.236181   library hold time
                                              0.236181   data required time
---------------------------------------------------------------------------------------------
                                              0.236181   data required time
                                             -0.464743   data arrival time
---------------------------------------------------------------------------------------------
                                              0.228562   slack (MET)


Startpoint: _11802_ (rising edge-triggered flip-flop clocked by clk_i)
Endpoint: _11802_ (rising edge-triggered flip-flop clocked by clk_i)
Path Group: clk_i
Path Type: min

Fanout         Cap        Slew       Delay        Time   Description
---------------------------------------------------------------------------------------------
                      0.150000    0.000000    0.000000   clock clk_i (rise edge)
                                  0.000000    0.000000   clock network delay (ideal)
                      0.150000    0.000000    0.000000 ^ _11802_/CLK (sky130_fd_sc_hd__dfxtp_2)
     2    0.035911    0.141222    0.302451    0.302451 ^ _11802_/Q (sky130_fd_sc_hd__dfxtp_2)
                                                         random_o[1] (net)
                      0.141222    0.000000    0.302451 ^ _06023_/A1 (sky130_fd_sc_hd__a22o_2)
     1    0.001632    0.017998    0.090887    0.393338 ^ _06023_/X (sky130_fd_sc_hd__a22o_2)
                                                         _02383_ (net)
                      0.017998    0.000000    0.393338 ^ _06024_/B (sky130_fd_sc_hd__and2_2)
     1    0.001748    0.021774    0.071405    0.464743 ^ _06024_/X (sky130_fd_sc_hd__and2_2)
                                                         _00002_ (net)
                      0.021774    0.000000    0.464743 ^ _11802_/D (sky130_fd_sc_hd__dfxtp_2)
                                              0.464743   data arrival time

                      0.150000    0.000000    0.000000   clock clk_i (rise edge)
                                  0.000000    0.000000   clock network delay (ideal)
                                  0.250000    0.250000   clock uncertainty
                                  0.000000    0.250000   clock reconvergence pessimism
                                              0.250000 ^ _11802_/CLK (sky130_fd_sc_hd__dfxtp_2)
                                 -0.013819    0.236181   library hold time
                                              0.236181   data required time
---------------------------------------------------------------------------------------------
                                              0.236181   data required time
                                             -0.464743   data arrival time
---------------------------------------------------------------------------------------------
                                              0.228562   slack (MET)


Startpoint: _11803_ (rising edge-triggered flip-flop clocked by clk_i)
Endpoint: _11803_ (rising edge-triggered flip-flop clocked by clk_i)
Path Group: clk_i
Path Type: min

Fanout         Cap        Slew       Delay        Time   Description
---------------------------------------------------------------------------------------------
                      0.150000    0.000000    0.000000   clock clk_i (rise edge)
                                  0.000000    0.000000   clock network delay (ideal)
                      0.150000    0.000000    0.000000 ^ _11803_/CLK (sky130_fd_sc_hd__dfxtp_2)
     2    0.035911    0.141222    0.302451    0.302451 ^ _11803_/Q (sky130_fd_sc_hd__dfxtp_2)
                                                         random_o[2] (net)
                      0.141222    0.000000    0.302451 ^ _06034_/A1 (sky130_fd_sc_hd__a22o_2)
     1    0.001632    0.017998    0.090887    0.393338 ^ _06034_/X (sky130_fd_sc_hd__a22o_2)
                                                         _02502_ (net)
                      0.017998    0.000000    0.393338 ^ _06035_/B (sky130_fd_sc_hd__and2_2)
     1    0.001748    0.021774    0.071405    0.464743 ^ _06035_/X (sky130_fd_sc_hd__and2_2)
                                                         _00003_ (net)
                      0.021774    0.000000    0.464743 ^ _11803_/D (sky130_fd_sc_hd__dfxtp_2)
                                              0.464743   data arrival time

                      0.150000    0.000000    0.000000   clock clk_i (rise edge)
                                  0.000000    0.000000   clock network delay (ideal)
                                  0.250000    0.250000   clock uncertainty
                                  0.000000    0.250000   clock reconvergence pessimism
                                              0.250000 ^ _11803_/CLK (sky130_fd_sc_hd__dfxtp_2)
                                 -0.013819    0.236181   library hold time
                                              0.236181   data required time
---------------------------------------------------------------------------------------------
                                              0.236181   data required time
                                             -0.464743   data arrival time
---------------------------------------------------------------------------------------------
                                              0.228562   slack (MET)


Startpoint: _11804_ (rising edge-triggered flip-flop clocked by clk_i)
Endpoint: _11804_ (rising edge-triggered flip-flop clocked by clk_i)
Path Group: clk_i
Path Type: min

Fanout         Cap        Slew       Delay        Time   Description
---------------------------------------------------------------------------------------------
                      0.150000    0.000000    0.000000   clock clk_i (rise edge)
                                  0.000000    0.000000   clock network delay (ideal)
                      0.150000    0.000000    0.000000 ^ _11804_/CLK (sky130_fd_sc_hd__dfxtp_2)
     2    0.035911    0.141222    0.302451    0.302451 ^ _11804_/Q (sky130_fd_sc_hd__dfxtp_2)
                                                         random_o[3] (net)
                      0.141222    0.000000    0.302451 ^ _06054_/A1 (sky130_fd_sc_hd__a22o_2)
     1    0.001632    0.017998    0.090887    0.393338 ^ _06054_/X (sky130_fd_sc_hd__a22o_2)
                                                         _02719_ (net)
                      0.017998    0.000000    0.393338 ^ _06055_/B (sky130_fd_sc_hd__and2_2)
     1    0.001748    0.021774    0.071405    0.464743 ^ _06055_/X (sky130_fd_sc_hd__and2_2)
                                                         _00004_ (net)
                      0.021774    0.000000    0.464743 ^ _11804_/D (sky130_fd_sc_hd__dfxtp_2)
                                              0.464743   data arrival time

                      0.150000    0.000000    0.000000   clock clk_i (rise edge)
                                  0.000000    0.000000   clock network delay (ideal)
                                  0.250000    0.250000   clock uncertainty
                                  0.000000    0.250000   clock reconvergence pessimism
                                              0.250000 ^ _11804_/CLK (sky130_fd_sc_hd__dfxtp_2)
                                 -0.013819    0.236181   library hold time
                                              0.236181   data required time
---------------------------------------------------------------------------------------------
                                              0.236181   data required time
                                             -0.464743   data arrival time
---------------------------------------------------------------------------------------------
                                              0.228562   slack (MET)


Startpoint: _11805_ (rising edge-triggered flip-flop clocked by clk_i)
Endpoint: _11805_ (rising edge-triggered flip-flop clocked by clk_i)
Path Group: clk_i
Path Type: min

Fanout         Cap        Slew       Delay        Time   Description
---------------------------------------------------------------------------------------------
                      0.150000    0.000000    0.000000   clock clk_i (rise edge)
                                  0.000000    0.000000   clock network delay (ideal)
                      0.150000    0.000000    0.000000 ^ _11805_/CLK (sky130_fd_sc_hd__dfxtp_2)
     2    0.035911    0.141222    0.302451    0.302451 ^ _11805_/Q (sky130_fd_sc_hd__dfxtp_2)
                                                         random_o[4] (net)
                      0.141222    0.000000    0.302451 ^ _06063_/A1 (sky130_fd_sc_hd__a22o_2)
     1    0.001632    0.017998    0.090887    0.393338 ^ _06063_/X (sky130_fd_sc_hd__a22o_2)
                                                         _02816_ (net)
                      0.017998    0.000000    0.393338 ^ _06064_/B (sky130_fd_sc_hd__and2_2)
     1    0.001748    0.021774    0.071405    0.464743 ^ _06064_/X (sky130_fd_sc_hd__and2_2)
                                                         _00005_ (net)
                      0.021774    0.000000    0.464743 ^ _11805_/D (sky130_fd_sc_hd__dfxtp_2)
                                              0.464743   data arrival time

                      0.150000    0.000000    0.000000   clock clk_i (rise edge)
                                  0.000000    0.000000   clock network delay (ideal)
                                  0.250000    0.250000   clock uncertainty
                                  0.000000    0.250000   clock reconvergence pessimism
                                              0.250000 ^ _11805_/CLK (sky130_fd_sc_hd__dfxtp_2)
                                 -0.013819    0.236181   library hold time
                                              0.236181   data required time
---------------------------------------------------------------------------------------------
                                              0.236181   data required time
                                             -0.464743   data arrival time
---------------------------------------------------------------------------------------------
                                              0.228562   slack (MET)


Startpoint: _11806_ (rising edge-triggered flip-flop clocked by clk_i)
Endpoint: _11806_ (rising edge-triggered flip-flop clocked by clk_i)
Path Group: clk_i
Path Type: min

Fanout         Cap        Slew       Delay        Time   Description
---------------------------------------------------------------------------------------------
                      0.150000    0.000000    0.000000   clock clk_i (rise edge)
                                  0.000000    0.000000   clock network delay (ideal)
                      0.150000    0.000000    0.000000 ^ _11806_/CLK (sky130_fd_sc_hd__dfxtp_2)
     2    0.035911    0.141222    0.302451    0.302451 ^ _11806_/Q (sky130_fd_sc_hd__dfxtp_2)
                                                         random_o[5] (net)
                      0.141222    0.000000    0.302451 ^ _06073_/A1 (sky130_fd_sc_hd__a22o_2)
     1    0.001632    0.017998    0.090887    0.393338 ^ _06073_/X (sky130_fd_sc_hd__a22o_2)
                                                         _02924_ (net)
                      0.017998    0.000000    0.393338 ^ _06074_/B (sky130_fd_sc_hd__and2_2)
     1    0.001748    0.021774    0.071405    0.464743 ^ _06074_/X (sky130_fd_sc_hd__and2_2)
                                                         _00006_ (net)
                      0.021774    0.000000    0.464743 ^ _11806_/D (sky130_fd_sc_hd__dfxtp_2)
                                              0.464743   data arrival time

                      0.150000    0.000000    0.000000   clock clk_i (rise edge)
                                  0.000000    0.000000   clock network delay (ideal)
                                  0.250000    0.250000   clock uncertainty
                                  0.000000    0.250000   clock reconvergence pessimism
                                              0.250000 ^ _11806_/CLK (sky130_fd_sc_hd__dfxtp_2)
                                 -0.013819    0.236181   library hold time
                                              0.236181   data required time
---------------------------------------------------------------------------------------------
                                              0.236181   data required time
                                             -0.464743   data arrival time
---------------------------------------------------------------------------------------------
                                              0.228562   slack (MET)


Startpoint: _11807_ (rising edge-triggered flip-flop clocked by clk_i)
Endpoint: _11807_ (rising edge-triggered flip-flop clocked by clk_i)
Path Group: clk_i
Path Type: min

Fanout         Cap        Slew       Delay        Time   Description
---------------------------------------------------------------------------------------------
                      0.150000    0.000000    0.000000   clock clk_i (rise edge)
                                  0.000000    0.000000   clock network delay (ideal)
                      0.150000    0.000000    0.000000 ^ _11807_/CLK (sky130_fd_sc_hd__dfxtp_2)
     2    0.035911    0.141222    0.302451    0.302451 ^ _11807_/Q (sky130_fd_sc_hd__dfxtp_2)
                                                         random_o[6] (net)
                      0.141222    0.000000    0.302451 ^ _06082_/A1 (sky130_fd_sc_hd__a22o_2)
     1    0.001632    0.017998    0.090887    0.393338 ^ _06082_/X (sky130_fd_sc_hd__a22o_2)
                                                         _03021_ (net)
                      0.017998    0.000000    0.393338 ^ _06083_/B (sky130_fd_sc_hd__and2_2)
     1    0.001748    0.021774    0.071405    0.464743 ^ _06083_/X (sky130_fd_sc_hd__and2_2)
                                                         _00007_ (net)
                      0.021774    0.000000    0.464743 ^ _11807_/D (sky130_fd_sc_hd__dfxtp_2)
                                              0.464743   data arrival time

                      0.150000    0.000000    0.000000   clock clk_i (rise edge)
                                  0.000000    0.000000   clock network delay (ideal)
                                  0.250000    0.250000   clock uncertainty
                                  0.000000    0.250000   clock reconvergence pessimism
                                              0.250000 ^ _11807_/CLK (sky130_fd_sc_hd__dfxtp_2)
                                 -0.013819    0.236181   library hold time
                                              0.236181   data required time
---------------------------------------------------------------------------------------------
                                              0.236181   data required time
                                             -0.464743   data arrival time
---------------------------------------------------------------------------------------------
                                              0.228562   slack (MET)


Startpoint: _11812_ (rising edge-triggered flip-flop clocked by clk_i)
Endpoint: _11812_ (rising edge-triggered flip-flop clocked by clk_i)
Path Group: clk_i
Path Type: min

Fanout         Cap        Slew       Delay        Time   Description
---------------------------------------------------------------------------------------------
                      0.150000    0.000000    0.000000   clock clk_i (rise edge)
                                  0.000000    0.000000   clock network delay (ideal)
                      0.150000    0.000000    0.000000 ^ _11812_/CLK (sky130_fd_sc_hd__dfxtp_2)
     2    0.035911    0.141222    0.302451    0.302451 ^ _11812_/Q (sky130_fd_sc_hd__dfxtp_2)
                                                         random_o[11] (net)
                      0.141222    0.000000    0.302451 ^ _06116_/A1 (sky130_fd_sc_hd__a22o_2)
     1    0.001632    0.017998    0.090887    0.393338 ^ _06116_/X (sky130_fd_sc_hd__a22o_2)
                                                         _03388_ (net)
                      0.017998    0.000000    0.393338 ^ _06117_/B (sky130_fd_sc_hd__and2_2)
     1    0.001748    0.021774    0.071405    0.464743 ^ _06117_/X (sky130_fd_sc_hd__and2_2)
                                                         _00012_ (net)
                      0.021774    0.000000    0.464743 ^ _11812_/D (sky130_fd_sc_hd__dfxtp_2)
                                              0.464743   data arrival time

                      0.150000    0.000000    0.000000   clock clk_i (rise edge)
                                  0.000000    0.000000   clock network delay (ideal)
                                  0.250000    0.250000   clock uncertainty
                                  0.000000    0.250000   clock reconvergence pessimism
                                              0.250000 ^ _11812_/CLK (sky130_fd_sc_hd__dfxtp_2)
                                 -0.013819    0.236181   library hold time
                                              0.236181   data required time
---------------------------------------------------------------------------------------------
                                              0.236181   data required time
                                             -0.464743   data arrival time
---------------------------------------------------------------------------------------------
                                              0.228562   slack (MET)


Startpoint: _11813_ (rising edge-triggered flip-flop clocked by clk_i)
Endpoint: _11813_ (rising edge-triggered flip-flop clocked by clk_i)
Path Group: clk_i
Path Type: min

Fanout         Cap        Slew       Delay        Time   Description
---------------------------------------------------------------------------------------------
                      0.150000    0.000000    0.000000   clock clk_i (rise edge)
                                  0.000000    0.000000   clock network delay (ideal)
                      0.150000    0.000000    0.000000 ^ _11813_/CLK (sky130_fd_sc_hd__dfxtp_2)
     2    0.035911    0.141222    0.302451    0.302451 ^ _11813_/Q (sky130_fd_sc_hd__dfxtp_2)
                                                         random_o[12] (net)
                      0.141222    0.000000    0.302451 ^ _06121_/A1 (sky130_fd_sc_hd__a22o_2)
     1    0.001632    0.017998    0.090887    0.393338 ^ _06121_/X (sky130_fd_sc_hd__a22o_2)
                                                         _03441_ (net)
                      0.017998    0.000000    0.393338 ^ _06122_/B (sky130_fd_sc_hd__and2_2)
     1    0.001748    0.021774    0.071405    0.464743 ^ _06122_/X (sky130_fd_sc_hd__and2_2)
                                                         _00013_ (net)
                      0.021774    0.000000    0.464743 ^ _11813_/D (sky130_fd_sc_hd__dfxtp_2)
                                              0.464743   data arrival time

                      0.150000    0.000000    0.000000   clock clk_i (rise edge)
                                  0.000000    0.000000   clock network delay (ideal)
                                  0.250000    0.250000   clock uncertainty
                                  0.000000    0.250000   clock reconvergence pessimism
                                              0.250000 ^ _11813_/CLK (sky130_fd_sc_hd__dfxtp_2)
                                 -0.013819    0.236181   library hold time
                                              0.236181   data required time
---------------------------------------------------------------------------------------------
                                              0.236181   data required time
                                             -0.464743   data arrival time
---------------------------------------------------------------------------------------------
                                              0.228562   slack (MET)


Startpoint: _11814_ (rising edge-triggered flip-flop clocked by clk_i)
Endpoint: _11814_ (rising edge-triggered flip-flop clocked by clk_i)
Path Group: clk_i
Path Type: min

Fanout         Cap        Slew       Delay        Time   Description
---------------------------------------------------------------------------------------------
                      0.150000    0.000000    0.000000   clock clk_i (rise edge)
                                  0.000000    0.000000   clock network delay (ideal)
                      0.150000    0.000000    0.000000 ^ _11814_/CLK (sky130_fd_sc_hd__dfxtp_2)
     2    0.035911    0.141222    0.302451    0.302451 ^ _11814_/Q (sky130_fd_sc_hd__dfxtp_2)
                                                         random_o[13] (net)
                      0.141222    0.000000    0.302451 ^ _06126_/A1 (sky130_fd_sc_hd__a22o_2)
     1    0.001632    0.017998    0.090887    0.393338 ^ _06126_/X (sky130_fd_sc_hd__a22o_2)
                                                         _03495_ (net)
                      0.017998    0.000000    0.393338 ^ _06127_/B (sky130_fd_sc_hd__and2_2)
     1    0.001748    0.021774    0.071405    0.464743 ^ _06127_/X (sky130_fd_sc_hd__and2_2)
                                                         _00014_ (net)
                      0.021774    0.000000    0.464743 ^ _11814_/D (sky130_fd_sc_hd__dfxtp_2)
                                              0.464743   data arrival time

                      0.150000    0.000000    0.000000   clock clk_i (rise edge)
                                  0.000000    0.000000   clock network delay (ideal)
                                  0.250000    0.250000   clock uncertainty
                                  0.000000    0.250000   clock reconvergence pessimism
                                              0.250000 ^ _11814_/CLK (sky130_fd_sc_hd__dfxtp_2)
                                 -0.013819    0.236181   library hold time
                                              0.236181   data required time
---------------------------------------------------------------------------------------------
                                              0.236181   data required time
                                             -0.464743   data arrival time
---------------------------------------------------------------------------------------------
                                              0.228562   slack (MET)


Startpoint: _11815_ (rising edge-triggered flip-flop clocked by clk_i)
Endpoint: _11815_ (rising edge-triggered flip-flop clocked by clk_i)
Path Group: clk_i
Path Type: min

Fanout         Cap        Slew       Delay        Time   Description
---------------------------------------------------------------------------------------------
                      0.150000    0.000000    0.000000   clock clk_i (rise edge)
                                  0.000000    0.000000   clock network delay (ideal)
                      0.150000    0.000000    0.000000 ^ _11815_/CLK (sky130_fd_sc_hd__dfxtp_2)
     2    0.035911    0.141222    0.302451    0.302451 ^ _11815_/Q (sky130_fd_sc_hd__dfxtp_2)
                                                         random_o[14] (net)
                      0.141222    0.000000    0.302451 ^ _06131_/A1 (sky130_fd_sc_hd__a22o_2)
     1    0.001632    0.017998    0.090887    0.393338 ^ _06131_/X (sky130_fd_sc_hd__a22o_2)
                                                         _03549_ (net)
                      0.017998    0.000000    0.393338 ^ _06132_/B (sky130_fd_sc_hd__and2_2)
     1    0.001748    0.021774    0.071405    0.464743 ^ _06132_/X (sky130_fd_sc_hd__and2_2)
                                                         _00015_ (net)
                      0.021774    0.000000    0.464743 ^ _11815_/D (sky130_fd_sc_hd__dfxtp_2)
                                              0.464743   data arrival time

                      0.150000    0.000000    0.000000   clock clk_i (rise edge)
                                  0.000000    0.000000   clock network delay (ideal)
                                  0.250000    0.250000   clock uncertainty
                                  0.000000    0.250000   clock reconvergence pessimism
                                              0.250000 ^ _11815_/CLK (sky130_fd_sc_hd__dfxtp_2)
                                 -0.013819    0.236181   library hold time
                                              0.236181   data required time
---------------------------------------------------------------------------------------------
                                              0.236181   data required time
                                             -0.464743   data arrival time
---------------------------------------------------------------------------------------------
                                              0.228562   slack (MET)


Startpoint: _11816_ (rising edge-triggered flip-flop clocked by clk_i)
Endpoint: _11816_ (rising edge-triggered flip-flop clocked by clk_i)
Path Group: clk_i
Path Type: min

Fanout         Cap        Slew       Delay        Time   Description
---------------------------------------------------------------------------------------------
                      0.150000    0.000000    0.000000   clock clk_i (rise edge)
                                  0.000000    0.000000   clock network delay (ideal)
                      0.150000    0.000000    0.000000 ^ _11816_/CLK (sky130_fd_sc_hd__dfxtp_2)
     2    0.035911    0.141222    0.302451    0.302451 ^ _11816_/Q (sky130_fd_sc_hd__dfxtp_2)
                                                         random_o[15] (net)
                      0.141222    0.000000    0.302451 ^ _06136_/A1 (sky130_fd_sc_hd__a22o_2)
     1    0.001632    0.017998    0.090887    0.393338 ^ _06136_/X (sky130_fd_sc_hd__a22o_2)
                                                         _03602_ (net)
                      0.017998    0.000000    0.393338 ^ _06137_/B (sky130_fd_sc_hd__and2_2)
     1    0.001748    0.021774    0.071405    0.464743 ^ _06137_/X (sky130_fd_sc_hd__and2_2)
                                                         _00016_ (net)
                      0.021774    0.000000    0.464743 ^ _11816_/D (sky130_fd_sc_hd__dfxtp_2)
                                              0.464743   data arrival time

                      0.150000    0.000000    0.000000   clock clk_i (rise edge)
                                  0.000000    0.000000   clock network delay (ideal)
                                  0.250000    0.250000   clock uncertainty
                                  0.000000    0.250000   clock reconvergence pessimism
                                              0.250000 ^ _11816_/CLK (sky130_fd_sc_hd__dfxtp_2)
                                 -0.013819    0.236181   library hold time
                                              0.236181   data required time
---------------------------------------------------------------------------------------------
                                              0.236181   data required time
                                             -0.464743   data arrival time
---------------------------------------------------------------------------------------------
                                              0.228562   slack (MET)


Startpoint: _11820_ (rising edge-triggered flip-flop clocked by clk_i)
Endpoint: _11820_ (rising edge-triggered flip-flop clocked by clk_i)
Path Group: clk_i
Path Type: min

Fanout         Cap        Slew       Delay        Time   Description
---------------------------------------------------------------------------------------------
                      0.150000    0.000000    0.000000   clock clk_i (rise edge)
                                  0.000000    0.000000   clock network delay (ideal)
                      0.150000    0.000000    0.000000 ^ _11820_/CLK (sky130_fd_sc_hd__dfxtp_2)
     2    0.035911    0.141222    0.302451    0.302451 ^ _11820_/Q (sky130_fd_sc_hd__dfxtp_2)
                                                         random_o[19] (net)
                      0.141222    0.000000    0.302451 ^ _06151_/A1 (sky130_fd_sc_hd__a22o_2)
     1    0.001632    0.017998    0.090887    0.393338 ^ _06151_/X (sky130_fd_sc_hd__a22o_2)
                                                         _03762_ (net)
                      0.017998    0.000000    0.393338 ^ _06152_/B (sky130_fd_sc_hd__and2_2)
     1    0.001748    0.021774    0.071405    0.464743 ^ _06152_/X (sky130_fd_sc_hd__and2_2)
                                                         _00020_ (net)
                      0.021774    0.000000    0.464743 ^ _11820_/D (sky130_fd_sc_hd__dfxtp_2)
                                              0.464743   data arrival time

                      0.150000    0.000000    0.000000   clock clk_i (rise edge)
                                  0.000000    0.000000   clock network delay (ideal)
                                  0.250000    0.250000   clock uncertainty
                                  0.000000    0.250000   clock reconvergence pessimism
                                              0.250000 ^ _11820_/CLK (sky130_fd_sc_hd__dfxtp_2)
                                 -0.013819    0.236181   library hold time
                                              0.236181   data required time
---------------------------------------------------------------------------------------------
                                              0.236181   data required time
                                             -0.464743   data arrival time
---------------------------------------------------------------------------------------------
                                              0.228562   slack (MET)


Startpoint: _11821_ (rising edge-triggered flip-flop clocked by clk_i)
Endpoint: _11821_ (rising edge-triggered flip-flop clocked by clk_i)
Path Group: clk_i
Path Type: min

Fanout         Cap        Slew       Delay        Time   Description
---------------------------------------------------------------------------------------------
                      0.150000    0.000000    0.000000   clock clk_i (rise edge)
                                  0.000000    0.000000   clock network delay (ideal)
                      0.150000    0.000000    0.000000 ^ _11821_/CLK (sky130_fd_sc_hd__dfxtp_2)
     2    0.035911    0.141222    0.302451    0.302451 ^ _11821_/Q (sky130_fd_sc_hd__dfxtp_2)
                                                         random_o[20] (net)
                      0.141222    0.000000    0.302451 ^ _06154_/A1 (sky130_fd_sc_hd__a22o_2)
     1    0.001632    0.017998    0.090887    0.393338 ^ _06154_/X (sky130_fd_sc_hd__a22o_2)
                                                         _03794_ (net)
                      0.017998    0.000000    0.393338 ^ _06155_/B (sky130_fd_sc_hd__and2_2)
     1    0.001748    0.021774    0.071405    0.464743 ^ _06155_/X (sky130_fd_sc_hd__and2_2)
                                                         _00021_ (net)
                      0.021774    0.000000    0.464743 ^ _11821_/D (sky130_fd_sc_hd__dfxtp_2)
                                              0.464743   data arrival time

                      0.150000    0.000000    0.000000   clock clk_i (rise edge)
                                  0.000000    0.000000   clock network delay (ideal)
                                  0.250000    0.250000   clock uncertainty
                                  0.000000    0.250000   clock reconvergence pessimism
                                              0.250000 ^ _11821_/CLK (sky130_fd_sc_hd__dfxtp_2)
                                 -0.013819    0.236181   library hold time
                                              0.236181   data required time
---------------------------------------------------------------------------------------------
                                              0.236181   data required time
                                             -0.464743   data arrival time
---------------------------------------------------------------------------------------------
                                              0.228562   slack (MET)


Startpoint: _11822_ (rising edge-triggered flip-flop clocked by clk_i)
Endpoint: _11822_ (rising edge-triggered flip-flop clocked by clk_i)
Path Group: clk_i
Path Type: min

Fanout         Cap        Slew       Delay        Time   Description
---------------------------------------------------------------------------------------------
                      0.150000    0.000000    0.000000   clock clk_i (rise edge)
                                  0.000000    0.000000   clock network delay (ideal)
                      0.150000    0.000000    0.000000 ^ _11822_/CLK (sky130_fd_sc_hd__dfxtp_2)
     2    0.035911    0.141222    0.302451    0.302451 ^ _11822_/Q (sky130_fd_sc_hd__dfxtp_2)
                                                         random_o[21] (net)
                      0.141222    0.000000    0.302451 ^ _06157_/A1 (sky130_fd_sc_hd__a22o_2)
     1    0.001632    0.017998    0.090887    0.393338 ^ _06157_/X (sky130_fd_sc_hd__a22o_2)
                                                         _03826_ (net)
                      0.017998    0.000000    0.393338 ^ _06158_/B (sky130_fd_sc_hd__and2_2)
     1    0.001748    0.021774    0.071405    0.464743 ^ _06158_/X (sky130_fd_sc_hd__and2_2)
                                                         _00022_ (net)
                      0.021774    0.000000    0.464743 ^ _11822_/D (sky130_fd_sc_hd__dfxtp_2)
                                              0.464743   data arrival time

                      0.150000    0.000000    0.000000   clock clk_i (rise edge)
                                  0.000000    0.000000   clock network delay (ideal)
                                  0.250000    0.250000   clock uncertainty
                                  0.000000    0.250000   clock reconvergence pessimism
                                              0.250000 ^ _11822_/CLK (sky130_fd_sc_hd__dfxtp_2)
                                 -0.013819    0.236181   library hold time
                                              0.236181   data required time
---------------------------------------------------------------------------------------------
                                              0.236181   data required time
                                             -0.464743   data arrival time
---------------------------------------------------------------------------------------------
                                              0.228562   slack (MET)


Startpoint: _11823_ (rising edge-triggered flip-flop clocked by clk_i)
Endpoint: _11823_ (rising edge-triggered flip-flop clocked by clk_i)
Path Group: clk_i
Path Type: min

Fanout         Cap        Slew       Delay        Time   Description
---------------------------------------------------------------------------------------------
                      0.150000    0.000000    0.000000   clock clk_i (rise edge)
                                  0.000000    0.000000   clock network delay (ideal)
                      0.150000    0.000000    0.000000 ^ _11823_/CLK (sky130_fd_sc_hd__dfxtp_2)
     2    0.035911    0.141222    0.302451    0.302451 ^ _11823_/Q (sky130_fd_sc_hd__dfxtp_2)
                                                         random_o[22] (net)
                      0.141222    0.000000    0.302451 ^ _06160_/A1 (sky130_fd_sc_hd__a22o_2)
     1    0.001632    0.017998    0.090887    0.393338 ^ _06160_/X (sky130_fd_sc_hd__a22o_2)
                                                         _03857_ (net)
                      0.017998    0.000000    0.393338 ^ _06161_/B (sky130_fd_sc_hd__and2_2)
     1    0.001748    0.021774    0.071405    0.464743 ^ _06161_/X (sky130_fd_sc_hd__and2_2)
                                                         _00023_ (net)
                      0.021774    0.000000    0.464743 ^ _11823_/D (sky130_fd_sc_hd__dfxtp_2)
                                              0.464743   data arrival time

                      0.150000    0.000000    0.000000   clock clk_i (rise edge)
                                  0.000000    0.000000   clock network delay (ideal)
                                  0.250000    0.250000   clock uncertainty
                                  0.000000    0.250000   clock reconvergence pessimism
                                              0.250000 ^ _11823_/CLK (sky130_fd_sc_hd__dfxtp_2)
                                 -0.013819    0.236181   library hold time
                                              0.236181   data required time
---------------------------------------------------------------------------------------------
                                              0.236181   data required time
                                             -0.464743   data arrival time
---------------------------------------------------------------------------------------------
                                              0.228562   slack (MET)


Startpoint: _11828_ (rising edge-triggered flip-flop clocked by clk_i)
Endpoint: _11828_ (rising edge-triggered flip-flop clocked by clk_i)
Path Group: clk_i
Path Type: min

Fanout         Cap        Slew       Delay        Time   Description
---------------------------------------------------------------------------------------------
                      0.150000    0.000000    0.000000   clock clk_i (rise edge)
                                  0.000000    0.000000   clock network delay (ideal)
                      0.150000    0.000000    0.000000 ^ _11828_/CLK (sky130_fd_sc_hd__dfxtp_2)
     2    0.035911    0.141222    0.302451    0.302451 ^ _11828_/Q (sky130_fd_sc_hd__dfxtp_2)
                                                         random_o[27] (net)
                      0.141222    0.000000    0.302451 ^ _06179_/A1 (sky130_fd_sc_hd__a22o_2)
     1    0.001632    0.017998    0.090887    0.393338 ^ _06179_/X (sky130_fd_sc_hd__a22o_2)
                                                         _04060_ (net)
                      0.017998    0.000000    0.393338 ^ _06180_/B (sky130_fd_sc_hd__and2_2)
     1    0.001748    0.021774    0.071405    0.464743 ^ _06180_/X (sky130_fd_sc_hd__and2_2)
                                                         _00028_ (net)
                      0.021774    0.000000    0.464743 ^ _11828_/D (sky130_fd_sc_hd__dfxtp_2)
                                              0.464743   data arrival time

                      0.150000    0.000000    0.000000   clock clk_i (rise edge)
                                  0.000000    0.000000   clock network delay (ideal)
                                  0.250000    0.250000   clock uncertainty
                                  0.000000    0.250000   clock reconvergence pessimism
                                              0.250000 ^ _11828_/CLK (sky130_fd_sc_hd__dfxtp_2)
                                 -0.013819    0.236181   library hold time
                                              0.236181   data required time
---------------------------------------------------------------------------------------------
                                              0.236181   data required time
                                             -0.464743   data arrival time
---------------------------------------------------------------------------------------------
                                              0.228562   slack (MET)


Startpoint: _11829_ (rising edge-triggered flip-flop clocked by clk_i)
Endpoint: _11829_ (rising edge-triggered flip-flop clocked by clk_i)
Path Group: clk_i
Path Type: min

Fanout         Cap        Slew       Delay        Time   Description
---------------------------------------------------------------------------------------------
                      0.150000    0.000000    0.000000   clock clk_i (rise edge)
                                  0.000000    0.000000   clock network delay (ideal)
                      0.150000    0.000000    0.000000 ^ _11829_/CLK (sky130_fd_sc_hd__dfxtp_2)
     2    0.035911    0.141222    0.302451    0.302451 ^ _11829_/Q (sky130_fd_sc_hd__dfxtp_2)
                                                         random_o[28] (net)
                      0.141222    0.000000    0.302451 ^ _06182_/A1 (sky130_fd_sc_hd__a22o_2)
     1    0.001632    0.017998    0.090887    0.393338 ^ _06182_/X (sky130_fd_sc_hd__a22o_2)
                                                         _04092_ (net)
                      0.017998    0.000000    0.393338 ^ _06183_/B (sky130_fd_sc_hd__and2_2)
     1    0.001748    0.021774    0.071405    0.464743 ^ _06183_/X (sky130_fd_sc_hd__and2_2)
                                                         _00029_ (net)
                      0.021774    0.000000    0.464743 ^ _11829_/D (sky130_fd_sc_hd__dfxtp_2)
                                              0.464743   data arrival time

                      0.150000    0.000000    0.000000   clock clk_i (rise edge)
                                  0.000000    0.000000   clock network delay (ideal)
                                  0.250000    0.250000   clock uncertainty
                                  0.000000    0.250000   clock reconvergence pessimism
                                              0.250000 ^ _11829_/CLK (sky130_fd_sc_hd__dfxtp_2)
                                 -0.013819    0.236181   library hold time
                                              0.236181   data required time
---------------------------------------------------------------------------------------------
                                              0.236181   data required time
                                             -0.464743   data arrival time
---------------------------------------------------------------------------------------------
                                              0.228562   slack (MET)


Startpoint: _11830_ (rising edge-triggered flip-flop clocked by clk_i)
Endpoint: _11830_ (rising edge-triggered flip-flop clocked by clk_i)
Path Group: clk_i
Path Type: min

Fanout         Cap        Slew       Delay        Time   Description
---------------------------------------------------------------------------------------------
                      0.150000    0.000000    0.000000   clock clk_i (rise edge)
                                  0.000000    0.000000   clock network delay (ideal)
                      0.150000    0.000000    0.000000 ^ _11830_/CLK (sky130_fd_sc_hd__dfxtp_2)
     2    0.035911    0.141222    0.302451    0.302451 ^ _11830_/Q (sky130_fd_sc_hd__dfxtp_2)
                                                         random_o[29] (net)
                      0.141222    0.000000    0.302451 ^ _06185_/A1 (sky130_fd_sc_hd__a22o_2)
     1    0.001632    0.017998    0.090887    0.393338 ^ _06185_/X (sky130_fd_sc_hd__a22o_2)
                                                         _04123_ (net)
                      0.017998    0.000000    0.393338 ^ _06186_/B (sky130_fd_sc_hd__and2_2)
     1    0.001748    0.021774    0.071405    0.464743 ^ _06186_/X (sky130_fd_sc_hd__and2_2)
                                                         _00030_ (net)
                      0.021774    0.000000    0.464743 ^ _11830_/D (sky130_fd_sc_hd__dfxtp_2)
                                              0.464743   data arrival time

                      0.150000    0.000000    0.000000   clock clk_i (rise edge)
                                  0.000000    0.000000   clock network delay (ideal)
                                  0.250000    0.250000   clock uncertainty
                                  0.000000    0.250000   clock reconvergence pessimism
                                              0.250000 ^ _11830_/CLK (sky130_fd_sc_hd__dfxtp_2)
                                 -0.013819    0.236181   library hold time
                                              0.236181   data required time
---------------------------------------------------------------------------------------------
                                              0.236181   data required time
                                             -0.464743   data arrival time
---------------------------------------------------------------------------------------------
                                              0.228562   slack (MET)


Startpoint: _11831_ (rising edge-triggered flip-flop clocked by clk_i)
Endpoint: _11831_ (rising edge-triggered flip-flop clocked by clk_i)
Path Group: clk_i
Path Type: min

Fanout         Cap        Slew       Delay        Time   Description
---------------------------------------------------------------------------------------------
                      0.150000    0.000000    0.000000   clock clk_i (rise edge)
                                  0.000000    0.000000   clock network delay (ideal)
                      0.150000    0.000000    0.000000 ^ _11831_/CLK (sky130_fd_sc_hd__dfxtp_2)
     2    0.035911    0.141222    0.302451    0.302451 ^ _11831_/Q (sky130_fd_sc_hd__dfxtp_2)
                                                         random_o[30] (net)
                      0.141222    0.000000    0.302451 ^ _06188_/A1 (sky130_fd_sc_hd__a22o_2)
     1    0.001632    0.017998    0.090887    0.393338 ^ _06188_/X (sky130_fd_sc_hd__a22o_2)
                                                         _04155_ (net)
                      0.017998    0.000000    0.393338 ^ _06189_/B (sky130_fd_sc_hd__and2_2)
     1    0.001748    0.021774    0.071405    0.464743 ^ _06189_/X (sky130_fd_sc_hd__and2_2)
                                                         _00031_ (net)
                      0.021774    0.000000    0.464743 ^ _11831_/D (sky130_fd_sc_hd__dfxtp_2)
                                              0.464743   data arrival time

                      0.150000    0.000000    0.000000   clock clk_i (rise edge)
                                  0.000000    0.000000   clock network delay (ideal)
                                  0.250000    0.250000   clock uncertainty
                                  0.000000    0.250000   clock reconvergence pessimism
                                              0.250000 ^ _11831_/CLK (sky130_fd_sc_hd__dfxtp_2)
                                 -0.013819    0.236181   library hold time
                                              0.236181   data required time
---------------------------------------------------------------------------------------------
                                              0.236181   data required time
                                             -0.464743   data arrival time
---------------------------------------------------------------------------------------------
                                              0.228562   slack (MET)


Startpoint: _11832_ (rising edge-triggered flip-flop clocked by clk_i)
Endpoint: _11832_ (rising edge-triggered flip-flop clocked by clk_i)
Path Group: clk_i
Path Type: min

Fanout         Cap        Slew       Delay        Time   Description
---------------------------------------------------------------------------------------------
                      0.150000    0.000000    0.000000   clock clk_i (rise edge)
                                  0.000000    0.000000   clock network delay (ideal)
                      0.150000    0.000000    0.000000 ^ _11832_/CLK (sky130_fd_sc_hd__dfxtp_2)
     2    0.035911    0.141222    0.302451    0.302451 ^ _11832_/Q (sky130_fd_sc_hd__dfxtp_2)
                                                         random_o[31] (net)
                      0.141222    0.000000    0.302451 ^ _06191_/A1 (sky130_fd_sc_hd__a22o_2)
     1    0.001632    0.017998    0.090887    0.393338 ^ _06191_/X (sky130_fd_sc_hd__a22o_2)
                                                         _04187_ (net)
                      0.017998    0.000000    0.393338 ^ _06192_/B (sky130_fd_sc_hd__and2_2)
     1    0.001748    0.021774    0.071405    0.464743 ^ _06192_/X (sky130_fd_sc_hd__and2_2)
                                                         _00032_ (net)
                      0.021774    0.000000    0.464743 ^ _11832_/D (sky130_fd_sc_hd__dfxtp_2)
                                              0.464743   data arrival time

                      0.150000    0.000000    0.000000   clock clk_i (rise edge)
                                  0.000000    0.000000   clock network delay (ideal)
                                  0.250000    0.250000   clock uncertainty
                                  0.000000    0.250000   clock reconvergence pessimism
                                              0.250000 ^ _11832_/CLK (sky130_fd_sc_hd__dfxtp_2)
                                 -0.013819    0.236181   library hold time
                                              0.236181   data required time
---------------------------------------------------------------------------------------------
                                              0.236181   data required time
                                             -0.464743   data arrival time
---------------------------------------------------------------------------------------------
                                              0.228562   slack (MET)


Startpoint: _11808_ (rising edge-triggered flip-flop clocked by clk_i)
Endpoint: _11808_ (rising edge-triggered flip-flop clocked by clk_i)
Path Group: clk_i
Path Type: min

Fanout         Cap        Slew       Delay        Time   Description
---------------------------------------------------------------------------------------------
                      0.150000    0.000000    0.000000   clock clk_i (rise edge)
                                  0.000000    0.000000   clock network delay (ideal)
                      0.150000    0.000000    0.000000 ^ _11808_/CLK (sky130_fd_sc_hd__dfxtp_2)
     2    0.035911    0.141222    0.302451    0.302451 ^ _11808_/Q (sky130_fd_sc_hd__dfxtp_2)
                                                         random_o[7] (net)
                      0.141222    0.000000    0.302451 ^ _06093_/A1 (sky130_fd_sc_hd__a22o_2)
     1    0.001632    0.018006    0.090887    0.393338 ^ _06093_/X (sky130_fd_sc_hd__a22o_2)
                                                         _03140_ (net)
                      0.018006    0.000000    0.393338 ^ _06094_/B (sky130_fd_sc_hd__and2_2)
     1    0.001748    0.021774    0.071407    0.464745 ^ _06094_/X (sky130_fd_sc_hd__and2_2)
                                                         _00008_ (net)
                      0.021774    0.000000    0.464745 ^ _11808_/D (sky130_fd_sc_hd__dfxtp_2)
                                              0.464745   data arrival time

                      0.150000    0.000000    0.000000   clock clk_i (rise edge)
                                  0.000000    0.000000   clock network delay (ideal)
                                  0.250000    0.250000   clock uncertainty
                                  0.000000    0.250000   clock reconvergence pessimism
                                              0.250000 ^ _11808_/CLK (sky130_fd_sc_hd__dfxtp_2)
                                 -0.013819    0.236181   library hold time
                                              0.236181   data required time
---------------------------------------------------------------------------------------------
                                              0.236181   data required time
                                             -0.464745   data arrival time
---------------------------------------------------------------------------------------------
                                              0.228564   slack (MET)


Startpoint: _11809_ (rising edge-triggered flip-flop clocked by clk_i)
Endpoint: _11809_ (rising edge-triggered flip-flop clocked by clk_i)
Path Group: clk_i
Path Type: min

Fanout         Cap        Slew       Delay        Time   Description
---------------------------------------------------------------------------------------------
                      0.150000    0.000000    0.000000   clock clk_i (rise edge)
                                  0.000000    0.000000   clock network delay (ideal)
                      0.150000    0.000000    0.000000 ^ _11809_/CLK (sky130_fd_sc_hd__dfxtp_2)
     2    0.035019    0.137935    0.300159    0.300159 ^ _11809_/Q (sky130_fd_sc_hd__dfxtp_2)
                                                         random_o[8] (net)
                      0.137935    0.000000    0.300159 ^ _06095_/A (sky130_fd_sc_hd__and2_2)
     1    0.002440    0.026379    0.098891    0.399050 ^ _06095_/X (sky130_fd_sc_hd__and2_2)
                                                         _03161_ (net)
                      0.026379    0.000000    0.399050 ^ _06100_/A1 (sky130_fd_sc_hd__o21a_2)
     1    0.001748    0.017169    0.068156    0.467207 ^ _06100_/X (sky130_fd_sc_hd__o21a_2)
                                                         _00009_ (net)
                      0.017169    0.000000    0.467207 ^ _11809_/D (sky130_fd_sc_hd__dfxtp_2)
                                              0.467207   data arrival time

                      0.150000    0.000000    0.000000   clock clk_i (rise edge)
                                  0.000000    0.000000   clock network delay (ideal)
                                  0.250000    0.250000   clock uncertainty
                                  0.000000    0.250000   clock reconvergence pessimism
                                              0.250000 ^ _11809_/CLK (sky130_fd_sc_hd__dfxtp_2)
                                 -0.013498    0.236502   library hold time
                                              0.236502   data required time
---------------------------------------------------------------------------------------------
                                              0.236502   data required time
                                             -0.467207   data arrival time
---------------------------------------------------------------------------------------------
                                              0.230705   slack (MET)


Startpoint: _11824_ (rising edge-triggered flip-flop clocked by clk_i)
Endpoint: _11824_ (rising edge-triggered flip-flop clocked by clk_i)
Path Group: clk_i
Path Type: min

Fanout         Cap        Slew       Delay        Time   Description
---------------------------------------------------------------------------------------------
                      0.150000    0.000000    0.000000   clock clk_i (rise edge)
                                  0.000000    0.000000   clock network delay (ideal)
                      0.150000    0.000000    0.000000 ^ _11824_/CLK (sky130_fd_sc_hd__dfxtp_2)
     2    0.035019    0.137935    0.300159    0.300159 ^ _11824_/Q (sky130_fd_sc_hd__dfxtp_2)
                                                         random_o[23] (net)
                      0.137935    0.000000    0.300159 ^ _06162_/A (sky130_fd_sc_hd__and2_2)
     1    0.002440    0.026379    0.098891    0.399050 ^ _06162_/X (sky130_fd_sc_hd__and2_2)
                                                         _03878_ (net)
                      0.026379    0.000000    0.399050 ^ _06165_/A1 (sky130_fd_sc_hd__o21a_2)
     1    0.001748    0.017169    0.068156    0.467207 ^ _06165_/X (sky130_fd_sc_hd__o21a_2)
                                                         _00024_ (net)
                      0.017169    0.000000    0.467207 ^ _11824_/D (sky130_fd_sc_hd__dfxtp_2)
                                              0.467207   data arrival time

                      0.150000    0.000000    0.000000   clock clk_i (rise edge)
                                  0.000000    0.000000   clock network delay (ideal)
                                  0.250000    0.250000   clock uncertainty
                                  0.000000    0.250000   clock reconvergence pessimism
                                              0.250000 ^ _11824_/CLK (sky130_fd_sc_hd__dfxtp_2)
                                 -0.013498    0.236502   library hold time
                                              0.236502   data required time
---------------------------------------------------------------------------------------------
                                              0.236502   data required time
                                             -0.467207   data arrival time
---------------------------------------------------------------------------------------------
                                              0.230705   slack (MET)


Startpoint: _11877_ (rising edge-triggered flip-flop clocked by clk_i)
Endpoint: _11877_ (rising edge-triggered flip-flop clocked by clk_i)
Path Group: clk_i
Path Type: min

Fanout         Cap        Slew       Delay        Time   Description
---------------------------------------------------------------------------------------------
                      0.150000    0.000000    0.000000   clock clk_i (rise edge)
                                  0.000000    0.000000   clock network delay (ideal)
                      0.150000    0.000000    0.000000 ^ _11877_/CLK (sky130_fd_sc_hd__dfxtp_2)
    18    0.077931    0.126397    0.317635    0.317635 v _11877_/Q (sky130_fd_sc_hd__dfxtp_2)
                                                         state_reg[44] (net)
                      0.126397    0.000000    0.317635 v _09242_/A1 (sky130_fd_sc_hd__a21o_2)
     1    0.001783    0.017095    0.145008    0.462643 v _09242_/X (sky130_fd_sc_hd__a21o_2)
                                                         _00077_ (net)
                      0.017095    0.000000    0.462643 v _11877_/D (sky130_fd_sc_hd__dfxtp_2)
                                              0.462643   data arrival time

                      0.150000    0.000000    0.000000   clock clk_i (rise edge)
                                  0.000000    0.000000   clock network delay (ideal)
                                  0.250000    0.250000   clock uncertainty
                                  0.000000    0.250000   clock reconvergence pessimism
                                              0.250000 ^ _11877_/CLK (sky130_fd_sc_hd__dfxtp_2)
                                 -0.018329    0.231671   library hold time
                                              0.231671   data required time
---------------------------------------------------------------------------------------------
                                              0.231671   data required time
                                             -0.462643   data arrival time
---------------------------------------------------------------------------------------------
                                              0.230972   slack (MET)


Startpoint: _11886_ (rising edge-triggered flip-flop clocked by clk_i)
Endpoint: _11886_ (rising edge-triggered flip-flop clocked by clk_i)
Path Group: clk_i
Path Type: min

Fanout         Cap        Slew       Delay        Time   Description
---------------------------------------------------------------------------------------------
                      0.150000    0.000000    0.000000   clock clk_i (rise edge)
                                  0.000000    0.000000   clock network delay (ideal)
                      0.150000    0.000000    0.000000 ^ _11886_/CLK (sky130_fd_sc_hd__dfxtp_2)
    17    0.068430    0.261872    0.385630    0.385630 ^ _11886_/Q (sky130_fd_sc_hd__dfxtp_2)
                                                         state_reg[53] (net)
                      0.261872    0.000000    0.385630 ^ _10379_/A1 (sky130_fd_sc_hd__a211o_2)
     1    0.001748    0.014724    0.094146    0.479776 ^ _10379_/X (sky130_fd_sc_hd__a211o_2)
                                                         _00086_ (net)
                      0.014724    0.000000    0.479776 ^ _11886_/D (sky130_fd_sc_hd__dfxtp_2)
                                              0.479776   data arrival time

                      0.150000    0.000000    0.000000   clock clk_i (rise edge)
                                  0.000000    0.000000   clock network delay (ideal)
                                  0.250000    0.250000   clock uncertainty
                                  0.000000    0.250000   clock reconvergence pessimism
                                              0.250000 ^ _11886_/CLK (sky130_fd_sc_hd__dfxtp_2)
                                 -0.013328    0.236672   library hold time
                                              0.236672   data required time
---------------------------------------------------------------------------------------------
                                              0.236672   data required time
                                             -0.479776   data arrival time
---------------------------------------------------------------------------------------------
                                              0.243104   slack (MET)


Startpoint: _11846_ (rising edge-triggered flip-flop clocked by clk_i)
Endpoint: _11846_ (rising edge-triggered flip-flop clocked by clk_i)
Path Group: clk_i
Path Type: min

Fanout         Cap        Slew       Delay        Time   Description
---------------------------------------------------------------------------------------------
                      0.150000    0.000000    0.000000   clock clk_i (rise edge)
                                  0.000000    0.000000   clock network delay (ideal)
                      0.150000    0.000000    0.000000 ^ _11846_/CLK (sky130_fd_sc_hd__dfxtp_2)
    26    0.099752    0.158565    0.342958    0.342958 v _11846_/Q (sky130_fd_sc_hd__dfxtp_2)
                                                         state_reg[13] (net)
                      0.158565    0.000000    0.342958 v _05919_/A (sky130_fd_sc_hd__inv_2)
     4    0.016116    0.078532    0.109281    0.452239 ^ _05919_/Y (sky130_fd_sc_hd__inv_2)
                                                         _01251_ (net)
                      0.078532    0.000000    0.452239 ^ _06555_/A1 (sky130_fd_sc_hd__o21ai_2)
     1    0.001783    0.011922    0.033756    0.485995 v _06555_/Y (sky130_fd_sc_hd__o21ai_2)
                                                         _00046_ (net)
                      0.011922    0.000000    0.485995 v _11846_/D (sky130_fd_sc_hd__dfxtp_2)
                                              0.485995   data arrival time

                      0.150000    0.000000    0.000000   clock clk_i (rise edge)
                                  0.000000    0.000000   clock network delay (ideal)
                                  0.250000    0.250000   clock uncertainty
                                  0.000000    0.250000   clock reconvergence pessimism
                                              0.250000 ^ _11846_/CLK (sky130_fd_sc_hd__dfxtp_2)
                                 -0.016605    0.233395   library hold time
                                              0.233395   data required time
---------------------------------------------------------------------------------------------
                                              0.233395   data required time
                                             -0.485995   data arrival time
---------------------------------------------------------------------------------------------
                                              0.252600   slack (MET)


Startpoint: _11884_ (rising edge-triggered flip-flop clocked by clk_i)
Endpoint: _11884_ (rising edge-triggered flip-flop clocked by clk_i)
Path Group: clk_i
Path Type: min

Fanout         Cap        Slew       Delay        Time   Description
---------------------------------------------------------------------------------------------
                      0.150000    0.000000    0.000000   clock clk_i (rise edge)
                                  0.000000    0.000000   clock network delay (ideal)
                      0.150000    0.000000    0.000000 ^ _11884_/CLK (sky130_fd_sc_hd__dfxtp_2)
    19    0.065177    0.107595    0.302834    0.302834 v _11884_/Q (sky130_fd_sc_hd__dfxtp_2)
                                                         state_reg[51] (net)
                      0.107595    0.000000    0.302834 v _10104_/A1 (sky130_fd_sc_hd__o221a_2)
     1    0.001783    0.018992    0.188716    0.491550 v _10104_/X (sky130_fd_sc_hd__o221a_2)
                                                         _00084_ (net)
                      0.018992    0.000000    0.491550 v _11884_/D (sky130_fd_sc_hd__dfxtp_2)
                                              0.491550   data arrival time

                      0.150000    0.000000    0.000000   clock clk_i (rise edge)
                                  0.000000    0.000000   clock network delay (ideal)
                                  0.250000    0.250000   clock uncertainty
                                  0.000000    0.250000   clock reconvergence pessimism
                                              0.250000 ^ _11884_/CLK (sky130_fd_sc_hd__dfxtp_2)
                                 -0.018961    0.231039   library hold time
                                              0.231039   data required time
---------------------------------------------------------------------------------------------
                                              0.231039   data required time
                                             -0.491550   data arrival time
---------------------------------------------------------------------------------------------
                                              0.260511   slack (MET)


Startpoint: _11879_ (rising edge-triggered flip-flop clocked by clk_i)
Endpoint: _11879_ (rising edge-triggered flip-flop clocked by clk_i)
Path Group: clk_i
Path Type: min

Fanout         Cap        Slew       Delay        Time   Description
---------------------------------------------------------------------------------------------
                      0.150000    0.000000    0.000000   clock clk_i (rise edge)
                                  0.000000    0.000000   clock network delay (ideal)
                      0.150000    0.000000    0.000000 ^ _11879_/CLK (sky130_fd_sc_hd__dfxtp_2)
    22    0.090662    0.145165    0.332409    0.332409 v _11879_/Q (sky130_fd_sc_hd__dfxtp_2)
                                                         state_reg[46] (net)
                      0.145165    0.000000    0.332409 v _05903_/A (sky130_fd_sc_hd__inv_2)
     4    0.018839    0.083711    0.111563    0.443972 ^ _05903_/Y (sky130_fd_sc_hd__inv_2)
                                                         _01077_ (net)
                      0.083711    0.000000    0.443972 ^ _09471_/A1 (sky130_fd_sc_hd__o221ai_2)
     1    0.001783    0.020641    0.050093    0.494066 v _09471_/Y (sky130_fd_sc_hd__o221ai_2)
                                                         _00079_ (net)
                      0.020641    0.000000    0.494066 v _11879_/D (sky130_fd_sc_hd__dfxtp_2)
                                              0.494066   data arrival time

                      0.150000    0.000000    0.000000   clock clk_i (rise edge)
                                  0.000000    0.000000   clock network delay (ideal)
                                  0.250000    0.250000   clock uncertainty
                                  0.000000    0.250000   clock reconvergence pessimism
                                              0.250000 ^ _11879_/CLK (sky130_fd_sc_hd__dfxtp_2)
                                 -0.019510    0.230490   library hold time
                                              0.230490   data required time
---------------------------------------------------------------------------------------------
                                              0.230490   data required time
                                             -0.494066   data arrival time
---------------------------------------------------------------------------------------------
                                              0.263576   slack (MET)


Startpoint: _11865_ (rising edge-triggered flip-flop clocked by clk_i)
Endpoint: _11865_ (rising edge-triggered flip-flop clocked by clk_i)
Path Group: clk_i
Path Type: min

Fanout         Cap        Slew       Delay        Time   Description
---------------------------------------------------------------------------------------------
                      0.150000    0.000000    0.000000   clock clk_i (rise edge)
                                  0.000000    0.000000   clock network delay (ideal)
                      0.150000    0.000000    0.000000 ^ _11865_/CLK (sky130_fd_sc_hd__dfxtp_2)
    24    0.100470    0.159624    0.343792    0.343792 v _11865_/Q (sky130_fd_sc_hd__dfxtp_2)
                                                         state_reg[32] (net)
                      0.159624    0.000000    0.343792 v _05909_/A (sky130_fd_sc_hd__inv_2)
     4    0.013874    0.072291    0.103119    0.446910 ^ _05909_/Y (sky130_fd_sc_hd__inv_2)
                                                         _01142_ (net)
                      0.072291    0.000000    0.446910 ^ _07980_/A1 (sky130_fd_sc_hd__o221ai_2)
     1    0.001783    0.023554    0.048907    0.495818 v _07980_/Y (sky130_fd_sc_hd__o221ai_2)
                                                         _00065_ (net)
                      0.023554    0.000000    0.495818 v _11865_/D (sky130_fd_sc_hd__dfxtp_2)
                                              0.495818   data arrival time

                      0.150000    0.000000    0.000000   clock clk_i (rise edge)
                                  0.000000    0.000000   clock network delay (ideal)
                                  0.250000    0.250000   clock uncertainty
                                  0.000000    0.250000   clock reconvergence pessimism
                                              0.250000 ^ _11865_/CLK (sky130_fd_sc_hd__dfxtp_2)
                                 -0.020481    0.229519   library hold time
                                              0.229519   data required time
---------------------------------------------------------------------------------------------
                                              0.229519   data required time
                                             -0.495818   data arrival time
---------------------------------------------------------------------------------------------
                                              0.266299   slack (MET)


Startpoint: _11850_ (rising edge-triggered flip-flop clocked by clk_i)
Endpoint: _11850_ (rising edge-triggered flip-flop clocked by clk_i)
Path Group: clk_i
Path Type: min

Fanout         Cap        Slew       Delay        Time   Description
---------------------------------------------------------------------------------------------
                      0.150000    0.000000    0.000000   clock clk_i (rise edge)
                                  0.000000    0.000000   clock network delay (ideal)
                      0.150000    0.000000    0.000000 ^ _11850_/CLK (sky130_fd_sc_hd__dfxtp_2)
    25    0.095086    0.151687    0.337543    0.337543 v _11850_/Q (sky130_fd_sc_hd__dfxtp_2)
                                                         state_reg[17] (net)
                      0.151687    0.000000    0.337543 v _06801_/A1 (sky130_fd_sc_hd__o22a_2)
     1    0.001783    0.020968    0.171543    0.509086 v _06801_/X (sky130_fd_sc_hd__o22a_2)
                                                         _00050_ (net)
                      0.020968    0.000000    0.509086 v _11850_/D (sky130_fd_sc_hd__dfxtp_2)
                                              0.509086   data arrival time

                      0.150000    0.000000    0.000000   clock clk_i (rise edge)
                                  0.000000    0.000000   clock network delay (ideal)
                                  0.250000    0.250000   clock uncertainty
                                  0.000000    0.250000   clock reconvergence pessimism
                                              0.250000 ^ _11850_/CLK (sky130_fd_sc_hd__dfxtp_2)
                                 -0.019619    0.230381   library hold time
                                              0.230381   data required time
---------------------------------------------------------------------------------------------
                                              0.230381   data required time
                                             -0.509086   data arrival time
---------------------------------------------------------------------------------------------
                                              0.278706   slack (MET)


Startpoint: _11887_ (rising edge-triggered flip-flop clocked by clk_i)
Endpoint: _11887_ (rising edge-triggered flip-flop clocked by clk_i)
Path Group: clk_i
Path Type: min

Fanout         Cap        Slew       Delay        Time   Description
---------------------------------------------------------------------------------------------
                      0.150000    0.000000    0.000000   clock clk_i (rise edge)
                                  0.000000    0.000000   clock network delay (ideal)
                      0.150000    0.000000    0.000000 ^ _11887_/CLK (sky130_fd_sc_hd__dfxtp_2)
    14    0.054087    0.208553    0.348988    0.348988 ^ _11887_/Q (sky130_fd_sc_hd__dfxtp_2)
                                                         state_reg[54] (net)
                      0.208553    0.000000    0.348988 ^ _10512_/A (sky130_fd_sc_hd__or2_2)
     1    0.002470    0.025307    0.092284    0.441272 ^ _10512_/X (sky130_fd_sc_hd__or2_2)
                                                         _04122_ (net)
                      0.025307    0.000000    0.441272 ^ _10513_/B1 (sky130_fd_sc_hd__o211a_2)
     1    0.001748    0.022366    0.074043    0.515315 ^ _10513_/X (sky130_fd_sc_hd__o211a_2)
                                                         _00087_ (net)
                      0.022366    0.000000    0.515315 ^ _11887_/D (sky130_fd_sc_hd__dfxtp_2)
                                              0.515315   data arrival time

                      0.150000    0.000000    0.000000   clock clk_i (rise edge)
                                  0.000000    0.000000   clock network delay (ideal)
                                  0.250000    0.250000   clock uncertainty
                                  0.000000    0.250000   clock reconvergence pessimism
                                              0.250000 ^ _11887_/CLK (sky130_fd_sc_hd__dfxtp_2)
                                 -0.013860    0.236140   library hold time
                                              0.236140   data required time
---------------------------------------------------------------------------------------------
                                              0.236140   data required time
                                             -0.515315   data arrival time
---------------------------------------------------------------------------------------------
                                              0.279175   slack (MET)


Startpoint: _11868_ (rising edge-triggered flip-flop clocked by clk_i)
Endpoint: _11868_ (rising edge-triggered flip-flop clocked by clk_i)
Path Group: clk_i
Path Type: min

Fanout         Cap        Slew       Delay        Time   Description
---------------------------------------------------------------------------------------------
                      0.150000    0.000000    0.000000   clock clk_i (rise edge)
                                  0.000000    0.000000   clock network delay (ideal)
                      0.150000    0.000000    0.000000 ^ _11868_/CLK (sky130_fd_sc_hd__dfxtp_2)
    32    0.109641    0.173144    0.354435    0.354435 v _11868_/Q (sky130_fd_sc_hd__dfxtp_2)
                                                         state_reg[35] (net)
                      0.173144    0.000000    0.354435 v _08265_/A1 (sky130_fd_sc_hd__o21ai_2)
     1    0.004759    0.058093    0.139914    0.494349 ^ _08265_/Y (sky130_fd_sc_hd__o21ai_2)
                                                         _01699_ (net)
                      0.058093    0.000000    0.494349 ^ _08266_/B1 (sky130_fd_sc_hd__a31oi_2)
     1    0.001783    0.017399    0.017233    0.511582 v _08266_/Y (sky130_fd_sc_hd__a31oi_2)
                                                         _00068_ (net)
                      0.017399    0.000000    0.511582 v _11868_/D (sky130_fd_sc_hd__dfxtp_2)
                                              0.511582   data arrival time

                      0.150000    0.000000    0.000000   clock clk_i (rise edge)
                                  0.000000    0.000000   clock network delay (ideal)
                                  0.250000    0.250000   clock uncertainty
                                  0.000000    0.250000   clock reconvergence pessimism
                                              0.250000 ^ _11868_/CLK (sky130_fd_sc_hd__dfxtp_2)
                                 -0.018430    0.231570   library hold time
                                              0.231570   data required time
---------------------------------------------------------------------------------------------
                                              0.231570   data required time
                                             -0.511582   data arrival time
---------------------------------------------------------------------------------------------
                                              0.280012   slack (MET)


Startpoint: _11859_ (rising edge-triggered flip-flop clocked by clk_i)
Endpoint: _11859_ (rising edge-triggered flip-flop clocked by clk_i)
Path Group: clk_i
Path Type: min

Fanout         Cap        Slew       Delay        Time   Description
---------------------------------------------------------------------------------------------
                      0.150000    0.000000    0.000000   clock clk_i (rise edge)
                                  0.000000    0.000000   clock network delay (ideal)
                      0.150000    0.000000    0.000000 ^ _11859_/CLK (sky130_fd_sc_hd__dfxtp_2)
    26    0.109328    0.172682    0.354071    0.354071 v _11859_/Q (sky130_fd_sc_hd__dfxtp_2)
                                                         state_reg[26] (net)
                      0.172682    0.000000    0.354071 v _07459_/A1 (sky130_fd_sc_hd__a21o_2)
     1    0.001783    0.017094    0.159978    0.514049 v _07459_/X (sky130_fd_sc_hd__a21o_2)
                                                         _00059_ (net)
                      0.017094    0.000000    0.514049 v _11859_/D (sky130_fd_sc_hd__dfxtp_2)
                                              0.514049   data arrival time

                      0.150000    0.000000    0.000000   clock clk_i (rise edge)
                                  0.000000    0.000000   clock network delay (ideal)
                                  0.250000    0.250000   clock uncertainty
                                  0.000000    0.250000   clock reconvergence pessimism
                                              0.250000 ^ _11859_/CLK (sky130_fd_sc_hd__dfxtp_2)
                                 -0.018328    0.231672   library hold time
                                              0.231672   data required time
---------------------------------------------------------------------------------------------
                                              0.231672   data required time
                                             -0.514049   data arrival time
---------------------------------------------------------------------------------------------
                                              0.282377   slack (MET)


Startpoint: _11896_ (rising edge-triggered flip-flop clocked by clk_i)
Endpoint: _11896_ (rising edge-triggered flip-flop clocked by clk_i)
Path Group: clk_i
Path Type: min

Fanout         Cap        Slew       Delay        Time   Description
---------------------------------------------------------------------------------------------
                      0.150000    0.000000    0.000000   clock clk_i (rise edge)
                                  0.000000    0.000000   clock network delay (ideal)
                      0.150000    0.000000    0.000000 ^ _11896_/CLK (sky130_fd_sc_hd__dfxtp_2)
    25    0.078779    0.127647    0.318619    0.318619 v _11896_/Q (sky130_fd_sc_hd__dfxtp_2)
                                                         rotation_wire[4] (net)
                      0.127647    0.000000    0.318619 v _11799_/A1 (sky130_fd_sc_hd__o221a_2)
     1    0.001783    0.018992    0.196132    0.514751 v _11799_/X (sky130_fd_sc_hd__o221a_2)
                                                         _00096_ (net)
                      0.018992    0.000000    0.514751 v _11896_/D (sky130_fd_sc_hd__dfxtp_2)
                                              0.514751   data arrival time

                      0.150000    0.000000    0.000000   clock clk_i (rise edge)
                                  0.000000    0.000000   clock network delay (ideal)
                                  0.250000    0.250000   clock uncertainty
                                  0.000000    0.250000   clock reconvergence pessimism
                                              0.250000 ^ _11896_/CLK (sky130_fd_sc_hd__dfxtp_2)
                                 -0.018961    0.231039   library hold time
                                              0.231039   data required time
---------------------------------------------------------------------------------------------
                                              0.231039   data required time
                                             -0.514751   data arrival time
---------------------------------------------------------------------------------------------
                                              0.283712   slack (MET)


Startpoint: _11851_ (rising edge-triggered flip-flop clocked by clk_i)
Endpoint: _11851_ (rising edge-triggered flip-flop clocked by clk_i)
Path Group: clk_i
Path Type: min

Fanout         Cap        Slew       Delay        Time   Description
---------------------------------------------------------------------------------------------
                      0.150000    0.000000    0.000000   clock clk_i (rise edge)
                                  0.000000    0.000000   clock network delay (ideal)
                      0.150000    0.000000    0.000000 ^ _11851_/CLK (sky130_fd_sc_hd__dfxtp_2)
    30    0.117269    0.184389    0.363287    0.363287 v _11851_/Q (sky130_fd_sc_hd__dfxtp_2)
                                                         state_reg[18] (net)
                      0.184389    0.000000    0.363287 v _05916_/A (sky130_fd_sc_hd__inv_2)
     4    0.022815    0.102781    0.134648    0.497935 ^ _05916_/Y (sky130_fd_sc_hd__inv_2)
                                                         _01218_ (net)
                      0.102781    0.000000    0.497935 ^ _06878_/B2 (sky130_fd_sc_hd__o32ai_2)
     1    0.001783    0.022529    0.021092    0.519028 v _06878_/Y (sky130_fd_sc_hd__o32ai_2)
                                                         _00051_ (net)
                      0.022529    0.000000    0.519028 v _11851_/D (sky130_fd_sc_hd__dfxtp_2)
                                              0.519028   data arrival time

                      0.150000    0.000000    0.000000   clock clk_i (rise edge)
                                  0.000000    0.000000   clock network delay (ideal)
                                  0.250000    0.250000   clock uncertainty
                                  0.000000    0.250000   clock reconvergence pessimism
                                              0.250000 ^ _11851_/CLK (sky130_fd_sc_hd__dfxtp_2)
                                 -0.020140    0.229860   library hold time
                                              0.229860   data required time
---------------------------------------------------------------------------------------------
                                              0.229860   data required time
                                             -0.519028   data arrival time
---------------------------------------------------------------------------------------------
                                              0.289167   slack (MET)


Startpoint: _11869_ (rising edge-triggered flip-flop clocked by clk_i)
Endpoint: _11869_ (rising edge-triggered flip-flop clocked by clk_i)
Path Group: clk_i
Path Type: min

Fanout         Cap        Slew       Delay        Time   Description
---------------------------------------------------------------------------------------------
                      0.150000    0.000000    0.000000   clock clk_i (rise edge)
                                  0.000000    0.000000   clock network delay (ideal)
                      0.150000    0.000000    0.000000 ^ _11869_/CLK (sky130_fd_sc_hd__dfxtp_2)
    28    0.111985    0.176599    0.357155    0.357155 v _11869_/Q (sky130_fd_sc_hd__dfxtp_2)
                                                         state_reg[36] (net)
                      0.176599    0.000000    0.357155 v _08376_/A1 (sky130_fd_sc_hd__a22o_2)
     1    0.001783    0.019859    0.164474    0.521629 v _08376_/X (sky130_fd_sc_hd__a22o_2)
                                                         _00069_ (net)
                      0.019859    0.000000    0.521629 v _11869_/D (sky130_fd_sc_hd__dfxtp_2)
                                              0.521629   data arrival time

                      0.150000    0.000000    0.000000   clock clk_i (rise edge)
                                  0.000000    0.000000   clock network delay (ideal)
                                  0.250000    0.250000   clock uncertainty
                                  0.000000    0.250000   clock reconvergence pessimism
                                              0.250000 ^ _11869_/CLK (sky130_fd_sc_hd__dfxtp_2)
                                 -0.019250    0.230750   library hold time
                                              0.230750   data required time
---------------------------------------------------------------------------------------------
                                              0.230750   data required time
                                             -0.521629   data arrival time
---------------------------------------------------------------------------------------------
                                              0.290879   slack (MET)


Startpoint: _11880_ (rising edge-triggered flip-flop clocked by clk_i)
Endpoint: _11880_ (rising edge-triggered flip-flop clocked by clk_i)
Path Group: clk_i
Path Type: min

Fanout         Cap        Slew       Delay        Time   Description
---------------------------------------------------------------------------------------------
                      0.150000    0.000000    0.000000   clock clk_i (rise edge)
                                  0.000000    0.000000   clock network delay (ideal)
                      0.150000    0.000000    0.000000 ^ _11880_/CLK (sky130_fd_sc_hd__dfxtp_2)
    19    0.083450    0.134533    0.324040    0.324040 v _11880_/Q (sky130_fd_sc_hd__dfxtp_2)
                                                         state_reg[47] (net)
                      0.134533    0.000000    0.324040 v _09588_/A1 (sky130_fd_sc_hd__o221a_2)
     1    0.001783    0.018992    0.198684    0.522724 v _09588_/X (sky130_fd_sc_hd__o221a_2)
                                                         _00080_ (net)
                      0.018992    0.000000    0.522724 v _11880_/D (sky130_fd_sc_hd__dfxtp_2)
                                              0.522724   data arrival time

                      0.150000    0.000000    0.000000   clock clk_i (rise edge)
                                  0.000000    0.000000   clock network delay (ideal)
                                  0.250000    0.250000   clock uncertainty
                                  0.000000    0.250000   clock reconvergence pessimism
                                              0.250000 ^ _11880_/CLK (sky130_fd_sc_hd__dfxtp_2)
                                 -0.018961    0.231039   library hold time
                                              0.231039   data required time
---------------------------------------------------------------------------------------------
                                              0.231039   data required time
                                             -0.522724   data arrival time
---------------------------------------------------------------------------------------------
                                              0.291685   slack (MET)


Startpoint: _11836_ (rising edge-triggered flip-flop clocked by clk_i)
Endpoint: _11836_ (rising edge-triggered flip-flop clocked by clk_i)
Path Group: clk_i
Path Type: min

Fanout         Cap        Slew       Delay        Time   Description
---------------------------------------------------------------------------------------------
                      0.150000    0.000000    0.000000   clock clk_i (rise edge)
                                  0.000000    0.000000   clock network delay (ideal)
                      0.150000    0.000000    0.000000 ^ _11836_/CLK (sky130_fd_sc_hd__dfxtp_2)
    36    0.115117    0.181216    0.360790    0.360790 v _11836_/Q (sky130_fd_sc_hd__dfxtp_2)
                                                         state_reg[3] (net)
                      0.181216    0.000000    0.360790 v _06212_/A1 (sky130_fd_sc_hd__a21o_2)
     1    0.001783    0.017092    0.162738    0.523527 v _06212_/X (sky130_fd_sc_hd__a21o_2)
                                                         _00036_ (net)
                      0.017092    0.000000    0.523527 v _11836_/D (sky130_fd_sc_hd__dfxtp_2)
                                              0.523527   data arrival time

                      0.150000    0.000000    0.000000   clock clk_i (rise edge)
                                  0.000000    0.000000   clock network delay (ideal)
                                  0.250000    0.250000   clock uncertainty
                                  0.000000    0.250000   clock reconvergence pessimism
                                              0.250000 ^ _11836_/CLK (sky130_fd_sc_hd__dfxtp_2)
                                 -0.018328    0.231672   library hold time
                                              0.231672   data required time
---------------------------------------------------------------------------------------------
                                              0.231672   data required time
                                             -0.523527   data arrival time
---------------------------------------------------------------------------------------------
                                              0.291855   slack (MET)


Startpoint: _11872_ (rising edge-triggered flip-flop clocked by clk_i)
Endpoint: _11872_ (rising edge-triggered flip-flop clocked by clk_i)
Path Group: clk_i
Path Type: min

Fanout         Cap        Slew       Delay        Time   Description
---------------------------------------------------------------------------------------------
                      0.150000    0.000000    0.000000   clock clk_i (rise edge)
                                  0.000000    0.000000   clock network delay (ideal)
                      0.150000    0.000000    0.000000 ^ _11872_/CLK (sky130_fd_sc_hd__dfxtp_2)
    22    0.084984    0.136794    0.325820    0.325820 v _11872_/Q (sky130_fd_sc_hd__dfxtp_2)
                                                         state_reg[39] (net)
                      0.136794    0.000000    0.325820 v _08692_/A1 (sky130_fd_sc_hd__o221a_2)
     1    0.001783    0.018992    0.199522    0.525342 v _08692_/X (sky130_fd_sc_hd__o221a_2)
                                                         _00072_ (net)
                      0.018992    0.000000    0.525342 v _11872_/D (sky130_fd_sc_hd__dfxtp_2)
                                              0.525342   data arrival time

                      0.150000    0.000000    0.000000   clock clk_i (rise edge)
                                  0.000000    0.000000   clock network delay (ideal)
                                  0.250000    0.250000   clock uncertainty
                                  0.000000    0.250000   clock reconvergence pessimism
                                              0.250000 ^ _11872_/CLK (sky130_fd_sc_hd__dfxtp_2)
                                 -0.018961    0.231039   library hold time
                                              0.231039   data required time
---------------------------------------------------------------------------------------------
                                              0.231039   data required time
                                             -0.525342   data arrival time
---------------------------------------------------------------------------------------------
                                              0.294303   slack (MET)


Startpoint: _11882_ (rising edge-triggered flip-flop clocked by clk_i)
Endpoint: _11882_ (rising edge-triggered flip-flop clocked by clk_i)
Path Group: clk_i
Path Type: min

Fanout         Cap        Slew       Delay        Time   Description
---------------------------------------------------------------------------------------------
                      0.150000    0.000000    0.000000   clock clk_i (rise edge)
                                  0.000000    0.000000   clock network delay (ideal)
                      0.150000    0.000000    0.000000 ^ _11882_/CLK (sky130_fd_sc_hd__dfxtp_2)
    20    0.071152    0.116403    0.309768    0.309768 v _11882_/Q (sky130_fd_sc_hd__dfxtp_2)
                                                         state_reg[49] (net)
                      0.116403    0.000000    0.309768 v _09842_/A1 (sky130_fd_sc_hd__a21o_2)
     1    0.002289    0.020821    0.143024    0.452792 v _09842_/X (sky130_fd_sc_hd__a21o_2)
                                                         _03407_ (net)
                      0.020821    0.000000    0.452792 v _09843_/B1 (sky130_fd_sc_hd__a21o_2)
     1    0.001783    0.017091    0.073630    0.526423 v _09843_/X (sky130_fd_sc_hd__a21o_2)
                                                         _00082_ (net)
                      0.017091    0.000000    0.526423 v _11882_/D (sky130_fd_sc_hd__dfxtp_2)
                                              0.526423   data arrival time

                      0.150000    0.000000    0.000000   clock clk_i (rise edge)
                                  0.000000    0.000000   clock network delay (ideal)
                                  0.250000    0.250000   clock uncertainty
                                  0.000000    0.250000   clock reconvergence pessimism
                                              0.250000 ^ _11882_/CLK (sky130_fd_sc_hd__dfxtp_2)
                                 -0.018327    0.231673   library hold time
                                              0.231673   data required time
---------------------------------------------------------------------------------------------
                                              0.231673   data required time
                                             -0.526423   data arrival time
---------------------------------------------------------------------------------------------
                                              0.294750   slack (MET)


Startpoint: _11874_ (rising edge-triggered flip-flop clocked by clk_i)
Endpoint: _11874_ (rising edge-triggered flip-flop clocked by clk_i)
Path Group: clk_i
Path Type: min

Fanout         Cap        Slew       Delay        Time   Description
---------------------------------------------------------------------------------------------
                      0.150000    0.000000    0.000000   clock clk_i (rise edge)
                                  0.000000    0.000000   clock network delay (ideal)
                      0.150000    0.000000    0.000000 ^ _11874_/CLK (sky130_fd_sc_hd__dfxtp_2)
    23    0.086164    0.138534    0.327189    0.327189 v _11874_/Q (sky130_fd_sc_hd__dfxtp_2)
                                                         state_reg[41] (net)
                      0.138534    0.000000    0.327189 v _08914_/A1 (sky130_fd_sc_hd__o221a_2)
     1    0.001783    0.018992    0.200167    0.527356 v _08914_/X (sky130_fd_sc_hd__o221a_2)
                                                         _00074_ (net)
                      0.018992    0.000000    0.527356 v _11874_/D (sky130_fd_sc_hd__dfxtp_2)
                                              0.527356   data arrival time

                      0.150000    0.000000    0.000000   clock clk_i (rise edge)
                                  0.000000    0.000000   clock network delay (ideal)
                                  0.250000    0.250000   clock uncertainty
                                  0.000000    0.250000   clock reconvergence pessimism
                                              0.250000 ^ _11874_/CLK (sky130_fd_sc_hd__dfxtp_2)
                                 -0.018961    0.231039   library hold time
                                              0.231039   data required time
---------------------------------------------------------------------------------------------
                                              0.231039   data required time
                                             -0.527356   data arrival time
---------------------------------------------------------------------------------------------
                                              0.296317   slack (MET)


Startpoint: _11867_ (rising edge-triggered flip-flop clocked by clk_i)
Endpoint: _11867_ (rising edge-triggered flip-flop clocked by clk_i)
Path Group: clk_i
Path Type: min

Fanout         Cap        Slew       Delay        Time   Description
---------------------------------------------------------------------------------------------
                      0.150000    0.000000    0.000000   clock clk_i (rise edge)
                                  0.000000    0.000000   clock network delay (ideal)
                      0.150000    0.000000    0.000000 ^ _11867_/CLK (sky130_fd_sc_hd__dfxtp_2)
    24    0.090928    0.345507    0.443105    0.443105 ^ _11867_/Q (sky130_fd_sc_hd__dfxtp_2)
                                                         state_reg[34] (net)
                      0.345507    0.000000    0.443105 ^ _08170_/A1 (sky130_fd_sc_hd__a211o_2)
     1    0.001748    0.014706    0.093887    0.536993 ^ _08170_/X (sky130_fd_sc_hd__a211o_2)
                                                         _00067_ (net)
                      0.014706    0.000000    0.536993 ^ _11867_/D (sky130_fd_sc_hd__dfxtp_2)
                                              0.536993   data arrival time

                      0.150000    0.000000    0.000000   clock clk_i (rise edge)
                                  0.000000    0.000000   clock network delay (ideal)
                                  0.250000    0.250000   clock uncertainty
                                  0.000000    0.250000   clock reconvergence pessimism
                                              0.250000 ^ _11867_/CLK (sky130_fd_sc_hd__dfxtp_2)
                                 -0.013327    0.236673   library hold time
                                              0.236673   data required time
---------------------------------------------------------------------------------------------
                                              0.236673   data required time
                                             -0.536993   data arrival time
---------------------------------------------------------------------------------------------
                                              0.300319   slack (MET)


Startpoint: _11855_ (rising edge-triggered flip-flop clocked by clk_i)
Endpoint: _11855_ (rising edge-triggered flip-flop clocked by clk_i)
Path Group: clk_i
Path Type: min

Fanout         Cap        Slew       Delay        Time   Description
---------------------------------------------------------------------------------------------
                      0.150000    0.000000    0.000000   clock clk_i (rise edge)
                                  0.000000    0.000000   clock network delay (ideal)
                      0.150000    0.000000    0.000000 ^ _11855_/CLK (sky130_fd_sc_hd__dfxtp_2)
    25    0.095296    0.151996    0.337787    0.337787 v _11855_/Q (sky130_fd_sc_hd__dfxtp_2)
                                                         state_reg[22] (net)
                      0.151996    0.000000    0.337787 v _07161_/A1 (sky130_fd_sc_hd__o211a_2)
     1    0.001783    0.016588    0.195080    0.532867 v _07161_/X (sky130_fd_sc_hd__o211a_2)
                                                         _00055_ (net)
                      0.016588    0.000000    0.532867 v _11855_/D (sky130_fd_sc_hd__dfxtp_2)
                                              0.532867   data arrival time

                      0.150000    0.000000    0.000000   clock clk_i (rise edge)
                                  0.000000    0.000000   clock network delay (ideal)
                                  0.250000    0.250000   clock uncertainty
                                  0.000000    0.250000   clock reconvergence pessimism
                                              0.250000 ^ _11855_/CLK (sky130_fd_sc_hd__dfxtp_2)
                                 -0.018160    0.231840   library hold time
                                              0.231840   data required time
---------------------------------------------------------------------------------------------
                                              0.231840   data required time
                                             -0.532867   data arrival time
---------------------------------------------------------------------------------------------
                                              0.301027   slack (MET)


Startpoint: _11845_ (rising edge-triggered flip-flop clocked by clk_i)
Endpoint: _11845_ (rising edge-triggered flip-flop clocked by clk_i)
Path Group: clk_i
Path Type: min

Fanout         Cap        Slew       Delay        Time   Description
---------------------------------------------------------------------------------------------
                      0.150000    0.000000    0.000000   clock clk_i (rise edge)
                                  0.000000    0.000000   clock network delay (ideal)
                      0.150000    0.000000    0.000000 ^ _11845_/CLK (sky130_fd_sc_hd__dfxtp_2)
    28    0.097177    0.154769    0.339970    0.339970 v _11845_/Q (sky130_fd_sc_hd__dfxtp_2)
                                                         state_reg[12] (net)
                      0.154769    0.000000    0.339970 v _06507_/A1 (sky130_fd_sc_hd__o211a_2)
     1    0.001783    0.016597    0.196096    0.536066 v _06507_/X (sky130_fd_sc_hd__o211a_2)
                                                         _00045_ (net)
                      0.016597    0.000000    0.536066 v _11845_/D (sky130_fd_sc_hd__dfxtp_2)
                                              0.536066   data arrival time

                      0.150000    0.000000    0.000000   clock clk_i (rise edge)
                                  0.000000    0.000000   clock network delay (ideal)
                                  0.250000    0.250000   clock uncertainty
                                  0.000000    0.250000   clock reconvergence pessimism
                                              0.250000 ^ _11845_/CLK (sky130_fd_sc_hd__dfxtp_2)
                                 -0.018163    0.231837   library hold time
                                              0.231837   data required time
---------------------------------------------------------------------------------------------
                                              0.231837   data required time
                                             -0.536066   data arrival time
---------------------------------------------------------------------------------------------
                                              0.304229   slack (MET)


Startpoint: _11835_ (rising edge-triggered flip-flop clocked by clk_i)
Endpoint: _11835_ (rising edge-triggered flip-flop clocked by clk_i)
Path Group: clk_i
Path Type: min

Fanout         Cap        Slew       Delay        Time   Description
---------------------------------------------------------------------------------------------
                      0.150000    0.000000    0.000000   clock clk_i (rise edge)
                                  0.000000    0.000000   clock network delay (ideal)
                      0.150000    0.000000    0.000000 ^ _11835_/CLK (sky130_fd_sc_hd__dfxtp_2)
    30    0.114131    0.179763    0.359645    0.359645 v _11835_/Q (sky130_fd_sc_hd__dfxtp_2)
                                                         state_reg[2] (net)
                      0.179763    0.000000    0.359645 v _06204_/A1 (sky130_fd_sc_hd__o31ai_2)
     1    0.001748    0.020503    0.189467    0.549112 ^ _06204_/Y (sky130_fd_sc_hd__o31ai_2)
                                                         _00035_ (net)
                      0.020503    0.000000    0.549112 ^ _11835_/D (sky130_fd_sc_hd__dfxtp_2)
                                              0.549112   data arrival time

                      0.150000    0.000000    0.000000   clock clk_i (rise edge)
                                  0.000000    0.000000   clock network delay (ideal)
                                  0.250000    0.250000   clock uncertainty
                                  0.000000    0.250000   clock reconvergence pessimism
                                              0.250000 ^ _11835_/CLK (sky130_fd_sc_hd__dfxtp_2)
                                 -0.013730    0.236270   library hold time
                                              0.236270   data required time
---------------------------------------------------------------------------------------------
                                              0.236270   data required time
                                             -0.549112   data arrival time
---------------------------------------------------------------------------------------------
                                              0.312842   slack (MET)


Startpoint: _11881_ (rising edge-triggered flip-flop clocked by clk_i)
Endpoint: _11881_ (rising edge-triggered flip-flop clocked by clk_i)
Path Group: clk_i
Path Type: min

Fanout         Cap        Slew       Delay        Time   Description
---------------------------------------------------------------------------------------------
                      0.150000    0.000000    0.000000   clock clk_i (rise edge)
                                  0.000000    0.000000   clock network delay (ideal)
                      0.150000    0.000000    0.000000 ^ _11881_/CLK (sky130_fd_sc_hd__dfxtp_2)
    24    0.092066    0.147235    0.334039    0.334039 v _11881_/Q (sky130_fd_sc_hd__dfxtp_2)
                                                         state_reg[48] (net)
                      0.147235    0.000000    0.334039 v _09720_/A1 (sky130_fd_sc_hd__a211o_2)
     1    0.001783    0.024421    0.210486    0.544525 v _09720_/X (sky130_fd_sc_hd__a211o_2)
                                                         _00081_ (net)
                      0.024421    0.000000    0.544525 v _11881_/D (sky130_fd_sc_hd__dfxtp_2)
                                              0.544525   data arrival time

                      0.150000    0.000000    0.000000   clock clk_i (rise edge)
                                  0.000000    0.000000   clock network delay (ideal)
                                  0.250000    0.250000   clock uncertainty
                                  0.000000    0.250000   clock reconvergence pessimism
                                              0.250000 ^ _11881_/CLK (sky130_fd_sc_hd__dfxtp_2)
                                 -0.020770    0.229230   library hold time
                                              0.229230   data required time
---------------------------------------------------------------------------------------------
                                              0.229230   data required time
                                             -0.544525   data arrival time
---------------------------------------------------------------------------------------------
                                              0.315295   slack (MET)


Startpoint: _11860_ (rising edge-triggered flip-flop clocked by clk_i)
Endpoint: _11860_ (rising edge-triggered flip-flop clocked by clk_i)
Path Group: clk_i
Path Type: min

Fanout         Cap        Slew       Delay        Time   Description
---------------------------------------------------------------------------------------------
                      0.150000    0.000000    0.000000   clock clk_i (rise edge)
                                  0.000000    0.000000   clock network delay (ideal)
                      0.150000    0.000000    0.000000 ^ _11860_/CLK (sky130_fd_sc_hd__dfxtp_2)
    23    0.090717    0.145246    0.332473    0.332473 v _11860_/Q (sky130_fd_sc_hd__dfxtp_2)
                                                         state_reg[27] (net)
                      0.145246    0.000000    0.332473 v _07543_/A1 (sky130_fd_sc_hd__a221o_2)
     1    0.001783    0.024424    0.212267    0.544740 v _07543_/X (sky130_fd_sc_hd__a221o_2)
                                                         _00060_ (net)
                      0.024424    0.000000    0.544740 v _11860_/D (sky130_fd_sc_hd__dfxtp_2)
                                              0.544740   data arrival time

                      0.150000    0.000000    0.000000   clock clk_i (rise edge)
                                  0.000000    0.000000   clock network delay (ideal)
                                  0.250000    0.250000   clock uncertainty
                                  0.000000    0.250000   clock reconvergence pessimism
                                              0.250000 ^ _11860_/CLK (sky130_fd_sc_hd__dfxtp_2)
                                 -0.020771    0.229229   library hold time
                                              0.229229   data required time
---------------------------------------------------------------------------------------------
                                              0.229229   data required time
                                             -0.544740   data arrival time
---------------------------------------------------------------------------------------------
                                              0.315512   slack (MET)


Startpoint: _11875_ (rising edge-triggered flip-flop clocked by clk_i)
Endpoint: _11875_ (rising edge-triggered flip-flop clocked by clk_i)
Path Group: clk_i
Path Type: min

Fanout         Cap        Slew       Delay        Time   Description
---------------------------------------------------------------------------------------------
                      0.150000    0.000000    0.000000   clock clk_i (rise edge)
                                  0.000000    0.000000   clock network delay (ideal)
                      0.150000    0.000000    0.000000 ^ _11875_/CLK (sky130_fd_sc_hd__dfxtp_2)
    21    0.085703    0.137854    0.326654    0.326654 v _11875_/Q (sky130_fd_sc_hd__dfxtp_2)
                                                         state_reg[42] (net)
                      0.137854    0.000000    0.326654 v _09024_/A1 (sky130_fd_sc_hd__a21o_2)
     1    0.002268    0.020776    0.150195    0.476849 v _09024_/X (sky130_fd_sc_hd__a21o_2)
                                                         _02524_ (net)
                      0.020776    0.000000    0.476849 v _09025_/B1 (sky130_fd_sc_hd__a31o_2)
     1    0.001783    0.016781    0.070617    0.547466 v _09025_/X (sky130_fd_sc_hd__a31o_2)
                                                         _00075_ (net)
                      0.016781    0.000000    0.547466 v _11875_/D (sky130_fd_sc_hd__dfxtp_2)
                                              0.547466   data arrival time

                      0.150000    0.000000    0.000000   clock clk_i (rise edge)
                                  0.000000    0.000000   clock network delay (ideal)
                                  0.250000    0.250000   clock uncertainty
                                  0.000000    0.250000   clock reconvergence pessimism
                                              0.250000 ^ _11875_/CLK (sky130_fd_sc_hd__dfxtp_2)
                                 -0.018224    0.231776   library hold time
                                              0.231776   data required time
---------------------------------------------------------------------------------------------
                                              0.231776   data required time
                                             -0.547466   data arrival time
---------------------------------------------------------------------------------------------
                                              0.315690   slack (MET)


Startpoint: _11878_ (rising edge-triggered flip-flop clocked by clk_i)
Endpoint: _11878_ (rising edge-triggered flip-flop clocked by clk_i)
Path Group: clk_i
Path Type: min

Fanout         Cap        Slew       Delay        Time   Description
---------------------------------------------------------------------------------------------
                      0.150000    0.000000    0.000000   clock clk_i (rise edge)
                                  0.000000    0.000000   clock network delay (ideal)
                      0.150000    0.000000    0.000000 ^ _11878_/CLK (sky130_fd_sc_hd__dfxtp_2)
    21    0.104139    0.165033    0.348050    0.348050 v _11878_/Q (sky130_fd_sc_hd__dfxtp_2)
                                                         state_reg[45] (net)
                      0.165033    0.000000    0.348050 v _09355_/A1 (sky130_fd_sc_hd__o211a_2)
     1    0.001783    0.016588    0.199857    0.547906 v _09355_/X (sky130_fd_sc_hd__o211a_2)
                                                         _00078_ (net)
                      0.016588    0.000000    0.547906 v _11878_/D (sky130_fd_sc_hd__dfxtp_2)
                                              0.547906   data arrival time

                      0.150000    0.000000    0.000000   clock clk_i (rise edge)
                                  0.000000    0.000000   clock network delay (ideal)
                                  0.250000    0.250000   clock uncertainty
                                  0.000000    0.250000   clock reconvergence pessimism
                                              0.250000 ^ _11878_/CLK (sky130_fd_sc_hd__dfxtp_2)
                                 -0.018160    0.231840   library hold time
                                              0.231840   data required time
---------------------------------------------------------------------------------------------
                                              0.231840   data required time
                                             -0.547906   data arrival time
---------------------------------------------------------------------------------------------
                                              0.316066   slack (MET)


Startpoint: _11873_ (rising edge-triggered flip-flop clocked by clk_i)
Endpoint: _11873_ (rising edge-triggered flip-flop clocked by clk_i)
Path Group: clk_i
Path Type: min

Fanout         Cap        Slew       Delay        Time   Description
---------------------------------------------------------------------------------------------
                      0.150000    0.000000    0.000000   clock clk_i (rise edge)
                                  0.000000    0.000000   clock network delay (ideal)
                      0.150000    0.000000    0.000000 ^ _11873_/CLK (sky130_fd_sc_hd__dfxtp_2)
    24    0.093602    0.149499    0.335821    0.335821 v _11873_/Q (sky130_fd_sc_hd__dfxtp_2)
                                                         state_reg[40] (net)
                      0.149499    0.000000    0.335821 v _08804_/A1 (sky130_fd_sc_hd__a221o_2)
     1    0.001783    0.024424    0.213615    0.549436 v _08804_/X (sky130_fd_sc_hd__a221o_2)
                                                         _00073_ (net)
                      0.024424    0.000000    0.549436 v _11873_/D (sky130_fd_sc_hd__dfxtp_2)
                                              0.549436   data arrival time

                      0.150000    0.000000    0.000000   clock clk_i (rise edge)
                                  0.000000    0.000000   clock network delay (ideal)
                                  0.250000    0.250000   clock uncertainty
                                  0.000000    0.250000   clock reconvergence pessimism
                                              0.250000 ^ _11873_/CLK (sky130_fd_sc_hd__dfxtp_2)
                                 -0.020771    0.229229   library hold time
                                              0.229229   data required time
---------------------------------------------------------------------------------------------
                                              0.229229   data required time
                                             -0.549436   data arrival time
---------------------------------------------------------------------------------------------
                                              0.320208   slack (MET)


Startpoint: _11854_ (rising edge-triggered flip-flop clocked by clk_i)
Endpoint: _11854_ (rising edge-triggered flip-flop clocked by clk_i)
Path Group: clk_i
Path Type: min

Fanout         Cap        Slew       Delay        Time   Description
---------------------------------------------------------------------------------------------
                      0.150000    0.000000    0.000000   clock clk_i (rise edge)
                                  0.000000    0.000000   clock network delay (ideal)
                      0.150000    0.000000    0.000000 ^ _11854_/CLK (sky130_fd_sc_hd__dfxtp_2)
    26    0.094959    0.151499    0.337396    0.337396 v _11854_/Q (sky130_fd_sc_hd__dfxtp_2)
                                                         state_reg[21] (net)
                      0.151499    0.000000    0.337396 v _07090_/A1 (sky130_fd_sc_hd__a221o_2)
     1    0.001783    0.024424    0.214249    0.551645 v _07090_/X (sky130_fd_sc_hd__a221o_2)
                                                         _00054_ (net)
                      0.024424    0.000000    0.551645 v _11854_/D (sky130_fd_sc_hd__dfxtp_2)
                                              0.551645   data arrival time

                      0.150000    0.000000    0.000000   clock clk_i (rise edge)
                                  0.000000    0.000000   clock network delay (ideal)
                                  0.250000    0.250000   clock uncertainty
                                  0.000000    0.250000   clock reconvergence pessimism
                                              0.250000 ^ _11854_/CLK (sky130_fd_sc_hd__dfxtp_2)
                                 -0.020771    0.229229   library hold time
                                              0.229229   data required time
---------------------------------------------------------------------------------------------
                                              0.229229   data required time
                                             -0.551645   data arrival time
---------------------------------------------------------------------------------------------
                                              0.322416   slack (MET)


Startpoint: _11895_ (rising edge-triggered flip-flop clocked by clk_i)
Endpoint: _11895_ (rising edge-triggered flip-flop clocked by clk_i)
Path Group: clk_i
Path Type: min

Fanout         Cap        Slew       Delay        Time   Description
---------------------------------------------------------------------------------------------
                      0.150000    0.000000    0.000000   clock clk_i (rise edge)
                                  0.000000    0.000000   clock network delay (ideal)
                      0.150000    0.000000    0.000000 ^ _11895_/CLK (sky130_fd_sc_hd__dfxtp_2)
    44    0.145319    0.226370    0.395714    0.395714 v _11895_/Q (sky130_fd_sc_hd__dfxtp_2)
                                                         rotation_wire[3] (net)
                      0.226370    0.000000    0.395714 v _11701_/B2 (sky130_fd_sc_hd__a32o_2)
     1    0.001783    0.018151    0.163360    0.559075 v _11701_/X (sky130_fd_sc_hd__a32o_2)
                                                         _00095_ (net)
                      0.018151    0.000000    0.559075 v _11895_/D (sky130_fd_sc_hd__dfxtp_2)
                                              0.559075   data arrival time

                      0.150000    0.000000    0.000000   clock clk_i (rise edge)
                                  0.000000    0.000000   clock network delay (ideal)
                                  0.250000    0.250000   clock uncertainty
                                  0.000000    0.250000   clock reconvergence pessimism
                                              0.250000 ^ _11895_/CLK (sky130_fd_sc_hd__dfxtp_2)
                                 -0.018681    0.231319   library hold time
                                              0.231319   data required time
---------------------------------------------------------------------------------------------
                                              0.231319   data required time
                                             -0.559075   data arrival time
---------------------------------------------------------------------------------------------
                                              0.327755   slack (MET)


Startpoint: _11858_ (rising edge-triggered flip-flop clocked by clk_i)
Endpoint: _11858_ (rising edge-triggered flip-flop clocked by clk_i)
Path Group: clk_i
Path Type: min

Fanout         Cap        Slew       Delay        Time   Description
---------------------------------------------------------------------------------------------
                      0.150000    0.000000    0.000000   clock clk_i (rise edge)
                                  0.000000    0.000000   clock network delay (ideal)
                      0.150000    0.000000    0.000000 ^ _11858_/CLK (sky130_fd_sc_hd__dfxtp_2)
    35    0.135720    0.211780    0.384662    0.384662 v _11858_/Q (sky130_fd_sc_hd__dfxtp_2)
                                                         state_reg[25] (net)
                      0.211780    0.000000    0.384662 v _07383_/A1 (sky130_fd_sc_hd__a22o_2)
     1    0.001783    0.019727    0.176129    0.560791 v _07383_/X (sky130_fd_sc_hd__a22o_2)
                                                         _00058_ (net)
                      0.019727    0.000000    0.560791 v _11858_/D (sky130_fd_sc_hd__dfxtp_2)
                                              0.560791   data arrival time

                      0.150000    0.000000    0.000000   clock clk_i (rise edge)
                                  0.000000    0.000000   clock network delay (ideal)
                                  0.250000    0.250000   clock uncertainty
                                  0.000000    0.250000   clock reconvergence pessimism
                                              0.250000 ^ _11858_/CLK (sky130_fd_sc_hd__dfxtp_2)
                                 -0.019206    0.230794   library hold time
                                              0.230794   data required time
---------------------------------------------------------------------------------------------
                                              0.230794   data required time
                                             -0.560791   data arrival time
---------------------------------------------------------------------------------------------
                                              0.329997   slack (MET)


Startpoint: _11864_ (rising edge-triggered flip-flop clocked by clk_i)
Endpoint: _11864_ (rising edge-triggered flip-flop clocked by clk_i)
Path Group: clk_i
Path Type: min

Fanout         Cap        Slew       Delay        Time   Description
---------------------------------------------------------------------------------------------
                      0.150000    0.000000    0.000000   clock clk_i (rise edge)
                                  0.000000    0.000000   clock network delay (ideal)
                      0.150000    0.000000    0.000000 ^ _11864_/CLK (sky130_fd_sc_hd__dfxtp_2)
    26    0.101721    0.161468    0.345243    0.345243 v _11864_/Q (sky130_fd_sc_hd__dfxtp_2)
                                                         state_reg[31] (net)
                      0.161468    0.000000    0.345243 v _07877_/A1 (sky130_fd_sc_hd__a221o_2)
     1    0.001783    0.024424    0.217408    0.562651 v _07877_/X (sky130_fd_sc_hd__a221o_2)
                                                         _00064_ (net)
                      0.024424    0.000000    0.562651 v _11864_/D (sky130_fd_sc_hd__dfxtp_2)
                                              0.562651   data arrival time

                      0.150000    0.000000    0.000000   clock clk_i (rise edge)
                                  0.000000    0.000000   clock network delay (ideal)
                                  0.250000    0.250000   clock uncertainty
                                  0.000000    0.250000   clock reconvergence pessimism
                                              0.250000 ^ _11864_/CLK (sky130_fd_sc_hd__dfxtp_2)
                                 -0.020771    0.229229   library hold time
                                              0.229229   data required time
---------------------------------------------------------------------------------------------
                                              0.229229   data required time
                                             -0.562651   data arrival time
---------------------------------------------------------------------------------------------
                                              0.333423   slack (MET)


Startpoint: _11870_ (rising edge-triggered flip-flop clocked by clk_i)
Endpoint: _11870_ (rising edge-triggered flip-flop clocked by clk_i)
Path Group: clk_i
Path Type: min

Fanout         Cap        Slew       Delay        Time   Description
---------------------------------------------------------------------------------------------
                      0.150000    0.000000    0.000000   clock clk_i (rise edge)
                                  0.000000    0.000000   clock network delay (ideal)
                      0.150000    0.000000    0.000000 ^ _11870_/CLK (sky130_fd_sc_hd__dfxtp_2)
    25    0.098310    0.156440    0.341285    0.341285 v _11870_/Q (sky130_fd_sc_hd__dfxtp_2)
                                                         state_reg[37] (net)
                      0.156440    0.000000    0.341285 v _08377_/A1 (sky130_fd_sc_hd__a21o_2)
     1    0.002268    0.020776    0.156217    0.497502 v _08377_/X (sky130_fd_sc_hd__a21o_2)
                                                         _01820_ (net)
                      0.020776    0.000000    0.497502 v _08480_/B1 (sky130_fd_sc_hd__a31o_2)
     1    0.001783    0.016781    0.070617    0.568119 v _08480_/X (sky130_fd_sc_hd__a31o_2)
                                                         _00070_ (net)
                      0.016781    0.000000    0.568119 v _11870_/D (sky130_fd_sc_hd__dfxtp_2)
                                              0.568119   data arrival time

                      0.150000    0.000000    0.000000   clock clk_i (rise edge)
                                  0.000000    0.000000   clock network delay (ideal)
                                  0.250000    0.250000   clock uncertainty
                                  0.000000    0.250000   clock reconvergence pessimism
                                              0.250000 ^ _11870_/CLK (sky130_fd_sc_hd__dfxtp_2)
                                 -0.018224    0.231776   library hold time
                                              0.231776   data required time
---------------------------------------------------------------------------------------------
                                              0.231776   data required time
                                             -0.568119   data arrival time
---------------------------------------------------------------------------------------------
                                              0.336343   slack (MET)


Startpoint: _11866_ (rising edge-triggered flip-flop clocked by clk_i)
Endpoint: _11866_ (rising edge-triggered flip-flop clocked by clk_i)
Path Group: clk_i
Path Type: min

Fanout         Cap        Slew       Delay        Time   Description
---------------------------------------------------------------------------------------------
                      0.150000    0.000000    0.000000   clock clk_i (rise edge)
                                  0.000000    0.000000   clock network delay (ideal)
                      0.150000    0.000000    0.000000 ^ _11866_/CLK (sky130_fd_sc_hd__dfxtp_2)
    28    0.104535    0.165616    0.348509    0.348509 v _11866_/Q (sky130_fd_sc_hd__dfxtp_2)
                                                         state_reg[33] (net)
                      0.165616    0.000000    0.348509 v _08075_/A1 (sky130_fd_sc_hd__a221o_2)
     1    0.001783    0.024424    0.218722    0.567232 v _08075_/X (sky130_fd_sc_hd__a221o_2)
                                                         _00066_ (net)
                      0.024424    0.000000    0.567232 v _11866_/D (sky130_fd_sc_hd__dfxtp_2)
                                              0.567232   data arrival time

                      0.150000    0.000000    0.000000   clock clk_i (rise edge)
                                  0.000000    0.000000   clock network delay (ideal)
                                  0.250000    0.250000   clock uncertainty
                                  0.000000    0.250000   clock reconvergence pessimism
                                              0.250000 ^ _11866_/CLK (sky130_fd_sc_hd__dfxtp_2)
                                 -0.020771    0.229229   library hold time
                                              0.229229   data required time
---------------------------------------------------------------------------------------------
                                              0.229229   data required time
                                             -0.567232   data arrival time
---------------------------------------------------------------------------------------------
                                              0.338003   slack (MET)


Startpoint: _11838_ (rising edge-triggered flip-flop clocked by clk_i)
Endpoint: _11838_ (rising edge-triggered flip-flop clocked by clk_i)
Path Group: clk_i
Path Type: min

Fanout         Cap        Slew       Delay        Time   Description
---------------------------------------------------------------------------------------------
                      0.150000    0.000000    0.000000   clock clk_i (rise edge)
                                  0.000000    0.000000   clock network delay (ideal)
                      0.150000    0.000000    0.000000 ^ _11838_/CLK (sky130_fd_sc_hd__dfxtp_2)
    27    0.102849    0.163131    0.346552    0.346552 v _11838_/Q (sky130_fd_sc_hd__dfxtp_2)
                                                         state_reg[5] (net)
                      0.163131    0.000000    0.346552 v _06260_/A1 (sky130_fd_sc_hd__a21o_2)
     1    0.002268    0.020776    0.158385    0.504937 v _06260_/X (sky130_fd_sc_hd__a21o_2)
                                                         _04935_ (net)
                      0.020776    0.000000    0.504937 v _06261_/B1 (sky130_fd_sc_hd__a31o_2)
     1    0.001783    0.016781    0.070617    0.575554 v _06261_/X (sky130_fd_sc_hd__a31o_2)
                                                         _00038_ (net)
                      0.016781    0.000000    0.575554 v _11838_/D (sky130_fd_sc_hd__dfxtp_2)
                                              0.575554   data arrival time

                      0.150000    0.000000    0.000000   clock clk_i (rise edge)
                                  0.000000    0.000000   clock network delay (ideal)
                                  0.250000    0.250000   clock uncertainty
                                  0.000000    0.250000   clock reconvergence pessimism
                                              0.250000 ^ _11838_/CLK (sky130_fd_sc_hd__dfxtp_2)
                                 -0.018224    0.231776   library hold time
                                              0.231776   data required time
---------------------------------------------------------------------------------------------
                                              0.231776   data required time
                                             -0.575554   data arrival time
---------------------------------------------------------------------------------------------
                                              0.343778   slack (MET)


Startpoint: _11843_ (rising edge-triggered flip-flop clocked by clk_i)
Endpoint: _11843_ (rising edge-triggered flip-flop clocked by clk_i)
Path Group: clk_i
Path Type: min

Fanout         Cap        Slew       Delay        Time   Description
---------------------------------------------------------------------------------------------
                      0.150000    0.000000    0.000000   clock clk_i (rise edge)
                                  0.000000    0.000000   clock network delay (ideal)
                      0.150000    0.000000    0.000000 ^ _11843_/CLK (sky130_fd_sc_hd__dfxtp_2)
    28    0.102944    0.163271    0.346663    0.346663 v _11843_/Q (sky130_fd_sc_hd__dfxtp_2)
                                                         state_reg[10] (net)
                      0.163271    0.000000    0.346663 v _06413_/A1 (sky130_fd_sc_hd__a21o_2)
     1    0.002268    0.020776    0.158430    0.505093 v _06413_/X (sky130_fd_sc_hd__a21o_2)
                                                         _05615_ (net)
                      0.020776    0.000000    0.505093 v _06414_/B1 (sky130_fd_sc_hd__a31o_2)
     1    0.001783    0.016781    0.070617    0.575710 v _06414_/X (sky130_fd_sc_hd__a31o_2)
                                                         _00043_ (net)
                      0.016781    0.000000    0.575710 v _11843_/D (sky130_fd_sc_hd__dfxtp_2)
                                              0.575710   data arrival time

                      0.150000    0.000000    0.000000   clock clk_i (rise edge)
                                  0.000000    0.000000   clock network delay (ideal)
                                  0.250000    0.250000   clock uncertainty
                                  0.000000    0.250000   clock reconvergence pessimism
                                              0.250000 ^ _11843_/CLK (sky130_fd_sc_hd__dfxtp_2)
                                 -0.018224    0.231776   library hold time
                                              0.231776   data required time
---------------------------------------------------------------------------------------------
                                              0.231776   data required time
                                             -0.575710   data arrival time
---------------------------------------------------------------------------------------------
                                              0.343934   slack (MET)


Startpoint: _11871_ (rising edge-triggered flip-flop clocked by clk_i)
Endpoint: _11871_ (rising edge-triggered flip-flop clocked by clk_i)
Path Group: clk_i
Path Type: min

Fanout         Cap        Slew       Delay        Time   Description
---------------------------------------------------------------------------------------------
                      0.150000    0.000000    0.000000   clock clk_i (rise edge)
                                  0.000000    0.000000   clock network delay (ideal)
                      0.150000    0.000000    0.000000 ^ _11871_/CLK (sky130_fd_sc_hd__dfxtp_2)
    26    0.103242    0.163710    0.347009    0.347009 v _11871_/Q (sky130_fd_sc_hd__dfxtp_2)
                                                         state_reg[38] (net)
                      0.163710    0.000000    0.347009 v _08481_/A1 (sky130_fd_sc_hd__a21o_2)
     1    0.002268    0.020776    0.158572    0.505581 v _08481_/X (sky130_fd_sc_hd__a21o_2)
                                                         _01933_ (net)
                      0.020776    0.000000    0.505581 v _08586_/B1 (sky130_fd_sc_hd__a31o_2)
     1    0.001783    0.016781    0.070617    0.576198 v _08586_/X (sky130_fd_sc_hd__a31o_2)
                                                         _00071_ (net)
                      0.016781    0.000000    0.576198 v _11871_/D (sky130_fd_sc_hd__dfxtp_2)
                                              0.576198   data arrival time

                      0.150000    0.000000    0.000000   clock clk_i (rise edge)
                                  0.000000    0.000000   clock network delay (ideal)
                                  0.250000    0.250000   clock uncertainty
                                  0.000000    0.250000   clock reconvergence pessimism
                                              0.250000 ^ _11871_/CLK (sky130_fd_sc_hd__dfxtp_2)
                                 -0.018224    0.231776   library hold time
                                              0.231776   data required time
---------------------------------------------------------------------------------------------
                                              0.231776   data required time
                                             -0.576198   data arrival time
---------------------------------------------------------------------------------------------
                                              0.344422   slack (MET)


Startpoint: _11863_ (rising edge-triggered flip-flop clocked by clk_i)
Endpoint: _11863_ (rising edge-triggered flip-flop clocked by clk_i)
Path Group: clk_i
Path Type: min

Fanout         Cap        Slew       Delay        Time   Description
---------------------------------------------------------------------------------------------
                      0.150000    0.000000    0.000000   clock clk_i (rise edge)
                                  0.000000    0.000000   clock network delay (ideal)
                      0.150000    0.000000    0.000000 ^ _11863_/CLK (sky130_fd_sc_hd__dfxtp_2)
    33    0.128298    0.200648    0.376086    0.376086 v _11863_/Q (sky130_fd_sc_hd__dfxtp_2)
                                                         state_reg[30] (net)
                      0.200648    0.000000    0.376086 v _07793_/B1 (sky130_fd_sc_hd__a2bb2o_2)
     1    0.001783    0.021325    0.202701    0.578787 v _07793_/X (sky130_fd_sc_hd__a2bb2o_2)
                                                         _00063_ (net)
                      0.021325    0.000000    0.578787 v _11863_/D (sky130_fd_sc_hd__dfxtp_2)
                                              0.578787   data arrival time

                      0.150000    0.000000    0.000000   clock clk_i (rise edge)
                                  0.000000    0.000000   clock network delay (ideal)
                                  0.250000    0.250000   clock uncertainty
                                  0.000000    0.250000   clock reconvergence pessimism
                                              0.250000 ^ _11863_/CLK (sky130_fd_sc_hd__dfxtp_2)
                                 -0.019738    0.230262   library hold time
                                              0.230262   data required time
---------------------------------------------------------------------------------------------
                                              0.230262   data required time
                                             -0.578787   data arrival time
---------------------------------------------------------------------------------------------
                                              0.348525   slack (MET)


Startpoint: _11853_ (rising edge-triggered flip-flop clocked by clk_i)
Endpoint: _11853_ (rising edge-triggered flip-flop clocked by clk_i)
Path Group: clk_i
Path Type: min

Fanout         Cap        Slew       Delay        Time   Description
---------------------------------------------------------------------------------------------
                      0.150000    0.000000    0.000000   clock clk_i (rise edge)
                                  0.000000    0.000000   clock network delay (ideal)
                      0.150000    0.000000    0.000000 ^ _11853_/CLK (sky130_fd_sc_hd__dfxtp_2)
    33    0.125756    0.196901    0.373136    0.373136 v _11853_/Q (sky130_fd_sc_hd__dfxtp_2)
                                                         state_reg[20] (net)
                      0.196901    0.000000    0.373136 v _07017_/A1 (sky130_fd_sc_hd__o211a_2)
     1    0.001783    0.016588    0.211534    0.584670 v _07017_/X (sky130_fd_sc_hd__o211a_2)
                                                         _00053_ (net)
                      0.016588    0.000000    0.584670 v _11853_/D (sky130_fd_sc_hd__dfxtp_2)
                                              0.584670   data arrival time

                      0.150000    0.000000    0.000000   clock clk_i (rise edge)
                                  0.000000    0.000000   clock network delay (ideal)
                                  0.250000    0.250000   clock uncertainty
                                  0.000000    0.250000   clock reconvergence pessimism
                                              0.250000 ^ _11853_/CLK (sky130_fd_sc_hd__dfxtp_2)
                                 -0.018160    0.231840   library hold time
                                              0.231840   data required time
---------------------------------------------------------------------------------------------
                                              0.231840   data required time
                                             -0.584670   data arrival time
---------------------------------------------------------------------------------------------
                                              0.352829   slack (MET)


Startpoint: _11840_ (rising edge-triggered flip-flop clocked by clk_i)
Endpoint: _11840_ (rising edge-triggered flip-flop clocked by clk_i)
Path Group: clk_i
Path Type: min

Fanout         Cap        Slew       Delay        Time   Description
---------------------------------------------------------------------------------------------
                      0.150000    0.000000    0.000000   clock clk_i (rise edge)
                                  0.000000    0.000000   clock network delay (ideal)
                      0.150000    0.000000    0.000000 ^ _11840_/CLK (sky130_fd_sc_hd__dfxtp_2)
    26    0.113839    0.179332    0.359306    0.359306 v _11840_/Q (sky130_fd_sc_hd__dfxtp_2)
                                                         state_reg[7] (net)
                      0.179332    0.000000    0.359306 v _06313_/A1 (sky130_fd_sc_hd__a221o_2)
     1    0.001783    0.024424    0.223069    0.582376 v _06313_/X (sky130_fd_sc_hd__a221o_2)
                                                         _00040_ (net)
                      0.024424    0.000000    0.582376 v _11840_/D (sky130_fd_sc_hd__dfxtp_2)
                                              0.582376   data arrival time

                      0.150000    0.000000    0.000000   clock clk_i (rise edge)
                                  0.000000    0.000000   clock network delay (ideal)
                                  0.250000    0.250000   clock uncertainty
                                  0.000000    0.250000   clock reconvergence pessimism
                                              0.250000 ^ _11840_/CLK (sky130_fd_sc_hd__dfxtp_2)
                                 -0.020771    0.229229   library hold time
                                              0.229229   data required time
---------------------------------------------------------------------------------------------
                                              0.229229   data required time
                                             -0.582376   data arrival time
---------------------------------------------------------------------------------------------
                                              0.353147   slack (MET)


Startpoint: _11857_ (rising edge-triggered flip-flop clocked by clk_i)
Endpoint: _11857_ (rising edge-triggered flip-flop clocked by clk_i)
Path Group: clk_i
Path Type: min

Fanout         Cap        Slew       Delay        Time   Description
---------------------------------------------------------------------------------------------
                      0.150000    0.000000    0.000000   clock clk_i (rise edge)
                                  0.000000    0.000000   clock network delay (ideal)
                      0.150000    0.000000    0.000000 ^ _11857_/CLK (sky130_fd_sc_hd__dfxtp_2)
    29    0.107000    0.169250    0.351370    0.351370 v _11857_/Q (sky130_fd_sc_hd__dfxtp_2)
                                                         state_reg[24] (net)
                      0.169250    0.000000    0.351370 v _07309_/A1 (sky130_fd_sc_hd__a21o_2)
     1    0.002289    0.020821    0.160432    0.511802 v _07309_/X (sky130_fd_sc_hd__a21o_2)
                                                         _00694_ (net)
                      0.020821    0.000000    0.511802 v _07310_/B1 (sky130_fd_sc_hd__a21o_2)
     1    0.001783    0.017091    0.073630    0.585433 v _07310_/X (sky130_fd_sc_hd__a21o_2)
                                                         _00057_ (net)
                      0.017091    0.000000    0.585433 v _11857_/D (sky130_fd_sc_hd__dfxtp_2)
                                              0.585433   data arrival time

                      0.150000    0.000000    0.000000   clock clk_i (rise edge)
                                  0.000000    0.000000   clock network delay (ideal)
                                  0.250000    0.250000   clock uncertainty
                                  0.000000    0.250000   clock reconvergence pessimism
                                              0.250000 ^ _11857_/CLK (sky130_fd_sc_hd__dfxtp_2)
                                 -0.018327    0.231673   library hold time
                                              0.231673   data required time
---------------------------------------------------------------------------------------------
                                              0.231673   data required time
                                             -0.585433   data arrival time
---------------------------------------------------------------------------------------------
                                              0.353760   slack (MET)


Startpoint: _11834_ (rising edge-triggered flip-flop clocked by clk_i)
Endpoint: _11834_ (rising edge-triggered flip-flop clocked by clk_i)
Path Group: clk_i
Path Type: min

Fanout         Cap        Slew       Delay        Time   Description
---------------------------------------------------------------------------------------------
                      0.150000    0.000000    0.000000   clock clk_i (rise edge)
                                  0.000000    0.000000   clock network delay (ideal)
                      0.150000    0.000000    0.000000 ^ _11834_/CLK (sky130_fd_sc_hd__dfxtp_2)
    28    0.107259    0.169632    0.351670    0.351670 v _11834_/Q (sky130_fd_sc_hd__dfxtp_2)
                                                         state_reg[1] (net)
                      0.169632    0.000000    0.351670 v _06200_/A1 (sky130_fd_sc_hd__a21o_2)
     1    0.002289    0.020821    0.160556    0.512226 v _06200_/X (sky130_fd_sc_hd__a21o_2)
                                                         _04283_ (net)
                      0.020821    0.000000    0.512226 v _06201_/B1 (sky130_fd_sc_hd__a21o_2)
     1    0.001783    0.017091    0.073630    0.585857 v _06201_/X (sky130_fd_sc_hd__a21o_2)
                                                         _00034_ (net)
                      0.017091    0.000000    0.585857 v _11834_/D (sky130_fd_sc_hd__dfxtp_2)
                                              0.585857   data arrival time

                      0.150000    0.000000    0.000000   clock clk_i (rise edge)
                                  0.000000    0.000000   clock network delay (ideal)
                                  0.250000    0.250000   clock uncertainty
                                  0.000000    0.250000   clock reconvergence pessimism
                                              0.250000 ^ _11834_/CLK (sky130_fd_sc_hd__dfxtp_2)
                                 -0.018327    0.231673   library hold time
                                              0.231673   data required time
---------------------------------------------------------------------------------------------
                                              0.231673   data required time
                                             -0.585857   data arrival time
---------------------------------------------------------------------------------------------
                                              0.354184   slack (MET)


Startpoint: _11833_ (rising edge-triggered flip-flop clocked by clk_i)
Endpoint: _11833_ (rising edge-triggered flip-flop clocked by clk_i)
Path Group: clk_i
Path Type: min

Fanout         Cap        Slew       Delay        Time   Description
---------------------------------------------------------------------------------------------
                      0.150000    0.000000    0.000000   clock clk_i (rise edge)
                                  0.000000    0.000000   clock network delay (ideal)
                      0.150000    0.000000    0.000000 ^ _11833_/CLK (sky130_fd_sc_hd__dfxtp_2)
    38    0.156709    0.243683    0.408830    0.408830 v _11833_/Q (sky130_fd_sc_hd__dfxtp_2)
                                                         state_reg[0] (net)
                      0.243683    0.000000    0.408830 v _06194_/A1 (sky130_fd_sc_hd__a21o_2)
     1    0.001783    0.017172    0.182941    0.591770 v _06194_/X (sky130_fd_sc_hd__a21o_2)
                                                         _00033_ (net)
                      0.017172    0.000000    0.591770 v _11833_/D (sky130_fd_sc_hd__dfxtp_2)
                                              0.591770   data arrival time

                      0.150000    0.000000    0.000000   clock clk_i (rise edge)
                                  0.000000    0.000000   clock network delay (ideal)
                                  0.250000    0.250000   clock uncertainty
                                  0.000000    0.250000   clock reconvergence pessimism
                                              0.250000 ^ _11833_/CLK (sky130_fd_sc_hd__dfxtp_2)
                                 -0.018354    0.231646   library hold time
                                              0.231646   data required time
---------------------------------------------------------------------------------------------
                                              0.231646   data required time
                                             -0.591770   data arrival time
---------------------------------------------------------------------------------------------
                                              0.360125   slack (MET)


Startpoint: _11844_ (rising edge-triggered flip-flop clocked by clk_i)
Endpoint: _11844_ (rising edge-triggered flip-flop clocked by clk_i)
Path Group: clk_i
Path Type: min

Fanout         Cap        Slew       Delay        Time   Description
---------------------------------------------------------------------------------------------
                      0.150000    0.000000    0.000000   clock clk_i (rise edge)
                                  0.000000    0.000000   clock network delay (ideal)
                      0.150000    0.000000    0.000000 ^ _11844_/CLK (sky130_fd_sc_hd__dfxtp_2)
    32    0.120424    0.189040    0.366948    0.366948 v _11844_/Q (sky130_fd_sc_hd__dfxtp_2)
                                                         state_reg[11] (net)
                      0.189040    0.000000    0.366948 v _05920_/A (sky130_fd_sc_hd__inv_2)
     9    0.036755    0.142779    0.172217    0.539165 ^ _05920_/Y (sky130_fd_sc_hd__inv_2)
                                                         _01262_ (net)
                      0.142779    0.000000    0.539165 ^ _06461_/A1 (sky130_fd_sc_hd__o221ai_2)
     1    0.001783    0.020638    0.054049    0.593214 v _06461_/Y (sky130_fd_sc_hd__o221ai_2)
                                                         _00044_ (net)
                      0.020638    0.000000    0.593214 v _11844_/D (sky130_fd_sc_hd__dfxtp_2)
                                              0.593214   data arrival time

                      0.150000    0.000000    0.000000   clock clk_i (rise edge)
                                  0.000000    0.000000   clock network delay (ideal)
                                  0.250000    0.250000   clock uncertainty
                                  0.000000    0.250000   clock reconvergence pessimism
                                              0.250000 ^ _11844_/CLK (sky130_fd_sc_hd__dfxtp_2)
                                 -0.019510    0.230490   library hold time
                                              0.230490   data required time
---------------------------------------------------------------------------------------------
                                              0.230490   data required time
                                             -0.593214   data arrival time
---------------------------------------------------------------------------------------------
                                              0.362724   slack (MET)


Startpoint: _11894_ (rising edge-triggered flip-flop clocked by clk_i)
Endpoint: _11894_ (rising edge-triggered flip-flop clocked by clk_i)
Path Group: clk_i
Path Type: min

Fanout         Cap        Slew       Delay        Time   Description
---------------------------------------------------------------------------------------------
                      0.150000    0.000000    0.000000   clock clk_i (rise edge)
                                  0.000000    0.000000   clock network delay (ideal)
                      0.150000    0.000000    0.000000 ^ _11894_/CLK (sky130_fd_sc_hd__dfxtp_2)
    35    0.126258    0.197641    0.373719    0.373719 v _11894_/Q (sky130_fd_sc_hd__dfxtp_2)
                                                         rotation_wire[2] (net)
                      0.197641    0.000000    0.373719 v _11549_/A1 (sky130_fd_sc_hd__o221a_2)
     1    0.001783    0.018992    0.222074    0.595792 v _11549_/X (sky130_fd_sc_hd__o221a_2)
                                                         _00094_ (net)
                      0.018992    0.000000    0.595792 v _11894_/D (sky130_fd_sc_hd__dfxtp_2)
                                              0.595792   data arrival time

                      0.150000    0.000000    0.000000   clock clk_i (rise edge)
                                  0.000000    0.000000   clock network delay (ideal)
                                  0.250000    0.250000   clock uncertainty
                                  0.000000    0.250000   clock reconvergence pessimism
                                              0.250000 ^ _11894_/CLK (sky130_fd_sc_hd__dfxtp_2)
                                 -0.018961    0.231039   library hold time
                                              0.231039   data required time
---------------------------------------------------------------------------------------------
                                              0.231039   data required time
                                             -0.595792   data arrival time
---------------------------------------------------------------------------------------------
                                              0.364753   slack (MET)


Startpoint: _11862_ (rising edge-triggered flip-flop clocked by clk_i)
Endpoint: _11862_ (rising edge-triggered flip-flop clocked by clk_i)
Path Group: clk_i
Path Type: min

Fanout         Cap        Slew       Delay        Time   Description
---------------------------------------------------------------------------------------------
                      0.150000    0.000000    0.000000   clock clk_i (rise edge)
                                  0.000000    0.000000   clock network delay (ideal)
                      0.150000    0.000000    0.000000 ^ _11862_/CLK (sky130_fd_sc_hd__dfxtp_2)
    30    0.126825    0.198476    0.374377    0.374377 v _11862_/Q (sky130_fd_sc_hd__dfxtp_2)
                                                         state_reg[29] (net)
                      0.198476    0.000000    0.374377 v _07702_/A1 (sky130_fd_sc_hd__o221a_2)
     1    0.001783    0.018992    0.222383    0.596760 v _07702_/X (sky130_fd_sc_hd__o221a_2)
                                                         _00062_ (net)
                      0.018992    0.000000    0.596760 v _11862_/D (sky130_fd_sc_hd__dfxtp_2)
                                              0.596760   data arrival time

                      0.150000    0.000000    0.000000   clock clk_i (rise edge)
                                  0.000000    0.000000   clock network delay (ideal)
                                  0.250000    0.250000   clock uncertainty
                                  0.000000    0.250000   clock reconvergence pessimism
                                              0.250000 ^ _11862_/CLK (sky130_fd_sc_hd__dfxtp_2)
                                 -0.018961    0.231039   library hold time
                                              0.231039   data required time
---------------------------------------------------------------------------------------------
                                              0.231039   data required time
                                             -0.596760   data arrival time
---------------------------------------------------------------------------------------------
                                              0.365721   slack (MET)


Startpoint: _11848_ (rising edge-triggered flip-flop clocked by clk_i)
Endpoint: _11848_ (rising edge-triggered flip-flop clocked by clk_i)
Path Group: clk_i
Path Type: min

Fanout         Cap        Slew       Delay        Time   Description
---------------------------------------------------------------------------------------------
                      0.150000    0.000000    0.000000   clock clk_i (rise edge)
                                  0.000000    0.000000   clock network delay (ideal)
                      0.150000    0.000000    0.000000 ^ _11848_/CLK (sky130_fd_sc_hd__dfxtp_2)
    35    0.122137    0.191565    0.368936    0.368936 v _11848_/Q (sky130_fd_sc_hd__dfxtp_2)
                                                         state_reg[15] (net)
                      0.191565    0.000000    0.368936 v _06672_/A1 (sky130_fd_sc_hd__a221o_2)
     1    0.001783    0.024424    0.226946    0.595882 v _06672_/X (sky130_fd_sc_hd__a221o_2)
                                                         _00048_ (net)
                      0.024424    0.000000    0.595882 v _11848_/D (sky130_fd_sc_hd__dfxtp_2)
                                              0.595882   data arrival time

                      0.150000    0.000000    0.000000   clock clk_i (rise edge)
                                  0.000000    0.000000   clock network delay (ideal)
                                  0.250000    0.250000   clock uncertainty
                                  0.000000    0.250000   clock reconvergence pessimism
                                              0.250000 ^ _11848_/CLK (sky130_fd_sc_hd__dfxtp_2)
                                 -0.020771    0.229229   library hold time
                                              0.229229   data required time
---------------------------------------------------------------------------------------------
                                              0.229229   data required time
                                             -0.595882   data arrival time
---------------------------------------------------------------------------------------------
                                              0.366654   slack (MET)


Startpoint: _11852_ (rising edge-triggered flip-flop clocked by clk_i)
Endpoint: _11852_ (rising edge-triggered flip-flop clocked by clk_i)
Path Group: clk_i
Path Type: min

Fanout         Cap        Slew       Delay        Time   Description
---------------------------------------------------------------------------------------------
                      0.150000    0.000000    0.000000   clock clk_i (rise edge)
                                  0.000000    0.000000   clock network delay (ideal)
                      0.150000    0.000000    0.000000 ^ _11852_/CLK (sky130_fd_sc_hd__dfxtp_2)
    35    0.127265    0.199125    0.374887    0.374887 v _11852_/Q (sky130_fd_sc_hd__dfxtp_2)
                                                         state_reg[19] (net)
                      0.199125    0.000000    0.374887 v _05915_/A (sky130_fd_sc_hd__inv_2)
     6    0.036192    0.142747    0.174787    0.549675 ^ _05915_/Y (sky130_fd_sc_hd__inv_2)
                                                         _01207_ (net)
                      0.142747    0.000000    0.549675 ^ _06946_/A1 (sky130_fd_sc_hd__o211ai_2)
     1    0.001783    0.019016    0.050024    0.599699 v _06946_/Y (sky130_fd_sc_hd__o211ai_2)
                                                         _00052_ (net)
                      0.019016    0.000000    0.599699 v _11852_/D (sky130_fd_sc_hd__dfxtp_2)
                                              0.599699   data arrival time

                      0.150000    0.000000    0.000000   clock clk_i (rise edge)
                                  0.000000    0.000000   clock network delay (ideal)
                                  0.250000    0.250000   clock uncertainty
                                  0.000000    0.250000   clock reconvergence pessimism
                                              0.250000 ^ _11852_/CLK (sky130_fd_sc_hd__dfxtp_2)
                                 -0.018969    0.231031   library hold time
                                              0.231031   data required time
---------------------------------------------------------------------------------------------
                                              0.231031   data required time
                                             -0.599699   data arrival time
---------------------------------------------------------------------------------------------
                                              0.368668   slack (MET)


Startpoint: _11841_ (rising edge-triggered flip-flop clocked by clk_i)
Endpoint: _11841_ (rising edge-triggered flip-flop clocked by clk_i)
Path Group: clk_i
Path Type: min

Fanout         Cap        Slew       Delay        Time   Description
---------------------------------------------------------------------------------------------
                      0.150000    0.000000    0.000000   clock clk_i (rise edge)
                                  0.000000    0.000000   clock network delay (ideal)
                      0.150000    0.000000    0.000000 ^ _11841_/CLK (sky130_fd_sc_hd__dfxtp_2)
    32    0.128915    0.201558    0.376802    0.376802 v _11841_/Q (sky130_fd_sc_hd__dfxtp_2)
                                                         state_reg[8] (net)
                      0.201558    0.000000    0.376802 v _06343_/A1 (sky130_fd_sc_hd__a221o_2)
     1    0.001783    0.024424    0.230112    0.606914 v _06343_/X (sky130_fd_sc_hd__a221o_2)
                                                         _00041_ (net)
                      0.024424    0.000000    0.606914 v _11841_/D (sky130_fd_sc_hd__dfxtp_2)
                                              0.606914   data arrival time

                      0.150000    0.000000    0.000000   clock clk_i (rise edge)
                                  0.000000    0.000000   clock network delay (ideal)
                                  0.250000    0.250000   clock uncertainty
                                  0.000000    0.250000   clock reconvergence pessimism
                                              0.250000 ^ _11841_/CLK (sky130_fd_sc_hd__dfxtp_2)
                                 -0.020771    0.229229   library hold time
                                              0.229229   data required time
---------------------------------------------------------------------------------------------
                                              0.229229   data required time
                                             -0.606914   data arrival time
---------------------------------------------------------------------------------------------
                                              0.377686   slack (MET)


Startpoint: _11856_ (rising edge-triggered flip-flop clocked by clk_i)
Endpoint: _11856_ (rising edge-triggered flip-flop clocked by clk_i)
Path Group: clk_i
Path Type: min

Fanout         Cap        Slew       Delay        Time   Description
---------------------------------------------------------------------------------------------
                      0.150000    0.000000    0.000000   clock clk_i (rise edge)
                                  0.000000    0.000000   clock network delay (ideal)
                      0.150000    0.000000    0.000000 ^ _11856_/CLK (sky130_fd_sc_hd__dfxtp_2)
    35    0.129098    0.201827    0.377015    0.377015 v _11856_/Q (sky130_fd_sc_hd__dfxtp_2)
                                                         state_reg[23] (net)
                      0.201827    0.000000    0.377015 v _07231_/A1 (sky130_fd_sc_hd__a221o_2)
     1    0.001783    0.024424    0.230198    0.607212 v _07231_/X (sky130_fd_sc_hd__a221o_2)
                                                         _00056_ (net)
                      0.024424    0.000000    0.607212 v _11856_/D (sky130_fd_sc_hd__dfxtp_2)
                                              0.607212   data arrival time

                      0.150000    0.000000    0.000000   clock clk_i (rise edge)
                                  0.000000    0.000000   clock network delay (ideal)
                                  0.250000    0.250000   clock uncertainty
                                  0.000000    0.250000   clock reconvergence pessimism
                                              0.250000 ^ _11856_/CLK (sky130_fd_sc_hd__dfxtp_2)
                                 -0.020771    0.229229   library hold time
                                              0.229229   data required time
---------------------------------------------------------------------------------------------
                                              0.229229   data required time
                                             -0.607212   data arrival time
---------------------------------------------------------------------------------------------
                                              0.377984   slack (MET)


Startpoint: _11847_ (rising edge-triggered flip-flop clocked by clk_i)
Endpoint: _11847_ (rising edge-triggered flip-flop clocked by clk_i)
Path Group: clk_i
Path Type: min

Fanout         Cap        Slew       Delay        Time   Description
---------------------------------------------------------------------------------------------
                      0.150000    0.000000    0.000000   clock clk_i (rise edge)
                                  0.000000    0.000000   clock network delay (ideal)
                      0.150000    0.000000    0.000000 ^ _11847_/CLK (sky130_fd_sc_hd__dfxtp_2)
    30    0.118277    0.185875    0.364457    0.364457 v _11847_/Q (sky130_fd_sc_hd__dfxtp_2)
                                                         state_reg[14] (net)
                      0.185875    0.000000    0.364457 v _05918_/A (sky130_fd_sc_hd__inv_2)
     9    0.045760    0.167769    0.193997    0.558454 ^ _05918_/Y (sky130_fd_sc_hd__inv_2)
                                                         _01240_ (net)
                      0.167769    0.000000    0.558454 ^ _06610_/A1 (sky130_fd_sc_hd__o221ai_2)
     1    0.001783    0.019885    0.053962    0.612416 v _06610_/Y (sky130_fd_sc_hd__o221ai_2)
                                                         _00047_ (net)
                      0.019885    0.000000    0.612416 v _11847_/D (sky130_fd_sc_hd__dfxtp_2)
                                              0.612416   data arrival time

                      0.150000    0.000000    0.000000   clock clk_i (rise edge)
                                  0.000000    0.000000   clock network delay (ideal)
                                  0.250000    0.250000   clock uncertainty
                                  0.000000    0.250000   clock reconvergence pessimism
                                              0.250000 ^ _11847_/CLK (sky130_fd_sc_hd__dfxtp_2)
                                 -0.019258    0.230742   library hold time
                                              0.230742   data required time
---------------------------------------------------------------------------------------------
                                              0.230742   data required time
                                             -0.612416   data arrival time
---------------------------------------------------------------------------------------------
                                              0.381674   slack (MET)


Startpoint: _11839_ (rising edge-triggered flip-flop clocked by clk_i)
Endpoint: _11839_ (rising edge-triggered flip-flop clocked by clk_i)
Path Group: clk_i
Path Type: min

Fanout         Cap        Slew       Delay        Time   Description
---------------------------------------------------------------------------------------------
                      0.150000    0.000000    0.000000   clock clk_i (rise edge)
                                  0.000000    0.000000   clock network delay (ideal)
                      0.150000    0.000000    0.000000 ^ _11839_/CLK (sky130_fd_sc_hd__dfxtp_2)
    33    0.137763    0.214885    0.387014    0.387014 v _11839_/Q (sky130_fd_sc_hd__dfxtp_2)
                                                         state_reg[6] (net)
                      0.214885    0.000000    0.387014 v _06288_/A1 (sky130_fd_sc_hd__a221o_2)
     1    0.001783    0.024424    0.234336    0.621350 v _06288_/X (sky130_fd_sc_hd__a221o_2)
                                                         _00039_ (net)
                      0.024424    0.000000    0.621350 v _11839_/D (sky130_fd_sc_hd__dfxtp_2)
                                              0.621350   data arrival time

                      0.150000    0.000000    0.000000   clock clk_i (rise edge)
                                  0.000000    0.000000   clock network delay (ideal)
                                  0.250000    0.250000   clock uncertainty
                                  0.000000    0.250000   clock reconvergence pessimism
                                              0.250000 ^ _11839_/CLK (sky130_fd_sc_hd__dfxtp_2)
                                 -0.020771    0.229229   library hold time
                                              0.229229   data required time
---------------------------------------------------------------------------------------------
                                              0.229229   data required time
                                             -0.621350   data arrival time
---------------------------------------------------------------------------------------------
                                              0.392122   slack (MET)


Startpoint: _11893_ (rising edge-triggered flip-flop clocked by clk_i)
Endpoint: _11893_ (rising edge-triggered flip-flop clocked by clk_i)
Path Group: clk_i
Path Type: min

Fanout         Cap        Slew       Delay        Time   Description
---------------------------------------------------------------------------------------------
                      0.150000    0.000000    0.000000   clock clk_i (rise edge)
                                  0.000000    0.000000   clock network delay (ideal)
                      0.150000    0.000000    0.000000 ^ _11893_/CLK (sky130_fd_sc_hd__dfxtp_2)
    43    0.188194    0.291539    0.445083    0.445083 v _11893_/Q (sky130_fd_sc_hd__dfxtp_2)
                                                         rotation_wire[1] (net)
                      0.291539    0.000000    0.445083 v _11392_/B2 (sky130_fd_sc_hd__a32o_2)
     1    0.001783    0.018151    0.186012    0.631095 v _11392_/X (sky130_fd_sc_hd__a32o_2)
                                                         _00093_ (net)
                      0.018151    0.000000    0.631095 v _11893_/D (sky130_fd_sc_hd__dfxtp_2)
                                              0.631095   data arrival time

                      0.150000    0.000000    0.000000   clock clk_i (rise edge)
                                  0.000000    0.000000   clock network delay (ideal)
                                  0.250000    0.250000   clock uncertainty
                                  0.000000    0.250000   clock reconvergence pessimism
                                              0.250000 ^ _11893_/CLK (sky130_fd_sc_hd__dfxtp_2)
                                 -0.018681    0.231319   library hold time
                                              0.231319   data required time
---------------------------------------------------------------------------------------------
                                              0.231319   data required time
                                             -0.631095   data arrival time
---------------------------------------------------------------------------------------------
                                              0.399775   slack (MET)


Startpoint: _11842_ (rising edge-triggered flip-flop clocked by clk_i)
Endpoint: _11842_ (rising edge-triggered flip-flop clocked by clk_i)
Path Group: clk_i
Path Type: min

Fanout         Cap        Slew       Delay        Time   Description
---------------------------------------------------------------------------------------------
                      0.150000    0.000000    0.000000   clock clk_i (rise edge)
                                  0.000000    0.000000   clock network delay (ideal)
                      0.150000    0.000000    0.000000 ^ _11842_/CLK (sky130_fd_sc_hd__dfxtp_2)
    27    0.101369    0.160949    0.344835    0.344835 v _11842_/Q (sky130_fd_sc_hd__dfxtp_2)
                                                         state_reg[9] (net)
                      0.160949    0.000000    0.344835 v _06379_/A (sky130_fd_sc_hd__or2_2)
     1    0.002282    0.035638    0.207917    0.552752 v _06379_/X (sky130_fd_sc_hd__or2_2)
                                                         _05582_ (net)
                      0.035638    0.000000    0.552752 v _06380_/B1 (sky130_fd_sc_hd__o211a_2)
     1    0.001783    0.016588    0.079615    0.632367 v _06380_/X (sky130_fd_sc_hd__o211a_2)
                                                         _00042_ (net)
                      0.016588    0.000000    0.632367 v _11842_/D (sky130_fd_sc_hd__dfxtp_2)
                                              0.632367   data arrival time

                      0.150000    0.000000    0.000000   clock clk_i (rise edge)
                                  0.000000    0.000000   clock network delay (ideal)
                                  0.250000    0.250000   clock uncertainty
                                  0.000000    0.250000   clock reconvergence pessimism
                                              0.250000 ^ _11842_/CLK (sky130_fd_sc_hd__dfxtp_2)
                                 -0.018160    0.231840   library hold time
                                              0.231840   data required time
---------------------------------------------------------------------------------------------
                                              0.231840   data required time
                                             -0.632367   data arrival time
---------------------------------------------------------------------------------------------
                                              0.400527   slack (MET)


Startpoint: _11837_ (rising edge-triggered flip-flop clocked by clk_i)
Endpoint: _11837_ (rising edge-triggered flip-flop clocked by clk_i)
Path Group: clk_i
Path Type: min

Fanout         Cap        Slew       Delay        Time   Description
---------------------------------------------------------------------------------------------
                      0.150000    0.000000    0.000000   clock clk_i (rise edge)
                                  0.000000    0.000000   clock network delay (ideal)
                      0.150000    0.000000    0.000000 ^ _11837_/CLK (sky130_fd_sc_hd__dfxtp_2)
    44    0.158706    0.246718    0.411129    0.411129 v _11837_/Q (sky130_fd_sc_hd__dfxtp_2)
                                                         state_reg[4] (net)
                      0.246718    0.000000    0.411129 v _06239_/A1 (sky130_fd_sc_hd__o211a_2)
     1    0.001783    0.016586    0.229787    0.640917 v _06239_/X (sky130_fd_sc_hd__o211a_2)
                                                         _00037_ (net)
                      0.016586    0.000000    0.640917 v _11837_/D (sky130_fd_sc_hd__dfxtp_2)
                                              0.640917   data arrival time

                      0.150000    0.000000    0.000000   clock clk_i (rise edge)
                                  0.000000    0.000000   clock network delay (ideal)
                                  0.250000    0.250000   clock uncertainty
                                  0.000000    0.250000   clock reconvergence pessimism
                                              0.250000 ^ _11837_/CLK (sky130_fd_sc_hd__dfxtp_2)
                                 -0.018159    0.231841   library hold time
                                              0.231841   data required time
---------------------------------------------------------------------------------------------
                                              0.231841   data required time
                                             -0.640917   data arrival time
---------------------------------------------------------------------------------------------
                                              0.409076   slack (MET)


Startpoint: _11892_ (rising edge-triggered flip-flop clocked by clk_i)
Endpoint: _11892_ (rising edge-triggered flip-flop clocked by clk_i)
Path Group: clk_i
Path Type: min

Fanout         Cap        Slew       Delay        Time   Description
---------------------------------------------------------------------------------------------
                      0.150000    0.000000    0.000000   clock clk_i (rise edge)
                                  0.000000    0.000000   clock network delay (ideal)
                      0.150000    0.000000    0.000000 ^ _11892_/CLK (sky130_fd_sc_hd__dfxtp_2)
    46    0.157335    0.244634    0.409550    0.409550 v _11892_/Q (sky130_fd_sc_hd__dfxtp_2)
                                                         rotation_wire[0] (net)
                      0.244634    0.000000    0.409550 v _11235_/A1 (sky130_fd_sc_hd__o221a_2)
     1    0.001783    0.018992    0.239491    0.649041 v _11235_/X (sky130_fd_sc_hd__o221a_2)
                                                         _00092_ (net)
                      0.018992    0.000000    0.649041 v _11892_/D (sky130_fd_sc_hd__dfxtp_2)
                                              0.649041   data arrival time

                      0.150000    0.000000    0.000000   clock clk_i (rise edge)
                                  0.000000    0.000000   clock network delay (ideal)
                                  0.250000    0.250000   clock uncertainty
                                  0.000000    0.250000   clock reconvergence pessimism
                                              0.250000 ^ _11892_/CLK (sky130_fd_sc_hd__dfxtp_2)
                                 -0.018961    0.231039   library hold time
                                              0.231039   data required time
---------------------------------------------------------------------------------------------
                                              0.231039   data required time
                                             -0.649041   data arrival time
---------------------------------------------------------------------------------------------
                                              0.418002   slack (MET)


Startpoint: _11849_ (rising edge-triggered flip-flop clocked by clk_i)
Endpoint: _11849_ (rising edge-triggered flip-flop clocked by clk_i)
Path Group: clk_i
Path Type: min

Fanout         Cap        Slew       Delay        Time   Description
---------------------------------------------------------------------------------------------
                      0.150000    0.000000    0.000000   clock clk_i (rise edge)
                                  0.000000    0.000000   clock network delay (ideal)
                      0.150000    0.000000    0.000000 ^ _11849_/CLK (sky130_fd_sc_hd__dfxtp_2)
    35    0.148325    0.230939    0.399176    0.399176 v _11849_/Q (sky130_fd_sc_hd__dfxtp_2)
                                                         state_reg[16] (net)
                      0.230939    0.000000    0.399176 v _06738_/A1 (sky130_fd_sc_hd__a21o_2)
     1    0.002268    0.020776    0.180355    0.579531 v _06738_/X (sky130_fd_sc_hd__a21o_2)
                                                         _00131_ (net)
                      0.020776    0.000000    0.579531 v _06739_/B1 (sky130_fd_sc_hd__a31o_2)
     1    0.001783    0.016781    0.070617    0.650148 v _06739_/X (sky130_fd_sc_hd__a31o_2)
                                                         _00049_ (net)
                      0.016781    0.000000    0.650148 v _11849_/D (sky130_fd_sc_hd__dfxtp_2)
                                              0.650148   data arrival time

                      0.150000    0.000000    0.000000   clock clk_i (rise edge)
                                  0.000000    0.000000   clock network delay (ideal)
                                  0.250000    0.250000   clock uncertainty
                                  0.000000    0.250000   clock reconvergence pessimism
                                              0.250000 ^ _11849_/CLK (sky130_fd_sc_hd__dfxtp_2)
                                 -0.018224    0.231776   library hold time
                                              0.231776   data required time
---------------------------------------------------------------------------------------------
                                              0.231776   data required time
                                             -0.650148   data arrival time
---------------------------------------------------------------------------------------------
                                              0.418372   slack (MET)


Startpoint: _11861_ (rising edge-triggered flip-flop clocked by clk_i)
Endpoint: _11861_ (rising edge-triggered flip-flop clocked by clk_i)
Path Group: clk_i
Path Type: min

Fanout         Cap        Slew       Delay        Time   Description
---------------------------------------------------------------------------------------------
                      0.150000    0.000000    0.000000   clock clk_i (rise edge)
                                  0.000000    0.000000   clock network delay (ideal)
                      0.150000    0.000000    0.000000 ^ _11861_/CLK (sky130_fd_sc_hd__dfxtp_2)
    32    0.138775    0.216423    0.388179    0.388179 v _11861_/Q (sky130_fd_sc_hd__dfxtp_2)
                                                         state_reg[28] (net)
                      0.216423    0.000000    0.388179 v _07616_/A (sky130_fd_sc_hd__or2_2)
     1    0.002282    0.035761    0.226405    0.614585 v _07616_/X (sky130_fd_sc_hd__or2_2)
                                                         _00997_ (net)
                      0.035761    0.000000    0.614585 v _07617_/B1 (sky130_fd_sc_hd__o211a_2)
     1    0.001783    0.016587    0.079666    0.694250 v _07617_/X (sky130_fd_sc_hd__o211a_2)
                                                         _00061_ (net)
                      0.016587    0.000000    0.694250 v _11861_/D (sky130_fd_sc_hd__dfxtp_2)
                                              0.694250   data arrival time

                      0.150000    0.000000    0.000000   clock clk_i (rise edge)
                                  0.000000    0.000000   clock network delay (ideal)
                                  0.250000    0.250000   clock uncertainty
                                  0.000000    0.250000   clock reconvergence pessimism
                                              0.250000 ^ _11861_/CLK (sky130_fd_sc_hd__dfxtp_2)
                                 -0.018160    0.231840   library hold time
                                              0.231840   data required time
---------------------------------------------------------------------------------------------
                                              0.231840   data required time
                                             -0.694250   data arrival time
---------------------------------------------------------------------------------------------
                                              0.462410   slack (MET)


Startpoint: _11800_ (rising edge-triggered flip-flop clocked by clk_i)
Endpoint: valid_o (output port clocked by clk_i)
Path Group: clk_i
Path Type: min

Fanout         Cap        Slew       Delay        Time   Description
---------------------------------------------------------------------------------------------
                      0.150000    0.000000    0.000000   clock clk_i (rise edge)
                                  0.000000    0.000000   clock network delay (ideal)
                      0.150000    0.000000    0.000000 ^ _11800_/CLK (sky130_fd_sc_hd__dfxtp_2)
     1    0.033442    0.061636    0.264620    0.264620 v _11800_/Q (sky130_fd_sc_hd__dfxtp_2)
                                                         valid_o (net)
                      0.061636    0.000000    0.264620 v valid_o (out)
                                              0.264620   data arrival time

                      0.150000    0.000000    0.000000   clock clk_i (rise edge)
                                  0.000000    0.000000   clock network delay (ideal)
                                  0.250000    0.250000   clock uncertainty
                                  0.000000    0.250000   clock reconvergence pessimism
                                 -4.000000   -3.750000   output external delay
                                             -3.750000   data required time
---------------------------------------------------------------------------------------------
                                             -3.750000   data required time
                                             -0.264620   data arrival time
---------------------------------------------------------------------------------------------
                                              4.014620   slack (MET)


Startpoint: _11824_ (rising edge-triggered flip-flop clocked by clk_i)
Endpoint: random_o[23] (output port clocked by clk_i)
Path Group: clk_i
Path Type: min

Fanout         Cap        Slew       Delay        Time   Description
---------------------------------------------------------------------------------------------
                      0.150000    0.000000    0.000000   clock clk_i (rise edge)
                                  0.000000    0.000000   clock network delay (ideal)
                      0.150000    0.000000    0.000000 ^ _11824_/CLK (sky130_fd_sc_hd__dfxtp_2)
     2    0.034943    0.063721    0.266576    0.266576 v _11824_/Q (sky130_fd_sc_hd__dfxtp_2)
                                                         random_o[23] (net)
                      0.063721    0.000000    0.266576 v random_o[23] (out)
                                              0.266576   data arrival time

                      0.150000    0.000000    0.000000   clock clk_i (rise edge)
                                  0.000000    0.000000   clock network delay (ideal)
                                  0.250000    0.250000   clock uncertainty
                                  0.000000    0.250000   clock reconvergence pessimism
                                 -4.000000   -3.750000   output external delay
                                             -3.750000   data required time
---------------------------------------------------------------------------------------------
                                             -3.750000   data required time
                                             -0.266576   data arrival time
---------------------------------------------------------------------------------------------
                                              4.016576   slack (MET)


Startpoint: _11809_ (rising edge-triggered flip-flop clocked by clk_i)
Endpoint: random_o[8] (output port clocked by clk_i)
Path Group: clk_i
Path Type: min

Fanout         Cap        Slew       Delay        Time   Description
---------------------------------------------------------------------------------------------
                      0.150000    0.000000    0.000000   clock clk_i (rise edge)
                                  0.000000    0.000000   clock network delay (ideal)
                      0.150000    0.000000    0.000000 ^ _11809_/CLK (sky130_fd_sc_hd__dfxtp_2)
     2    0.034943    0.063721    0.266576    0.266576 v _11809_/Q (sky130_fd_sc_hd__dfxtp_2)
                                                         random_o[8] (net)
                      0.063721    0.000000    0.266576 v random_o[8] (out)
                                              0.266576   data arrival time

                      0.150000    0.000000    0.000000   clock clk_i (rise edge)
                                  0.000000    0.000000   clock network delay (ideal)
                                  0.250000    0.250000   clock uncertainty
                                  0.000000    0.250000   clock reconvergence pessimism
                                 -4.000000   -3.750000   output external delay
                                             -3.750000   data required time
---------------------------------------------------------------------------------------------
                                             -3.750000   data required time
                                             -0.266576   data arrival time
---------------------------------------------------------------------------------------------
                                              4.016576   slack (MET)


Startpoint: _11801_ (rising edge-triggered flip-flop clocked by clk_i)
Endpoint: random_o[0] (output port clocked by clk_i)
Path Group: clk_i
Path Type: min

Fanout         Cap        Slew       Delay        Time   Description
---------------------------------------------------------------------------------------------
                      0.150000    0.000000    0.000000   clock clk_i (rise edge)
                                  0.000000    0.000000   clock network delay (ideal)
                      0.150000    0.000000    0.000000 ^ _11801_/CLK (sky130_fd_sc_hd__dfxtp_2)
     2    0.035703    0.064777    0.267566    0.267566 v _11801_/Q (sky130_fd_sc_hd__dfxtp_2)
                                                         random_o[0] (net)
                      0.064777    0.000000    0.267566 v random_o[0] (out)
                                              0.267566   data arrival time

                      0.150000    0.000000    0.000000   clock clk_i (rise edge)
                                  0.000000    0.000000   clock network delay (ideal)
                                  0.250000    0.250000   clock uncertainty
                                  0.000000    0.250000   clock reconvergence pessimism
                                 -4.000000   -3.750000   output external delay
                                             -3.750000   data required time
---------------------------------------------------------------------------------------------
                                             -3.750000   data required time
                                             -0.267566   data arrival time
---------------------------------------------------------------------------------------------
                                              4.017566   slack (MET)


Startpoint: _11812_ (rising edge-triggered flip-flop clocked by clk_i)
Endpoint: random_o[11] (output port clocked by clk_i)
Path Group: clk_i
Path Type: min

Fanout         Cap        Slew       Delay        Time   Description
---------------------------------------------------------------------------------------------
                      0.150000    0.000000    0.000000   clock clk_i (rise edge)
                                  0.000000    0.000000   clock network delay (ideal)
                      0.150000    0.000000    0.000000 ^ _11812_/CLK (sky130_fd_sc_hd__dfxtp_2)
     2    0.035703    0.064777    0.267566    0.267566 v _11812_/Q (sky130_fd_sc_hd__dfxtp_2)
                                                         random_o[11] (net)
                      0.064777    0.000000    0.267566 v random_o[11] (out)
                                              0.267566   data arrival time

                      0.150000    0.000000    0.000000   clock clk_i (rise edge)
                                  0.000000    0.000000   clock network delay (ideal)
                                  0.250000    0.250000   clock uncertainty
                                  0.000000    0.250000   clock reconvergence pessimism
                                 -4.000000   -3.750000   output external delay
                                             -3.750000   data required time
---------------------------------------------------------------------------------------------
                                             -3.750000   data required time
                                             -0.267566   data arrival time
---------------------------------------------------------------------------------------------
                                              4.017566   slack (MET)


Startpoint: _11813_ (rising edge-triggered flip-flop clocked by clk_i)
Endpoint: random_o[12] (output port clocked by clk_i)
Path Group: clk_i
Path Type: min

Fanout         Cap        Slew       Delay        Time   Description
---------------------------------------------------------------------------------------------
                      0.150000    0.000000    0.000000   clock clk_i (rise edge)
                                  0.000000    0.000000   clock network delay (ideal)
                      0.150000    0.000000    0.000000 ^ _11813_/CLK (sky130_fd_sc_hd__dfxtp_2)
     2    0.035703    0.064777    0.267566    0.267566 v _11813_/Q (sky130_fd_sc_hd__dfxtp_2)
                                                         random_o[12] (net)
                      0.064777    0.000000    0.267566 v random_o[12] (out)
                                              0.267566   data arrival time

                      0.150000    0.000000    0.000000   clock clk_i (rise edge)
                                  0.000000    0.000000   clock network delay (ideal)
                                  0.250000    0.250000   clock uncertainty
                                  0.000000    0.250000   clock reconvergence pessimism
                                 -4.000000   -3.750000   output external delay
                                             -3.750000   data required time
---------------------------------------------------------------------------------------------
                                             -3.750000   data required time
                                             -0.267566   data arrival time
---------------------------------------------------------------------------------------------
                                              4.017566   slack (MET)


Startpoint: _11814_ (rising edge-triggered flip-flop clocked by clk_i)
Endpoint: random_o[13] (output port clocked by clk_i)
Path Group: clk_i
Path Type: min

Fanout         Cap        Slew       Delay        Time   Description
---------------------------------------------------------------------------------------------
                      0.150000    0.000000    0.000000   clock clk_i (rise edge)
                                  0.000000    0.000000   clock network delay (ideal)
                      0.150000    0.000000    0.000000 ^ _11814_/CLK (sky130_fd_sc_hd__dfxtp_2)
     2    0.035703    0.064777    0.267566    0.267566 v _11814_/Q (sky130_fd_sc_hd__dfxtp_2)
                                                         random_o[13] (net)
                      0.064777    0.000000    0.267566 v random_o[13] (out)
                                              0.267566   data arrival time

                      0.150000    0.000000    0.000000   clock clk_i (rise edge)
                                  0.000000    0.000000   clock network delay (ideal)
                                  0.250000    0.250000   clock uncertainty
                                  0.000000    0.250000   clock reconvergence pessimism
                                 -4.000000   -3.750000   output external delay
                                             -3.750000   data required time
---------------------------------------------------------------------------------------------
                                             -3.750000   data required time
                                             -0.267566   data arrival time
---------------------------------------------------------------------------------------------
                                              4.017566   slack (MET)


Startpoint: _11815_ (rising edge-triggered flip-flop clocked by clk_i)
Endpoint: random_o[14] (output port clocked by clk_i)
Path Group: clk_i
Path Type: min

Fanout         Cap        Slew       Delay        Time   Description
---------------------------------------------------------------------------------------------
                      0.150000    0.000000    0.000000   clock clk_i (rise edge)
                                  0.000000    0.000000   clock network delay (ideal)
                      0.150000    0.000000    0.000000 ^ _11815_/CLK (sky130_fd_sc_hd__dfxtp_2)
     2    0.035703    0.064777    0.267566    0.267566 v _11815_/Q (sky130_fd_sc_hd__dfxtp_2)
                                                         random_o[14] (net)
                      0.064777    0.000000    0.267566 v random_o[14] (out)
                                              0.267566   data arrival time

                      0.150000    0.000000    0.000000   clock clk_i (rise edge)
                                  0.000000    0.000000   clock network delay (ideal)
                                  0.250000    0.250000   clock uncertainty
                                  0.000000    0.250000   clock reconvergence pessimism
                                 -4.000000   -3.750000   output external delay
                                             -3.750000   data required time
---------------------------------------------------------------------------------------------
                                             -3.750000   data required time
                                             -0.267566   data arrival time
---------------------------------------------------------------------------------------------
                                              4.017566   slack (MET)


Startpoint: _11816_ (rising edge-triggered flip-flop clocked by clk_i)
Endpoint: random_o[15] (output port clocked by clk_i)
Path Group: clk_i
Path Type: min

Fanout         Cap        Slew       Delay        Time   Description
---------------------------------------------------------------------------------------------
                      0.150000    0.000000    0.000000   clock clk_i (rise edge)
                                  0.000000    0.000000   clock network delay (ideal)
                      0.150000    0.000000    0.000000 ^ _11816_/CLK (sky130_fd_sc_hd__dfxtp_2)
     2    0.035703    0.064777    0.267566    0.267566 v _11816_/Q (sky130_fd_sc_hd__dfxtp_2)
                                                         random_o[15] (net)
                      0.064777    0.000000    0.267566 v random_o[15] (out)
                                              0.267566   data arrival time

                      0.150000    0.000000    0.000000   clock clk_i (rise edge)
                                  0.000000    0.000000   clock network delay (ideal)
                                  0.250000    0.250000   clock uncertainty
                                  0.000000    0.250000   clock reconvergence pessimism
                                 -4.000000   -3.750000   output external delay
                                             -3.750000   data required time
---------------------------------------------------------------------------------------------
                                             -3.750000   data required time
                                             -0.267566   data arrival time
---------------------------------------------------------------------------------------------
                                              4.017566   slack (MET)


Startpoint: _11820_ (rising edge-triggered flip-flop clocked by clk_i)
Endpoint: random_o[19] (output port clocked by clk_i)
Path Group: clk_i
Path Type: min

Fanout         Cap        Slew       Delay        Time   Description
---------------------------------------------------------------------------------------------
                      0.150000    0.000000    0.000000   clock clk_i (rise edge)
                                  0.000000    0.000000   clock network delay (ideal)
                      0.150000    0.000000    0.000000 ^ _11820_/CLK (sky130_fd_sc_hd__dfxtp_2)
     2    0.035703    0.064777    0.267566    0.267566 v _11820_/Q (sky130_fd_sc_hd__dfxtp_2)
                                                         random_o[19] (net)
                      0.064777    0.000000    0.267566 v random_o[19] (out)
                                              0.267566   data arrival time

                      0.150000    0.000000    0.000000   clock clk_i (rise edge)
                                  0.000000    0.000000   clock network delay (ideal)
                                  0.250000    0.250000   clock uncertainty
                                  0.000000    0.250000   clock reconvergence pessimism
                                 -4.000000   -3.750000   output external delay
                                             -3.750000   data required time
---------------------------------------------------------------------------------------------
                                             -3.750000   data required time
                                             -0.267566   data arrival time
---------------------------------------------------------------------------------------------
                                              4.017566   slack (MET)


Startpoint: _11802_ (rising edge-triggered flip-flop clocked by clk_i)
Endpoint: random_o[1] (output port clocked by clk_i)
Path Group: clk_i
Path Type: min

Fanout         Cap        Slew       Delay        Time   Description
---------------------------------------------------------------------------------------------
                      0.150000    0.000000    0.000000   clock clk_i (rise edge)
                                  0.000000    0.000000   clock network delay (ideal)
                      0.150000    0.000000    0.000000 ^ _11802_/CLK (sky130_fd_sc_hd__dfxtp_2)
     2    0.035703    0.064777    0.267566    0.267566 v _11802_/Q (sky130_fd_sc_hd__dfxtp_2)
                                                         random_o[1] (net)
                      0.064777    0.000000    0.267566 v random_o[1] (out)
                                              0.267566   data arrival time

                      0.150000    0.000000    0.000000   clock clk_i (rise edge)
                                  0.000000    0.000000   clock network delay (ideal)
                                  0.250000    0.250000   clock uncertainty
                                  0.000000    0.250000   clock reconvergence pessimism
                                 -4.000000   -3.750000   output external delay
                                             -3.750000   data required time
---------------------------------------------------------------------------------------------
                                             -3.750000   data required time
                                             -0.267566   data arrival time
---------------------------------------------------------------------------------------------
                                              4.017566   slack (MET)


Startpoint: _11821_ (rising edge-triggered flip-flop clocked by clk_i)
Endpoint: random_o[20] (output port clocked by clk_i)
Path Group: clk_i
Path Type: min

Fanout         Cap        Slew       Delay        Time   Description
---------------------------------------------------------------------------------------------
                      0.150000    0.000000    0.000000   clock clk_i (rise edge)
                                  0.000000    0.000000   clock network delay (ideal)
                      0.150000    0.000000    0.000000 ^ _11821_/CLK (sky130_fd_sc_hd__dfxtp_2)
     2    0.035703    0.064777    0.267566    0.267566 v _11821_/Q (sky130_fd_sc_hd__dfxtp_2)
                                                         random_o[20] (net)
                      0.064777    0.000000    0.267566 v random_o[20] (out)
                                              0.267566   data arrival time

                      0.150000    0.000000    0.000000   clock clk_i (rise edge)
                                  0.000000    0.000000   clock network delay (ideal)
                                  0.250000    0.250000   clock uncertainty
                                  0.000000    0.250000   clock reconvergence pessimism
                                 -4.000000   -3.750000   output external delay
                                             -3.750000   data required time
---------------------------------------------------------------------------------------------
                                             -3.750000   data required time
                                             -0.267566   data arrival time
---------------------------------------------------------------------------------------------
                                              4.017566   slack (MET)


Startpoint: _11822_ (rising edge-triggered flip-flop clocked by clk_i)
Endpoint: random_o[21] (output port clocked by clk_i)
Path Group: clk_i
Path Type: min

Fanout         Cap        Slew       Delay        Time   Description
---------------------------------------------------------------------------------------------
                      0.150000    0.000000    0.000000   clock clk_i (rise edge)
                                  0.000000    0.000000   clock network delay (ideal)
                      0.150000    0.000000    0.000000 ^ _11822_/CLK (sky130_fd_sc_hd__dfxtp_2)
     2    0.035703    0.064777    0.267566    0.267566 v _11822_/Q (sky130_fd_sc_hd__dfxtp_2)
                                                         random_o[21] (net)
                      0.064777    0.000000    0.267566 v random_o[21] (out)
                                              0.267566   data arrival time

                      0.150000    0.000000    0.000000   clock clk_i (rise edge)
                                  0.000000    0.000000   clock network delay (ideal)
                                  0.250000    0.250000   clock uncertainty
                                  0.000000    0.250000   clock reconvergence pessimism
                                 -4.000000   -3.750000   output external delay
                                             -3.750000   data required time
---------------------------------------------------------------------------------------------
                                             -3.750000   data required time
                                             -0.267566   data arrival time
---------------------------------------------------------------------------------------------
                                              4.017566   slack (MET)


Startpoint: _11823_ (rising edge-triggered flip-flop clocked by clk_i)
Endpoint: random_o[22] (output port clocked by clk_i)
Path Group: clk_i
Path Type: min

Fanout         Cap        Slew       Delay        Time   Description
---------------------------------------------------------------------------------------------
                      0.150000    0.000000    0.000000   clock clk_i (rise edge)
                                  0.000000    0.000000   clock network delay (ideal)
                      0.150000    0.000000    0.000000 ^ _11823_/CLK (sky130_fd_sc_hd__dfxtp_2)
     2    0.035703    0.064777    0.267566    0.267566 v _11823_/Q (sky130_fd_sc_hd__dfxtp_2)
                                                         random_o[22] (net)
                      0.064777    0.000000    0.267566 v random_o[22] (out)
                                              0.267566   data arrival time

                      0.150000    0.000000    0.000000   clock clk_i (rise edge)
                                  0.000000    0.000000   clock network delay (ideal)
                                  0.250000    0.250000   clock uncertainty
                                  0.000000    0.250000   clock reconvergence pessimism
                                 -4.000000   -3.750000   output external delay
                                             -3.750000   data required time
---------------------------------------------------------------------------------------------
                                             -3.750000   data required time
                                             -0.267566   data arrival time
---------------------------------------------------------------------------------------------
                                              4.017566   slack (MET)


Startpoint: _11828_ (rising edge-triggered flip-flop clocked by clk_i)
Endpoint: random_o[27] (output port clocked by clk_i)
Path Group: clk_i
Path Type: min

Fanout         Cap        Slew       Delay        Time   Description
---------------------------------------------------------------------------------------------
                      0.150000    0.000000    0.000000   clock clk_i (rise edge)
                                  0.000000    0.000000   clock network delay (ideal)
                      0.150000    0.000000    0.000000 ^ _11828_/CLK (sky130_fd_sc_hd__dfxtp_2)
     2    0.035703    0.064777    0.267566    0.267566 v _11828_/Q (sky130_fd_sc_hd__dfxtp_2)
                                                         random_o[27] (net)
                      0.064777    0.000000    0.267566 v random_o[27] (out)
                                              0.267566   data arrival time

                      0.150000    0.000000    0.000000   clock clk_i (rise edge)
                                  0.000000    0.000000   clock network delay (ideal)
                                  0.250000    0.250000   clock uncertainty
                                  0.000000    0.250000   clock reconvergence pessimism
                                 -4.000000   -3.750000   output external delay
                                             -3.750000   data required time
---------------------------------------------------------------------------------------------
                                             -3.750000   data required time
                                             -0.267566   data arrival time
---------------------------------------------------------------------------------------------
                                              4.017566   slack (MET)


Startpoint: _11829_ (rising edge-triggered flip-flop clocked by clk_i)
Endpoint: random_o[28] (output port clocked by clk_i)
Path Group: clk_i
Path Type: min

Fanout         Cap        Slew       Delay        Time   Description
---------------------------------------------------------------------------------------------
                      0.150000    0.000000    0.000000   clock clk_i (rise edge)
                                  0.000000    0.000000   clock network delay (ideal)
                      0.150000    0.000000    0.000000 ^ _11829_/CLK (sky130_fd_sc_hd__dfxtp_2)
     2    0.035703    0.064777    0.267566    0.267566 v _11829_/Q (sky130_fd_sc_hd__dfxtp_2)
                                                         random_o[28] (net)
                      0.064777    0.000000    0.267566 v random_o[28] (out)
                                              0.267566   data arrival time

                      0.150000    0.000000    0.000000   clock clk_i (rise edge)
                                  0.000000    0.000000   clock network delay (ideal)
                                  0.250000    0.250000   clock uncertainty
                                  0.000000    0.250000   clock reconvergence pessimism
                                 -4.000000   -3.750000   output external delay
                                             -3.750000   data required time
---------------------------------------------------------------------------------------------
                                             -3.750000   data required time
                                             -0.267566   data arrival time
---------------------------------------------------------------------------------------------
                                              4.017566   slack (MET)


Startpoint: _11830_ (rising edge-triggered flip-flop clocked by clk_i)
Endpoint: random_o[29] (output port clocked by clk_i)
Path Group: clk_i
Path Type: min

Fanout         Cap        Slew       Delay        Time   Description
---------------------------------------------------------------------------------------------
                      0.150000    0.000000    0.000000   clock clk_i (rise edge)
                                  0.000000    0.000000   clock network delay (ideal)
                      0.150000    0.000000    0.000000 ^ _11830_/CLK (sky130_fd_sc_hd__dfxtp_2)
     2    0.035703    0.064777    0.267566    0.267566 v _11830_/Q (sky130_fd_sc_hd__dfxtp_2)
                                                         random_o[29] (net)
                      0.064777    0.000000    0.267566 v random_o[29] (out)
                                              0.267566   data arrival time

                      0.150000    0.000000    0.000000   clock clk_i (rise edge)
                                  0.000000    0.000000   clock network delay (ideal)
                                  0.250000    0.250000   clock uncertainty
                                  0.000000    0.250000   clock reconvergence pessimism
                                 -4.000000   -3.750000   output external delay
                                             -3.750000   data required time
---------------------------------------------------------------------------------------------
                                             -3.750000   data required time
                                             -0.267566   data arrival time
---------------------------------------------------------------------------------------------
                                              4.017566   slack (MET)


Startpoint: _11803_ (rising edge-triggered flip-flop clocked by clk_i)
Endpoint: random_o[2] (output port clocked by clk_i)
Path Group: clk_i
Path Type: min

Fanout         Cap        Slew       Delay        Time   Description
---------------------------------------------------------------------------------------------
                      0.150000    0.000000    0.000000   clock clk_i (rise edge)
                                  0.000000    0.000000   clock network delay (ideal)
                      0.150000    0.000000    0.000000 ^ _11803_/CLK (sky130_fd_sc_hd__dfxtp_2)
     2    0.035703    0.064777    0.267566    0.267566 v _11803_/Q (sky130_fd_sc_hd__dfxtp_2)
                                                         random_o[2] (net)
                      0.064777    0.000000    0.267566 v random_o[2] (out)
                                              0.267566   data arrival time

                      0.150000    0.000000    0.000000   clock clk_i (rise edge)
                                  0.000000    0.000000   clock network delay (ideal)
                                  0.250000    0.250000   clock uncertainty
                                  0.000000    0.250000   clock reconvergence pessimism
                                 -4.000000   -3.750000   output external delay
                                             -3.750000   data required time
---------------------------------------------------------------------------------------------
                                             -3.750000   data required time
                                             -0.267566   data arrival time
---------------------------------------------------------------------------------------------
                                              4.017566   slack (MET)


Startpoint: _11831_ (rising edge-triggered flip-flop clocked by clk_i)
Endpoint: random_o[30] (output port clocked by clk_i)
Path Group: clk_i
Path Type: min

Fanout         Cap        Slew       Delay        Time   Description
---------------------------------------------------------------------------------------------
                      0.150000    0.000000    0.000000   clock clk_i (rise edge)
                                  0.000000    0.000000   clock network delay (ideal)
                      0.150000    0.000000    0.000000 ^ _11831_/CLK (sky130_fd_sc_hd__dfxtp_2)
     2    0.035703    0.064777    0.267566    0.267566 v _11831_/Q (sky130_fd_sc_hd__dfxtp_2)
                                                         random_o[30] (net)
                      0.064777    0.000000    0.267566 v random_o[30] (out)
                                              0.267566   data arrival time

                      0.150000    0.000000    0.000000   clock clk_i (rise edge)
                                  0.000000    0.000000   clock network delay (ideal)
                                  0.250000    0.250000   clock uncertainty
                                  0.000000    0.250000   clock reconvergence pessimism
                                 -4.000000   -3.750000   output external delay
                                             -3.750000   data required time
---------------------------------------------------------------------------------------------
                                             -3.750000   data required time
                                             -0.267566   data arrival time
---------------------------------------------------------------------------------------------
                                              4.017566   slack (MET)


Startpoint: _11832_ (rising edge-triggered flip-flop clocked by clk_i)
Endpoint: random_o[31] (output port clocked by clk_i)
Path Group: clk_i
Path Type: min

Fanout         Cap        Slew       Delay        Time   Description
---------------------------------------------------------------------------------------------
                      0.150000    0.000000    0.000000   clock clk_i (rise edge)
                                  0.000000    0.000000   clock network delay (ideal)
                      0.150000    0.000000    0.000000 ^ _11832_/CLK (sky130_fd_sc_hd__dfxtp_2)
     2    0.035703    0.064777    0.267566    0.267566 v _11832_/Q (sky130_fd_sc_hd__dfxtp_2)
                                                         random_o[31] (net)
                      0.064777    0.000000    0.267566 v random_o[31] (out)
                                              0.267566   data arrival time

                      0.150000    0.000000    0.000000   clock clk_i (rise edge)
                                  0.000000    0.000000   clock network delay (ideal)
                                  0.250000    0.250000   clock uncertainty
                                  0.000000    0.250000   clock reconvergence pessimism
                                 -4.000000   -3.750000   output external delay
                                             -3.750000   data required time
---------------------------------------------------------------------------------------------
                                             -3.750000   data required time
                                             -0.267566   data arrival time
---------------------------------------------------------------------------------------------
                                              4.017566   slack (MET)


Startpoint: _11804_ (rising edge-triggered flip-flop clocked by clk_i)
Endpoint: random_o[3] (output port clocked by clk_i)
Path Group: clk_i
Path Type: min

Fanout         Cap        Slew       Delay        Time   Description
---------------------------------------------------------------------------------------------
                      0.150000    0.000000    0.000000   clock clk_i (rise edge)
                                  0.000000    0.000000   clock network delay (ideal)
                      0.150000    0.000000    0.000000 ^ _11804_/CLK (sky130_fd_sc_hd__dfxtp_2)
     2    0.035703    0.064777    0.267566    0.267566 v _11804_/Q (sky130_fd_sc_hd__dfxtp_2)
                                                         random_o[3] (net)
                      0.064777    0.000000    0.267566 v random_o[3] (out)
                                              0.267566   data arrival time

                      0.150000    0.000000    0.000000   clock clk_i (rise edge)
                                  0.000000    0.000000   clock network delay (ideal)
                                  0.250000    0.250000   clock uncertainty
                                  0.000000    0.250000   clock reconvergence pessimism
                                 -4.000000   -3.750000   output external delay
                                             -3.750000   data required time
---------------------------------------------------------------------------------------------
                                             -3.750000   data required time
                                             -0.267566   data arrival time
---------------------------------------------------------------------------------------------
                                              4.017566   slack (MET)


Startpoint: _11805_ (rising edge-triggered flip-flop clocked by clk_i)
Endpoint: random_o[4] (output port clocked by clk_i)
Path Group: clk_i
Path Type: min

Fanout         Cap        Slew       Delay        Time   Description
---------------------------------------------------------------------------------------------
                      0.150000    0.000000    0.000000   clock clk_i (rise edge)
                                  0.000000    0.000000   clock network delay (ideal)
                      0.150000    0.000000    0.000000 ^ _11805_/CLK (sky130_fd_sc_hd__dfxtp_2)
     2    0.035703    0.064777    0.267566    0.267566 v _11805_/Q (sky130_fd_sc_hd__dfxtp_2)
                                                         random_o[4] (net)
                      0.064777    0.000000    0.267566 v random_o[4] (out)
                                              0.267566   data arrival time

                      0.150000    0.000000    0.000000   clock clk_i (rise edge)
                                  0.000000    0.000000   clock network delay (ideal)
                                  0.250000    0.250000   clock uncertainty
                                  0.000000    0.250000   clock reconvergence pessimism
                                 -4.000000   -3.750000   output external delay
                                             -3.750000   data required time
---------------------------------------------------------------------------------------------
                                             -3.750000   data required time
                                             -0.267566   data arrival time
---------------------------------------------------------------------------------------------
                                              4.017566   slack (MET)


Startpoint: _11806_ (rising edge-triggered flip-flop clocked by clk_i)
Endpoint: random_o[5] (output port clocked by clk_i)
Path Group: clk_i
Path Type: min

Fanout         Cap        Slew       Delay        Time   Description
---------------------------------------------------------------------------------------------
                      0.150000    0.000000    0.000000   clock clk_i (rise edge)
                                  0.000000    0.000000   clock network delay (ideal)
                      0.150000    0.000000    0.000000 ^ _11806_/CLK (sky130_fd_sc_hd__dfxtp_2)
     2    0.035703    0.064777    0.267566    0.267566 v _11806_/Q (sky130_fd_sc_hd__dfxtp_2)
                                                         random_o[5] (net)
                      0.064777    0.000000    0.267566 v random_o[5] (out)
                                              0.267566   data arrival time

                      0.150000    0.000000    0.000000   clock clk_i (rise edge)
                                  0.000000    0.000000   clock network delay (ideal)
                                  0.250000    0.250000   clock uncertainty
                                  0.000000    0.250000   clock reconvergence pessimism
                                 -4.000000   -3.750000   output external delay
                                             -3.750000   data required time
---------------------------------------------------------------------------------------------
                                             -3.750000   data required time
                                             -0.267566   data arrival time
---------------------------------------------------------------------------------------------
                                              4.017566   slack (MET)


Startpoint: _11807_ (rising edge-triggered flip-flop clocked by clk_i)
Endpoint: random_o[6] (output port clocked by clk_i)
Path Group: clk_i
Path Type: min

Fanout         Cap        Slew       Delay        Time   Description
---------------------------------------------------------------------------------------------
                      0.150000    0.000000    0.000000   clock clk_i (rise edge)
                                  0.000000    0.000000   clock network delay (ideal)
                      0.150000    0.000000    0.000000 ^ _11807_/CLK (sky130_fd_sc_hd__dfxtp_2)
     2    0.035703    0.064777    0.267566    0.267566 v _11807_/Q (sky130_fd_sc_hd__dfxtp_2)
                                                         random_o[6] (net)
                      0.064777    0.000000    0.267566 v random_o[6] (out)
                                              0.267566   data arrival time

                      0.150000    0.000000    0.000000   clock clk_i (rise edge)
                                  0.000000    0.000000   clock network delay (ideal)
                                  0.250000    0.250000   clock uncertainty
                                  0.000000    0.250000   clock reconvergence pessimism
                                 -4.000000   -3.750000   output external delay
                                             -3.750000   data required time
---------------------------------------------------------------------------------------------
                                             -3.750000   data required time
                                             -0.267566   data arrival time
---------------------------------------------------------------------------------------------
                                              4.017566   slack (MET)


Startpoint: _11808_ (rising edge-triggered flip-flop clocked by clk_i)
Endpoint: random_o[7] (output port clocked by clk_i)
Path Group: clk_i
Path Type: min

Fanout         Cap        Slew       Delay        Time   Description
---------------------------------------------------------------------------------------------
                      0.150000    0.000000    0.000000   clock clk_i (rise edge)
                                  0.000000    0.000000   clock network delay (ideal)
                      0.150000    0.000000    0.000000 ^ _11808_/CLK (sky130_fd_sc_hd__dfxtp_2)
     2    0.035703    0.064777    0.267566    0.267566 v _11808_/Q (sky130_fd_sc_hd__dfxtp_2)
                                                         random_o[7] (net)
                      0.064777    0.000000    0.267566 v random_o[7] (out)
                                              0.267566   data arrival time

                      0.150000    0.000000    0.000000   clock clk_i (rise edge)
                                  0.000000    0.000000   clock network delay (ideal)
                                  0.250000    0.250000   clock uncertainty
                                  0.000000    0.250000   clock reconvergence pessimism
                                 -4.000000   -3.750000   output external delay
                                             -3.750000   data required time
---------------------------------------------------------------------------------------------
                                             -3.750000   data required time
                                             -0.267566   data arrival time
---------------------------------------------------------------------------------------------
                                              4.017566   slack (MET)


Startpoint: _11811_ (rising edge-triggered flip-flop clocked by clk_i)
Endpoint: random_o[10] (output port clocked by clk_i)
Path Group: clk_i
Path Type: min

Fanout         Cap        Slew       Delay        Time   Description
---------------------------------------------------------------------------------------------
                      0.150000    0.000000    0.000000   clock clk_i (rise edge)
                                  0.000000    0.000000   clock network delay (ideal)
                      0.150000    0.000000    0.000000 ^ _11811_/CLK (sky130_fd_sc_hd__dfxtp_2)
     2    0.035815    0.064933    0.267712    0.267712 v _11811_/Q (sky130_fd_sc_hd__dfxtp_2)
                                                         random_o[10] (net)
                      0.064933    0.000000    0.267712 v random_o[10] (out)
                                              0.267712   data arrival time

                      0.150000    0.000000    0.000000   clock clk_i (rise edge)
                                  0.000000    0.000000   clock network delay (ideal)
                                  0.250000    0.250000   clock uncertainty
                                  0.000000    0.250000   clock reconvergence pessimism
                                 -4.000000   -3.750000   output external delay
                                             -3.750000   data required time
---------------------------------------------------------------------------------------------
                                             -3.750000   data required time
                                             -0.267712   data arrival time
---------------------------------------------------------------------------------------------
                                              4.017713   slack (MET)


Startpoint: _11817_ (rising edge-triggered flip-flop clocked by clk_i)
Endpoint: random_o[16] (output port clocked by clk_i)
Path Group: clk_i
Path Type: min

Fanout         Cap        Slew       Delay        Time   Description
---------------------------------------------------------------------------------------------
                      0.150000    0.000000    0.000000   clock clk_i (rise edge)
                                  0.000000    0.000000   clock network delay (ideal)
                      0.150000    0.000000    0.000000 ^ _11817_/CLK (sky130_fd_sc_hd__dfxtp_2)
     2    0.035815    0.064933    0.267712    0.267712 v _11817_/Q (sky130_fd_sc_hd__dfxtp_2)
                                                         random_o[16] (net)
                      0.064933    0.000000    0.267712 v random_o[16] (out)
                                              0.267712   data arrival time

                      0.150000    0.000000    0.000000   clock clk_i (rise edge)
                                  0.000000    0.000000   clock network delay (ideal)
                                  0.250000    0.250000   clock uncertainty
                                  0.000000    0.250000   clock reconvergence pessimism
                                 -4.000000   -3.750000   output external delay
                                             -3.750000   data required time
---------------------------------------------------------------------------------------------
                                             -3.750000   data required time
                                             -0.267712   data arrival time
---------------------------------------------------------------------------------------------
                                              4.017713   slack (MET)


Startpoint: _11825_ (rising edge-triggered flip-flop clocked by clk_i)
Endpoint: random_o[24] (output port clocked by clk_i)
Path Group: clk_i
Path Type: min

Fanout         Cap        Slew       Delay        Time   Description
---------------------------------------------------------------------------------------------
                      0.150000    0.000000    0.000000   clock clk_i (rise edge)
                                  0.000000    0.000000   clock network delay (ideal)
                      0.150000    0.000000    0.000000 ^ _11825_/CLK (sky130_fd_sc_hd__dfxtp_2)
     2    0.035815    0.064933    0.267712    0.267712 v _11825_/Q (sky130_fd_sc_hd__dfxtp_2)
                                                         random_o[24] (net)
                      0.064933    0.000000    0.267712 v random_o[24] (out)
                                              0.267712   data arrival time

                      0.150000    0.000000    0.000000   clock clk_i (rise edge)
                                  0.000000    0.000000   clock network delay (ideal)
                                  0.250000    0.250000   clock uncertainty
                                  0.000000    0.250000   clock reconvergence pessimism
                                 -4.000000   -3.750000   output external delay
                                             -3.750000   data required time
---------------------------------------------------------------------------------------------
                                             -3.750000   data required time
                                             -0.267712   data arrival time
---------------------------------------------------------------------------------------------
                                              4.017713   slack (MET)


Startpoint: _11826_ (rising edge-triggered flip-flop clocked by clk_i)
Endpoint: random_o[25] (output port clocked by clk_i)
Path Group: clk_i
Path Type: min

Fanout         Cap        Slew       Delay        Time   Description
---------------------------------------------------------------------------------------------
                      0.150000    0.000000    0.000000   clock clk_i (rise edge)
                                  0.000000    0.000000   clock network delay (ideal)
                      0.150000    0.000000    0.000000 ^ _11826_/CLK (sky130_fd_sc_hd__dfxtp_2)
     2    0.035815    0.064933    0.267712    0.267712 v _11826_/Q (sky130_fd_sc_hd__dfxtp_2)
                                                         random_o[25] (net)
                      0.064933    0.000000    0.267712 v random_o[25] (out)
                                              0.267712   data arrival time

                      0.150000    0.000000    0.000000   clock clk_i (rise edge)
                                  0.000000    0.000000   clock network delay (ideal)
                                  0.250000    0.250000   clock uncertainty
                                  0.000000    0.250000   clock reconvergence pessimism
                                 -4.000000   -3.750000   output external delay
                                             -3.750000   data required time
---------------------------------------------------------------------------------------------
                                             -3.750000   data required time
                                             -0.267712   data arrival time
---------------------------------------------------------------------------------------------
                                              4.017713   slack (MET)


Startpoint: _11827_ (rising edge-triggered flip-flop clocked by clk_i)
Endpoint: random_o[26] (output port clocked by clk_i)
Path Group: clk_i
Path Type: min

Fanout         Cap        Slew       Delay        Time   Description
---------------------------------------------------------------------------------------------
                      0.150000    0.000000    0.000000   clock clk_i (rise edge)
                                  0.000000    0.000000   clock network delay (ideal)
                      0.150000    0.000000    0.000000 ^ _11827_/CLK (sky130_fd_sc_hd__dfxtp_2)
     2    0.035815    0.064933    0.267712    0.267712 v _11827_/Q (sky130_fd_sc_hd__dfxtp_2)
                                                         random_o[26] (net)
                      0.064933    0.000000    0.267712 v random_o[26] (out)
                                              0.267712   data arrival time

                      0.150000    0.000000    0.000000   clock clk_i (rise edge)
                                  0.000000    0.000000   clock network delay (ideal)
                                  0.250000    0.250000   clock uncertainty
                                  0.000000    0.250000   clock reconvergence pessimism
                                 -4.000000   -3.750000   output external delay
                                             -3.750000   data required time
---------------------------------------------------------------------------------------------
                                             -3.750000   data required time
                                             -0.267712   data arrival time
---------------------------------------------------------------------------------------------
                                              4.017713   slack (MET)


Startpoint: _11810_ (rising edge-triggered flip-flop clocked by clk_i)
Endpoint: random_o[9] (output port clocked by clk_i)
Path Group: clk_i
Path Type: min

Fanout         Cap        Slew       Delay        Time   Description
---------------------------------------------------------------------------------------------
                      0.150000    0.000000    0.000000   clock clk_i (rise edge)
                                  0.000000    0.000000   clock network delay (ideal)
                      0.150000    0.000000    0.000000 ^ _11810_/CLK (sky130_fd_sc_hd__dfxtp_2)
     2    0.035815    0.064933    0.267712    0.267712 v _11810_/Q (sky130_fd_sc_hd__dfxtp_2)
                                                         random_o[9] (net)
                      0.064933    0.000000    0.267712 v random_o[9] (out)
                                              0.267712   data arrival time

                      0.150000    0.000000    0.000000   clock clk_i (rise edge)
                                  0.000000    0.000000   clock network delay (ideal)
                                  0.250000    0.250000   clock uncertainty
                                  0.000000    0.250000   clock reconvergence pessimism
                                 -4.000000   -3.750000   output external delay
                                             -3.750000   data required time
---------------------------------------------------------------------------------------------
                                             -3.750000   data required time
                                             -0.267712   data arrival time
---------------------------------------------------------------------------------------------
                                              4.017713   slack (MET)


Startpoint: _11818_ (rising edge-triggered flip-flop clocked by clk_i)
Endpoint: random_o[17] (output port clocked by clk_i)
Path Group: clk_i
Path Type: min

Fanout         Cap        Slew       Delay        Time   Description
---------------------------------------------------------------------------------------------
                      0.150000    0.000000    0.000000   clock clk_i (rise edge)
                                  0.000000    0.000000   clock network delay (ideal)
                      0.150000    0.000000    0.000000 ^ _11818_/CLK (sky130_fd_sc_hd__dfxtp_2)
     2    0.037724    0.067585    0.270200    0.270200 v _11818_/Q (sky130_fd_sc_hd__dfxtp_2)
                                                         random_o[17] (net)
                      0.067585    0.000000    0.270200 v random_o[17] (out)
                                              0.270200   data arrival time

                      0.150000    0.000000    0.000000   clock clk_i (rise edge)
                                  0.000000    0.000000   clock network delay (ideal)
                                  0.250000    0.250000   clock uncertainty
                                  0.000000    0.250000   clock reconvergence pessimism
                                 -4.000000   -3.750000   output external delay
                                             -3.750000   data required time
---------------------------------------------------------------------------------------------
                                             -3.750000   data required time
                                             -0.270200   data arrival time
---------------------------------------------------------------------------------------------
                                              4.020200   slack (MET)


Startpoint: _11819_ (rising edge-triggered flip-flop clocked by clk_i)
Endpoint: random_o[18] (output port clocked by clk_i)
Path Group: clk_i
Path Type: min

Fanout         Cap        Slew       Delay        Time   Description
---------------------------------------------------------------------------------------------
                      0.150000    0.000000    0.000000   clock clk_i (rise edge)
                                  0.000000    0.000000   clock network delay (ideal)
                      0.150000    0.000000    0.000000 ^ _11819_/CLK (sky130_fd_sc_hd__dfxtp_2)
     2    0.037724    0.067585    0.270200    0.270200 v _11819_/Q (sky130_fd_sc_hd__dfxtp_2)
                                                         random_o[18] (net)
                      0.067585    0.000000    0.270200 v random_o[18] (out)
                                              0.270200   data arrival time

                      0.150000    0.000000    0.000000   clock clk_i (rise edge)
                                  0.000000    0.000000   clock network delay (ideal)
                                  0.250000    0.250000   clock uncertainty
                                  0.000000    0.250000   clock reconvergence pessimism
                                 -4.000000   -3.750000   output external delay
                                             -3.750000   data required time
---------------------------------------------------------------------------------------------
                                             -3.750000   data required time
                                             -0.270200   data arrival time
---------------------------------------------------------------------------------------------
                                              4.020200   slack (MET)


Startpoint: next_i (input port clocked by clk_i)
Endpoint: _11800_ (rising edge-triggered flip-flop clocked by clk_i)
Path Group: clk_i
Path Type: min

Fanout         Cap        Slew       Delay        Time   Description
---------------------------------------------------------------------------------------------
                      0.150000    0.000000    0.000000   clock clk_i (rise edge)
                                  0.000000    0.000000   clock network delay (ideal)
                                  4.000000    4.000000 v input external delay
    43    0.125106    0.185365    0.139287    4.139287 v next_i (in)
                                                         next_i (net)
                      0.185365    0.000000    4.139287 v _05929_/B (sky130_fd_sc_hd__nand2_2)
    25    0.085122    0.332202    0.316311    4.455598 ^ _05929_/Y (sky130_fd_sc_hd__nand2_2)
                                                         _01360_ (net)
                      0.332202    0.000000    4.455598 ^ _05930_/A (sky130_fd_sc_hd__inv_2)
    46    0.110423    0.208759    0.210784    4.666382 v _05930_/Y (sky130_fd_sc_hd__inv_2)
                                                         _00000_ (net)
                      0.208759    0.000000    4.666382 v _11800_/D (sky130_fd_sc_hd__dfxtp_2)
                                              4.666382   data arrival time

                      0.150000    0.000000    0.000000   clock clk_i (rise edge)
                                  0.000000    0.000000   clock network delay (ideal)
                                  0.250000    0.250000   clock uncertainty
                                  0.000000    0.250000   clock reconvergence pessimism
                                              0.250000 ^ _11800_/CLK (sky130_fd_sc_hd__dfxtp_2)
                                 -0.082205    0.167795   library hold time
                                              0.167795   data required time
---------------------------------------------------------------------------------------------
                                              0.167795   data required time
                                             -4.666382   data arrival time
---------------------------------------------------------------------------------------------
                                              4.498588   slack (MET)


Startpoint: rst_ni (input port clocked by clk_i)
Endpoint: ready_o (output port clocked by clk_i)
Path Group: clk_i
Path Type: min

Fanout         Cap        Slew       Delay        Time   Description
---------------------------------------------------------------------------------------------
                      0.150000    0.000000    0.000000   clock clk_i (rise edge)
                                  0.000000    0.000000   clock network delay (ideal)
                                  4.000000    4.000000 v input external delay
    60    0.136443    0.201760    0.152113    4.152113 v rst_ni (in)
                                                         rst_ni (net)
                      0.201760    0.000000    4.152113 v _11897_/A (sky130_fd_sc_hd__buf_2)
     1    0.033442    0.064252    0.180486    4.332599 v _11897_/X (sky130_fd_sc_hd__buf_2)
                                                         ready_o (net)
                      0.064252    0.000000    4.332599 v ready_o (out)
                                              4.332599   data arrival time

                      0.150000    0.000000    0.000000   clock clk_i (rise edge)
                                  0.000000    0.000000   clock network delay (ideal)
                                  0.250000    0.250000   clock uncertainty
                                  0.000000    0.250000   clock reconvergence pessimism
                                 -4.000000   -3.750000   output external delay
                                             -3.750000   data required time
---------------------------------------------------------------------------------------------
                                             -3.750000   data required time
                                             -4.332599   data arrival time
---------------------------------------------------------------------------------------------
                                              8.082600   slack (MET)



