
===========================================================================
report_checks -path_delay max (Setup)
============================================================================
======================= nom_ss_100C_1v60 Corner ===================================

Startpoint: _11833_ (rising edge-triggered flip-flop clocked by clk_i)
Endpoint: _11896_ (rising edge-triggered flip-flop clocked by clk_i)
Path Group: clk_i
Path Type: max

Fanout         Cap        Slew       Delay        Time   Description
---------------------------------------------------------------------------------------------
                      0.150000    0.000000    0.000000   clock clk_i (rise edge)
                                  0.000000    0.000000   clock network delay (ideal)
                      0.150000    0.000000    0.000000 ^ _11833_/CLK (sky130_fd_sc_hd__dfxtp_2)
    38    0.169101    1.324952    1.595995    1.595995 ^ _11833_/Q (sky130_fd_sc_hd__dfxtp_2)
                                                         state_reg[0] (net)
                      1.324952    0.000000    1.595995 ^ _06240_/B (sky130_fd_sc_hd__xor2_2)
    14    0.056520    1.063398    1.147378    2.743374 ^ _06240_/X (sky130_fd_sc_hd__xor2_2)
                                                         _04717_ (net)
                      1.063398    0.000000    2.743374 ^ _06417_/B (sky130_fd_sc_hd__nor2_2)
     2    0.006439    0.186248    0.274396    3.017770 v _06417_/Y (sky130_fd_sc_hd__nor2_2)
                                                         _05618_ (net)
                      0.186248    0.000000    3.017770 v _06565_/B1 (sky130_fd_sc_hd__a21o_2)
     2    0.010504    0.094529    0.426728    3.444498 v _06565_/X (sky130_fd_sc_hd__a21o_2)
                                                         _05763_ (net)
                      0.094529    0.000000    3.444498 v _06566_/B (sky130_fd_sc_hd__xnor2_2)
     2    0.013174    0.343294    0.328190    3.772688 ^ _06566_/Y (sky130_fd_sc_hd__xnor2_2)
                                                         _05764_ (net)
                      0.343294    0.000000    3.772688 ^ _06568_/B (sky130_fd_sc_hd__xnor2_2)
     2    0.010010    0.289610    0.322060    4.094748 ^ _06568_/Y (sky130_fd_sc_hd__xnor2_2)
                                                         _05766_ (net)
                      0.289610    0.000000    4.094748 ^ _06569_/A_N (sky130_fd_sc_hd__and2b_2)
     2    0.003781    0.075701    0.527574    4.622321 v _06569_/X (sky130_fd_sc_hd__and2b_2)
                                                         _05767_ (net)
                      0.075701    0.000000    4.622321 v _06613_/B (sky130_fd_sc_hd__or3_2)
     1    0.001490    0.150637    1.014213    5.636534 v _06613_/X (sky130_fd_sc_hd__or3_2)
                                                         _05810_ (net)
                      0.150637    0.000000    5.636534 v _06614_/B (sky130_fd_sc_hd__and2b_2)
     2    0.011059    0.108685    0.489824    6.126358 v _06614_/X (sky130_fd_sc_hd__and2b_2)
                                                         _05811_ (net)
                      0.108685    0.000000    6.126358 v _06723_/B2 (sky130_fd_sc_hd__a32o_2)
     2    0.009709    0.100564    0.469871    6.596229 v _06723_/X (sky130_fd_sc_hd__a32o_2)
                                                         _00116_ (net)
                      0.100564    0.000000    6.596229 v _06725_/B (sky130_fd_sc_hd__xnor2_2)
     2    0.013545    0.349987    0.335619    6.931848 ^ _06725_/Y (sky130_fd_sc_hd__xnor2_2)
                                                         _00118_ (net)
                      0.349987    0.000000    6.931848 ^ _06789_/A2 (sky130_fd_sc_hd__a21oi_2)
     2    0.009302    0.126680    0.238387    7.170235 v _06789_/Y (sky130_fd_sc_hd__a21oi_2)
                                                         _00181_ (net)
                      0.126680    0.000000    7.170235 v _06790_/B (sky130_fd_sc_hd__or2_2)
     3    0.011176    0.158876    0.710496    7.880731 v _06790_/X (sky130_fd_sc_hd__or2_2)
                                                         _00182_ (net)
                      0.158876    0.000000    7.880731 v _06939_/A (sky130_fd_sc_hd__or4b_2)
     4    0.015272    0.314707    1.759569    9.640300 v _06939_/X (sky130_fd_sc_hd__or4b_2)
                                                         _00329_ (net)
                      0.314707    0.000000    9.640300 v _07006_/A2 (sky130_fd_sc_hd__a21bo_2)
     2    0.006074    0.078221    0.498332   10.138632 v _07006_/X (sky130_fd_sc_hd__a21bo_2)
                                                         _00395_ (net)
                      0.078221    0.000000   10.138632 v _07008_/C (sky130_fd_sc_hd__and3_2)
     1    0.001280    0.063067    0.416023   10.554654 v _07008_/X (sky130_fd_sc_hd__and3_2)
                                                         _00397_ (net)
                      0.063067    0.000000   10.554654 v _07009_/B (sky130_fd_sc_hd__or2_2)
     3    0.012033    0.163425    0.692799   11.247453 v _07009_/X (sky130_fd_sc_hd__or2_2)
                                                         _00398_ (net)
                      0.163425    0.000000   11.247453 v _07300_/A (sky130_fd_sc_hd__or4_2)
     1    0.001359    0.197455    1.540232   12.787685 v _07300_/X (sky130_fd_sc_hd__or4_2)
                                                         _00685_ (net)
                      0.197455    0.000000   12.787685 v _07305_/A (sky130_fd_sc_hd__and3_2)
     2    0.006314    0.091019    0.444116   13.231801 v _07305_/X (sky130_fd_sc_hd__and3_2)
                                                         _00690_ (net)
                      0.091019    0.000000   13.231801 v _07306_/B1 (sky130_fd_sc_hd__a31oi_2)
     2    0.011054    0.334218    0.334372   13.566173 ^ _07306_/Y (sky130_fd_sc_hd__a31oi_2)
                                                         _00691_ (net)
                      0.334218    0.000000   13.566173 ^ _07885_/A1 (sky130_fd_sc_hd__a2111o_2)
     6    0.018648    0.172180    0.466680   14.032852 ^ _07885_/X (sky130_fd_sc_hd__a2111o_2)
                                                         _01285_ (net)
                      0.172180    0.000000   14.032852 ^ _09596_/D_N (sky130_fd_sc_hd__or4b_2)
     2    0.003687    0.225607    1.432697   15.465549 v _09596_/X (sky130_fd_sc_hd__or4b_2)
                                                         _03143_ (net)
                      0.225607    0.000000   15.465549 v _10662_/A3 (sky130_fd_sc_hd__a31o_2)
     3    0.009009    0.094021    0.547075   16.012625 v _10662_/X (sky130_fd_sc_hd__a31o_2)
                                                         _04281_ (net)
                      0.094021    0.000000   16.012625 v _11084_/A1 (sky130_fd_sc_hd__a211o_2)
     4    0.011265    0.128137    0.627722   16.640347 v _11084_/X (sky130_fd_sc_hd__a211o_2)
                                                         _04740_ (net)
                      0.128137    0.000000   16.640347 v _11391_/A1 (sky130_fd_sc_hd__a311o_2)
     4    0.010995    0.137054    0.684389   17.324736 v _11391_/X (sky130_fd_sc_hd__a311o_2)
                                                         _05074_ (net)
                      0.137054    0.000000   17.324736 v _11700_/A2 (sky130_fd_sc_hd__a311o_2)
     3    0.009184    0.128162    0.753015   18.077751 v _11700_/X (sky130_fd_sc_hd__a311o_2)
                                                         _05411_ (net)
                      0.128162    0.000000   18.077751 v _11798_/A2 (sky130_fd_sc_hd__a31o_2)
     1    0.002251    0.061694    0.433939   18.511690 v _11798_/X (sky130_fd_sc_hd__a31o_2)
                                                         _05517_ (net)
                      0.061694    0.000000   18.511690 v _11799_/B2 (sky130_fd_sc_hd__o221a_2)
     1    0.001577    0.071680    0.413015   18.924706 v _11799_/X (sky130_fd_sc_hd__o221a_2)
                                                         _00096_ (net)
                      0.071680    0.000000   18.924706 v _11896_/D (sky130_fd_sc_hd__dfxtp_2)
                                             18.924706   data arrival time

                      0.150000   20.000000   20.000000   clock clk_i (rise edge)
                                  0.000000   20.000000   clock network delay (ideal)
                                 -0.250000   19.750002   clock uncertainty
                                  0.000000   19.750002   clock reconvergence pessimism
                                             19.750002 ^ _11896_/CLK (sky130_fd_sc_hd__dfxtp_2)
                                 -0.253418   19.496582   library setup time
                                             19.496582   data required time
---------------------------------------------------------------------------------------------
                                             19.496582   data required time
                                            -18.924706   data arrival time
---------------------------------------------------------------------------------------------
                                              0.571877   slack (MET)


Startpoint: _11833_ (rising edge-triggered flip-flop clocked by clk_i)
Endpoint: _11895_ (rising edge-triggered flip-flop clocked by clk_i)
Path Group: clk_i
Path Type: max

Fanout         Cap        Slew       Delay        Time   Description
---------------------------------------------------------------------------------------------
                      0.150000    0.000000    0.000000   clock clk_i (rise edge)
                                  0.000000    0.000000   clock network delay (ideal)
                      0.150000    0.000000    0.000000 ^ _11833_/CLK (sky130_fd_sc_hd__dfxtp_2)
    38    0.169101    1.324952    1.595995    1.595995 ^ _11833_/Q (sky130_fd_sc_hd__dfxtp_2)
                                                         state_reg[0] (net)
                      1.324952    0.000000    1.595995 ^ _06240_/B (sky130_fd_sc_hd__xor2_2)
    14    0.056520    1.063398    1.147378    2.743374 ^ _06240_/X (sky130_fd_sc_hd__xor2_2)
                                                         _04717_ (net)
                      1.063398    0.000000    2.743374 ^ _06417_/B (sky130_fd_sc_hd__nor2_2)
     2    0.006439    0.186248    0.274396    3.017770 v _06417_/Y (sky130_fd_sc_hd__nor2_2)
                                                         _05618_ (net)
                      0.186248    0.000000    3.017770 v _06565_/B1 (sky130_fd_sc_hd__a21o_2)
     2    0.010504    0.094529    0.426728    3.444498 v _06565_/X (sky130_fd_sc_hd__a21o_2)
                                                         _05763_ (net)
                      0.094529    0.000000    3.444498 v _06566_/B (sky130_fd_sc_hd__xnor2_2)
     2    0.013174    0.343294    0.328190    3.772688 ^ _06566_/Y (sky130_fd_sc_hd__xnor2_2)
                                                         _05764_ (net)
                      0.343294    0.000000    3.772688 ^ _06568_/B (sky130_fd_sc_hd__xnor2_2)
     2    0.010010    0.289610    0.322060    4.094748 ^ _06568_/Y (sky130_fd_sc_hd__xnor2_2)
                                                         _05766_ (net)
                      0.289610    0.000000    4.094748 ^ _06569_/A_N (sky130_fd_sc_hd__and2b_2)
     2    0.003781    0.075701    0.527574    4.622321 v _06569_/X (sky130_fd_sc_hd__and2b_2)
                                                         _05767_ (net)
                      0.075701    0.000000    4.622321 v _06613_/B (sky130_fd_sc_hd__or3_2)
     1    0.001490    0.150637    1.014213    5.636534 v _06613_/X (sky130_fd_sc_hd__or3_2)
                                                         _05810_ (net)
                      0.150637    0.000000    5.636534 v _06614_/B (sky130_fd_sc_hd__and2b_2)
     2    0.011059    0.108685    0.489824    6.126358 v _06614_/X (sky130_fd_sc_hd__and2b_2)
                                                         _05811_ (net)
                      0.108685    0.000000    6.126358 v _06723_/B2 (sky130_fd_sc_hd__a32o_2)
     2    0.009709    0.100564    0.469871    6.596229 v _06723_/X (sky130_fd_sc_hd__a32o_2)
                                                         _00116_ (net)
                      0.100564    0.000000    6.596229 v _06725_/B (sky130_fd_sc_hd__xnor2_2)
     2    0.013545    0.349987    0.335619    6.931848 ^ _06725_/Y (sky130_fd_sc_hd__xnor2_2)
                                                         _00118_ (net)
                      0.349987    0.000000    6.931848 ^ _06789_/A2 (sky130_fd_sc_hd__a21oi_2)
     2    0.009302    0.126680    0.238387    7.170235 v _06789_/Y (sky130_fd_sc_hd__a21oi_2)
                                                         _00181_ (net)
                      0.126680    0.000000    7.170235 v _06790_/B (sky130_fd_sc_hd__or2_2)
     3    0.011176    0.158876    0.710496    7.880731 v _06790_/X (sky130_fd_sc_hd__or2_2)
                                                         _00182_ (net)
                      0.158876    0.000000    7.880731 v _06939_/A (sky130_fd_sc_hd__or4b_2)
     4    0.015272    0.314707    1.759569    9.640300 v _06939_/X (sky130_fd_sc_hd__or4b_2)
                                                         _00329_ (net)
                      0.314707    0.000000    9.640300 v _07006_/A2 (sky130_fd_sc_hd__a21bo_2)
     2    0.006074    0.078221    0.498332   10.138632 v _07006_/X (sky130_fd_sc_hd__a21bo_2)
                                                         _00395_ (net)
                      0.078221    0.000000   10.138632 v _07008_/C (sky130_fd_sc_hd__and3_2)
     1    0.001280    0.063067    0.416023   10.554654 v _07008_/X (sky130_fd_sc_hd__and3_2)
                                                         _00397_ (net)
                      0.063067    0.000000   10.554654 v _07009_/B (sky130_fd_sc_hd__or2_2)
     3    0.012033    0.163425    0.692799   11.247453 v _07009_/X (sky130_fd_sc_hd__or2_2)
                                                         _00398_ (net)
                      0.163425    0.000000   11.247453 v _07300_/A (sky130_fd_sc_hd__or4_2)
     1    0.001359    0.197455    1.540232   12.787685 v _07300_/X (sky130_fd_sc_hd__or4_2)
                                                         _00685_ (net)
                      0.197455    0.000000   12.787685 v _07305_/A (sky130_fd_sc_hd__and3_2)
     2    0.006314    0.091019    0.444116   13.231801 v _07305_/X (sky130_fd_sc_hd__and3_2)
                                                         _00690_ (net)
                      0.091019    0.000000   13.231801 v _07306_/B1 (sky130_fd_sc_hd__a31oi_2)
     2    0.011054    0.334218    0.334372   13.566173 ^ _07306_/Y (sky130_fd_sc_hd__a31oi_2)
                                                         _00691_ (net)
                      0.334218    0.000000   13.566173 ^ _07885_/A1 (sky130_fd_sc_hd__a2111o_2)
     6    0.018648    0.172180    0.466680   14.032852 ^ _07885_/X (sky130_fd_sc_hd__a2111o_2)
                                                         _01285_ (net)
                      0.172180    0.000000   14.032852 ^ _09596_/D_N (sky130_fd_sc_hd__or4b_2)
     2    0.003687    0.225607    1.432697   15.465549 v _09596_/X (sky130_fd_sc_hd__or4b_2)
                                                         _03143_ (net)
                      0.225607    0.000000   15.465549 v _10662_/A3 (sky130_fd_sc_hd__a31o_2)
     3    0.009009    0.094021    0.547075   16.012625 v _10662_/X (sky130_fd_sc_hd__a31o_2)
                                                         _04281_ (net)
                      0.094021    0.000000   16.012625 v _11084_/A1 (sky130_fd_sc_hd__a211o_2)
     4    0.011265    0.128137    0.627722   16.640347 v _11084_/X (sky130_fd_sc_hd__a211o_2)
                                                         _04740_ (net)
                      0.128137    0.000000   16.640347 v _11391_/A1 (sky130_fd_sc_hd__a311o_2)
     4    0.010995    0.137054    0.684389   17.324736 v _11391_/X (sky130_fd_sc_hd__a311o_2)
                                                         _05074_ (net)
                      0.137054    0.000000   17.324736 v _11700_/A2 (sky130_fd_sc_hd__a311o_2)
     3    0.009184    0.128162    0.753015   18.077751 v _11700_/X (sky130_fd_sc_hd__a311o_2)
                                                         _05411_ (net)
                      0.128162    0.000000   18.077751 v _11701_/A3 (sky130_fd_sc_hd__a32o_2)
     1    0.001577    0.061191    0.477412   18.555162 v _11701_/X (sky130_fd_sc_hd__a32o_2)
                                                         _00095_ (net)
                      0.061191    0.000000   18.555162 v _11895_/D (sky130_fd_sc_hd__dfxtp_2)
                                             18.555162   data arrival time

                      0.150000   20.000000   20.000000   clock clk_i (rise edge)
                                  0.000000   20.000000   clock network delay (ideal)
                                 -0.250000   19.750002   clock uncertainty
                                  0.000000   19.750002   clock reconvergence pessimism
                                             19.750002 ^ _11895_/CLK (sky130_fd_sc_hd__dfxtp_2)
                                 -0.249063   19.500938   library setup time
                                             19.500938   data required time
---------------------------------------------------------------------------------------------
                                             19.500938   data required time
                                            -18.555162   data arrival time
---------------------------------------------------------------------------------------------
                                              0.945775   slack (MET)


Startpoint: _11833_ (rising edge-triggered flip-flop clocked by clk_i)
Endpoint: _11886_ (rising edge-triggered flip-flop clocked by clk_i)
Path Group: clk_i
Path Type: max

Fanout         Cap        Slew       Delay        Time   Description
---------------------------------------------------------------------------------------------
                      0.150000    0.000000    0.000000   clock clk_i (rise edge)
                                  0.000000    0.000000   clock network delay (ideal)
                      0.150000    0.000000    0.000000 ^ _11833_/CLK (sky130_fd_sc_hd__dfxtp_2)
    38    0.169101    1.324952    1.595995    1.595995 ^ _11833_/Q (sky130_fd_sc_hd__dfxtp_2)
                                                         state_reg[0] (net)
                      1.324952    0.000000    1.595995 ^ _06240_/B (sky130_fd_sc_hd__xor2_2)
    14    0.056520    1.063398    1.147378    2.743374 ^ _06240_/X (sky130_fd_sc_hd__xor2_2)
                                                         _04717_ (net)
                      1.063398    0.000000    2.743374 ^ _06417_/B (sky130_fd_sc_hd__nor2_2)
     2    0.006439    0.186248    0.274396    3.017770 v _06417_/Y (sky130_fd_sc_hd__nor2_2)
                                                         _05618_ (net)
                      0.186248    0.000000    3.017770 v _06565_/B1 (sky130_fd_sc_hd__a21o_2)
     2    0.010504    0.094529    0.426728    3.444498 v _06565_/X (sky130_fd_sc_hd__a21o_2)
                                                         _05763_ (net)
                      0.094529    0.000000    3.444498 v _06566_/B (sky130_fd_sc_hd__xnor2_2)
     2    0.013174    0.343294    0.328190    3.772688 ^ _06566_/Y (sky130_fd_sc_hd__xnor2_2)
                                                         _05764_ (net)
                      0.343294    0.000000    3.772688 ^ _06568_/B (sky130_fd_sc_hd__xnor2_2)
     2    0.010010    0.289610    0.322060    4.094748 ^ _06568_/Y (sky130_fd_sc_hd__xnor2_2)
                                                         _05766_ (net)
                      0.289610    0.000000    4.094748 ^ _06569_/A_N (sky130_fd_sc_hd__and2b_2)
     2    0.003781    0.075701    0.527574    4.622321 v _06569_/X (sky130_fd_sc_hd__and2b_2)
                                                         _05767_ (net)
                      0.075701    0.000000    4.622321 v _06613_/B (sky130_fd_sc_hd__or3_2)
     1    0.001490    0.150637    1.014213    5.636534 v _06613_/X (sky130_fd_sc_hd__or3_2)
                                                         _05810_ (net)
                      0.150637    0.000000    5.636534 v _06614_/B (sky130_fd_sc_hd__and2b_2)
     2    0.011059    0.108685    0.489824    6.126358 v _06614_/X (sky130_fd_sc_hd__and2b_2)
                                                         _05811_ (net)
                      0.108685    0.000000    6.126358 v _06723_/B2 (sky130_fd_sc_hd__a32o_2)
     2    0.009709    0.100564    0.469871    6.596229 v _06723_/X (sky130_fd_sc_hd__a32o_2)
                                                         _00116_ (net)
                      0.100564    0.000000    6.596229 v _06725_/B (sky130_fd_sc_hd__xnor2_2)
     2    0.013545    0.349987    0.335619    6.931848 ^ _06725_/Y (sky130_fd_sc_hd__xnor2_2)
                                                         _00118_ (net)
                      0.349987    0.000000    6.931848 ^ _06789_/A2 (sky130_fd_sc_hd__a21oi_2)
     2    0.009302    0.126680    0.238387    7.170235 v _06789_/Y (sky130_fd_sc_hd__a21oi_2)
                                                         _00181_ (net)
                      0.126680    0.000000    7.170235 v _06790_/B (sky130_fd_sc_hd__or2_2)
     3    0.011176    0.158876    0.710496    7.880731 v _06790_/X (sky130_fd_sc_hd__or2_2)
                                                         _00182_ (net)
                      0.158876    0.000000    7.880731 v _06939_/A (sky130_fd_sc_hd__or4b_2)
     4    0.015272    0.314707    1.759569    9.640300 v _06939_/X (sky130_fd_sc_hd__or4b_2)
                                                         _00329_ (net)
                      0.314707    0.000000    9.640300 v _07006_/A2 (sky130_fd_sc_hd__a21bo_2)
     2    0.006074    0.078221    0.498332   10.138632 v _07006_/X (sky130_fd_sc_hd__a21bo_2)
                                                         _00395_ (net)
                      0.078221    0.000000   10.138632 v _07008_/C (sky130_fd_sc_hd__and3_2)
     1    0.001280    0.063067    0.416023   10.554654 v _07008_/X (sky130_fd_sc_hd__and3_2)
                                                         _00397_ (net)
                      0.063067    0.000000   10.554654 v _07009_/B (sky130_fd_sc_hd__or2_2)
     3    0.012033    0.163425    0.692799   11.247453 v _07009_/X (sky130_fd_sc_hd__or2_2)
                                                         _00398_ (net)
                      0.163425    0.000000   11.247453 v _07300_/A (sky130_fd_sc_hd__or4_2)
     1    0.001359    0.197455    1.540232   12.787685 v _07300_/X (sky130_fd_sc_hd__or4_2)
                                                         _00685_ (net)
                      0.197455    0.000000   12.787685 v _07305_/A (sky130_fd_sc_hd__and3_2)
     2    0.006314    0.091019    0.444116   13.231801 v _07305_/X (sky130_fd_sc_hd__and3_2)
                                                         _00690_ (net)
                      0.091019    0.000000   13.231801 v _07306_/B1 (sky130_fd_sc_hd__a31oi_2)
     2    0.011054    0.334218    0.334372   13.566173 ^ _07306_/Y (sky130_fd_sc_hd__a31oi_2)
                                                         _00691_ (net)
                      0.334218    0.000000   13.566173 ^ _07885_/A1 (sky130_fd_sc_hd__a2111o_2)
     6    0.018648    0.172180    0.466680   14.032852 ^ _07885_/X (sky130_fd_sc_hd__a2111o_2)
                                                         _01285_ (net)
                      0.172180    0.000000   14.032852 ^ _09596_/D_N (sky130_fd_sc_hd__or4b_2)
     2    0.003687    0.225607    1.432697   15.465549 v _09596_/X (sky130_fd_sc_hd__or4b_2)
                                                         _03143_ (net)
                      0.225607    0.000000   15.465549 v _09597_/C (sky130_fd_sc_hd__and3_2)
     2    0.004533    0.082245    0.519727   15.985276 v _09597_/X (sky130_fd_sc_hd__and3_2)
                                                         _03144_ (net)
                      0.082245    0.000000   15.985276 v _10240_/A1 (sky130_fd_sc_hd__o31a_2)
     4    0.009990    0.125638    0.704880   16.690155 v _10240_/X (sky130_fd_sc_hd__o31a_2)
                                                         _03833_ (net)
                      0.125638    0.000000   16.690155 v _10376_/A2 (sky130_fd_sc_hd__o21a_2)
     1    0.008219    0.086700    0.411200   17.101355 v _10376_/X (sky130_fd_sc_hd__o21a_2)
                                                         _03978_ (net)
                      0.086700    0.000000   17.101355 v _10377_/B (sky130_fd_sc_hd__xnor2_2)
     1    0.004682    0.189413    0.208955   17.310310 ^ _10377_/Y (sky130_fd_sc_hd__xnor2_2)
                                                         _03979_ (net)
                      0.189413    0.000000   17.310310 ^ _10378_/B (sky130_fd_sc_hd__nor2_2)
     1    0.002258    0.113636    0.091774   17.402084 v _10378_/Y (sky130_fd_sc_hd__nor2_2)
                                                         _03980_ (net)
                      0.113636    0.000000   17.402084 v _10379_/B1 (sky130_fd_sc_hd__a211o_2)
     1    0.001577    0.075237    0.569834   17.971918 v _10379_/X (sky130_fd_sc_hd__a211o_2)
                                                         _00086_ (net)
                      0.075237    0.000000   17.971918 v _11886_/D (sky130_fd_sc_hd__dfxtp_2)
                                             17.971918   data arrival time

                      0.150000   20.000000   20.000000   clock clk_i (rise edge)
                                  0.000000   20.000000   clock network delay (ideal)
                                 -0.250000   19.750002   clock uncertainty
                                  0.000000   19.750002   clock reconvergence pessimism
                                             19.750002 ^ _11886_/CLK (sky130_fd_sc_hd__dfxtp_2)
                                 -0.254894   19.495106   library setup time
                                             19.495106   data required time
---------------------------------------------------------------------------------------------
                                             19.495106   data required time
                                            -17.971918   data arrival time
---------------------------------------------------------------------------------------------
                                              1.523189   slack (MET)


Startpoint: _11833_ (rising edge-triggered flip-flop clocked by clk_i)
Endpoint: _11894_ (rising edge-triggered flip-flop clocked by clk_i)
Path Group: clk_i
Path Type: max

Fanout         Cap        Slew       Delay        Time   Description
---------------------------------------------------------------------------------------------
                      0.150000    0.000000    0.000000   clock clk_i (rise edge)
                                  0.000000    0.000000   clock network delay (ideal)
                      0.150000    0.000000    0.000000 ^ _11833_/CLK (sky130_fd_sc_hd__dfxtp_2)
    38    0.169101    1.324952    1.595995    1.595995 ^ _11833_/Q (sky130_fd_sc_hd__dfxtp_2)
                                                         state_reg[0] (net)
                      1.324952    0.000000    1.595995 ^ _06240_/B (sky130_fd_sc_hd__xor2_2)
    14    0.056520    1.063398    1.147378    2.743374 ^ _06240_/X (sky130_fd_sc_hd__xor2_2)
                                                         _04717_ (net)
                      1.063398    0.000000    2.743374 ^ _06417_/B (sky130_fd_sc_hd__nor2_2)
     2    0.006439    0.186248    0.274396    3.017770 v _06417_/Y (sky130_fd_sc_hd__nor2_2)
                                                         _05618_ (net)
                      0.186248    0.000000    3.017770 v _06565_/B1 (sky130_fd_sc_hd__a21o_2)
     2    0.010504    0.094529    0.426728    3.444498 v _06565_/X (sky130_fd_sc_hd__a21o_2)
                                                         _05763_ (net)
                      0.094529    0.000000    3.444498 v _06566_/B (sky130_fd_sc_hd__xnor2_2)
     2    0.013174    0.343294    0.328190    3.772688 ^ _06566_/Y (sky130_fd_sc_hd__xnor2_2)
                                                         _05764_ (net)
                      0.343294    0.000000    3.772688 ^ _06568_/B (sky130_fd_sc_hd__xnor2_2)
     2    0.010010    0.289610    0.322060    4.094748 ^ _06568_/Y (sky130_fd_sc_hd__xnor2_2)
                                                         _05766_ (net)
                      0.289610    0.000000    4.094748 ^ _06569_/A_N (sky130_fd_sc_hd__and2b_2)
     2    0.003781    0.075701    0.527574    4.622321 v _06569_/X (sky130_fd_sc_hd__and2b_2)
                                                         _05767_ (net)
                      0.075701    0.000000    4.622321 v _06613_/B (sky130_fd_sc_hd__or3_2)
     1    0.001490    0.150637    1.014213    5.636534 v _06613_/X (sky130_fd_sc_hd__or3_2)
                                                         _05810_ (net)
                      0.150637    0.000000    5.636534 v _06614_/B (sky130_fd_sc_hd__and2b_2)
     2    0.011059    0.108685    0.489824    6.126358 v _06614_/X (sky130_fd_sc_hd__and2b_2)
                                                         _05811_ (net)
                      0.108685    0.000000    6.126358 v _06723_/B2 (sky130_fd_sc_hd__a32o_2)
     2    0.009709    0.100564    0.469871    6.596229 v _06723_/X (sky130_fd_sc_hd__a32o_2)
                                                         _00116_ (net)
                      0.100564    0.000000    6.596229 v _06725_/B (sky130_fd_sc_hd__xnor2_2)
     2    0.013545    0.349987    0.335619    6.931848 ^ _06725_/Y (sky130_fd_sc_hd__xnor2_2)
                                                         _00118_ (net)
                      0.349987    0.000000    6.931848 ^ _06789_/A2 (sky130_fd_sc_hd__a21oi_2)
     2    0.009302    0.126680    0.238387    7.170235 v _06789_/Y (sky130_fd_sc_hd__a21oi_2)
                                                         _00181_ (net)
                      0.126680    0.000000    7.170235 v _06790_/B (sky130_fd_sc_hd__or2_2)
     3    0.011176    0.158876    0.710496    7.880731 v _06790_/X (sky130_fd_sc_hd__or2_2)
                                                         _00182_ (net)
                      0.158876    0.000000    7.880731 v _06939_/A (sky130_fd_sc_hd__or4b_2)
     4    0.015272    0.314707    1.759569    9.640300 v _06939_/X (sky130_fd_sc_hd__or4b_2)
                                                         _00329_ (net)
                      0.314707    0.000000    9.640300 v _07006_/A2 (sky130_fd_sc_hd__a21bo_2)
     2    0.006074    0.078221    0.498332   10.138632 v _07006_/X (sky130_fd_sc_hd__a21bo_2)
                                                         _00395_ (net)
                      0.078221    0.000000   10.138632 v _07008_/C (sky130_fd_sc_hd__and3_2)
     1    0.001280    0.063067    0.416023   10.554654 v _07008_/X (sky130_fd_sc_hd__and3_2)
                                                         _00397_ (net)
                      0.063067    0.000000   10.554654 v _07009_/B (sky130_fd_sc_hd__or2_2)
     3    0.012033    0.163425    0.692799   11.247453 v _07009_/X (sky130_fd_sc_hd__or2_2)
                                                         _00398_ (net)
                      0.163425    0.000000   11.247453 v _07300_/A (sky130_fd_sc_hd__or4_2)
     1    0.001359    0.197455    1.540232   12.787685 v _07300_/X (sky130_fd_sc_hd__or4_2)
                                                         _00685_ (net)
                      0.197455    0.000000   12.787685 v _07305_/A (sky130_fd_sc_hd__and3_2)
     2    0.006314    0.091019    0.444116   13.231801 v _07305_/X (sky130_fd_sc_hd__and3_2)
                                                         _00690_ (net)
                      0.091019    0.000000   13.231801 v _07306_/B1 (sky130_fd_sc_hd__a31oi_2)
     2    0.011054    0.334218    0.334372   13.566173 ^ _07306_/Y (sky130_fd_sc_hd__a31oi_2)
                                                         _00691_ (net)
                      0.334218    0.000000   13.566173 ^ _07885_/A1 (sky130_fd_sc_hd__a2111o_2)
     6    0.018648    0.172180    0.466680   14.032852 ^ _07885_/X (sky130_fd_sc_hd__a2111o_2)
                                                         _01285_ (net)
                      0.172180    0.000000   14.032852 ^ _09596_/D_N (sky130_fd_sc_hd__or4b_2)
     2    0.003687    0.225607    1.432697   15.465549 v _09596_/X (sky130_fd_sc_hd__or4b_2)
                                                         _03143_ (net)
                      0.225607    0.000000   15.465549 v _10662_/A3 (sky130_fd_sc_hd__a31o_2)
     3    0.009009    0.094021    0.547075   16.012625 v _10662_/X (sky130_fd_sc_hd__a31o_2)
                                                         _04281_ (net)
                      0.094021    0.000000   16.012625 v _11084_/A1 (sky130_fd_sc_hd__a211o_2)
     4    0.011265    0.128137    0.627722   16.640347 v _11084_/X (sky130_fd_sc_hd__a211o_2)
                                                         _04740_ (net)
                      0.128137    0.000000   16.640347 v _11391_/A1 (sky130_fd_sc_hd__a311o_2)
     4    0.010995    0.137054    0.684389   17.324736 v _11391_/X (sky130_fd_sc_hd__a311o_2)
                                                         _05074_ (net)
                      0.137054    0.000000   17.324736 v _11546_/B (sky130_fd_sc_hd__nand2_2)
     2    0.007114    0.095267    0.148772   17.473507 ^ _11546_/Y (sky130_fd_sc_hd__nand2_2)
                                                         _05243_ (net)
                      0.095267    0.000000   17.473507 ^ _11547_/B (sky130_fd_sc_hd__nor2_2)
     1    0.002284    0.032253    0.064583   17.538090 v _11547_/Y (sky130_fd_sc_hd__nor2_2)
                                                         _05244_ (net)
                      0.032253    0.000000   17.538090 v _11549_/B1 (sky130_fd_sc_hd__o221a_2)
     1    0.001577    0.071680    0.428784   17.966875 v _11549_/X (sky130_fd_sc_hd__o221a_2)
                                                         _00094_ (net)
                      0.071680    0.000000   17.966875 v _11894_/D (sky130_fd_sc_hd__dfxtp_2)
                                             17.966875   data arrival time

                      0.150000   20.000000   20.000000   clock clk_i (rise edge)
                                  0.000000   20.000000   clock network delay (ideal)
                                 -0.250000   19.750002   clock uncertainty
                                  0.000000   19.750002   clock reconvergence pessimism
                                             19.750002 ^ _11894_/CLK (sky130_fd_sc_hd__dfxtp_2)
                                 -0.253418   19.496582   library setup time
                                             19.496582   data required time
---------------------------------------------------------------------------------------------
                                             19.496582   data required time
                                            -17.966875   data arrival time
---------------------------------------------------------------------------------------------
                                              1.529708   slack (MET)


Startpoint: _11833_ (rising edge-triggered flip-flop clocked by clk_i)
Endpoint: _11887_ (rising edge-triggered flip-flop clocked by clk_i)
Path Group: clk_i
Path Type: max

Fanout         Cap        Slew       Delay        Time   Description
---------------------------------------------------------------------------------------------
                      0.150000    0.000000    0.000000   clock clk_i (rise edge)
                                  0.000000    0.000000   clock network delay (ideal)
                      0.150000    0.000000    0.000000 ^ _11833_/CLK (sky130_fd_sc_hd__dfxtp_2)
    38    0.169101    1.324952    1.595995    1.595995 ^ _11833_/Q (sky130_fd_sc_hd__dfxtp_2)
                                                         state_reg[0] (net)
                      1.324952    0.000000    1.595995 ^ _06240_/B (sky130_fd_sc_hd__xor2_2)
    14    0.056520    1.063398    1.147378    2.743374 ^ _06240_/X (sky130_fd_sc_hd__xor2_2)
                                                         _04717_ (net)
                      1.063398    0.000000    2.743374 ^ _06417_/B (sky130_fd_sc_hd__nor2_2)
     2    0.006439    0.186248    0.274396    3.017770 v _06417_/Y (sky130_fd_sc_hd__nor2_2)
                                                         _05618_ (net)
                      0.186248    0.000000    3.017770 v _06565_/B1 (sky130_fd_sc_hd__a21o_2)
     2    0.010504    0.094529    0.426728    3.444498 v _06565_/X (sky130_fd_sc_hd__a21o_2)
                                                         _05763_ (net)
                      0.094529    0.000000    3.444498 v _06566_/B (sky130_fd_sc_hd__xnor2_2)
     2    0.013174    0.343294    0.328190    3.772688 ^ _06566_/Y (sky130_fd_sc_hd__xnor2_2)
                                                         _05764_ (net)
                      0.343294    0.000000    3.772688 ^ _06568_/B (sky130_fd_sc_hd__xnor2_2)
     2    0.010010    0.289610    0.322060    4.094748 ^ _06568_/Y (sky130_fd_sc_hd__xnor2_2)
                                                         _05766_ (net)
                      0.289610    0.000000    4.094748 ^ _06569_/A_N (sky130_fd_sc_hd__and2b_2)
     2    0.003781    0.075701    0.527574    4.622321 v _06569_/X (sky130_fd_sc_hd__and2b_2)
                                                         _05767_ (net)
                      0.075701    0.000000    4.622321 v _06613_/B (sky130_fd_sc_hd__or3_2)
     1    0.001490    0.150637    1.014213    5.636534 v _06613_/X (sky130_fd_sc_hd__or3_2)
                                                         _05810_ (net)
                      0.150637    0.000000    5.636534 v _06614_/B (sky130_fd_sc_hd__and2b_2)
     2    0.011059    0.108685    0.489824    6.126358 v _06614_/X (sky130_fd_sc_hd__and2b_2)
                                                         _05811_ (net)
                      0.108685    0.000000    6.126358 v _06723_/B2 (sky130_fd_sc_hd__a32o_2)
     2    0.009709    0.100564    0.469871    6.596229 v _06723_/X (sky130_fd_sc_hd__a32o_2)
                                                         _00116_ (net)
                      0.100564    0.000000    6.596229 v _06725_/B (sky130_fd_sc_hd__xnor2_2)
     2    0.013545    0.349987    0.335619    6.931848 ^ _06725_/Y (sky130_fd_sc_hd__xnor2_2)
                                                         _00118_ (net)
                      0.349987    0.000000    6.931848 ^ _06789_/A2 (sky130_fd_sc_hd__a21oi_2)
     2    0.009302    0.126680    0.238387    7.170235 v _06789_/Y (sky130_fd_sc_hd__a21oi_2)
                                                         _00181_ (net)
                      0.126680    0.000000    7.170235 v _06790_/B (sky130_fd_sc_hd__or2_2)
     3    0.011176    0.158876    0.710496    7.880731 v _06790_/X (sky130_fd_sc_hd__or2_2)
                                                         _00182_ (net)
                      0.158876    0.000000    7.880731 v _06939_/A (sky130_fd_sc_hd__or4b_2)
     4    0.015272    0.314707    1.759569    9.640300 v _06939_/X (sky130_fd_sc_hd__or4b_2)
                                                         _00329_ (net)
                      0.314707    0.000000    9.640300 v _07006_/A2 (sky130_fd_sc_hd__a21bo_2)
     2    0.006074    0.078221    0.498332   10.138632 v _07006_/X (sky130_fd_sc_hd__a21bo_2)
                                                         _00395_ (net)
                      0.078221    0.000000   10.138632 v _07008_/C (sky130_fd_sc_hd__and3_2)
     1    0.001280    0.063067    0.416023   10.554654 v _07008_/X (sky130_fd_sc_hd__and3_2)
                                                         _00397_ (net)
                      0.063067    0.000000   10.554654 v _07009_/B (sky130_fd_sc_hd__or2_2)
     3    0.012033    0.163425    0.692799   11.247453 v _07009_/X (sky130_fd_sc_hd__or2_2)
                                                         _00398_ (net)
                      0.163425    0.000000   11.247453 v _07300_/A (sky130_fd_sc_hd__or4_2)
     1    0.001359    0.197455    1.540232   12.787685 v _07300_/X (sky130_fd_sc_hd__or4_2)
                                                         _00685_ (net)
                      0.197455    0.000000   12.787685 v _07305_/A (sky130_fd_sc_hd__and3_2)
     2    0.006314    0.091019    0.444116   13.231801 v _07305_/X (sky130_fd_sc_hd__and3_2)
                                                         _00690_ (net)
                      0.091019    0.000000   13.231801 v _07306_/B1 (sky130_fd_sc_hd__a31oi_2)
     2    0.011054    0.334218    0.334372   13.566173 ^ _07306_/Y (sky130_fd_sc_hd__a31oi_2)
                                                         _00691_ (net)
                      0.334218    0.000000   13.566173 ^ _07885_/A1 (sky130_fd_sc_hd__a2111o_2)
     6    0.018648    0.172180    0.466680   14.032852 ^ _07885_/X (sky130_fd_sc_hd__a2111o_2)
                                                         _01285_ (net)
                      0.172180    0.000000   14.032852 ^ _09596_/D_N (sky130_fd_sc_hd__or4b_2)
     2    0.003687    0.225607    1.432697   15.465549 v _09596_/X (sky130_fd_sc_hd__or4b_2)
                                                         _03143_ (net)
                      0.225607    0.000000   15.465549 v _09597_/C (sky130_fd_sc_hd__and3_2)
     2    0.004533    0.082245    0.519727   15.985276 v _09597_/X (sky130_fd_sc_hd__and3_2)
                                                         _03144_ (net)
                      0.082245    0.000000   15.985276 v _10240_/A1 (sky130_fd_sc_hd__o31a_2)
     4    0.009990    0.125638    0.704880   16.690155 v _10240_/X (sky130_fd_sc_hd__o31a_2)
                                                         _03833_ (net)
                      0.125638    0.000000   16.690155 v _10510_/A1 (sky130_fd_sc_hd__o21a_2)
     2    0.012189    0.104134    0.459028   17.149183 v _10510_/X (sky130_fd_sc_hd__o21a_2)
                                                         _04120_ (net)
                      0.104134    0.000000   17.149183 v _10511_/B (sky130_fd_sc_hd__xor2_2)
     1    0.002203    0.092208    0.258908   17.408091 v _10511_/X (sky130_fd_sc_hd__xor2_2)
                                                         _04121_ (net)
                      0.092208    0.000000   17.408091 v _10513_/A2 (sky130_fd_sc_hd__o211a_2)
     1    0.001577    0.065138    0.437684   17.845776 v _10513_/X (sky130_fd_sc_hd__o211a_2)
                                                         _00087_ (net)
                      0.065138    0.000000   17.845776 v _11887_/D (sky130_fd_sc_hd__dfxtp_2)
                                             17.845776   data arrival time

                      0.150000   20.000000   20.000000   clock clk_i (rise edge)
                                  0.000000   20.000000   clock network delay (ideal)
                                 -0.250000   19.750002   clock uncertainty
                                  0.000000   19.750002   clock reconvergence pessimism
                                             19.750002 ^ _11887_/CLK (sky130_fd_sc_hd__dfxtp_2)
                                 -0.250702   19.499300   library setup time
                                             19.499300   data required time
---------------------------------------------------------------------------------------------
                                             19.499300   data required time
                                            -17.845776   data arrival time
---------------------------------------------------------------------------------------------
                                              1.653525   slack (MET)


Startpoint: _11833_ (rising edge-triggered flip-flop clocked by clk_i)
Endpoint: _11893_ (rising edge-triggered flip-flop clocked by clk_i)
Path Group: clk_i
Path Type: max

Fanout         Cap        Slew       Delay        Time   Description
---------------------------------------------------------------------------------------------
                      0.150000    0.000000    0.000000   clock clk_i (rise edge)
                                  0.000000    0.000000   clock network delay (ideal)
                      0.150000    0.000000    0.000000 ^ _11833_/CLK (sky130_fd_sc_hd__dfxtp_2)
    38    0.169101    1.324952    1.595995    1.595995 ^ _11833_/Q (sky130_fd_sc_hd__dfxtp_2)
                                                         state_reg[0] (net)
                      1.324952    0.000000    1.595995 ^ _06240_/B (sky130_fd_sc_hd__xor2_2)
    14    0.056520    1.063398    1.147378    2.743374 ^ _06240_/X (sky130_fd_sc_hd__xor2_2)
                                                         _04717_ (net)
                      1.063398    0.000000    2.743374 ^ _06417_/B (sky130_fd_sc_hd__nor2_2)
     2    0.006439    0.186248    0.274396    3.017770 v _06417_/Y (sky130_fd_sc_hd__nor2_2)
                                                         _05618_ (net)
                      0.186248    0.000000    3.017770 v _06565_/B1 (sky130_fd_sc_hd__a21o_2)
     2    0.010504    0.094529    0.426728    3.444498 v _06565_/X (sky130_fd_sc_hd__a21o_2)
                                                         _05763_ (net)
                      0.094529    0.000000    3.444498 v _06566_/B (sky130_fd_sc_hd__xnor2_2)
     2    0.013174    0.343294    0.328190    3.772688 ^ _06566_/Y (sky130_fd_sc_hd__xnor2_2)
                                                         _05764_ (net)
                      0.343294    0.000000    3.772688 ^ _06568_/B (sky130_fd_sc_hd__xnor2_2)
     2    0.010010    0.289610    0.322060    4.094748 ^ _06568_/Y (sky130_fd_sc_hd__xnor2_2)
                                                         _05766_ (net)
                      0.289610    0.000000    4.094748 ^ _06569_/A_N (sky130_fd_sc_hd__and2b_2)
     2    0.003781    0.075701    0.527574    4.622321 v _06569_/X (sky130_fd_sc_hd__and2b_2)
                                                         _05767_ (net)
                      0.075701    0.000000    4.622321 v _06613_/B (sky130_fd_sc_hd__or3_2)
     1    0.001490    0.150637    1.014213    5.636534 v _06613_/X (sky130_fd_sc_hd__or3_2)
                                                         _05810_ (net)
                      0.150637    0.000000    5.636534 v _06614_/B (sky130_fd_sc_hd__and2b_2)
     2    0.011059    0.108685    0.489824    6.126358 v _06614_/X (sky130_fd_sc_hd__and2b_2)
                                                         _05811_ (net)
                      0.108685    0.000000    6.126358 v _06723_/B2 (sky130_fd_sc_hd__a32o_2)
     2    0.009709    0.100564    0.469871    6.596229 v _06723_/X (sky130_fd_sc_hd__a32o_2)
                                                         _00116_ (net)
                      0.100564    0.000000    6.596229 v _06725_/B (sky130_fd_sc_hd__xnor2_2)
     2    0.013545    0.349987    0.335619    6.931848 ^ _06725_/Y (sky130_fd_sc_hd__xnor2_2)
                                                         _00118_ (net)
                      0.349987    0.000000    6.931848 ^ _06789_/A2 (sky130_fd_sc_hd__a21oi_2)
     2    0.009302    0.126680    0.238387    7.170235 v _06789_/Y (sky130_fd_sc_hd__a21oi_2)
                                                         _00181_ (net)
                      0.126680    0.000000    7.170235 v _06790_/B (sky130_fd_sc_hd__or2_2)
     3    0.011176    0.158876    0.710496    7.880731 v _06790_/X (sky130_fd_sc_hd__or2_2)
                                                         _00182_ (net)
                      0.158876    0.000000    7.880731 v _06939_/A (sky130_fd_sc_hd__or4b_2)
     4    0.015272    0.314707    1.759569    9.640300 v _06939_/X (sky130_fd_sc_hd__or4b_2)
                                                         _00329_ (net)
                      0.314707    0.000000    9.640300 v _07006_/A2 (sky130_fd_sc_hd__a21bo_2)
     2    0.006074    0.078221    0.498332   10.138632 v _07006_/X (sky130_fd_sc_hd__a21bo_2)
                                                         _00395_ (net)
                      0.078221    0.000000   10.138632 v _07008_/C (sky130_fd_sc_hd__and3_2)
     1    0.001280    0.063067    0.416023   10.554654 v _07008_/X (sky130_fd_sc_hd__and3_2)
                                                         _00397_ (net)
                      0.063067    0.000000   10.554654 v _07009_/B (sky130_fd_sc_hd__or2_2)
     3    0.012033    0.163425    0.692799   11.247453 v _07009_/X (sky130_fd_sc_hd__or2_2)
                                                         _00398_ (net)
                      0.163425    0.000000   11.247453 v _07300_/A (sky130_fd_sc_hd__or4_2)
     1    0.001359    0.197455    1.540232   12.787685 v _07300_/X (sky130_fd_sc_hd__or4_2)
                                                         _00685_ (net)
                      0.197455    0.000000   12.787685 v _07305_/A (sky130_fd_sc_hd__and3_2)
     2    0.006314    0.091019    0.444116   13.231801 v _07305_/X (sky130_fd_sc_hd__and3_2)
                                                         _00690_ (net)
                      0.091019    0.000000   13.231801 v _07306_/B1 (sky130_fd_sc_hd__a31oi_2)
     2    0.011054    0.334218    0.334372   13.566173 ^ _07306_/Y (sky130_fd_sc_hd__a31oi_2)
                                                         _00691_ (net)
                      0.334218    0.000000   13.566173 ^ _07885_/A1 (sky130_fd_sc_hd__a2111o_2)
     6    0.018648    0.172180    0.466680   14.032852 ^ _07885_/X (sky130_fd_sc_hd__a2111o_2)
                                                         _01285_ (net)
                      0.172180    0.000000   14.032852 ^ _09596_/D_N (sky130_fd_sc_hd__or4b_2)
     2    0.003687    0.225607    1.432697   15.465549 v _09596_/X (sky130_fd_sc_hd__or4b_2)
                                                         _03143_ (net)
                      0.225607    0.000000   15.465549 v _10662_/A3 (sky130_fd_sc_hd__a31o_2)
     3    0.009009    0.094021    0.547075   16.012625 v _10662_/X (sky130_fd_sc_hd__a31o_2)
                                                         _04281_ (net)
                      0.094021    0.000000   16.012625 v _11084_/A1 (sky130_fd_sc_hd__a211o_2)
     4    0.011265    0.128137    0.627722   16.640347 v _11084_/X (sky130_fd_sc_hd__a211o_2)
                                                         _04740_ (net)
                      0.128137    0.000000   16.640347 v _11391_/A1 (sky130_fd_sc_hd__a311o_2)
     4    0.010995    0.137054    0.684389   17.324736 v _11391_/X (sky130_fd_sc_hd__a311o_2)
                                                         _05074_ (net)
                      0.137054    0.000000   17.324736 v _11392_/A3 (sky130_fd_sc_hd__a32o_2)
     1    0.001577    0.061172    0.481387   17.806124 v _11392_/X (sky130_fd_sc_hd__a32o_2)
                                                         _00093_ (net)
                      0.061172    0.000000   17.806124 v _11893_/D (sky130_fd_sc_hd__dfxtp_2)
                                             17.806124   data arrival time

                      0.150000   20.000000   20.000000   clock clk_i (rise edge)
                                  0.000000   20.000000   clock network delay (ideal)
                                 -0.250000   19.750002   clock uncertainty
                                  0.000000   19.750002   clock reconvergence pessimism
                                             19.750002 ^ _11893_/CLK (sky130_fd_sc_hd__dfxtp_2)
                                 -0.249055   19.500948   library setup time
                                             19.500948   data required time
---------------------------------------------------------------------------------------------
                                             19.500948   data required time
                                            -17.806124   data arrival time
---------------------------------------------------------------------------------------------
                                              1.694824   slack (MET)


Startpoint: _11833_ (rising edge-triggered flip-flop clocked by clk_i)
Endpoint: _11888_ (rising edge-triggered flip-flop clocked by clk_i)
Path Group: clk_i
Path Type: max

Fanout         Cap        Slew       Delay        Time   Description
---------------------------------------------------------------------------------------------
                      0.150000    0.000000    0.000000   clock clk_i (rise edge)
                                  0.000000    0.000000   clock network delay (ideal)
                      0.150000    0.000000    0.000000 ^ _11833_/CLK (sky130_fd_sc_hd__dfxtp_2)
    38    0.169101    1.324952    1.595995    1.595995 ^ _11833_/Q (sky130_fd_sc_hd__dfxtp_2)
                                                         state_reg[0] (net)
                      1.324952    0.000000    1.595995 ^ _06240_/B (sky130_fd_sc_hd__xor2_2)
    14    0.056520    1.063398    1.147378    2.743374 ^ _06240_/X (sky130_fd_sc_hd__xor2_2)
                                                         _04717_ (net)
                      1.063398    0.000000    2.743374 ^ _06417_/B (sky130_fd_sc_hd__nor2_2)
     2    0.006439    0.186248    0.274396    3.017770 v _06417_/Y (sky130_fd_sc_hd__nor2_2)
                                                         _05618_ (net)
                      0.186248    0.000000    3.017770 v _06565_/B1 (sky130_fd_sc_hd__a21o_2)
     2    0.010504    0.094529    0.426728    3.444498 v _06565_/X (sky130_fd_sc_hd__a21o_2)
                                                         _05763_ (net)
                      0.094529    0.000000    3.444498 v _06566_/B (sky130_fd_sc_hd__xnor2_2)
     2    0.013174    0.343294    0.328190    3.772688 ^ _06566_/Y (sky130_fd_sc_hd__xnor2_2)
                                                         _05764_ (net)
                      0.343294    0.000000    3.772688 ^ _06568_/B (sky130_fd_sc_hd__xnor2_2)
     2    0.010010    0.289610    0.322060    4.094748 ^ _06568_/Y (sky130_fd_sc_hd__xnor2_2)
                                                         _05766_ (net)
                      0.289610    0.000000    4.094748 ^ _06569_/A_N (sky130_fd_sc_hd__and2b_2)
     2    0.003781    0.075701    0.527574    4.622321 v _06569_/X (sky130_fd_sc_hd__and2b_2)
                                                         _05767_ (net)
                      0.075701    0.000000    4.622321 v _06613_/B (sky130_fd_sc_hd__or3_2)
     1    0.001490    0.150637    1.014213    5.636534 v _06613_/X (sky130_fd_sc_hd__or3_2)
                                                         _05810_ (net)
                      0.150637    0.000000    5.636534 v _06614_/B (sky130_fd_sc_hd__and2b_2)
     2    0.011059    0.108685    0.489824    6.126358 v _06614_/X (sky130_fd_sc_hd__and2b_2)
                                                         _05811_ (net)
                      0.108685    0.000000    6.126358 v _06723_/B2 (sky130_fd_sc_hd__a32o_2)
     2    0.009709    0.100564    0.469871    6.596229 v _06723_/X (sky130_fd_sc_hd__a32o_2)
                                                         _00116_ (net)
                      0.100564    0.000000    6.596229 v _06725_/B (sky130_fd_sc_hd__xnor2_2)
     2    0.013545    0.349987    0.335619    6.931848 ^ _06725_/Y (sky130_fd_sc_hd__xnor2_2)
                                                         _00118_ (net)
                      0.349987    0.000000    6.931848 ^ _06789_/A2 (sky130_fd_sc_hd__a21oi_2)
     2    0.009302    0.126680    0.238387    7.170235 v _06789_/Y (sky130_fd_sc_hd__a21oi_2)
                                                         _00181_ (net)
                      0.126680    0.000000    7.170235 v _06790_/B (sky130_fd_sc_hd__or2_2)
     3    0.011176    0.158876    0.710496    7.880731 v _06790_/X (sky130_fd_sc_hd__or2_2)
                                                         _00182_ (net)
                      0.158876    0.000000    7.880731 v _06939_/A (sky130_fd_sc_hd__or4b_2)
     4    0.015272    0.314707    1.759569    9.640300 v _06939_/X (sky130_fd_sc_hd__or4b_2)
                                                         _00329_ (net)
                      0.314707    0.000000    9.640300 v _07006_/A2 (sky130_fd_sc_hd__a21bo_2)
     2    0.006074    0.078221    0.498332   10.138632 v _07006_/X (sky130_fd_sc_hd__a21bo_2)
                                                         _00395_ (net)
                      0.078221    0.000000   10.138632 v _07008_/C (sky130_fd_sc_hd__and3_2)
     1    0.001280    0.063067    0.416023   10.554654 v _07008_/X (sky130_fd_sc_hd__and3_2)
                                                         _00397_ (net)
                      0.063067    0.000000   10.554654 v _07009_/B (sky130_fd_sc_hd__or2_2)
     3    0.012033    0.163425    0.692799   11.247453 v _07009_/X (sky130_fd_sc_hd__or2_2)
                                                         _00398_ (net)
                      0.163425    0.000000   11.247453 v _07300_/A (sky130_fd_sc_hd__or4_2)
     1    0.001359    0.197455    1.540232   12.787685 v _07300_/X (sky130_fd_sc_hd__or4_2)
                                                         _00685_ (net)
                      0.197455    0.000000   12.787685 v _07305_/A (sky130_fd_sc_hd__and3_2)
     2    0.006314    0.091019    0.444116   13.231801 v _07305_/X (sky130_fd_sc_hd__and3_2)
                                                         _00690_ (net)
                      0.091019    0.000000   13.231801 v _07306_/B1 (sky130_fd_sc_hd__a31oi_2)
     2    0.011054    0.334218    0.334372   13.566173 ^ _07306_/Y (sky130_fd_sc_hd__a31oi_2)
                                                         _00691_ (net)
                      0.334218    0.000000   13.566173 ^ _07885_/A1 (sky130_fd_sc_hd__a2111o_2)
     6    0.018648    0.172180    0.466680   14.032852 ^ _07885_/X (sky130_fd_sc_hd__a2111o_2)
                                                         _01285_ (net)
                      0.172180    0.000000   14.032852 ^ _09596_/D_N (sky130_fd_sc_hd__or4b_2)
     2    0.003687    0.225607    1.432697   15.465549 v _09596_/X (sky130_fd_sc_hd__or4b_2)
                                                         _03143_ (net)
                      0.225607    0.000000   15.465549 v _09597_/C (sky130_fd_sc_hd__and3_2)
     2    0.004533    0.082245    0.519727   15.985276 v _09597_/X (sky130_fd_sc_hd__and3_2)
                                                         _03144_ (net)
                      0.082245    0.000000   15.985276 v _10240_/A1 (sky130_fd_sc_hd__o31a_2)
     4    0.009990    0.125638    0.704880   16.690155 v _10240_/X (sky130_fd_sc_hd__o31a_2)
                                                         _03833_ (net)
                      0.125638    0.000000   16.690155 v _10510_/A1 (sky130_fd_sc_hd__o21a_2)
     2    0.012189    0.104134    0.459028   17.149183 v _10510_/X (sky130_fd_sc_hd__o21a_2)
                                                         _04120_ (net)
                      0.104134    0.000000   17.149183 v _10655_/A2 (sky130_fd_sc_hd__o21ai_2)
     2    0.006470    0.200135    0.229507   17.378691 ^ _10655_/Y (sky130_fd_sc_hd__o21ai_2)
                                                         _04275_ (net)
                      0.200135    0.000000   17.378691 ^ _10656_/B (sky130_fd_sc_hd__or2_2)
     1    0.004595    0.063834    0.245247   17.623938 ^ _10656_/X (sky130_fd_sc_hd__or2_2)
                                                         _04276_ (net)
                      0.063834    0.000000   17.623938 ^ _10659_/A1 (sky130_fd_sc_hd__a21oi_2)
     1    0.001577    0.065075    0.080894   17.704832 v _10659_/Y (sky130_fd_sc_hd__a21oi_2)
                                                         _00088_ (net)
                      0.065075    0.000000   17.704832 v _11888_/D (sky130_fd_sc_hd__dfxtp_2)
                                             17.704832   data arrival time

                      0.150000   20.000000   20.000000   clock clk_i (rise edge)
                                  0.000000   20.000000   clock network delay (ideal)
                                 -0.250000   19.750002   clock uncertainty
                                  0.000000   19.750002   clock reconvergence pessimism
                                             19.750002 ^ _11888_/CLK (sky130_fd_sc_hd__dfxtp_2)
                                 -0.250675   19.499325   library setup time
                                             19.499325   data required time
---------------------------------------------------------------------------------------------
                                             19.499325   data required time
                                            -17.704832   data arrival time
---------------------------------------------------------------------------------------------
                                              1.794493   slack (MET)


Startpoint: _11833_ (rising edge-triggered flip-flop clocked by clk_i)
Endpoint: _11892_ (rising edge-triggered flip-flop clocked by clk_i)
Path Group: clk_i
Path Type: max

Fanout         Cap        Slew       Delay        Time   Description
---------------------------------------------------------------------------------------------
                      0.150000    0.000000    0.000000   clock clk_i (rise edge)
                                  0.000000    0.000000   clock network delay (ideal)
                      0.150000    0.000000    0.000000 ^ _11833_/CLK (sky130_fd_sc_hd__dfxtp_2)
    38    0.169101    1.324952    1.595995    1.595995 ^ _11833_/Q (sky130_fd_sc_hd__dfxtp_2)
                                                         state_reg[0] (net)
                      1.324952    0.000000    1.595995 ^ _06240_/B (sky130_fd_sc_hd__xor2_2)
    14    0.056520    1.063398    1.147378    2.743374 ^ _06240_/X (sky130_fd_sc_hd__xor2_2)
                                                         _04717_ (net)
                      1.063398    0.000000    2.743374 ^ _06417_/B (sky130_fd_sc_hd__nor2_2)
     2    0.006439    0.186248    0.274396    3.017770 v _06417_/Y (sky130_fd_sc_hd__nor2_2)
                                                         _05618_ (net)
                      0.186248    0.000000    3.017770 v _06565_/B1 (sky130_fd_sc_hd__a21o_2)
     2    0.010504    0.094529    0.426728    3.444498 v _06565_/X (sky130_fd_sc_hd__a21o_2)
                                                         _05763_ (net)
                      0.094529    0.000000    3.444498 v _06566_/B (sky130_fd_sc_hd__xnor2_2)
     2    0.013174    0.343294    0.328190    3.772688 ^ _06566_/Y (sky130_fd_sc_hd__xnor2_2)
                                                         _05764_ (net)
                      0.343294    0.000000    3.772688 ^ _06568_/B (sky130_fd_sc_hd__xnor2_2)
     2    0.010010    0.289610    0.322060    4.094748 ^ _06568_/Y (sky130_fd_sc_hd__xnor2_2)
                                                         _05766_ (net)
                      0.289610    0.000000    4.094748 ^ _06569_/A_N (sky130_fd_sc_hd__and2b_2)
     2    0.003781    0.075701    0.527574    4.622321 v _06569_/X (sky130_fd_sc_hd__and2b_2)
                                                         _05767_ (net)
                      0.075701    0.000000    4.622321 v _06613_/B (sky130_fd_sc_hd__or3_2)
     1    0.001490    0.150637    1.014213    5.636534 v _06613_/X (sky130_fd_sc_hd__or3_2)
                                                         _05810_ (net)
                      0.150637    0.000000    5.636534 v _06614_/B (sky130_fd_sc_hd__and2b_2)
     2    0.011059    0.108685    0.489824    6.126358 v _06614_/X (sky130_fd_sc_hd__and2b_2)
                                                         _05811_ (net)
                      0.108685    0.000000    6.126358 v _06723_/B2 (sky130_fd_sc_hd__a32o_2)
     2    0.009709    0.100564    0.469871    6.596229 v _06723_/X (sky130_fd_sc_hd__a32o_2)
                                                         _00116_ (net)
                      0.100564    0.000000    6.596229 v _06725_/B (sky130_fd_sc_hd__xnor2_2)
     2    0.013545    0.349987    0.335619    6.931848 ^ _06725_/Y (sky130_fd_sc_hd__xnor2_2)
                                                         _00118_ (net)
                      0.349987    0.000000    6.931848 ^ _06789_/A2 (sky130_fd_sc_hd__a21oi_2)
     2    0.009302    0.126680    0.238387    7.170235 v _06789_/Y (sky130_fd_sc_hd__a21oi_2)
                                                         _00181_ (net)
                      0.126680    0.000000    7.170235 v _06790_/B (sky130_fd_sc_hd__or2_2)
     3    0.011176    0.158876    0.710496    7.880731 v _06790_/X (sky130_fd_sc_hd__or2_2)
                                                         _00182_ (net)
                      0.158876    0.000000    7.880731 v _06939_/A (sky130_fd_sc_hd__or4b_2)
     4    0.015272    0.314707    1.759569    9.640300 v _06939_/X (sky130_fd_sc_hd__or4b_2)
                                                         _00329_ (net)
                      0.314707    0.000000    9.640300 v _07006_/A2 (sky130_fd_sc_hd__a21bo_2)
     2    0.006074    0.078221    0.498332   10.138632 v _07006_/X (sky130_fd_sc_hd__a21bo_2)
                                                         _00395_ (net)
                      0.078221    0.000000   10.138632 v _07008_/C (sky130_fd_sc_hd__and3_2)
     1    0.001280    0.063067    0.416023   10.554654 v _07008_/X (sky130_fd_sc_hd__and3_2)
                                                         _00397_ (net)
                      0.063067    0.000000   10.554654 v _07009_/B (sky130_fd_sc_hd__or2_2)
     3    0.012033    0.163425    0.692799   11.247453 v _07009_/X (sky130_fd_sc_hd__or2_2)
                                                         _00398_ (net)
                      0.163425    0.000000   11.247453 v _07300_/A (sky130_fd_sc_hd__or4_2)
     1    0.001359    0.197455    1.540232   12.787685 v _07300_/X (sky130_fd_sc_hd__or4_2)
                                                         _00685_ (net)
                      0.197455    0.000000   12.787685 v _07305_/A (sky130_fd_sc_hd__and3_2)
     2    0.006314    0.091019    0.444116   13.231801 v _07305_/X (sky130_fd_sc_hd__and3_2)
                                                         _00690_ (net)
                      0.091019    0.000000   13.231801 v _07306_/B1 (sky130_fd_sc_hd__a31oi_2)
     2    0.011054    0.334218    0.334372   13.566173 ^ _07306_/Y (sky130_fd_sc_hd__a31oi_2)
                                                         _00691_ (net)
                      0.334218    0.000000   13.566173 ^ _07885_/A1 (sky130_fd_sc_hd__a2111o_2)
     6    0.018648    0.172180    0.466680   14.032852 ^ _07885_/X (sky130_fd_sc_hd__a2111o_2)
                                                         _01285_ (net)
                      0.172180    0.000000   14.032852 ^ _09596_/D_N (sky130_fd_sc_hd__or4b_2)
     2    0.003687    0.225607    1.432697   15.465549 v _09596_/X (sky130_fd_sc_hd__or4b_2)
                                                         _03143_ (net)
                      0.225607    0.000000   15.465549 v _10662_/A3 (sky130_fd_sc_hd__a31o_2)
     3    0.009009    0.094021    0.547075   16.012625 v _10662_/X (sky130_fd_sc_hd__a31o_2)
                                                         _04281_ (net)
                      0.094021    0.000000   16.012625 v _11084_/A1 (sky130_fd_sc_hd__a211o_2)
     4    0.011265    0.128137    0.627722   16.640347 v _11084_/X (sky130_fd_sc_hd__a211o_2)
                                                         _04740_ (net)
                      0.128137    0.000000   16.640347 v _11088_/A1 (sky130_fd_sc_hd__a21o_2)
     2    0.006464    0.077314    0.391552   17.031898 v _11088_/X (sky130_fd_sc_hd__a21o_2)
                                                         _04744_ (net)
                      0.077314    0.000000   17.031898 v _11232_/B (sky130_fd_sc_hd__nand2_2)
     2    0.007114    0.090150    0.120027   17.151924 ^ _11232_/Y (sky130_fd_sc_hd__nand2_2)
                                                         _04901_ (net)
                      0.090150    0.000000   17.151924 ^ _11233_/B (sky130_fd_sc_hd__nor2_2)
     1    0.002284    0.035338    0.063096   17.215021 v _11233_/Y (sky130_fd_sc_hd__nor2_2)
                                                         _04902_ (net)
                      0.035338    0.000000   17.215021 v _11235_/B1 (sky130_fd_sc_hd__o221a_2)
     1    0.001577    0.071680    0.430221   17.645243 v _11235_/X (sky130_fd_sc_hd__o221a_2)
                                                         _00092_ (net)
                      0.071680    0.000000   17.645243 v _11892_/D (sky130_fd_sc_hd__dfxtp_2)
                                             17.645243   data arrival time

                      0.150000   20.000000   20.000000   clock clk_i (rise edge)
                                  0.000000   20.000000   clock network delay (ideal)
                                 -0.250000   19.750002   clock uncertainty
                                  0.000000   19.750002   clock reconvergence pessimism
                                             19.750002 ^ _11892_/CLK (sky130_fd_sc_hd__dfxtp_2)
                                 -0.253418   19.496582   library setup time
                                             19.496582   data required time
---------------------------------------------------------------------------------------------
                                             19.496582   data required time
                                            -17.645243   data arrival time
---------------------------------------------------------------------------------------------
                                              1.851340   slack (MET)


Startpoint: _11833_ (rising edge-triggered flip-flop clocked by clk_i)
Endpoint: _11885_ (rising edge-triggered flip-flop clocked by clk_i)
Path Group: clk_i
Path Type: max

Fanout         Cap        Slew       Delay        Time   Description
---------------------------------------------------------------------------------------------
                      0.150000    0.000000    0.000000   clock clk_i (rise edge)
                                  0.000000    0.000000   clock network delay (ideal)
                      0.150000    0.000000    0.000000 ^ _11833_/CLK (sky130_fd_sc_hd__dfxtp_2)
    38    0.169101    1.324952    1.595995    1.595995 ^ _11833_/Q (sky130_fd_sc_hd__dfxtp_2)
                                                         state_reg[0] (net)
                      1.324952    0.000000    1.595995 ^ _06240_/B (sky130_fd_sc_hd__xor2_2)
    14    0.056520    1.063398    1.147378    2.743374 ^ _06240_/X (sky130_fd_sc_hd__xor2_2)
                                                         _04717_ (net)
                      1.063398    0.000000    2.743374 ^ _06417_/B (sky130_fd_sc_hd__nor2_2)
     2    0.006439    0.186248    0.274396    3.017770 v _06417_/Y (sky130_fd_sc_hd__nor2_2)
                                                         _05618_ (net)
                      0.186248    0.000000    3.017770 v _06565_/B1 (sky130_fd_sc_hd__a21o_2)
     2    0.010504    0.094529    0.426728    3.444498 v _06565_/X (sky130_fd_sc_hd__a21o_2)
                                                         _05763_ (net)
                      0.094529    0.000000    3.444498 v _06566_/B (sky130_fd_sc_hd__xnor2_2)
     2    0.013174    0.343294    0.328190    3.772688 ^ _06566_/Y (sky130_fd_sc_hd__xnor2_2)
                                                         _05764_ (net)
                      0.343294    0.000000    3.772688 ^ _06568_/B (sky130_fd_sc_hd__xnor2_2)
     2    0.010010    0.289610    0.322060    4.094748 ^ _06568_/Y (sky130_fd_sc_hd__xnor2_2)
                                                         _05766_ (net)
                      0.289610    0.000000    4.094748 ^ _06569_/A_N (sky130_fd_sc_hd__and2b_2)
     2    0.003781    0.075701    0.527574    4.622321 v _06569_/X (sky130_fd_sc_hd__and2b_2)
                                                         _05767_ (net)
                      0.075701    0.000000    4.622321 v _06613_/B (sky130_fd_sc_hd__or3_2)
     1    0.001490    0.150637    1.014213    5.636534 v _06613_/X (sky130_fd_sc_hd__or3_2)
                                                         _05810_ (net)
                      0.150637    0.000000    5.636534 v _06614_/B (sky130_fd_sc_hd__and2b_2)
     2    0.011059    0.108685    0.489824    6.126358 v _06614_/X (sky130_fd_sc_hd__and2b_2)
                                                         _05811_ (net)
                      0.108685    0.000000    6.126358 v _06723_/B2 (sky130_fd_sc_hd__a32o_2)
     2    0.009709    0.100564    0.469871    6.596229 v _06723_/X (sky130_fd_sc_hd__a32o_2)
                                                         _00116_ (net)
                      0.100564    0.000000    6.596229 v _06725_/B (sky130_fd_sc_hd__xnor2_2)
     2    0.013545    0.349987    0.335619    6.931848 ^ _06725_/Y (sky130_fd_sc_hd__xnor2_2)
                                                         _00118_ (net)
                      0.349987    0.000000    6.931848 ^ _06789_/A2 (sky130_fd_sc_hd__a21oi_2)
     2    0.009302    0.126680    0.238387    7.170235 v _06789_/Y (sky130_fd_sc_hd__a21oi_2)
                                                         _00181_ (net)
                      0.126680    0.000000    7.170235 v _06790_/B (sky130_fd_sc_hd__or2_2)
     3    0.011176    0.158876    0.710496    7.880731 v _06790_/X (sky130_fd_sc_hd__or2_2)
                                                         _00182_ (net)
                      0.158876    0.000000    7.880731 v _06939_/A (sky130_fd_sc_hd__or4b_2)
     4    0.015272    0.314707    1.759569    9.640300 v _06939_/X (sky130_fd_sc_hd__or4b_2)
                                                         _00329_ (net)
                      0.314707    0.000000    9.640300 v _07006_/A2 (sky130_fd_sc_hd__a21bo_2)
     2    0.006074    0.078221    0.498332   10.138632 v _07006_/X (sky130_fd_sc_hd__a21bo_2)
                                                         _00395_ (net)
                      0.078221    0.000000   10.138632 v _07008_/C (sky130_fd_sc_hd__and3_2)
     1    0.001280    0.063067    0.416023   10.554654 v _07008_/X (sky130_fd_sc_hd__and3_2)
                                                         _00397_ (net)
                      0.063067    0.000000   10.554654 v _07009_/B (sky130_fd_sc_hd__or2_2)
     3    0.012033    0.163425    0.692799   11.247453 v _07009_/X (sky130_fd_sc_hd__or2_2)
                                                         _00398_ (net)
                      0.163425    0.000000   11.247453 v _07300_/A (sky130_fd_sc_hd__or4_2)
     1    0.001359    0.197455    1.540232   12.787685 v _07300_/X (sky130_fd_sc_hd__or4_2)
                                                         _00685_ (net)
                      0.197455    0.000000   12.787685 v _07305_/A (sky130_fd_sc_hd__and3_2)
     2    0.006314    0.091019    0.444116   13.231801 v _07305_/X (sky130_fd_sc_hd__and3_2)
                                                         _00690_ (net)
                      0.091019    0.000000   13.231801 v _07306_/B1 (sky130_fd_sc_hd__a31oi_2)
     2    0.011054    0.334218    0.334372   13.566173 ^ _07306_/Y (sky130_fd_sc_hd__a31oi_2)
                                                         _00691_ (net)
                      0.334218    0.000000   13.566173 ^ _07885_/A1 (sky130_fd_sc_hd__a2111o_2)
     6    0.018648    0.172180    0.466680   14.032852 ^ _07885_/X (sky130_fd_sc_hd__a2111o_2)
                                                         _01285_ (net)
                      0.172180    0.000000   14.032852 ^ _09596_/D_N (sky130_fd_sc_hd__or4b_2)
     2    0.003687    0.225607    1.432697   15.465549 v _09596_/X (sky130_fd_sc_hd__or4b_2)
                                                         _03143_ (net)
                      0.225607    0.000000   15.465549 v _09597_/C (sky130_fd_sc_hd__and3_2)
     2    0.004533    0.082245    0.519727   15.985276 v _09597_/X (sky130_fd_sc_hd__and3_2)
                                                         _03144_ (net)
                      0.082245    0.000000   15.985276 v _10240_/A1 (sky130_fd_sc_hd__o31a_2)
     4    0.009990    0.125638    0.704880   16.690155 v _10240_/X (sky130_fd_sc_hd__o31a_2)
                                                         _03833_ (net)
                      0.125638    0.000000   16.690155 v _10242_/A_N (sky130_fd_sc_hd__nand2b_2)
     1    0.002223    0.074837    0.360721   17.050877 v _10242_/Y (sky130_fd_sc_hd__nand2b_2)
                                                         _03835_ (net)
                      0.074837    0.000000   17.050877 v _10243_/A3 (sky130_fd_sc_hd__a32o_2)
     1    0.001577    0.060873    0.453465   17.504341 v _10243_/X (sky130_fd_sc_hd__a32o_2)
                                                         _00085_ (net)
                      0.060873    0.000000   17.504341 v _11885_/D (sky130_fd_sc_hd__dfxtp_2)
                                             17.504341   data arrival time

                      0.150000   20.000000   20.000000   clock clk_i (rise edge)
                                  0.000000   20.000000   clock network delay (ideal)
                                 -0.250000   19.750002   clock uncertainty
                                  0.000000   19.750002   clock reconvergence pessimism
                                             19.750002 ^ _11885_/CLK (sky130_fd_sc_hd__dfxtp_2)
                                 -0.248931   19.501070   library setup time
                                             19.501070   data required time
---------------------------------------------------------------------------------------------
                                             19.501070   data required time
                                            -17.504341   data arrival time
---------------------------------------------------------------------------------------------
                                              1.996728   slack (MET)


Startpoint: _11833_ (rising edge-triggered flip-flop clocked by clk_i)
Endpoint: _11883_ (rising edge-triggered flip-flop clocked by clk_i)
Path Group: clk_i
Path Type: max

Fanout         Cap        Slew       Delay        Time   Description
---------------------------------------------------------------------------------------------
                      0.150000    0.000000    0.000000   clock clk_i (rise edge)
                                  0.000000    0.000000   clock network delay (ideal)
                      0.150000    0.000000    0.000000 ^ _11833_/CLK (sky130_fd_sc_hd__dfxtp_2)
    38    0.169101    1.324952    1.595995    1.595995 ^ _11833_/Q (sky130_fd_sc_hd__dfxtp_2)
                                                         state_reg[0] (net)
                      1.324952    0.000000    1.595995 ^ _06240_/B (sky130_fd_sc_hd__xor2_2)
    14    0.056520    1.063398    1.147378    2.743374 ^ _06240_/X (sky130_fd_sc_hd__xor2_2)
                                                         _04717_ (net)
                      1.063398    0.000000    2.743374 ^ _06417_/B (sky130_fd_sc_hd__nor2_2)
     2    0.006439    0.186248    0.274396    3.017770 v _06417_/Y (sky130_fd_sc_hd__nor2_2)
                                                         _05618_ (net)
                      0.186248    0.000000    3.017770 v _06565_/B1 (sky130_fd_sc_hd__a21o_2)
     2    0.010504    0.094529    0.426728    3.444498 v _06565_/X (sky130_fd_sc_hd__a21o_2)
                                                         _05763_ (net)
                      0.094529    0.000000    3.444498 v _06566_/B (sky130_fd_sc_hd__xnor2_2)
     2    0.013174    0.343294    0.328190    3.772688 ^ _06566_/Y (sky130_fd_sc_hd__xnor2_2)
                                                         _05764_ (net)
                      0.343294    0.000000    3.772688 ^ _06568_/B (sky130_fd_sc_hd__xnor2_2)
     2    0.010010    0.289610    0.322060    4.094748 ^ _06568_/Y (sky130_fd_sc_hd__xnor2_2)
                                                         _05766_ (net)
                      0.289610    0.000000    4.094748 ^ _06569_/A_N (sky130_fd_sc_hd__and2b_2)
     2    0.003781    0.075701    0.527574    4.622321 v _06569_/X (sky130_fd_sc_hd__and2b_2)
                                                         _05767_ (net)
                      0.075701    0.000000    4.622321 v _06613_/B (sky130_fd_sc_hd__or3_2)
     1    0.001490    0.150637    1.014213    5.636534 v _06613_/X (sky130_fd_sc_hd__or3_2)
                                                         _05810_ (net)
                      0.150637    0.000000    5.636534 v _06614_/B (sky130_fd_sc_hd__and2b_2)
     2    0.011059    0.108685    0.489824    6.126358 v _06614_/X (sky130_fd_sc_hd__and2b_2)
                                                         _05811_ (net)
                      0.108685    0.000000    6.126358 v _06723_/B2 (sky130_fd_sc_hd__a32o_2)
     2    0.009709    0.100564    0.469871    6.596229 v _06723_/X (sky130_fd_sc_hd__a32o_2)
                                                         _00116_ (net)
                      0.100564    0.000000    6.596229 v _06725_/B (sky130_fd_sc_hd__xnor2_2)
     2    0.013545    0.349987    0.335619    6.931848 ^ _06725_/Y (sky130_fd_sc_hd__xnor2_2)
                                                         _00118_ (net)
                      0.349987    0.000000    6.931848 ^ _06789_/A2 (sky130_fd_sc_hd__a21oi_2)
     2    0.009302    0.126680    0.238387    7.170235 v _06789_/Y (sky130_fd_sc_hd__a21oi_2)
                                                         _00181_ (net)
                      0.126680    0.000000    7.170235 v _06790_/B (sky130_fd_sc_hd__or2_2)
     3    0.011176    0.158876    0.710496    7.880731 v _06790_/X (sky130_fd_sc_hd__or2_2)
                                                         _00182_ (net)
                      0.158876    0.000000    7.880731 v _06939_/A (sky130_fd_sc_hd__or4b_2)
     4    0.015272    0.314707    1.759569    9.640300 v _06939_/X (sky130_fd_sc_hd__or4b_2)
                                                         _00329_ (net)
                      0.314707    0.000000    9.640300 v _07006_/A2 (sky130_fd_sc_hd__a21bo_2)
     2    0.006074    0.078221    0.498332   10.138632 v _07006_/X (sky130_fd_sc_hd__a21bo_2)
                                                         _00395_ (net)
                      0.078221    0.000000   10.138632 v _07008_/C (sky130_fd_sc_hd__and3_2)
     1    0.001280    0.063067    0.416023   10.554654 v _07008_/X (sky130_fd_sc_hd__and3_2)
                                                         _00397_ (net)
                      0.063067    0.000000   10.554654 v _07009_/B (sky130_fd_sc_hd__or2_2)
     3    0.012033    0.163425    0.692799   11.247453 v _07009_/X (sky130_fd_sc_hd__or2_2)
                                                         _00398_ (net)
                      0.163425    0.000000   11.247453 v _07300_/A (sky130_fd_sc_hd__or4_2)
     1    0.001359    0.197455    1.540232   12.787685 v _07300_/X (sky130_fd_sc_hd__or4_2)
                                                         _00685_ (net)
                      0.197455    0.000000   12.787685 v _07305_/A (sky130_fd_sc_hd__and3_2)
     2    0.006314    0.091019    0.444116   13.231801 v _07305_/X (sky130_fd_sc_hd__and3_2)
                                                         _00690_ (net)
                      0.091019    0.000000   13.231801 v _07306_/B1 (sky130_fd_sc_hd__a31oi_2)
     2    0.011054    0.334218    0.334372   13.566173 ^ _07306_/Y (sky130_fd_sc_hd__a31oi_2)
                                                         _00691_ (net)
                      0.334218    0.000000   13.566173 ^ _07885_/A1 (sky130_fd_sc_hd__a2111o_2)
     6    0.018648    0.172180    0.466680   14.032852 ^ _07885_/X (sky130_fd_sc_hd__a2111o_2)
                                                         _01285_ (net)
                      0.172180    0.000000   14.032852 ^ _09596_/D_N (sky130_fd_sc_hd__or4b_2)
     2    0.003687    0.225607    1.432697   15.465549 v _09596_/X (sky130_fd_sc_hd__or4b_2)
                                                         _03143_ (net)
                      0.225607    0.000000   15.465549 v _09597_/C (sky130_fd_sc_hd__and3_2)
     2    0.004533    0.082245    0.519727   15.985276 v _09597_/X (sky130_fd_sc_hd__and3_2)
                                                         _03144_ (net)
                      0.082245    0.000000   15.985276 v _09973_/A1 (sky130_fd_sc_hd__o21a_2)
     3    0.009681    0.093102    0.428262   16.413538 v _09973_/X (sky130_fd_sc_hd__o21a_2)
                                                         _03548_ (net)
                      0.093102    0.000000   16.413538 v _09975_/B (sky130_fd_sc_hd__or2_2)
     1    0.002223    0.107949    0.614648   17.028185 v _09975_/X (sky130_fd_sc_hd__or2_2)
                                                         _03551_ (net)
                      0.107949    0.000000   17.028185 v _09976_/A3 (sky130_fd_sc_hd__a32o_2)
     1    0.001577    0.060823    0.468370   17.496555 v _09976_/X (sky130_fd_sc_hd__a32o_2)
                                                         _00083_ (net)
                      0.060823    0.000000   17.496555 v _11883_/D (sky130_fd_sc_hd__dfxtp_2)
                                             17.496555   data arrival time

                      0.150000   20.000000   20.000000   clock clk_i (rise edge)
                                  0.000000   20.000000   clock network delay (ideal)
                                 -0.250000   19.750002   clock uncertainty
                                  0.000000   19.750002   clock reconvergence pessimism
                                             19.750002 ^ _11883_/CLK (sky130_fd_sc_hd__dfxtp_2)
                                 -0.248910   19.501091   library setup time
                                             19.501091   data required time
---------------------------------------------------------------------------------------------
                                             19.501091   data required time
                                            -17.496555   data arrival time
---------------------------------------------------------------------------------------------
                                              2.004535   slack (MET)


Startpoint: _11833_ (rising edge-triggered flip-flop clocked by clk_i)
Endpoint: _11891_ (rising edge-triggered flip-flop clocked by clk_i)
Path Group: clk_i
Path Type: max

Fanout         Cap        Slew       Delay        Time   Description
---------------------------------------------------------------------------------------------
                      0.150000    0.000000    0.000000   clock clk_i (rise edge)
                                  0.000000    0.000000   clock network delay (ideal)
                      0.150000    0.000000    0.000000 ^ _11833_/CLK (sky130_fd_sc_hd__dfxtp_2)
    38    0.169101    1.324952    1.595995    1.595995 ^ _11833_/Q (sky130_fd_sc_hd__dfxtp_2)
                                                         state_reg[0] (net)
                      1.324952    0.000000    1.595995 ^ _06240_/B (sky130_fd_sc_hd__xor2_2)
    14    0.056520    1.063398    1.147378    2.743374 ^ _06240_/X (sky130_fd_sc_hd__xor2_2)
                                                         _04717_ (net)
                      1.063398    0.000000    2.743374 ^ _06417_/B (sky130_fd_sc_hd__nor2_2)
     2    0.006439    0.186248    0.274396    3.017770 v _06417_/Y (sky130_fd_sc_hd__nor2_2)
                                                         _05618_ (net)
                      0.186248    0.000000    3.017770 v _06565_/B1 (sky130_fd_sc_hd__a21o_2)
     2    0.010504    0.094529    0.426728    3.444498 v _06565_/X (sky130_fd_sc_hd__a21o_2)
                                                         _05763_ (net)
                      0.094529    0.000000    3.444498 v _06566_/B (sky130_fd_sc_hd__xnor2_2)
     2    0.013174    0.343294    0.328190    3.772688 ^ _06566_/Y (sky130_fd_sc_hd__xnor2_2)
                                                         _05764_ (net)
                      0.343294    0.000000    3.772688 ^ _06568_/B (sky130_fd_sc_hd__xnor2_2)
     2    0.010010    0.289610    0.322060    4.094748 ^ _06568_/Y (sky130_fd_sc_hd__xnor2_2)
                                                         _05766_ (net)
                      0.289610    0.000000    4.094748 ^ _06569_/A_N (sky130_fd_sc_hd__and2b_2)
     2    0.003781    0.075701    0.527574    4.622321 v _06569_/X (sky130_fd_sc_hd__and2b_2)
                                                         _05767_ (net)
                      0.075701    0.000000    4.622321 v _06613_/B (sky130_fd_sc_hd__or3_2)
     1    0.001490    0.150637    1.014213    5.636534 v _06613_/X (sky130_fd_sc_hd__or3_2)
                                                         _05810_ (net)
                      0.150637    0.000000    5.636534 v _06614_/B (sky130_fd_sc_hd__and2b_2)
     2    0.011059    0.108685    0.489824    6.126358 v _06614_/X (sky130_fd_sc_hd__and2b_2)
                                                         _05811_ (net)
                      0.108685    0.000000    6.126358 v _06723_/B2 (sky130_fd_sc_hd__a32o_2)
     2    0.009709    0.100564    0.469871    6.596229 v _06723_/X (sky130_fd_sc_hd__a32o_2)
                                                         _00116_ (net)
                      0.100564    0.000000    6.596229 v _06725_/B (sky130_fd_sc_hd__xnor2_2)
     2    0.013545    0.349987    0.335619    6.931848 ^ _06725_/Y (sky130_fd_sc_hd__xnor2_2)
                                                         _00118_ (net)
                      0.349987    0.000000    6.931848 ^ _06789_/A2 (sky130_fd_sc_hd__a21oi_2)
     2    0.009302    0.126680    0.238387    7.170235 v _06789_/Y (sky130_fd_sc_hd__a21oi_2)
                                                         _00181_ (net)
                      0.126680    0.000000    7.170235 v _06790_/B (sky130_fd_sc_hd__or2_2)
     3    0.011176    0.158876    0.710496    7.880731 v _06790_/X (sky130_fd_sc_hd__or2_2)
                                                         _00182_ (net)
                      0.158876    0.000000    7.880731 v _06939_/A (sky130_fd_sc_hd__or4b_2)
     4    0.015272    0.314707    1.759569    9.640300 v _06939_/X (sky130_fd_sc_hd__or4b_2)
                                                         _00329_ (net)
                      0.314707    0.000000    9.640300 v _07006_/A2 (sky130_fd_sc_hd__a21bo_2)
     2    0.006074    0.078221    0.498332   10.138632 v _07006_/X (sky130_fd_sc_hd__a21bo_2)
                                                         _00395_ (net)
                      0.078221    0.000000   10.138632 v _07008_/C (sky130_fd_sc_hd__and3_2)
     1    0.001280    0.063067    0.416023   10.554654 v _07008_/X (sky130_fd_sc_hd__and3_2)
                                                         _00397_ (net)
                      0.063067    0.000000   10.554654 v _07009_/B (sky130_fd_sc_hd__or2_2)
     3    0.012033    0.163425    0.692799   11.247453 v _07009_/X (sky130_fd_sc_hd__or2_2)
                                                         _00398_ (net)
                      0.163425    0.000000   11.247453 v _07300_/A (sky130_fd_sc_hd__or4_2)
     1    0.001359    0.197455    1.540232   12.787685 v _07300_/X (sky130_fd_sc_hd__or4_2)
                                                         _00685_ (net)
                      0.197455    0.000000   12.787685 v _07305_/A (sky130_fd_sc_hd__and3_2)
     2    0.006314    0.091019    0.444116   13.231801 v _07305_/X (sky130_fd_sc_hd__and3_2)
                                                         _00690_ (net)
                      0.091019    0.000000   13.231801 v _07306_/B1 (sky130_fd_sc_hd__a31oi_2)
     2    0.011054    0.334218    0.334372   13.566173 ^ _07306_/Y (sky130_fd_sc_hd__a31oi_2)
                                                         _00691_ (net)
                      0.334218    0.000000   13.566173 ^ _07885_/A1 (sky130_fd_sc_hd__a2111o_2)
     6    0.018648    0.172180    0.466680   14.032852 ^ _07885_/X (sky130_fd_sc_hd__a2111o_2)
                                                         _01285_ (net)
                      0.172180    0.000000   14.032852 ^ _09596_/D_N (sky130_fd_sc_hd__or4b_2)
     2    0.003687    0.225607    1.432697   15.465549 v _09596_/X (sky130_fd_sc_hd__or4b_2)
                                                         _03143_ (net)
                      0.225607    0.000000   15.465549 v _10662_/A3 (sky130_fd_sc_hd__a31o_2)
     3    0.009009    0.094021    0.547075   16.012625 v _10662_/X (sky130_fd_sc_hd__a31o_2)
                                                         _04281_ (net)
                      0.094021    0.000000   16.012625 v _11084_/A1 (sky130_fd_sc_hd__a211o_2)
     4    0.011265    0.128137    0.627722   16.640347 v _11084_/X (sky130_fd_sc_hd__a211o_2)
                                                         _04740_ (net)
                      0.128137    0.000000   16.640347 v _11088_/A1 (sky130_fd_sc_hd__a21o_2)
     2    0.006464    0.077314    0.391552   17.031898 v _11088_/X (sky130_fd_sc_hd__a21o_2)
                                                         _04744_ (net)
                      0.077314    0.000000   17.031898 v _11089_/A3 (sky130_fd_sc_hd__a32o_2)
     1    0.001577    0.060823    0.454625   17.486523 v _11089_/X (sky130_fd_sc_hd__a32o_2)
                                                         _00091_ (net)
                      0.060823    0.000000   17.486523 v _11891_/D (sky130_fd_sc_hd__dfxtp_2)
                                             17.486523   data arrival time

                      0.150000   20.000000   20.000000   clock clk_i (rise edge)
                                  0.000000   20.000000   clock network delay (ideal)
                                 -0.250000   19.750002   clock uncertainty
                                  0.000000   19.750002   clock reconvergence pessimism
                                             19.750002 ^ _11891_/CLK (sky130_fd_sc_hd__dfxtp_2)
                                 -0.248910   19.501091   library setup time
                                             19.501091   data required time
---------------------------------------------------------------------------------------------
                                             19.501091   data required time
                                            -17.486523   data arrival time
---------------------------------------------------------------------------------------------
                                              2.014568   slack (MET)


Startpoint: _11833_ (rising edge-triggered flip-flop clocked by clk_i)
Endpoint: _11864_ (rising edge-triggered flip-flop clocked by clk_i)
Path Group: clk_i
Path Type: max

Fanout         Cap        Slew       Delay        Time   Description
---------------------------------------------------------------------------------------------
                      0.150000    0.000000    0.000000   clock clk_i (rise edge)
                                  0.000000    0.000000   clock network delay (ideal)
                      0.150000    0.000000    0.000000 ^ _11833_/CLK (sky130_fd_sc_hd__dfxtp_2)
    38    0.169101    1.324952    1.595995    1.595995 ^ _11833_/Q (sky130_fd_sc_hd__dfxtp_2)
                                                         state_reg[0] (net)
                      1.324952    0.000000    1.595995 ^ _06240_/B (sky130_fd_sc_hd__xor2_2)
    14    0.056520    1.063398    1.147378    2.743374 ^ _06240_/X (sky130_fd_sc_hd__xor2_2)
                                                         _04717_ (net)
                      1.063398    0.000000    2.743374 ^ _06417_/B (sky130_fd_sc_hd__nor2_2)
     2    0.006439    0.186248    0.274396    3.017770 v _06417_/Y (sky130_fd_sc_hd__nor2_2)
                                                         _05618_ (net)
                      0.186248    0.000000    3.017770 v _06565_/B1 (sky130_fd_sc_hd__a21o_2)
     2    0.010504    0.094529    0.426728    3.444498 v _06565_/X (sky130_fd_sc_hd__a21o_2)
                                                         _05763_ (net)
                      0.094529    0.000000    3.444498 v _06566_/B (sky130_fd_sc_hd__xnor2_2)
     2    0.013174    0.343294    0.328190    3.772688 ^ _06566_/Y (sky130_fd_sc_hd__xnor2_2)
                                                         _05764_ (net)
                      0.343294    0.000000    3.772688 ^ _06568_/B (sky130_fd_sc_hd__xnor2_2)
     2    0.010010    0.289610    0.322060    4.094748 ^ _06568_/Y (sky130_fd_sc_hd__xnor2_2)
                                                         _05766_ (net)
                      0.289610    0.000000    4.094748 ^ _06569_/A_N (sky130_fd_sc_hd__and2b_2)
     2    0.003781    0.075701    0.527574    4.622321 v _06569_/X (sky130_fd_sc_hd__and2b_2)
                                                         _05767_ (net)
                      0.075701    0.000000    4.622321 v _06613_/B (sky130_fd_sc_hd__or3_2)
     1    0.001490    0.150637    1.014213    5.636534 v _06613_/X (sky130_fd_sc_hd__or3_2)
                                                         _05810_ (net)
                      0.150637    0.000000    5.636534 v _06614_/B (sky130_fd_sc_hd__and2b_2)
     2    0.011059    0.108685    0.489824    6.126358 v _06614_/X (sky130_fd_sc_hd__and2b_2)
                                                         _05811_ (net)
                      0.108685    0.000000    6.126358 v _06723_/B2 (sky130_fd_sc_hd__a32o_2)
     2    0.009709    0.100564    0.469871    6.596229 v _06723_/X (sky130_fd_sc_hd__a32o_2)
                                                         _00116_ (net)
                      0.100564    0.000000    6.596229 v _06725_/B (sky130_fd_sc_hd__xnor2_2)
     2    0.013545    0.349987    0.335619    6.931848 ^ _06725_/Y (sky130_fd_sc_hd__xnor2_2)
                                                         _00118_ (net)
                      0.349987    0.000000    6.931848 ^ _06789_/A2 (sky130_fd_sc_hd__a21oi_2)
     2    0.009302    0.126680    0.238387    7.170235 v _06789_/Y (sky130_fd_sc_hd__a21oi_2)
                                                         _00181_ (net)
                      0.126680    0.000000    7.170235 v _06790_/B (sky130_fd_sc_hd__or2_2)
     3    0.011176    0.158876    0.710496    7.880731 v _06790_/X (sky130_fd_sc_hd__or2_2)
                                                         _00182_ (net)
                      0.158876    0.000000    7.880731 v _06939_/A (sky130_fd_sc_hd__or4b_2)
     4    0.015272    0.314707    1.759569    9.640300 v _06939_/X (sky130_fd_sc_hd__or4b_2)
                                                         _00329_ (net)
                      0.314707    0.000000    9.640300 v _07006_/A2 (sky130_fd_sc_hd__a21bo_2)
     2    0.006074    0.078221    0.498332   10.138632 v _07006_/X (sky130_fd_sc_hd__a21bo_2)
                                                         _00395_ (net)
                      0.078221    0.000000   10.138632 v _07008_/C (sky130_fd_sc_hd__and3_2)
     1    0.001280    0.063067    0.416023   10.554654 v _07008_/X (sky130_fd_sc_hd__and3_2)
                                                         _00397_ (net)
                      0.063067    0.000000   10.554654 v _07009_/B (sky130_fd_sc_hd__or2_2)
     3    0.012033    0.163425    0.692799   11.247453 v _07009_/X (sky130_fd_sc_hd__or2_2)
                                                         _00398_ (net)
                      0.163425    0.000000   11.247453 v _07300_/A (sky130_fd_sc_hd__or4_2)
     1    0.001359    0.197455    1.540232   12.787685 v _07300_/X (sky130_fd_sc_hd__or4_2)
                                                         _00685_ (net)
                      0.197455    0.000000   12.787685 v _07305_/A (sky130_fd_sc_hd__and3_2)
     2    0.006314    0.091019    0.444116   13.231801 v _07305_/X (sky130_fd_sc_hd__and3_2)
                                                         _00690_ (net)
                      0.091019    0.000000   13.231801 v _07307_/B1 (sky130_fd_sc_hd__a311o_2)
     2    0.002848    0.091822    0.665279   13.897080 v _07307_/X (sky130_fd_sc_hd__a311o_2)
                                                         _00692_ (net)
                      0.091822    0.000000   13.897080 v _07378_/B (sky130_fd_sc_hd__and3_2)
     2    0.003519    0.076936    0.414066   14.311147 v _07378_/X (sky130_fd_sc_hd__and3_2)
                                                         _00762_ (net)
                      0.076936    0.000000   14.311147 v _07460_/A2 (sky130_fd_sc_hd__o31a_2)
     2    0.005703    0.106831    0.640974   14.952120 v _07460_/X (sky130_fd_sc_hd__o31a_2)
                                                         _00842_ (net)
                      0.106831    0.000000   14.952120 v _07541_/A (sky130_fd_sc_hd__or2_2)
     2    0.003764    0.118360    0.680737   15.632857 v _07541_/X (sky130_fd_sc_hd__or2_2)
                                                         _00923_ (net)
                      0.118360    0.000000   15.632857 v _07614_/B (sky130_fd_sc_hd__and2b_2)
     3    0.014492    0.122748    0.492744   16.125601 v _07614_/X (sky130_fd_sc_hd__and2b_2)
                                                         _00995_ (net)
                      0.122748    0.000000   16.125601 v _07789_/A1 (sky130_fd_sc_hd__o21bai_2)
     2    0.006142    0.197337    0.267244   16.392845 ^ _07789_/Y (sky130_fd_sc_hd__o21bai_2)
                                                         _01181_ (net)
                      0.197337    0.000000   16.392845 ^ _07791_/B (sky130_fd_sc_hd__and2_2)
     3    0.008612    0.111848    0.350992   16.743837 ^ _07791_/X (sky130_fd_sc_hd__and2_2)
                                                         _01183_ (net)
                      0.111848    0.000000   16.743837 ^ _07875_/A2 (sky130_fd_sc_hd__o21ai_2)
     1    0.002274    0.074815    0.102755   16.846592 v _07875_/Y (sky130_fd_sc_hd__o21ai_2)
                                                         _01275_ (net)
                      0.074815    0.000000   16.846592 v _07877_/B1 (sky130_fd_sc_hd__a221o_2)
     1    0.001577    0.081478    0.600188   17.446781 v _07877_/X (sky130_fd_sc_hd__a221o_2)
                                                         _00064_ (net)
                      0.081478    0.000000   17.446781 v _11864_/D (sky130_fd_sc_hd__dfxtp_2)
                                             17.446781   data arrival time

                      0.150000   20.000000   20.000000   clock clk_i (rise edge)
                                  0.000000   20.000000   clock network delay (ideal)
                                 -0.250000   19.750002   clock uncertainty
                                  0.000000   19.750002   clock reconvergence pessimism
                                             19.750002 ^ _11864_/CLK (sky130_fd_sc_hd__dfxtp_2)
                                 -0.257485   19.492517   library setup time
                                             19.492517   data required time
---------------------------------------------------------------------------------------------
                                             19.492517   data required time
                                            -17.446781   data arrival time
---------------------------------------------------------------------------------------------
                                              2.045736   slack (MET)


Startpoint: _11833_ (rising edge-triggered flip-flop clocked by clk_i)
Endpoint: _11863_ (rising edge-triggered flip-flop clocked by clk_i)
Path Group: clk_i
Path Type: max

Fanout         Cap        Slew       Delay        Time   Description
---------------------------------------------------------------------------------------------
                      0.150000    0.000000    0.000000   clock clk_i (rise edge)
                                  0.000000    0.000000   clock network delay (ideal)
                      0.150000    0.000000    0.000000 ^ _11833_/CLK (sky130_fd_sc_hd__dfxtp_2)
    38    0.169101    1.324952    1.595995    1.595995 ^ _11833_/Q (sky130_fd_sc_hd__dfxtp_2)
                                                         state_reg[0] (net)
                      1.324952    0.000000    1.595995 ^ _06240_/B (sky130_fd_sc_hd__xor2_2)
    14    0.056520    1.063398    1.147378    2.743374 ^ _06240_/X (sky130_fd_sc_hd__xor2_2)
                                                         _04717_ (net)
                      1.063398    0.000000    2.743374 ^ _06417_/B (sky130_fd_sc_hd__nor2_2)
     2    0.006439    0.186248    0.274396    3.017770 v _06417_/Y (sky130_fd_sc_hd__nor2_2)
                                                         _05618_ (net)
                      0.186248    0.000000    3.017770 v _06565_/B1 (sky130_fd_sc_hd__a21o_2)
     2    0.010504    0.094529    0.426728    3.444498 v _06565_/X (sky130_fd_sc_hd__a21o_2)
                                                         _05763_ (net)
                      0.094529    0.000000    3.444498 v _06566_/B (sky130_fd_sc_hd__xnor2_2)
     2    0.013174    0.343294    0.328190    3.772688 ^ _06566_/Y (sky130_fd_sc_hd__xnor2_2)
                                                         _05764_ (net)
                      0.343294    0.000000    3.772688 ^ _06568_/B (sky130_fd_sc_hd__xnor2_2)
     2    0.010010    0.289610    0.322060    4.094748 ^ _06568_/Y (sky130_fd_sc_hd__xnor2_2)
                                                         _05766_ (net)
                      0.289610    0.000000    4.094748 ^ _06569_/A_N (sky130_fd_sc_hd__and2b_2)
     2    0.003781    0.075701    0.527574    4.622321 v _06569_/X (sky130_fd_sc_hd__and2b_2)
                                                         _05767_ (net)
                      0.075701    0.000000    4.622321 v _06613_/B (sky130_fd_sc_hd__or3_2)
     1    0.001490    0.150637    1.014213    5.636534 v _06613_/X (sky130_fd_sc_hd__or3_2)
                                                         _05810_ (net)
                      0.150637    0.000000    5.636534 v _06614_/B (sky130_fd_sc_hd__and2b_2)
     2    0.011059    0.108685    0.489824    6.126358 v _06614_/X (sky130_fd_sc_hd__and2b_2)
                                                         _05811_ (net)
                      0.108685    0.000000    6.126358 v _06723_/B2 (sky130_fd_sc_hd__a32o_2)
     2    0.009709    0.100564    0.469871    6.596229 v _06723_/X (sky130_fd_sc_hd__a32o_2)
                                                         _00116_ (net)
                      0.100564    0.000000    6.596229 v _06725_/B (sky130_fd_sc_hd__xnor2_2)
     2    0.013545    0.349987    0.335619    6.931848 ^ _06725_/Y (sky130_fd_sc_hd__xnor2_2)
                                                         _00118_ (net)
                      0.349987    0.000000    6.931848 ^ _06789_/A2 (sky130_fd_sc_hd__a21oi_2)
     2    0.009302    0.126680    0.238387    7.170235 v _06789_/Y (sky130_fd_sc_hd__a21oi_2)
                                                         _00181_ (net)
                      0.126680    0.000000    7.170235 v _06790_/B (sky130_fd_sc_hd__or2_2)
     3    0.011176    0.158876    0.710496    7.880731 v _06790_/X (sky130_fd_sc_hd__or2_2)
                                                         _00182_ (net)
                      0.158876    0.000000    7.880731 v _06939_/A (sky130_fd_sc_hd__or4b_2)
     4    0.015272    0.314707    1.759569    9.640300 v _06939_/X (sky130_fd_sc_hd__or4b_2)
                                                         _00329_ (net)
                      0.314707    0.000000    9.640300 v _07006_/A2 (sky130_fd_sc_hd__a21bo_2)
     2    0.006074    0.078221    0.498332   10.138632 v _07006_/X (sky130_fd_sc_hd__a21bo_2)
                                                         _00395_ (net)
                      0.078221    0.000000   10.138632 v _07008_/C (sky130_fd_sc_hd__and3_2)
     1    0.001280    0.063067    0.416023   10.554654 v _07008_/X (sky130_fd_sc_hd__and3_2)
                                                         _00397_ (net)
                      0.063067    0.000000   10.554654 v _07009_/B (sky130_fd_sc_hd__or2_2)
     3    0.012033    0.163425    0.692799   11.247453 v _07009_/X (sky130_fd_sc_hd__or2_2)
                                                         _00398_ (net)
                      0.163425    0.000000   11.247453 v _07300_/A (sky130_fd_sc_hd__or4_2)
     1    0.001359    0.197455    1.540232   12.787685 v _07300_/X (sky130_fd_sc_hd__or4_2)
                                                         _00685_ (net)
                      0.197455    0.000000   12.787685 v _07305_/A (sky130_fd_sc_hd__and3_2)
     2    0.006314    0.091019    0.444116   13.231801 v _07305_/X (sky130_fd_sc_hd__and3_2)
                                                         _00690_ (net)
                      0.091019    0.000000   13.231801 v _07307_/B1 (sky130_fd_sc_hd__a311o_2)
     2    0.002848    0.091822    0.665279   13.897080 v _07307_/X (sky130_fd_sc_hd__a311o_2)
                                                         _00692_ (net)
                      0.091822    0.000000   13.897080 v _07378_/B (sky130_fd_sc_hd__and3_2)
     2    0.003519    0.076936    0.414066   14.311147 v _07378_/X (sky130_fd_sc_hd__and3_2)
                                                         _00762_ (net)
                      0.076936    0.000000   14.311147 v _07460_/A2 (sky130_fd_sc_hd__o31a_2)
     2    0.005703    0.106831    0.640974   14.952120 v _07460_/X (sky130_fd_sc_hd__o31a_2)
                                                         _00842_ (net)
                      0.106831    0.000000   14.952120 v _07541_/A (sky130_fd_sc_hd__or2_2)
     2    0.003764    0.118360    0.680737   15.632857 v _07541_/X (sky130_fd_sc_hd__or2_2)
                                                         _00923_ (net)
                      0.118360    0.000000   15.632857 v _07614_/B (sky130_fd_sc_hd__and2b_2)
     3    0.014492    0.122748    0.492744   16.125601 v _07614_/X (sky130_fd_sc_hd__and2b_2)
                                                         _00995_ (net)
                      0.122748    0.000000   16.125601 v _07789_/A1 (sky130_fd_sc_hd__o21bai_2)
     2    0.006142    0.197337    0.267244   16.392845 ^ _07789_/Y (sky130_fd_sc_hd__o21bai_2)
                                                         _01181_ (net)
                      0.197337    0.000000   16.392845 ^ _07791_/B (sky130_fd_sc_hd__and2_2)
     3    0.008612    0.111848    0.350992   16.743837 ^ _07791_/X (sky130_fd_sc_hd__and2_2)
                                                         _01183_ (net)
                      0.111848    0.000000   16.743837 ^ _07792_/B (sky130_fd_sc_hd__or2_2)
     1    0.001765    0.054106    0.183338   16.927176 ^ _07792_/X (sky130_fd_sc_hd__or2_2)
                                                         _01184_ (net)
                      0.054106    0.000000   16.927176 ^ _07793_/A2_N (sky130_fd_sc_hd__a2bb2o_2)
     1    0.001577    0.072490    0.494191   17.421366 v _07793_/X (sky130_fd_sc_hd__a2bb2o_2)
                                                         _00063_ (net)
                      0.072490    0.000000   17.421366 v _11863_/D (sky130_fd_sc_hd__dfxtp_2)
                                             17.421366   data arrival time

                      0.150000   20.000000   20.000000   clock clk_i (rise edge)
                                  0.000000   20.000000   clock network delay (ideal)
                                 -0.250000   19.750002   clock uncertainty
                                  0.000000   19.750002   clock reconvergence pessimism
                                             19.750002 ^ _11863_/CLK (sky130_fd_sc_hd__dfxtp_2)
                                 -0.253754   19.496246   library setup time
                                             19.496246   data required time
---------------------------------------------------------------------------------------------
                                             19.496246   data required time
                                            -17.421366   data arrival time
---------------------------------------------------------------------------------------------
                                              2.074881   slack (MET)


Startpoint: _11833_ (rising edge-triggered flip-flop clocked by clk_i)
Endpoint: _11862_ (rising edge-triggered flip-flop clocked by clk_i)
Path Group: clk_i
Path Type: max

Fanout         Cap        Slew       Delay        Time   Description
---------------------------------------------------------------------------------------------
                      0.150000    0.000000    0.000000   clock clk_i (rise edge)
                                  0.000000    0.000000   clock network delay (ideal)
                      0.150000    0.000000    0.000000 ^ _11833_/CLK (sky130_fd_sc_hd__dfxtp_2)
    38    0.169101    1.324952    1.595995    1.595995 ^ _11833_/Q (sky130_fd_sc_hd__dfxtp_2)
                                                         state_reg[0] (net)
                      1.324952    0.000000    1.595995 ^ _06240_/B (sky130_fd_sc_hd__xor2_2)
    14    0.056520    1.063398    1.147378    2.743374 ^ _06240_/X (sky130_fd_sc_hd__xor2_2)
                                                         _04717_ (net)
                      1.063398    0.000000    2.743374 ^ _06417_/B (sky130_fd_sc_hd__nor2_2)
     2    0.006439    0.186248    0.274396    3.017770 v _06417_/Y (sky130_fd_sc_hd__nor2_2)
                                                         _05618_ (net)
                      0.186248    0.000000    3.017770 v _06565_/B1 (sky130_fd_sc_hd__a21o_2)
     2    0.010504    0.094529    0.426728    3.444498 v _06565_/X (sky130_fd_sc_hd__a21o_2)
                                                         _05763_ (net)
                      0.094529    0.000000    3.444498 v _06566_/B (sky130_fd_sc_hd__xnor2_2)
     2    0.013174    0.343294    0.328190    3.772688 ^ _06566_/Y (sky130_fd_sc_hd__xnor2_2)
                                                         _05764_ (net)
                      0.343294    0.000000    3.772688 ^ _06568_/B (sky130_fd_sc_hd__xnor2_2)
     2    0.010010    0.289610    0.322060    4.094748 ^ _06568_/Y (sky130_fd_sc_hd__xnor2_2)
                                                         _05766_ (net)
                      0.289610    0.000000    4.094748 ^ _06569_/A_N (sky130_fd_sc_hd__and2b_2)
     2    0.003781    0.075701    0.527574    4.622321 v _06569_/X (sky130_fd_sc_hd__and2b_2)
                                                         _05767_ (net)
                      0.075701    0.000000    4.622321 v _06613_/B (sky130_fd_sc_hd__or3_2)
     1    0.001490    0.150637    1.014213    5.636534 v _06613_/X (sky130_fd_sc_hd__or3_2)
                                                         _05810_ (net)
                      0.150637    0.000000    5.636534 v _06614_/B (sky130_fd_sc_hd__and2b_2)
     2    0.011059    0.108685    0.489824    6.126358 v _06614_/X (sky130_fd_sc_hd__and2b_2)
                                                         _05811_ (net)
                      0.108685    0.000000    6.126358 v _06723_/B2 (sky130_fd_sc_hd__a32o_2)
     2    0.009709    0.100564    0.469871    6.596229 v _06723_/X (sky130_fd_sc_hd__a32o_2)
                                                         _00116_ (net)
                      0.100564    0.000000    6.596229 v _06725_/B (sky130_fd_sc_hd__xnor2_2)
     2    0.013545    0.349987    0.335619    6.931848 ^ _06725_/Y (sky130_fd_sc_hd__xnor2_2)
                                                         _00118_ (net)
                      0.349987    0.000000    6.931848 ^ _06789_/A2 (sky130_fd_sc_hd__a21oi_2)
     2    0.009302    0.126680    0.238387    7.170235 v _06789_/Y (sky130_fd_sc_hd__a21oi_2)
                                                         _00181_ (net)
                      0.126680    0.000000    7.170235 v _06790_/B (sky130_fd_sc_hd__or2_2)
     3    0.011176    0.158876    0.710496    7.880731 v _06790_/X (sky130_fd_sc_hd__or2_2)
                                                         _00182_ (net)
                      0.158876    0.000000    7.880731 v _06939_/A (sky130_fd_sc_hd__or4b_2)
     4    0.015272    0.314707    1.759569    9.640300 v _06939_/X (sky130_fd_sc_hd__or4b_2)
                                                         _00329_ (net)
                      0.314707    0.000000    9.640300 v _07006_/A2 (sky130_fd_sc_hd__a21bo_2)
     2    0.006074    0.078221    0.498332   10.138632 v _07006_/X (sky130_fd_sc_hd__a21bo_2)
                                                         _00395_ (net)
                      0.078221    0.000000   10.138632 v _07008_/C (sky130_fd_sc_hd__and3_2)
     1    0.001280    0.063067    0.416023   10.554654 v _07008_/X (sky130_fd_sc_hd__and3_2)
                                                         _00397_ (net)
                      0.063067    0.000000   10.554654 v _07009_/B (sky130_fd_sc_hd__or2_2)
     3    0.012033    0.163425    0.692799   11.247453 v _07009_/X (sky130_fd_sc_hd__or2_2)
                                                         _00398_ (net)
                      0.163425    0.000000   11.247453 v _07300_/A (sky130_fd_sc_hd__or4_2)
     1    0.001359    0.197455    1.540232   12.787685 v _07300_/X (sky130_fd_sc_hd__or4_2)
                                                         _00685_ (net)
                      0.197455    0.000000   12.787685 v _07305_/A (sky130_fd_sc_hd__and3_2)
     2    0.006314    0.091019    0.444116   13.231801 v _07305_/X (sky130_fd_sc_hd__and3_2)
                                                         _00690_ (net)
                      0.091019    0.000000   13.231801 v _07307_/B1 (sky130_fd_sc_hd__a311o_2)
     2    0.002848    0.091822    0.665279   13.897080 v _07307_/X (sky130_fd_sc_hd__a311o_2)
                                                         _00692_ (net)
                      0.091822    0.000000   13.897080 v _07378_/B (sky130_fd_sc_hd__and3_2)
     2    0.003519    0.076936    0.414066   14.311147 v _07378_/X (sky130_fd_sc_hd__and3_2)
                                                         _00762_ (net)
                      0.076936    0.000000   14.311147 v _07460_/A2 (sky130_fd_sc_hd__o31a_2)
     2    0.005703    0.106831    0.640974   14.952120 v _07460_/X (sky130_fd_sc_hd__o31a_2)
                                                         _00842_ (net)
                      0.106831    0.000000   14.952120 v _07541_/A (sky130_fd_sc_hd__or2_2)
     2    0.003764    0.118360    0.680737   15.632857 v _07541_/X (sky130_fd_sc_hd__or2_2)
                                                         _00923_ (net)
                      0.118360    0.000000   15.632857 v _07614_/B (sky130_fd_sc_hd__and2b_2)
     3    0.014492    0.122748    0.492744   16.125601 v _07614_/X (sky130_fd_sc_hd__and2b_2)
                                                         _00995_ (net)
                      0.122748    0.000000   16.125601 v _07699_/A2 (sky130_fd_sc_hd__o21ba_2)
     2    0.006422    0.079280    0.405663   16.531263 v _07699_/X (sky130_fd_sc_hd__o21ba_2)
                                                         _01083_ (net)
                      0.079280    0.000000   16.531263 v _07701_/A2 (sky130_fd_sc_hd__a21o_2)
     1    0.002251    0.058581    0.371532   16.902796 v _07701_/X (sky130_fd_sc_hd__a21o_2)
                                                         _01085_ (net)
                      0.058581    0.000000   16.902796 v _07702_/B2 (sky130_fd_sc_hd__o221a_2)
     1    0.001577    0.071680    0.411806   17.314602 v _07702_/X (sky130_fd_sc_hd__o221a_2)
                                                         _00062_ (net)
                      0.071680    0.000000   17.314602 v _11862_/D (sky130_fd_sc_hd__dfxtp_2)
                                             17.314602   data arrival time

                      0.150000   20.000000   20.000000   clock clk_i (rise edge)
                                  0.000000   20.000000   clock network delay (ideal)
                                 -0.250000   19.750002   clock uncertainty
                                  0.000000   19.750002   clock reconvergence pessimism
                                             19.750002 ^ _11862_/CLK (sky130_fd_sc_hd__dfxtp_2)
                                 -0.253418   19.496582   library setup time
                                             19.496582   data required time
---------------------------------------------------------------------------------------------
                                             19.496582   data required time
                                            -17.314602   data arrival time
---------------------------------------------------------------------------------------------
                                              2.181981   slack (MET)


Startpoint: _11833_ (rising edge-triggered flip-flop clocked by clk_i)
Endpoint: _11884_ (rising edge-triggered flip-flop clocked by clk_i)
Path Group: clk_i
Path Type: max

Fanout         Cap        Slew       Delay        Time   Description
---------------------------------------------------------------------------------------------
                      0.150000    0.000000    0.000000   clock clk_i (rise edge)
                                  0.000000    0.000000   clock network delay (ideal)
                      0.150000    0.000000    0.000000 ^ _11833_/CLK (sky130_fd_sc_hd__dfxtp_2)
    38    0.169101    1.324952    1.595995    1.595995 ^ _11833_/Q (sky130_fd_sc_hd__dfxtp_2)
                                                         state_reg[0] (net)
                      1.324952    0.000000    1.595995 ^ _06240_/B (sky130_fd_sc_hd__xor2_2)
    14    0.056520    1.063398    1.147378    2.743374 ^ _06240_/X (sky130_fd_sc_hd__xor2_2)
                                                         _04717_ (net)
                      1.063398    0.000000    2.743374 ^ _06417_/B (sky130_fd_sc_hd__nor2_2)
     2    0.006439    0.186248    0.274396    3.017770 v _06417_/Y (sky130_fd_sc_hd__nor2_2)
                                                         _05618_ (net)
                      0.186248    0.000000    3.017770 v _06565_/B1 (sky130_fd_sc_hd__a21o_2)
     2    0.010504    0.094529    0.426728    3.444498 v _06565_/X (sky130_fd_sc_hd__a21o_2)
                                                         _05763_ (net)
                      0.094529    0.000000    3.444498 v _06566_/B (sky130_fd_sc_hd__xnor2_2)
     2    0.013174    0.343294    0.328190    3.772688 ^ _06566_/Y (sky130_fd_sc_hd__xnor2_2)
                                                         _05764_ (net)
                      0.343294    0.000000    3.772688 ^ _06568_/B (sky130_fd_sc_hd__xnor2_2)
     2    0.010010    0.289610    0.322060    4.094748 ^ _06568_/Y (sky130_fd_sc_hd__xnor2_2)
                                                         _05766_ (net)
                      0.289610    0.000000    4.094748 ^ _06569_/A_N (sky130_fd_sc_hd__and2b_2)
     2    0.003781    0.075701    0.527574    4.622321 v _06569_/X (sky130_fd_sc_hd__and2b_2)
                                                         _05767_ (net)
                      0.075701    0.000000    4.622321 v _06613_/B (sky130_fd_sc_hd__or3_2)
     1    0.001490    0.150637    1.014213    5.636534 v _06613_/X (sky130_fd_sc_hd__or3_2)
                                                         _05810_ (net)
                      0.150637    0.000000    5.636534 v _06614_/B (sky130_fd_sc_hd__and2b_2)
     2    0.011059    0.108685    0.489824    6.126358 v _06614_/X (sky130_fd_sc_hd__and2b_2)
                                                         _05811_ (net)
                      0.108685    0.000000    6.126358 v _06723_/B2 (sky130_fd_sc_hd__a32o_2)
     2    0.009709    0.100564    0.469871    6.596229 v _06723_/X (sky130_fd_sc_hd__a32o_2)
                                                         _00116_ (net)
                      0.100564    0.000000    6.596229 v _06725_/B (sky130_fd_sc_hd__xnor2_2)
     2    0.013545    0.349987    0.335619    6.931848 ^ _06725_/Y (sky130_fd_sc_hd__xnor2_2)
                                                         _00118_ (net)
                      0.349987    0.000000    6.931848 ^ _06789_/A2 (sky130_fd_sc_hd__a21oi_2)
     2    0.009302    0.126680    0.238387    7.170235 v _06789_/Y (sky130_fd_sc_hd__a21oi_2)
                                                         _00181_ (net)
                      0.126680    0.000000    7.170235 v _06790_/B (sky130_fd_sc_hd__or2_2)
     3    0.011176    0.158876    0.710496    7.880731 v _06790_/X (sky130_fd_sc_hd__or2_2)
                                                         _00182_ (net)
                      0.158876    0.000000    7.880731 v _06939_/A (sky130_fd_sc_hd__or4b_2)
     4    0.015272    0.314707    1.759569    9.640300 v _06939_/X (sky130_fd_sc_hd__or4b_2)
                                                         _00329_ (net)
                      0.314707    0.000000    9.640300 v _07006_/A2 (sky130_fd_sc_hd__a21bo_2)
     2    0.006074    0.078221    0.498332   10.138632 v _07006_/X (sky130_fd_sc_hd__a21bo_2)
                                                         _00395_ (net)
                      0.078221    0.000000   10.138632 v _07008_/C (sky130_fd_sc_hd__and3_2)
     1    0.001280    0.063067    0.416023   10.554654 v _07008_/X (sky130_fd_sc_hd__and3_2)
                                                         _00397_ (net)
                      0.063067    0.000000   10.554654 v _07009_/B (sky130_fd_sc_hd__or2_2)
     3    0.012033    0.163425    0.692799   11.247453 v _07009_/X (sky130_fd_sc_hd__or2_2)
                                                         _00398_ (net)
                      0.163425    0.000000   11.247453 v _07300_/A (sky130_fd_sc_hd__or4_2)
     1    0.001359    0.197455    1.540232   12.787685 v _07300_/X (sky130_fd_sc_hd__or4_2)
                                                         _00685_ (net)
                      0.197455    0.000000   12.787685 v _07305_/A (sky130_fd_sc_hd__and3_2)
     2    0.006314    0.091019    0.444116   13.231801 v _07305_/X (sky130_fd_sc_hd__and3_2)
                                                         _00690_ (net)
                      0.091019    0.000000   13.231801 v _07306_/B1 (sky130_fd_sc_hd__a31oi_2)
     2    0.011054    0.334218    0.334372   13.566173 ^ _07306_/Y (sky130_fd_sc_hd__a31oi_2)
                                                         _00691_ (net)
                      0.334218    0.000000   13.566173 ^ _07885_/A1 (sky130_fd_sc_hd__a2111o_2)
     6    0.018648    0.172180    0.466680   14.032852 ^ _07885_/X (sky130_fd_sc_hd__a2111o_2)
                                                         _01285_ (net)
                      0.172180    0.000000   14.032852 ^ _09596_/D_N (sky130_fd_sc_hd__or4b_2)
     2    0.003687    0.225607    1.432697   15.465549 v _09596_/X (sky130_fd_sc_hd__or4b_2)
                                                         _03143_ (net)
                      0.225607    0.000000   15.465549 v _09597_/C (sky130_fd_sc_hd__and3_2)
     2    0.004533    0.082245    0.519727   15.985276 v _09597_/X (sky130_fd_sc_hd__and3_2)
                                                         _03144_ (net)
                      0.082245    0.000000   15.985276 v _09973_/A1 (sky130_fd_sc_hd__o21a_2)
     3    0.009681    0.093102    0.428262   16.413538 v _09973_/X (sky130_fd_sc_hd__o21a_2)
                                                         _03548_ (net)
                      0.093102    0.000000   16.413538 v _10101_/A2 (sky130_fd_sc_hd__o21bai_2)
     2    0.007114    0.213217    0.228180   16.641718 ^ _10101_/Y (sky130_fd_sc_hd__o21bai_2)
                                                         _03685_ (net)
                      0.213217    0.000000   16.641718 ^ _10102_/B (sky130_fd_sc_hd__nor2_2)
     1    0.002284    0.059889    0.098860   16.740578 v _10102_/Y (sky130_fd_sc_hd__nor2_2)
                                                         _03686_ (net)
                      0.059889    0.000000   16.740578 v _10104_/B1 (sky130_fd_sc_hd__o221a_2)
     1    0.001577    0.071680    0.441649   17.182226 v _10104_/X (sky130_fd_sc_hd__o221a_2)
                                                         _00084_ (net)
                      0.071680    0.000000   17.182226 v _11884_/D (sky130_fd_sc_hd__dfxtp_2)
                                             17.182226   data arrival time

                      0.150000   20.000000   20.000000   clock clk_i (rise edge)
                                  0.000000   20.000000   clock network delay (ideal)
                                 -0.250000   19.750002   clock uncertainty
                                  0.000000   19.750002   clock reconvergence pessimism
                                             19.750002 ^ _11884_/CLK (sky130_fd_sc_hd__dfxtp_2)
                                 -0.253418   19.496582   library setup time
                                             19.496582   data required time
---------------------------------------------------------------------------------------------
                                             19.496582   data required time
                                            -17.182226   data arrival time
---------------------------------------------------------------------------------------------
                                              2.314357   slack (MET)


Startpoint: _11833_ (rising edge-triggered flip-flop clocked by clk_i)
Endpoint: _11890_ (rising edge-triggered flip-flop clocked by clk_i)
Path Group: clk_i
Path Type: max

Fanout         Cap        Slew       Delay        Time   Description
---------------------------------------------------------------------------------------------
                      0.150000    0.000000    0.000000   clock clk_i (rise edge)
                                  0.000000    0.000000   clock network delay (ideal)
                      0.150000    0.000000    0.000000 ^ _11833_/CLK (sky130_fd_sc_hd__dfxtp_2)
    38    0.169101    1.324952    1.595995    1.595995 ^ _11833_/Q (sky130_fd_sc_hd__dfxtp_2)
                                                         state_reg[0] (net)
                      1.324952    0.000000    1.595995 ^ _06240_/B (sky130_fd_sc_hd__xor2_2)
    14    0.056520    1.063398    1.147378    2.743374 ^ _06240_/X (sky130_fd_sc_hd__xor2_2)
                                                         _04717_ (net)
                      1.063398    0.000000    2.743374 ^ _06417_/B (sky130_fd_sc_hd__nor2_2)
     2    0.006439    0.186248    0.274396    3.017770 v _06417_/Y (sky130_fd_sc_hd__nor2_2)
                                                         _05618_ (net)
                      0.186248    0.000000    3.017770 v _06565_/B1 (sky130_fd_sc_hd__a21o_2)
     2    0.010504    0.094529    0.426728    3.444498 v _06565_/X (sky130_fd_sc_hd__a21o_2)
                                                         _05763_ (net)
                      0.094529    0.000000    3.444498 v _06566_/B (sky130_fd_sc_hd__xnor2_2)
     2    0.013174    0.343294    0.328190    3.772688 ^ _06566_/Y (sky130_fd_sc_hd__xnor2_2)
                                                         _05764_ (net)
                      0.343294    0.000000    3.772688 ^ _06568_/B (sky130_fd_sc_hd__xnor2_2)
     2    0.010010    0.289610    0.322060    4.094748 ^ _06568_/Y (sky130_fd_sc_hd__xnor2_2)
                                                         _05766_ (net)
                      0.289610    0.000000    4.094748 ^ _06569_/A_N (sky130_fd_sc_hd__and2b_2)
     2    0.003781    0.075701    0.527574    4.622321 v _06569_/X (sky130_fd_sc_hd__and2b_2)
                                                         _05767_ (net)
                      0.075701    0.000000    4.622321 v _06613_/B (sky130_fd_sc_hd__or3_2)
     1    0.001490    0.150637    1.014213    5.636534 v _06613_/X (sky130_fd_sc_hd__or3_2)
                                                         _05810_ (net)
                      0.150637    0.000000    5.636534 v _06614_/B (sky130_fd_sc_hd__and2b_2)
     2    0.011059    0.108685    0.489824    6.126358 v _06614_/X (sky130_fd_sc_hd__and2b_2)
                                                         _05811_ (net)
                      0.108685    0.000000    6.126358 v _06723_/B2 (sky130_fd_sc_hd__a32o_2)
     2    0.009709    0.100564    0.469871    6.596229 v _06723_/X (sky130_fd_sc_hd__a32o_2)
                                                         _00116_ (net)
                      0.100564    0.000000    6.596229 v _06725_/B (sky130_fd_sc_hd__xnor2_2)
     2    0.013545    0.349987    0.335619    6.931848 ^ _06725_/Y (sky130_fd_sc_hd__xnor2_2)
                                                         _00118_ (net)
                      0.349987    0.000000    6.931848 ^ _06789_/A2 (sky130_fd_sc_hd__a21oi_2)
     2    0.009302    0.126680    0.238387    7.170235 v _06789_/Y (sky130_fd_sc_hd__a21oi_2)
                                                         _00181_ (net)
                      0.126680    0.000000    7.170235 v _06790_/B (sky130_fd_sc_hd__or2_2)
     3    0.011176    0.158876    0.710496    7.880731 v _06790_/X (sky130_fd_sc_hd__or2_2)
                                                         _00182_ (net)
                      0.158876    0.000000    7.880731 v _06939_/A (sky130_fd_sc_hd__or4b_2)
     4    0.015272    0.314707    1.759569    9.640300 v _06939_/X (sky130_fd_sc_hd__or4b_2)
                                                         _00329_ (net)
                      0.314707    0.000000    9.640300 v _07006_/A2 (sky130_fd_sc_hd__a21bo_2)
     2    0.006074    0.078221    0.498332   10.138632 v _07006_/X (sky130_fd_sc_hd__a21bo_2)
                                                         _00395_ (net)
                      0.078221    0.000000   10.138632 v _07008_/C (sky130_fd_sc_hd__and3_2)
     1    0.001280    0.063067    0.416023   10.554654 v _07008_/X (sky130_fd_sc_hd__and3_2)
                                                         _00397_ (net)
                      0.063067    0.000000   10.554654 v _07009_/B (sky130_fd_sc_hd__or2_2)
     3    0.012033    0.163425    0.692799   11.247453 v _07009_/X (sky130_fd_sc_hd__or2_2)
                                                         _00398_ (net)
                      0.163425    0.000000   11.247453 v _07300_/A (sky130_fd_sc_hd__or4_2)
     1    0.001359    0.197455    1.540232   12.787685 v _07300_/X (sky130_fd_sc_hd__or4_2)
                                                         _00685_ (net)
                      0.197455    0.000000   12.787685 v _07305_/A (sky130_fd_sc_hd__and3_2)
     2    0.006314    0.091019    0.444116   13.231801 v _07305_/X (sky130_fd_sc_hd__and3_2)
                                                         _00690_ (net)
                      0.091019    0.000000   13.231801 v _07306_/B1 (sky130_fd_sc_hd__a31oi_2)
     2    0.011054    0.334218    0.334372   13.566173 ^ _07306_/Y (sky130_fd_sc_hd__a31oi_2)
                                                         _00691_ (net)
                      0.334218    0.000000   13.566173 ^ _07885_/A1 (sky130_fd_sc_hd__a2111o_2)
     6    0.018648    0.172180    0.466680   14.032852 ^ _07885_/X (sky130_fd_sc_hd__a2111o_2)
                                                         _01285_ (net)
                      0.172180    0.000000   14.032852 ^ _09596_/D_N (sky130_fd_sc_hd__or4b_2)
     2    0.003687    0.225607    1.432697   15.465549 v _09596_/X (sky130_fd_sc_hd__or4b_2)
                                                         _03143_ (net)
                      0.225607    0.000000   15.465549 v _10662_/A3 (sky130_fd_sc_hd__a31o_2)
     3    0.009009    0.094021    0.547075   16.012625 v _10662_/X (sky130_fd_sc_hd__a31o_2)
                                                         _04281_ (net)
                      0.094021    0.000000   16.012625 v _10799_/A1 (sky130_fd_sc_hd__a21o_2)
     2    0.006544    0.077642    0.377327   16.389952 v _10799_/X (sky130_fd_sc_hd__a21o_2)
                                                         _04429_ (net)
                      0.077642    0.000000   16.389952 v _10943_/B1 (sky130_fd_sc_hd__o21ai_2)
     2    0.007114    0.211453    0.109052   16.499004 ^ _10943_/Y (sky130_fd_sc_hd__o21ai_2)
                                                         _04586_ (net)
                      0.211453    0.000000   16.499004 ^ _10944_/B (sky130_fd_sc_hd__nor2_2)
     1    0.002284    0.062457    0.098346   16.597349 v _10944_/Y (sky130_fd_sc_hd__nor2_2)
                                                         _04588_ (net)
                      0.062457    0.000000   16.597349 v _10946_/B1 (sky130_fd_sc_hd__o221a_2)
     1    0.001577    0.071680    0.442844   17.040194 v _10946_/X (sky130_fd_sc_hd__o221a_2)
                                                         _00090_ (net)
                      0.071680    0.000000   17.040194 v _11890_/D (sky130_fd_sc_hd__dfxtp_2)
                                             17.040194   data arrival time

                      0.150000   20.000000   20.000000   clock clk_i (rise edge)
                                  0.000000   20.000000   clock network delay (ideal)
                                 -0.250000   19.750002   clock uncertainty
                                  0.000000   19.750002   clock reconvergence pessimism
                                             19.750002 ^ _11890_/CLK (sky130_fd_sc_hd__dfxtp_2)
                                 -0.253418   19.496582   library setup time
                                             19.496582   data required time
---------------------------------------------------------------------------------------------
                                             19.496582   data required time
                                            -17.040194   data arrival time
---------------------------------------------------------------------------------------------
                                              2.456389   slack (MET)


Startpoint: _11833_ (rising edge-triggered flip-flop clocked by clk_i)
Endpoint: _11889_ (rising edge-triggered flip-flop clocked by clk_i)
Path Group: clk_i
Path Type: max

Fanout         Cap        Slew       Delay        Time   Description
---------------------------------------------------------------------------------------------
                      0.150000    0.000000    0.000000   clock clk_i (rise edge)
                                  0.000000    0.000000   clock network delay (ideal)
                      0.150000    0.000000    0.000000 ^ _11833_/CLK (sky130_fd_sc_hd__dfxtp_2)
    38    0.169101    1.324952    1.595995    1.595995 ^ _11833_/Q (sky130_fd_sc_hd__dfxtp_2)
                                                         state_reg[0] (net)
                      1.324952    0.000000    1.595995 ^ _06240_/B (sky130_fd_sc_hd__xor2_2)
    14    0.056520    1.063398    1.147378    2.743374 ^ _06240_/X (sky130_fd_sc_hd__xor2_2)
                                                         _04717_ (net)
                      1.063398    0.000000    2.743374 ^ _06417_/B (sky130_fd_sc_hd__nor2_2)
     2    0.006439    0.186248    0.274396    3.017770 v _06417_/Y (sky130_fd_sc_hd__nor2_2)
                                                         _05618_ (net)
                      0.186248    0.000000    3.017770 v _06565_/B1 (sky130_fd_sc_hd__a21o_2)
     2    0.010504    0.094529    0.426728    3.444498 v _06565_/X (sky130_fd_sc_hd__a21o_2)
                                                         _05763_ (net)
                      0.094529    0.000000    3.444498 v _06566_/B (sky130_fd_sc_hd__xnor2_2)
     2    0.013174    0.343294    0.328190    3.772688 ^ _06566_/Y (sky130_fd_sc_hd__xnor2_2)
                                                         _05764_ (net)
                      0.343294    0.000000    3.772688 ^ _06568_/B (sky130_fd_sc_hd__xnor2_2)
     2    0.010010    0.289610    0.322060    4.094748 ^ _06568_/Y (sky130_fd_sc_hd__xnor2_2)
                                                         _05766_ (net)
                      0.289610    0.000000    4.094748 ^ _06569_/A_N (sky130_fd_sc_hd__and2b_2)
     2    0.003781    0.075701    0.527574    4.622321 v _06569_/X (sky130_fd_sc_hd__and2b_2)
                                                         _05767_ (net)
                      0.075701    0.000000    4.622321 v _06613_/B (sky130_fd_sc_hd__or3_2)
     1    0.001490    0.150637    1.014213    5.636534 v _06613_/X (sky130_fd_sc_hd__or3_2)
                                                         _05810_ (net)
                      0.150637    0.000000    5.636534 v _06614_/B (sky130_fd_sc_hd__and2b_2)
     2    0.011059    0.108685    0.489824    6.126358 v _06614_/X (sky130_fd_sc_hd__and2b_2)
                                                         _05811_ (net)
                      0.108685    0.000000    6.126358 v _06723_/B2 (sky130_fd_sc_hd__a32o_2)
     2    0.009709    0.100564    0.469871    6.596229 v _06723_/X (sky130_fd_sc_hd__a32o_2)
                                                         _00116_ (net)
                      0.100564    0.000000    6.596229 v _06725_/B (sky130_fd_sc_hd__xnor2_2)
     2    0.013545    0.349987    0.335619    6.931848 ^ _06725_/Y (sky130_fd_sc_hd__xnor2_2)
                                                         _00118_ (net)
                      0.349987    0.000000    6.931848 ^ _06789_/A2 (sky130_fd_sc_hd__a21oi_2)
     2    0.009302    0.126680    0.238387    7.170235 v _06789_/Y (sky130_fd_sc_hd__a21oi_2)
                                                         _00181_ (net)
                      0.126680    0.000000    7.170235 v _06790_/B (sky130_fd_sc_hd__or2_2)
     3    0.011176    0.158876    0.710496    7.880731 v _06790_/X (sky130_fd_sc_hd__or2_2)
                                                         _00182_ (net)
                      0.158876    0.000000    7.880731 v _06939_/A (sky130_fd_sc_hd__or4b_2)
     4    0.015272    0.314707    1.759569    9.640300 v _06939_/X (sky130_fd_sc_hd__or4b_2)
                                                         _00329_ (net)
                      0.314707    0.000000    9.640300 v _07006_/A2 (sky130_fd_sc_hd__a21bo_2)
     2    0.006074    0.078221    0.498332   10.138632 v _07006_/X (sky130_fd_sc_hd__a21bo_2)
                                                         _00395_ (net)
                      0.078221    0.000000   10.138632 v _07008_/C (sky130_fd_sc_hd__and3_2)
     1    0.001280    0.063067    0.416023   10.554654 v _07008_/X (sky130_fd_sc_hd__and3_2)
                                                         _00397_ (net)
                      0.063067    0.000000   10.554654 v _07009_/B (sky130_fd_sc_hd__or2_2)
     3    0.012033    0.163425    0.692799   11.247453 v _07009_/X (sky130_fd_sc_hd__or2_2)
                                                         _00398_ (net)
                      0.163425    0.000000   11.247453 v _07300_/A (sky130_fd_sc_hd__or4_2)
     1    0.001359    0.197455    1.540232   12.787685 v _07300_/X (sky130_fd_sc_hd__or4_2)
                                                         _00685_ (net)
                      0.197455    0.000000   12.787685 v _07305_/A (sky130_fd_sc_hd__and3_2)
     2    0.006314    0.091019    0.444116   13.231801 v _07305_/X (sky130_fd_sc_hd__and3_2)
                                                         _00690_ (net)
                      0.091019    0.000000   13.231801 v _07306_/B1 (sky130_fd_sc_hd__a31oi_2)
     2    0.011054    0.334218    0.334372   13.566173 ^ _07306_/Y (sky130_fd_sc_hd__a31oi_2)
                                                         _00691_ (net)
                      0.334218    0.000000   13.566173 ^ _07885_/A1 (sky130_fd_sc_hd__a2111o_2)
     6    0.018648    0.172180    0.466680   14.032852 ^ _07885_/X (sky130_fd_sc_hd__a2111o_2)
                                                         _01285_ (net)
                      0.172180    0.000000   14.032852 ^ _09596_/D_N (sky130_fd_sc_hd__or4b_2)
     2    0.003687    0.225607    1.432697   15.465549 v _09596_/X (sky130_fd_sc_hd__or4b_2)
                                                         _03143_ (net)
                      0.225607    0.000000   15.465549 v _10662_/A3 (sky130_fd_sc_hd__a31o_2)
     3    0.009009    0.094021    0.547075   16.012625 v _10662_/X (sky130_fd_sc_hd__a31o_2)
                                                         _04281_ (net)
                      0.094021    0.000000   16.012625 v _10799_/A1 (sky130_fd_sc_hd__a21o_2)
     2    0.006544    0.077642    0.377327   16.389952 v _10799_/X (sky130_fd_sc_hd__a21o_2)
                                                         _04429_ (net)
                      0.077642    0.000000   16.389952 v _10801_/B1 (sky130_fd_sc_hd__a221o_2)
     1    0.001577    0.081478    0.601176   16.991127 v _10801_/X (sky130_fd_sc_hd__a221o_2)
                                                         _00089_ (net)
                      0.081478    0.000000   16.991127 v _11889_/D (sky130_fd_sc_hd__dfxtp_2)
                                             16.991127   data arrival time

                      0.150000   20.000000   20.000000   clock clk_i (rise edge)
                                  0.000000   20.000000   clock network delay (ideal)
                                 -0.250000   19.750002   clock uncertainty
                                  0.000000   19.750002   clock reconvergence pessimism
                                             19.750002 ^ _11889_/CLK (sky130_fd_sc_hd__dfxtp_2)
                                 -0.257485   19.492517   library setup time
                                             19.492517   data required time
---------------------------------------------------------------------------------------------
                                             19.492517   data required time
                                            -16.991127   data arrival time
---------------------------------------------------------------------------------------------
                                              2.501390   slack (MET)


Startpoint: _11833_ (rising edge-triggered flip-flop clocked by clk_i)
Endpoint: _11861_ (rising edge-triggered flip-flop clocked by clk_i)
Path Group: clk_i
Path Type: max

Fanout         Cap        Slew       Delay        Time   Description
---------------------------------------------------------------------------------------------
                      0.150000    0.000000    0.000000   clock clk_i (rise edge)
                                  0.000000    0.000000   clock network delay (ideal)
                      0.150000    0.000000    0.000000 ^ _11833_/CLK (sky130_fd_sc_hd__dfxtp_2)
    38    0.169101    1.324952    1.595995    1.595995 ^ _11833_/Q (sky130_fd_sc_hd__dfxtp_2)
                                                         state_reg[0] (net)
                      1.324952    0.000000    1.595995 ^ _06240_/B (sky130_fd_sc_hd__xor2_2)
    14    0.056520    1.063398    1.147378    2.743374 ^ _06240_/X (sky130_fd_sc_hd__xor2_2)
                                                         _04717_ (net)
                      1.063398    0.000000    2.743374 ^ _06417_/B (sky130_fd_sc_hd__nor2_2)
     2    0.006439    0.186248    0.274396    3.017770 v _06417_/Y (sky130_fd_sc_hd__nor2_2)
                                                         _05618_ (net)
                      0.186248    0.000000    3.017770 v _06565_/B1 (sky130_fd_sc_hd__a21o_2)
     2    0.010504    0.094529    0.426728    3.444498 v _06565_/X (sky130_fd_sc_hd__a21o_2)
                                                         _05763_ (net)
                      0.094529    0.000000    3.444498 v _06566_/B (sky130_fd_sc_hd__xnor2_2)
     2    0.013174    0.343294    0.328190    3.772688 ^ _06566_/Y (sky130_fd_sc_hd__xnor2_2)
                                                         _05764_ (net)
                      0.343294    0.000000    3.772688 ^ _06568_/B (sky130_fd_sc_hd__xnor2_2)
     2    0.010010    0.289610    0.322060    4.094748 ^ _06568_/Y (sky130_fd_sc_hd__xnor2_2)
                                                         _05766_ (net)
                      0.289610    0.000000    4.094748 ^ _06569_/A_N (sky130_fd_sc_hd__and2b_2)
     2    0.003781    0.075701    0.527574    4.622321 v _06569_/X (sky130_fd_sc_hd__and2b_2)
                                                         _05767_ (net)
                      0.075701    0.000000    4.622321 v _06613_/B (sky130_fd_sc_hd__or3_2)
     1    0.001490    0.150637    1.014213    5.636534 v _06613_/X (sky130_fd_sc_hd__or3_2)
                                                         _05810_ (net)
                      0.150637    0.000000    5.636534 v _06614_/B (sky130_fd_sc_hd__and2b_2)
     2    0.011059    0.108685    0.489824    6.126358 v _06614_/X (sky130_fd_sc_hd__and2b_2)
                                                         _05811_ (net)
                      0.108685    0.000000    6.126358 v _06723_/B2 (sky130_fd_sc_hd__a32o_2)
     2    0.009709    0.100564    0.469871    6.596229 v _06723_/X (sky130_fd_sc_hd__a32o_2)
                                                         _00116_ (net)
                      0.100564    0.000000    6.596229 v _06725_/B (sky130_fd_sc_hd__xnor2_2)
     2    0.013545    0.349987    0.335619    6.931848 ^ _06725_/Y (sky130_fd_sc_hd__xnor2_2)
                                                         _00118_ (net)
                      0.349987    0.000000    6.931848 ^ _06789_/A2 (sky130_fd_sc_hd__a21oi_2)
     2    0.009302    0.126680    0.238387    7.170235 v _06789_/Y (sky130_fd_sc_hd__a21oi_2)
                                                         _00181_ (net)
                      0.126680    0.000000    7.170235 v _06790_/B (sky130_fd_sc_hd__or2_2)
     3    0.011176    0.158876    0.710496    7.880731 v _06790_/X (sky130_fd_sc_hd__or2_2)
                                                         _00182_ (net)
                      0.158876    0.000000    7.880731 v _06939_/A (sky130_fd_sc_hd__or4b_2)
     4    0.015272    0.314707    1.759569    9.640300 v _06939_/X (sky130_fd_sc_hd__or4b_2)
                                                         _00329_ (net)
                      0.314707    0.000000    9.640300 v _07006_/A2 (sky130_fd_sc_hd__a21bo_2)
     2    0.006074    0.078221    0.498332   10.138632 v _07006_/X (sky130_fd_sc_hd__a21bo_2)
                                                         _00395_ (net)
                      0.078221    0.000000   10.138632 v _07008_/C (sky130_fd_sc_hd__and3_2)
     1    0.001280    0.063067    0.416023   10.554654 v _07008_/X (sky130_fd_sc_hd__and3_2)
                                                         _00397_ (net)
                      0.063067    0.000000   10.554654 v _07009_/B (sky130_fd_sc_hd__or2_2)
     3    0.012033    0.163425    0.692799   11.247453 v _07009_/X (sky130_fd_sc_hd__or2_2)
                                                         _00398_ (net)
                      0.163425    0.000000   11.247453 v _07300_/A (sky130_fd_sc_hd__or4_2)
     1    0.001359    0.197455    1.540232   12.787685 v _07300_/X (sky130_fd_sc_hd__or4_2)
                                                         _00685_ (net)
                      0.197455    0.000000   12.787685 v _07305_/A (sky130_fd_sc_hd__and3_2)
     2    0.006314    0.091019    0.444116   13.231801 v _07305_/X (sky130_fd_sc_hd__and3_2)
                                                         _00690_ (net)
                      0.091019    0.000000   13.231801 v _07307_/B1 (sky130_fd_sc_hd__a311o_2)
     2    0.002848    0.091822    0.665279   13.897080 v _07307_/X (sky130_fd_sc_hd__a311o_2)
                                                         _00692_ (net)
                      0.091822    0.000000   13.897080 v _07378_/B (sky130_fd_sc_hd__and3_2)
     2    0.003519    0.076936    0.414066   14.311147 v _07378_/X (sky130_fd_sc_hd__and3_2)
                                                         _00762_ (net)
                      0.076936    0.000000   14.311147 v _07460_/A2 (sky130_fd_sc_hd__o31a_2)
     2    0.005703    0.106831    0.640974   14.952120 v _07460_/X (sky130_fd_sc_hd__o31a_2)
                                                         _00842_ (net)
                      0.106831    0.000000   14.952120 v _07541_/A (sky130_fd_sc_hd__or2_2)
     2    0.003764    0.118360    0.680737   15.632857 v _07541_/X (sky130_fd_sc_hd__or2_2)
                                                         _00923_ (net)
                      0.118360    0.000000   15.632857 v _07614_/B (sky130_fd_sc_hd__and2b_2)
     3    0.014492    0.122748    0.492744   16.125601 v _07614_/X (sky130_fd_sc_hd__and2b_2)
                                                         _00995_ (net)
                      0.122748    0.000000   16.125601 v _07615_/B (sky130_fd_sc_hd__xor2_2)
     1    0.002203    0.089826    0.266557   16.392157 v _07615_/X (sky130_fd_sc_hd__xor2_2)
                                                         _00996_ (net)
                      0.089826    0.000000   16.392157 v _07617_/A2 (sky130_fd_sc_hd__o211a_2)
     1    0.001577    0.065138    0.436659   16.828815 v _07617_/X (sky130_fd_sc_hd__o211a_2)
                                                         _00061_ (net)
                      0.065138    0.000000   16.828815 v _11861_/D (sky130_fd_sc_hd__dfxtp_2)
                                             16.828815   data arrival time

                      0.150000   20.000000   20.000000   clock clk_i (rise edge)
                                  0.000000   20.000000   clock network delay (ideal)
                                 -0.250000   19.750002   clock uncertainty
                                  0.000000   19.750002   clock reconvergence pessimism
                                             19.750002 ^ _11861_/CLK (sky130_fd_sc_hd__dfxtp_2)
                                 -0.250702   19.499300   library setup time
                                             19.499300   data required time
---------------------------------------------------------------------------------------------
                                             19.499300   data required time
                                            -16.828815   data arrival time
---------------------------------------------------------------------------------------------
                                              2.670484   slack (MET)


Startpoint: _11833_ (rising edge-triggered flip-flop clocked by clk_i)
Endpoint: _11860_ (rising edge-triggered flip-flop clocked by clk_i)
Path Group: clk_i
Path Type: max

Fanout         Cap        Slew       Delay        Time   Description
---------------------------------------------------------------------------------------------
                      0.150000    0.000000    0.000000   clock clk_i (rise edge)
                                  0.000000    0.000000   clock network delay (ideal)
                      0.150000    0.000000    0.000000 ^ _11833_/CLK (sky130_fd_sc_hd__dfxtp_2)
    38    0.169101    1.324952    1.595995    1.595995 ^ _11833_/Q (sky130_fd_sc_hd__dfxtp_2)
                                                         state_reg[0] (net)
                      1.324952    0.000000    1.595995 ^ _06240_/B (sky130_fd_sc_hd__xor2_2)
    14    0.056520    1.063398    1.147378    2.743374 ^ _06240_/X (sky130_fd_sc_hd__xor2_2)
                                                         _04717_ (net)
                      1.063398    0.000000    2.743374 ^ _06417_/B (sky130_fd_sc_hd__nor2_2)
     2    0.006439    0.186248    0.274396    3.017770 v _06417_/Y (sky130_fd_sc_hd__nor2_2)
                                                         _05618_ (net)
                      0.186248    0.000000    3.017770 v _06565_/B1 (sky130_fd_sc_hd__a21o_2)
     2    0.010504    0.094529    0.426728    3.444498 v _06565_/X (sky130_fd_sc_hd__a21o_2)
                                                         _05763_ (net)
                      0.094529    0.000000    3.444498 v _06566_/B (sky130_fd_sc_hd__xnor2_2)
     2    0.013174    0.343294    0.328190    3.772688 ^ _06566_/Y (sky130_fd_sc_hd__xnor2_2)
                                                         _05764_ (net)
                      0.343294    0.000000    3.772688 ^ _06568_/B (sky130_fd_sc_hd__xnor2_2)
     2    0.010010    0.289610    0.322060    4.094748 ^ _06568_/Y (sky130_fd_sc_hd__xnor2_2)
                                                         _05766_ (net)
                      0.289610    0.000000    4.094748 ^ _06569_/A_N (sky130_fd_sc_hd__and2b_2)
     2    0.003781    0.075701    0.527574    4.622321 v _06569_/X (sky130_fd_sc_hd__and2b_2)
                                                         _05767_ (net)
                      0.075701    0.000000    4.622321 v _06613_/B (sky130_fd_sc_hd__or3_2)
     1    0.001490    0.150637    1.014213    5.636534 v _06613_/X (sky130_fd_sc_hd__or3_2)
                                                         _05810_ (net)
                      0.150637    0.000000    5.636534 v _06614_/B (sky130_fd_sc_hd__and2b_2)
     2    0.011059    0.108685    0.489824    6.126358 v _06614_/X (sky130_fd_sc_hd__and2b_2)
                                                         _05811_ (net)
                      0.108685    0.000000    6.126358 v _06723_/B2 (sky130_fd_sc_hd__a32o_2)
     2    0.009709    0.100564    0.469871    6.596229 v _06723_/X (sky130_fd_sc_hd__a32o_2)
                                                         _00116_ (net)
                      0.100564    0.000000    6.596229 v _06725_/B (sky130_fd_sc_hd__xnor2_2)
     2    0.013545    0.349987    0.335619    6.931848 ^ _06725_/Y (sky130_fd_sc_hd__xnor2_2)
                                                         _00118_ (net)
                      0.349987    0.000000    6.931848 ^ _06789_/A2 (sky130_fd_sc_hd__a21oi_2)
     2    0.009302    0.126680    0.238387    7.170235 v _06789_/Y (sky130_fd_sc_hd__a21oi_2)
                                                         _00181_ (net)
                      0.126680    0.000000    7.170235 v _06790_/B (sky130_fd_sc_hd__or2_2)
     3    0.011176    0.158876    0.710496    7.880731 v _06790_/X (sky130_fd_sc_hd__or2_2)
                                                         _00182_ (net)
                      0.158876    0.000000    7.880731 v _06939_/A (sky130_fd_sc_hd__or4b_2)
     4    0.015272    0.314707    1.759569    9.640300 v _06939_/X (sky130_fd_sc_hd__or4b_2)
                                                         _00329_ (net)
                      0.314707    0.000000    9.640300 v _07006_/A2 (sky130_fd_sc_hd__a21bo_2)
     2    0.006074    0.078221    0.498332   10.138632 v _07006_/X (sky130_fd_sc_hd__a21bo_2)
                                                         _00395_ (net)
                      0.078221    0.000000   10.138632 v _07008_/C (sky130_fd_sc_hd__and3_2)
     1    0.001280    0.063067    0.416023   10.554654 v _07008_/X (sky130_fd_sc_hd__and3_2)
                                                         _00397_ (net)
                      0.063067    0.000000   10.554654 v _07009_/B (sky130_fd_sc_hd__or2_2)
     3    0.012033    0.163425    0.692799   11.247453 v _07009_/X (sky130_fd_sc_hd__or2_2)
                                                         _00398_ (net)
                      0.163425    0.000000   11.247453 v _07300_/A (sky130_fd_sc_hd__or4_2)
     1    0.001359    0.197455    1.540232   12.787685 v _07300_/X (sky130_fd_sc_hd__or4_2)
                                                         _00685_ (net)
                      0.197455    0.000000   12.787685 v _07305_/A (sky130_fd_sc_hd__and3_2)
     2    0.006314    0.091019    0.444116   13.231801 v _07305_/X (sky130_fd_sc_hd__and3_2)
                                                         _00690_ (net)
                      0.091019    0.000000   13.231801 v _07307_/B1 (sky130_fd_sc_hd__a311o_2)
     2    0.002848    0.091822    0.665279   13.897080 v _07307_/X (sky130_fd_sc_hd__a311o_2)
                                                         _00692_ (net)
                      0.091822    0.000000   13.897080 v _07378_/B (sky130_fd_sc_hd__and3_2)
     2    0.003519    0.076936    0.414066   14.311147 v _07378_/X (sky130_fd_sc_hd__and3_2)
                                                         _00762_ (net)
                      0.076936    0.000000   14.311147 v _07460_/A2 (sky130_fd_sc_hd__o31a_2)
     2    0.005703    0.106831    0.640974   14.952120 v _07460_/X (sky130_fd_sc_hd__o31a_2)
                                                         _00842_ (net)
                      0.106831    0.000000   14.952120 v _07541_/A (sky130_fd_sc_hd__or2_2)
     2    0.003764    0.118360    0.680737   15.632857 v _07541_/X (sky130_fd_sc_hd__or2_2)
                                                         _00923_ (net)
                      0.118360    0.000000   15.632857 v _07543_/B1 (sky130_fd_sc_hd__a221o_2)
     1    0.001577    0.081478    0.615941   16.248798 v _07543_/X (sky130_fd_sc_hd__a221o_2)
                                                         _00060_ (net)
                      0.081478    0.000000   16.248798 v _11860_/D (sky130_fd_sc_hd__dfxtp_2)
                                             16.248798   data arrival time

                      0.150000   20.000000   20.000000   clock clk_i (rise edge)
                                  0.000000   20.000000   clock network delay (ideal)
                                 -0.250000   19.750002   clock uncertainty
                                  0.000000   19.750002   clock reconvergence pessimism
                                             19.750002 ^ _11860_/CLK (sky130_fd_sc_hd__dfxtp_2)
                                 -0.257485   19.492517   library setup time
                                             19.492517   data required time
---------------------------------------------------------------------------------------------
                                             19.492517   data required time
                                            -16.248798   data arrival time
---------------------------------------------------------------------------------------------
                                              3.243718   slack (MET)


Startpoint: _11833_ (rising edge-triggered flip-flop clocked by clk_i)
Endpoint: _11880_ (rising edge-triggered flip-flop clocked by clk_i)
Path Group: clk_i
Path Type: max

Fanout         Cap        Slew       Delay        Time   Description
---------------------------------------------------------------------------------------------
                      0.150000    0.000000    0.000000   clock clk_i (rise edge)
                                  0.000000    0.000000   clock network delay (ideal)
                      0.150000    0.000000    0.000000 ^ _11833_/CLK (sky130_fd_sc_hd__dfxtp_2)
    38    0.169101    1.324952    1.595995    1.595995 ^ _11833_/Q (sky130_fd_sc_hd__dfxtp_2)
                                                         state_reg[0] (net)
                      1.324952    0.000000    1.595995 ^ _06240_/B (sky130_fd_sc_hd__xor2_2)
    14    0.056520    1.063398    1.147378    2.743374 ^ _06240_/X (sky130_fd_sc_hd__xor2_2)
                                                         _04717_ (net)
                      1.063398    0.000000    2.743374 ^ _06417_/B (sky130_fd_sc_hd__nor2_2)
     2    0.006439    0.186248    0.274396    3.017770 v _06417_/Y (sky130_fd_sc_hd__nor2_2)
                                                         _05618_ (net)
                      0.186248    0.000000    3.017770 v _06565_/B1 (sky130_fd_sc_hd__a21o_2)
     2    0.010504    0.094529    0.426728    3.444498 v _06565_/X (sky130_fd_sc_hd__a21o_2)
                                                         _05763_ (net)
                      0.094529    0.000000    3.444498 v _06566_/B (sky130_fd_sc_hd__xnor2_2)
     2    0.013174    0.343294    0.328190    3.772688 ^ _06566_/Y (sky130_fd_sc_hd__xnor2_2)
                                                         _05764_ (net)
                      0.343294    0.000000    3.772688 ^ _06568_/B (sky130_fd_sc_hd__xnor2_2)
     2    0.010010    0.289610    0.322060    4.094748 ^ _06568_/Y (sky130_fd_sc_hd__xnor2_2)
                                                         _05766_ (net)
                      0.289610    0.000000    4.094748 ^ _06569_/A_N (sky130_fd_sc_hd__and2b_2)
     2    0.003781    0.075701    0.527574    4.622321 v _06569_/X (sky130_fd_sc_hd__and2b_2)
                                                         _05767_ (net)
                      0.075701    0.000000    4.622321 v _06613_/B (sky130_fd_sc_hd__or3_2)
     1    0.001490    0.150637    1.014213    5.636534 v _06613_/X (sky130_fd_sc_hd__or3_2)
                                                         _05810_ (net)
                      0.150637    0.000000    5.636534 v _06614_/B (sky130_fd_sc_hd__and2b_2)
     2    0.011059    0.108685    0.489824    6.126358 v _06614_/X (sky130_fd_sc_hd__and2b_2)
                                                         _05811_ (net)
                      0.108685    0.000000    6.126358 v _06723_/B2 (sky130_fd_sc_hd__a32o_2)
     2    0.009709    0.100564    0.469871    6.596229 v _06723_/X (sky130_fd_sc_hd__a32o_2)
                                                         _00116_ (net)
                      0.100564    0.000000    6.596229 v _06725_/B (sky130_fd_sc_hd__xnor2_2)
     2    0.013545    0.349987    0.335619    6.931848 ^ _06725_/Y (sky130_fd_sc_hd__xnor2_2)
                                                         _00118_ (net)
                      0.349987    0.000000    6.931848 ^ _06789_/A2 (sky130_fd_sc_hd__a21oi_2)
     2    0.009302    0.126680    0.238387    7.170235 v _06789_/Y (sky130_fd_sc_hd__a21oi_2)
                                                         _00181_ (net)
                      0.126680    0.000000    7.170235 v _06790_/B (sky130_fd_sc_hd__or2_2)
     3    0.011176    0.158876    0.710496    7.880731 v _06790_/X (sky130_fd_sc_hd__or2_2)
                                                         _00182_ (net)
                      0.158876    0.000000    7.880731 v _06939_/A (sky130_fd_sc_hd__or4b_2)
     4    0.015272    0.314707    1.759569    9.640300 v _06939_/X (sky130_fd_sc_hd__or4b_2)
                                                         _00329_ (net)
                      0.314707    0.000000    9.640300 v _07006_/A2 (sky130_fd_sc_hd__a21bo_2)
     2    0.006074    0.078221    0.498332   10.138632 v _07006_/X (sky130_fd_sc_hd__a21bo_2)
                                                         _00395_ (net)
                      0.078221    0.000000   10.138632 v _07008_/C (sky130_fd_sc_hd__and3_2)
     1    0.001280    0.063067    0.416023   10.554654 v _07008_/X (sky130_fd_sc_hd__and3_2)
                                                         _00397_ (net)
                      0.063067    0.000000   10.554654 v _07009_/B (sky130_fd_sc_hd__or2_2)
     3    0.012033    0.163425    0.692799   11.247453 v _07009_/X (sky130_fd_sc_hd__or2_2)
                                                         _00398_ (net)
                      0.163425    0.000000   11.247453 v _07300_/A (sky130_fd_sc_hd__or4_2)
     1    0.001359    0.197455    1.540232   12.787685 v _07300_/X (sky130_fd_sc_hd__or4_2)
                                                         _00685_ (net)
                      0.197455    0.000000   12.787685 v _07305_/A (sky130_fd_sc_hd__and3_2)
     2    0.006314    0.091019    0.444116   13.231801 v _07305_/X (sky130_fd_sc_hd__and3_2)
                                                         _00690_ (net)
                      0.091019    0.000000   13.231801 v _07306_/B1 (sky130_fd_sc_hd__a31oi_2)
     2    0.011054    0.334218    0.334372   13.566173 ^ _07306_/Y (sky130_fd_sc_hd__a31oi_2)
                                                         _00691_ (net)
                      0.334218    0.000000   13.566173 ^ _07885_/A1 (sky130_fd_sc_hd__a2111o_2)
     6    0.018648    0.172180    0.466680   14.032852 ^ _07885_/X (sky130_fd_sc_hd__a2111o_2)
                                                         _01285_ (net)
                      0.172180    0.000000   14.032852 ^ _08801_/A1 (sky130_fd_sc_hd__a21boi_2)
     5    0.018997    0.179642    0.223316   14.256169 v _08801_/Y (sky130_fd_sc_hd__a21boi_2)
                                                         _02282_ (net)
                      0.179642    0.000000   14.256169 v _09238_/A (sky130_fd_sc_hd__nor2_2)
     2    0.005049    0.149097    0.231180   14.487349 ^ _09238_/Y (sky130_fd_sc_hd__nor2_2)
                                                         _02756_ (net)
                      0.149097    0.000000   14.487349 ^ _09239_/A2 (sky130_fd_sc_hd__o21a_2)
     3    0.013971    0.143820    0.323150   14.810499 ^ _09239_/X (sky130_fd_sc_hd__o21a_2)
                                                         _02757_ (net)
                      0.143820    0.000000   14.810499 ^ _09467_/B (sky130_fd_sc_hd__nand2b_2)
     3    0.009194    0.125092    0.161619   14.972118 v _09467_/Y (sky130_fd_sc_hd__nand2b_2)
                                                         _03004_ (net)
                      0.125092    0.000000   14.972118 v _09469_/A2 (sky130_fd_sc_hd__a21o_2)
     2    0.006961    0.079443    0.423890   15.396008 v _09469_/X (sky130_fd_sc_hd__a21o_2)
                                                         _03006_ (net)
                      0.079443    0.000000   15.396008 v _09587_/A2 (sky130_fd_sc_hd__a31o_2)
     1    0.002251    0.061694    0.411875   15.807883 v _09587_/X (sky130_fd_sc_hd__a31o_2)
                                                         _03134_ (net)
                      0.061694    0.000000   15.807883 v _09588_/B2 (sky130_fd_sc_hd__o221a_2)
     1    0.001577    0.071680    0.413015   16.220900 v _09588_/X (sky130_fd_sc_hd__o221a_2)
                                                         _00080_ (net)
                      0.071680    0.000000   16.220900 v _11880_/D (sky130_fd_sc_hd__dfxtp_2)
                                             16.220900   data arrival time

                      0.150000   20.000000   20.000000   clock clk_i (rise edge)
                                  0.000000   20.000000   clock network delay (ideal)
                                 -0.250000   19.750002   clock uncertainty
                                  0.000000   19.750002   clock reconvergence pessimism
                                             19.750002 ^ _11880_/CLK (sky130_fd_sc_hd__dfxtp_2)
                                 -0.253418   19.496582   library setup time
                                             19.496582   data required time
---------------------------------------------------------------------------------------------
                                             19.496582   data required time
                                            -16.220900   data arrival time
---------------------------------------------------------------------------------------------
                                              3.275684   slack (MET)


Startpoint: _11833_ (rising edge-triggered flip-flop clocked by clk_i)
Endpoint: _11874_ (rising edge-triggered flip-flop clocked by clk_i)
Path Group: clk_i
Path Type: max

Fanout         Cap        Slew       Delay        Time   Description
---------------------------------------------------------------------------------------------
                      0.150000    0.000000    0.000000   clock clk_i (rise edge)
                                  0.000000    0.000000   clock network delay (ideal)
                      0.150000    0.000000    0.000000 ^ _11833_/CLK (sky130_fd_sc_hd__dfxtp_2)
    38    0.169101    1.324952    1.595995    1.595995 ^ _11833_/Q (sky130_fd_sc_hd__dfxtp_2)
                                                         state_reg[0] (net)
                      1.324952    0.000000    1.595995 ^ _06240_/B (sky130_fd_sc_hd__xor2_2)
    14    0.056520    1.063398    1.147378    2.743374 ^ _06240_/X (sky130_fd_sc_hd__xor2_2)
                                                         _04717_ (net)
                      1.063398    0.000000    2.743374 ^ _06417_/B (sky130_fd_sc_hd__nor2_2)
     2    0.006439    0.186248    0.274396    3.017770 v _06417_/Y (sky130_fd_sc_hd__nor2_2)
                                                         _05618_ (net)
                      0.186248    0.000000    3.017770 v _06565_/B1 (sky130_fd_sc_hd__a21o_2)
     2    0.010504    0.094529    0.426728    3.444498 v _06565_/X (sky130_fd_sc_hd__a21o_2)
                                                         _05763_ (net)
                      0.094529    0.000000    3.444498 v _06566_/B (sky130_fd_sc_hd__xnor2_2)
     2    0.013174    0.343294    0.328190    3.772688 ^ _06566_/Y (sky130_fd_sc_hd__xnor2_2)
                                                         _05764_ (net)
                      0.343294    0.000000    3.772688 ^ _06568_/B (sky130_fd_sc_hd__xnor2_2)
     2    0.010010    0.289610    0.322060    4.094748 ^ _06568_/Y (sky130_fd_sc_hd__xnor2_2)
                                                         _05766_ (net)
                      0.289610    0.000000    4.094748 ^ _06569_/A_N (sky130_fd_sc_hd__and2b_2)
     2    0.003781    0.075701    0.527574    4.622321 v _06569_/X (sky130_fd_sc_hd__and2b_2)
                                                         _05767_ (net)
                      0.075701    0.000000    4.622321 v _06613_/B (sky130_fd_sc_hd__or3_2)
     1    0.001490    0.150637    1.014213    5.636534 v _06613_/X (sky130_fd_sc_hd__or3_2)
                                                         _05810_ (net)
                      0.150637    0.000000    5.636534 v _06614_/B (sky130_fd_sc_hd__and2b_2)
     2    0.011059    0.108685    0.489824    6.126358 v _06614_/X (sky130_fd_sc_hd__and2b_2)
                                                         _05811_ (net)
                      0.108685    0.000000    6.126358 v _06723_/B2 (sky130_fd_sc_hd__a32o_2)
     2    0.009709    0.100564    0.469871    6.596229 v _06723_/X (sky130_fd_sc_hd__a32o_2)
                                                         _00116_ (net)
                      0.100564    0.000000    6.596229 v _06725_/B (sky130_fd_sc_hd__xnor2_2)
     2    0.013545    0.349987    0.335619    6.931848 ^ _06725_/Y (sky130_fd_sc_hd__xnor2_2)
                                                         _00118_ (net)
                      0.349987    0.000000    6.931848 ^ _06789_/A2 (sky130_fd_sc_hd__a21oi_2)
     2    0.009302    0.126680    0.238387    7.170235 v _06789_/Y (sky130_fd_sc_hd__a21oi_2)
                                                         _00181_ (net)
                      0.126680    0.000000    7.170235 v _06790_/B (sky130_fd_sc_hd__or2_2)
     3    0.011176    0.158876    0.710496    7.880731 v _06790_/X (sky130_fd_sc_hd__or2_2)
                                                         _00182_ (net)
                      0.158876    0.000000    7.880731 v _06939_/A (sky130_fd_sc_hd__or4b_2)
     4    0.015272    0.314707    1.759569    9.640300 v _06939_/X (sky130_fd_sc_hd__or4b_2)
                                                         _00329_ (net)
                      0.314707    0.000000    9.640300 v _07006_/A2 (sky130_fd_sc_hd__a21bo_2)
     2    0.006074    0.078221    0.498332   10.138632 v _07006_/X (sky130_fd_sc_hd__a21bo_2)
                                                         _00395_ (net)
                      0.078221    0.000000   10.138632 v _07008_/C (sky130_fd_sc_hd__and3_2)
     1    0.001280    0.063067    0.416023   10.554654 v _07008_/X (sky130_fd_sc_hd__and3_2)
                                                         _00397_ (net)
                      0.063067    0.000000   10.554654 v _07009_/B (sky130_fd_sc_hd__or2_2)
     3    0.012033    0.163425    0.692799   11.247453 v _07009_/X (sky130_fd_sc_hd__or2_2)
                                                         _00398_ (net)
                      0.163425    0.000000   11.247453 v _07300_/A (sky130_fd_sc_hd__or4_2)
     1    0.001359    0.197455    1.540232   12.787685 v _07300_/X (sky130_fd_sc_hd__or4_2)
                                                         _00685_ (net)
                      0.197455    0.000000   12.787685 v _07305_/A (sky130_fd_sc_hd__and3_2)
     2    0.006314    0.091019    0.444116   13.231801 v _07305_/X (sky130_fd_sc_hd__and3_2)
                                                         _00690_ (net)
                      0.091019    0.000000   13.231801 v _07306_/B1 (sky130_fd_sc_hd__a31oi_2)
     2    0.011054    0.334218    0.334372   13.566173 ^ _07306_/Y (sky130_fd_sc_hd__a31oi_2)
                                                         _00691_ (net)
                      0.334218    0.000000   13.566173 ^ _07885_/A1 (sky130_fd_sc_hd__a2111o_2)
     6    0.018648    0.172180    0.466680   14.032852 ^ _07885_/X (sky130_fd_sc_hd__a2111o_2)
                                                         _01285_ (net)
                      0.172180    0.000000   14.032852 ^ _08801_/A1 (sky130_fd_sc_hd__a21boi_2)
     5    0.018997    0.179642    0.223316   14.256169 v _08801_/Y (sky130_fd_sc_hd__a21boi_2)
                                                         _02282_ (net)
                      0.179642    0.000000   14.256169 v _08802_/B (sky130_fd_sc_hd__or2_2)
     2    0.003764    0.118412    0.667975   14.924144 v _08802_/X (sky130_fd_sc_hd__or2_2)
                                                         _02283_ (net)
                      0.118412    0.000000   14.924144 v _08805_/B (sky130_fd_sc_hd__and2b_2)
     2    0.006561    0.089941    0.449072   15.373216 v _08805_/X (sky130_fd_sc_hd__and2b_2)
                                                         _02286_ (net)
                      0.089941    0.000000   15.373216 v _08913_/A1 (sky130_fd_sc_hd__a21o_2)
     1    0.002251    0.057493    0.344754   15.717970 v _08913_/X (sky130_fd_sc_hd__a21o_2)
                                                         _02403_ (net)
                      0.057493    0.000000   15.717970 v _08914_/B2 (sky130_fd_sc_hd__o221a_2)
     1    0.001577    0.071680    0.411385   16.129354 v _08914_/X (sky130_fd_sc_hd__o221a_2)
                                                         _00074_ (net)
                      0.071680    0.000000   16.129354 v _11874_/D (sky130_fd_sc_hd__dfxtp_2)
                                             16.129354   data arrival time

                      0.150000   20.000000   20.000000   clock clk_i (rise edge)
                                  0.000000   20.000000   clock network delay (ideal)
                                 -0.250000   19.750002   clock uncertainty
                                  0.000000   19.750002   clock reconvergence pessimism
                                             19.750002 ^ _11874_/CLK (sky130_fd_sc_hd__dfxtp_2)
                                 -0.253418   19.496582   library setup time
                                             19.496582   data required time
---------------------------------------------------------------------------------------------
                                             19.496582   data required time
                                            -16.129354   data arrival time
---------------------------------------------------------------------------------------------
                                              3.367228   slack (MET)


Startpoint: _11833_ (rising edge-triggered flip-flop clocked by clk_i)
Endpoint: _11872_ (rising edge-triggered flip-flop clocked by clk_i)
Path Group: clk_i
Path Type: max

Fanout         Cap        Slew       Delay        Time   Description
---------------------------------------------------------------------------------------------
                      0.150000    0.000000    0.000000   clock clk_i (rise edge)
                                  0.000000    0.000000   clock network delay (ideal)
                      0.150000    0.000000    0.000000 ^ _11833_/CLK (sky130_fd_sc_hd__dfxtp_2)
    38    0.169101    1.324952    1.595995    1.595995 ^ _11833_/Q (sky130_fd_sc_hd__dfxtp_2)
                                                         state_reg[0] (net)
                      1.324952    0.000000    1.595995 ^ _06240_/B (sky130_fd_sc_hd__xor2_2)
    14    0.056520    1.063398    1.147378    2.743374 ^ _06240_/X (sky130_fd_sc_hd__xor2_2)
                                                         _04717_ (net)
                      1.063398    0.000000    2.743374 ^ _06417_/B (sky130_fd_sc_hd__nor2_2)
     2    0.006439    0.186248    0.274396    3.017770 v _06417_/Y (sky130_fd_sc_hd__nor2_2)
                                                         _05618_ (net)
                      0.186248    0.000000    3.017770 v _06565_/B1 (sky130_fd_sc_hd__a21o_2)
     2    0.010504    0.094529    0.426728    3.444498 v _06565_/X (sky130_fd_sc_hd__a21o_2)
                                                         _05763_ (net)
                      0.094529    0.000000    3.444498 v _06566_/B (sky130_fd_sc_hd__xnor2_2)
     2    0.013174    0.343294    0.328190    3.772688 ^ _06566_/Y (sky130_fd_sc_hd__xnor2_2)
                                                         _05764_ (net)
                      0.343294    0.000000    3.772688 ^ _06568_/B (sky130_fd_sc_hd__xnor2_2)
     2    0.010010    0.289610    0.322060    4.094748 ^ _06568_/Y (sky130_fd_sc_hd__xnor2_2)
                                                         _05766_ (net)
                      0.289610    0.000000    4.094748 ^ _06569_/A_N (sky130_fd_sc_hd__and2b_2)
     2    0.003781    0.075701    0.527574    4.622321 v _06569_/X (sky130_fd_sc_hd__and2b_2)
                                                         _05767_ (net)
                      0.075701    0.000000    4.622321 v _06613_/B (sky130_fd_sc_hd__or3_2)
     1    0.001490    0.150637    1.014213    5.636534 v _06613_/X (sky130_fd_sc_hd__or3_2)
                                                         _05810_ (net)
                      0.150637    0.000000    5.636534 v _06614_/B (sky130_fd_sc_hd__and2b_2)
     2    0.011059    0.108685    0.489824    6.126358 v _06614_/X (sky130_fd_sc_hd__and2b_2)
                                                         _05811_ (net)
                      0.108685    0.000000    6.126358 v _06723_/B2 (sky130_fd_sc_hd__a32o_2)
     2    0.009709    0.100564    0.469871    6.596229 v _06723_/X (sky130_fd_sc_hd__a32o_2)
                                                         _00116_ (net)
                      0.100564    0.000000    6.596229 v _06725_/B (sky130_fd_sc_hd__xnor2_2)
     2    0.013545    0.349987    0.335619    6.931848 ^ _06725_/Y (sky130_fd_sc_hd__xnor2_2)
                                                         _00118_ (net)
                      0.349987    0.000000    6.931848 ^ _06789_/A2 (sky130_fd_sc_hd__a21oi_2)
     2    0.009302    0.126680    0.238387    7.170235 v _06789_/Y (sky130_fd_sc_hd__a21oi_2)
                                                         _00181_ (net)
                      0.126680    0.000000    7.170235 v _06790_/B (sky130_fd_sc_hd__or2_2)
     3    0.011176    0.158876    0.710496    7.880731 v _06790_/X (sky130_fd_sc_hd__or2_2)
                                                         _00182_ (net)
                      0.158876    0.000000    7.880731 v _06939_/A (sky130_fd_sc_hd__or4b_2)
     4    0.015272    0.314707    1.759569    9.640300 v _06939_/X (sky130_fd_sc_hd__or4b_2)
                                                         _00329_ (net)
                      0.314707    0.000000    9.640300 v _07006_/A2 (sky130_fd_sc_hd__a21bo_2)
     2    0.006074    0.078221    0.498332   10.138632 v _07006_/X (sky130_fd_sc_hd__a21bo_2)
                                                         _00395_ (net)
                      0.078221    0.000000   10.138632 v _07008_/C (sky130_fd_sc_hd__and3_2)
     1    0.001280    0.063067    0.416023   10.554654 v _07008_/X (sky130_fd_sc_hd__and3_2)
                                                         _00397_ (net)
                      0.063067    0.000000   10.554654 v _07009_/B (sky130_fd_sc_hd__or2_2)
     3    0.012033    0.163425    0.692799   11.247453 v _07009_/X (sky130_fd_sc_hd__or2_2)
                                                         _00398_ (net)
                      0.163425    0.000000   11.247453 v _07300_/A (sky130_fd_sc_hd__or4_2)
     1    0.001359    0.197455    1.540232   12.787685 v _07300_/X (sky130_fd_sc_hd__or4_2)
                                                         _00685_ (net)
                      0.197455    0.000000   12.787685 v _07305_/A (sky130_fd_sc_hd__and3_2)
     2    0.006314    0.091019    0.444116   13.231801 v _07305_/X (sky130_fd_sc_hd__and3_2)
                                                         _00690_ (net)
                      0.091019    0.000000   13.231801 v _07306_/B1 (sky130_fd_sc_hd__a31oi_2)
     2    0.011054    0.334218    0.334372   13.566173 ^ _07306_/Y (sky130_fd_sc_hd__a31oi_2)
                                                         _00691_ (net)
                      0.334218    0.000000   13.566173 ^ _07885_/A1 (sky130_fd_sc_hd__a2111o_2)
     6    0.018648    0.172180    0.466680   14.032852 ^ _07885_/X (sky130_fd_sc_hd__a2111o_2)
                                                         _01285_ (net)
                      0.172180    0.000000   14.032852 ^ _08372_/B (sky130_fd_sc_hd__and2b_2)
     2    0.003949    0.073730    0.309700   14.342552 ^ _08372_/X (sky130_fd_sc_hd__and2b_2)
                                                         _01815_ (net)
                      0.073730    0.000000   14.342552 ^ _08374_/A2 (sky130_fd_sc_hd__o21a_2)
     4    0.013453    0.140183    0.290909   14.633461 ^ _08374_/X (sky130_fd_sc_hd__o21a_2)
                                                         _01818_ (net)
                      0.140183    0.000000   14.633461 ^ _08583_/A1 (sky130_fd_sc_hd__a21o_2)
     2    0.006034    0.080188    0.274262   14.907723 ^ _08583_/X (sky130_fd_sc_hd__a21o_2)
                                                         _02044_ (net)
                      0.080188    0.000000   14.907723 ^ _08584_/B (sky130_fd_sc_hd__nand2_2)
     3    0.009252    0.136272    0.133399   15.041122 v _08584_/Y (sky130_fd_sc_hd__nand2_2)
                                                         _02046_ (net)
                      0.136272    0.000000   15.041122 v _08691_/A2 (sky130_fd_sc_hd__a31o_2)
     1    0.002251    0.061694    0.437613   15.478735 v _08691_/X (sky130_fd_sc_hd__a31o_2)
                                                         _02162_ (net)
                      0.061694    0.000000   15.478735 v _08692_/B2 (sky130_fd_sc_hd__o221a_2)
     1    0.001577    0.071680    0.413015   15.891750 v _08692_/X (sky130_fd_sc_hd__o221a_2)
                                                         _00072_ (net)
                      0.071680    0.000000   15.891750 v _11872_/D (sky130_fd_sc_hd__dfxtp_2)
                                             15.891750   data arrival time

                      0.150000   20.000000   20.000000   clock clk_i (rise edge)
                                  0.000000   20.000000   clock network delay (ideal)
                                 -0.250000   19.750002   clock uncertainty
                                  0.000000   19.750002   clock reconvergence pessimism
                                             19.750002 ^ _11872_/CLK (sky130_fd_sc_hd__dfxtp_2)
                                 -0.253418   19.496582   library setup time
                                             19.496582   data required time
---------------------------------------------------------------------------------------------
                                             19.496582   data required time
                                            -15.891750   data arrival time
---------------------------------------------------------------------------------------------
                                              3.604832   slack (MET)


Startpoint: _11833_ (rising edge-triggered flip-flop clocked by clk_i)
Endpoint: _11858_ (rising edge-triggered flip-flop clocked by clk_i)
Path Group: clk_i
Path Type: max

Fanout         Cap        Slew       Delay        Time   Description
---------------------------------------------------------------------------------------------
                      0.150000    0.000000    0.000000   clock clk_i (rise edge)
                                  0.000000    0.000000   clock network delay (ideal)
                      0.150000    0.000000    0.000000 ^ _11833_/CLK (sky130_fd_sc_hd__dfxtp_2)
    38    0.169101    1.324952    1.595995    1.595995 ^ _11833_/Q (sky130_fd_sc_hd__dfxtp_2)
                                                         state_reg[0] (net)
                      1.324952    0.000000    1.595995 ^ _06240_/B (sky130_fd_sc_hd__xor2_2)
    14    0.056520    1.063398    1.147378    2.743374 ^ _06240_/X (sky130_fd_sc_hd__xor2_2)
                                                         _04717_ (net)
                      1.063398    0.000000    2.743374 ^ _06417_/B (sky130_fd_sc_hd__nor2_2)
     2    0.006439    0.186248    0.274396    3.017770 v _06417_/Y (sky130_fd_sc_hd__nor2_2)
                                                         _05618_ (net)
                      0.186248    0.000000    3.017770 v _06565_/B1 (sky130_fd_sc_hd__a21o_2)
     2    0.010504    0.094529    0.426728    3.444498 v _06565_/X (sky130_fd_sc_hd__a21o_2)
                                                         _05763_ (net)
                      0.094529    0.000000    3.444498 v _06566_/B (sky130_fd_sc_hd__xnor2_2)
     2    0.013174    0.343294    0.328190    3.772688 ^ _06566_/Y (sky130_fd_sc_hd__xnor2_2)
                                                         _05764_ (net)
                      0.343294    0.000000    3.772688 ^ _06568_/B (sky130_fd_sc_hd__xnor2_2)
     2    0.010010    0.289610    0.322060    4.094748 ^ _06568_/Y (sky130_fd_sc_hd__xnor2_2)
                                                         _05766_ (net)
                      0.289610    0.000000    4.094748 ^ _06569_/A_N (sky130_fd_sc_hd__and2b_2)
     2    0.003781    0.075701    0.527574    4.622321 v _06569_/X (sky130_fd_sc_hd__and2b_2)
                                                         _05767_ (net)
                      0.075701    0.000000    4.622321 v _06613_/B (sky130_fd_sc_hd__or3_2)
     1    0.001490    0.150637    1.014213    5.636534 v _06613_/X (sky130_fd_sc_hd__or3_2)
                                                         _05810_ (net)
                      0.150637    0.000000    5.636534 v _06614_/B (sky130_fd_sc_hd__and2b_2)
     2    0.011059    0.108685    0.489824    6.126358 v _06614_/X (sky130_fd_sc_hd__and2b_2)
                                                         _05811_ (net)
                      0.108685    0.000000    6.126358 v _06723_/B2 (sky130_fd_sc_hd__a32o_2)
     2    0.009709    0.100564    0.469871    6.596229 v _06723_/X (sky130_fd_sc_hd__a32o_2)
                                                         _00116_ (net)
                      0.100564    0.000000    6.596229 v _06725_/B (sky130_fd_sc_hd__xnor2_2)
     2    0.013545    0.349987    0.335619    6.931848 ^ _06725_/Y (sky130_fd_sc_hd__xnor2_2)
                                                         _00118_ (net)
                      0.349987    0.000000    6.931848 ^ _06789_/A2 (sky130_fd_sc_hd__a21oi_2)
     2    0.009302    0.126680    0.238387    7.170235 v _06789_/Y (sky130_fd_sc_hd__a21oi_2)
                                                         _00181_ (net)
                      0.126680    0.000000    7.170235 v _06790_/B (sky130_fd_sc_hd__or2_2)
     3    0.011176    0.158876    0.710496    7.880731 v _06790_/X (sky130_fd_sc_hd__or2_2)
                                                         _00182_ (net)
                      0.158876    0.000000    7.880731 v _06939_/A (sky130_fd_sc_hd__or4b_2)
     4    0.015272    0.314707    1.759569    9.640300 v _06939_/X (sky130_fd_sc_hd__or4b_2)
                                                         _00329_ (net)
                      0.314707    0.000000    9.640300 v _07006_/A2 (sky130_fd_sc_hd__a21bo_2)
     2    0.006074    0.078221    0.498332   10.138632 v _07006_/X (sky130_fd_sc_hd__a21bo_2)
                                                         _00395_ (net)
                      0.078221    0.000000   10.138632 v _07008_/C (sky130_fd_sc_hd__and3_2)
     1    0.001280    0.063067    0.416023   10.554654 v _07008_/X (sky130_fd_sc_hd__and3_2)
                                                         _00397_ (net)
                      0.063067    0.000000   10.554654 v _07009_/B (sky130_fd_sc_hd__or2_2)
     3    0.012033    0.163425    0.692799   11.247453 v _07009_/X (sky130_fd_sc_hd__or2_2)
                                                         _00398_ (net)
                      0.163425    0.000000   11.247453 v _07300_/A (sky130_fd_sc_hd__or4_2)
     1    0.001359    0.197455    1.540232   12.787685 v _07300_/X (sky130_fd_sc_hd__or4_2)
                                                         _00685_ (net)
                      0.197455    0.000000   12.787685 v _07305_/A (sky130_fd_sc_hd__and3_2)
     2    0.006314    0.091019    0.444116   13.231801 v _07305_/X (sky130_fd_sc_hd__and3_2)
                                                         _00690_ (net)
                      0.091019    0.000000   13.231801 v _07307_/B1 (sky130_fd_sc_hd__a311o_2)
     2    0.002848    0.091822    0.665279   13.897080 v _07307_/X (sky130_fd_sc_hd__a311o_2)
                                                         _00692_ (net)
                      0.091822    0.000000   13.897080 v _07378_/B (sky130_fd_sc_hd__and3_2)
     2    0.003519    0.076936    0.414066   14.311147 v _07378_/X (sky130_fd_sc_hd__and3_2)
                                                         _00762_ (net)
                      0.076936    0.000000   14.311147 v _07379_/B (sky130_fd_sc_hd__or2_2)
     3    0.010474    0.155433    0.685443   14.996590 v _07379_/X (sky130_fd_sc_hd__or2_2)
                                                         _00763_ (net)
                      0.155433    0.000000   14.996590 v _07382_/B (sky130_fd_sc_hd__and2b_2)
     1    0.002283    0.067283    0.433680   15.430269 v _07382_/X (sky130_fd_sc_hd__and2b_2)
                                                         _00766_ (net)
                      0.067283    0.000000   15.430269 v _07383_/B1 (sky130_fd_sc_hd__a22o_2)
     1    0.001577    0.059734    0.365377   15.795646 v _07383_/X (sky130_fd_sc_hd__a22o_2)
                                                         _00058_ (net)
                      0.059734    0.000000   15.795646 v _11858_/D (sky130_fd_sc_hd__dfxtp_2)
                                             15.795646   data arrival time

                      0.150000   20.000000   20.000000   clock clk_i (rise edge)
                                  0.000000   20.000000   clock network delay (ideal)
                                 -0.250000   19.750002   clock uncertainty
                                  0.000000   19.750002   clock reconvergence pessimism
                                             19.750002 ^ _11858_/CLK (sky130_fd_sc_hd__dfxtp_2)
                                 -0.248458   19.501545   library setup time
                                             19.501545   data required time
---------------------------------------------------------------------------------------------
                                             19.501545   data required time
                                            -15.795646   data arrival time
---------------------------------------------------------------------------------------------
                                              3.705898   slack (MET)


Startpoint: _11844_ (rising edge-triggered flip-flop clocked by clk_i)
Endpoint: _11870_ (rising edge-triggered flip-flop clocked by clk_i)
Path Group: clk_i
Path Type: max

Fanout         Cap        Slew       Delay        Time   Description
---------------------------------------------------------------------------------------------
                      0.150000    0.000000    0.000000   clock clk_i (rise edge)
                                  0.000000    0.000000   clock network delay (ideal)
                      0.150000    0.000000    0.000000 ^ _11844_/CLK (sky130_fd_sc_hd__dfxtp_2)
    32    0.128097    1.008298    1.371552    1.371552 ^ _11844_/Q (sky130_fd_sc_hd__dfxtp_2)
                                                         state_reg[11] (net)
                      1.008298    0.000000    1.371552 ^ _06431_/A (sky130_fd_sc_hd__xor2_2)
    13    0.081330    1.487774    1.435560    2.807112 ^ _06431_/X (sky130_fd_sc_hd__xor2_2)
                                                         _05632_ (net)
                      1.487774    0.000000    2.807112 ^ _06963_/B (sky130_fd_sc_hd__xnor2_2)
     6    0.038103    0.482229    0.785737    3.592849 v _06963_/Y (sky130_fd_sc_hd__xnor2_2)
                                                         _00352_ (net)
                      0.482229    0.000000    3.592849 v _07182_/A (sky130_fd_sc_hd__xor2_2)
     2    0.010924    0.293349    0.490413    4.083262 ^ _07182_/X (sky130_fd_sc_hd__xor2_2)
                                                         _00568_ (net)
                      0.293349    0.000000    4.083262 ^ _07183_/B (sky130_fd_sc_hd__xnor2_2)
     2    0.002840    0.156425    0.262629    4.345891 ^ _07183_/Y (sky130_fd_sc_hd__xnor2_2)
                                                         _00569_ (net)
                      0.156425    0.000000    4.345891 ^ _07185_/C_N (sky130_fd_sc_hd__or3b_2)
     1    0.001490    0.148976    1.021647    5.367537 v _07185_/X (sky130_fd_sc_hd__or3b_2)
                                                         _00571_ (net)
                      0.148976    0.000000    5.367537 v _07186_/B (sky130_fd_sc_hd__and2b_2)
     2    0.010777    0.107512    0.487447    5.854985 v _07186_/X (sky130_fd_sc_hd__and2b_2)
                                                         _00572_ (net)
                      0.107512    0.000000    5.854985 v _07209_/A (sky130_fd_sc_hd__xnor2_2)
     2    0.010320    0.291658    0.336873    6.191857 ^ _07209_/Y (sky130_fd_sc_hd__xnor2_2)
                                                         _00595_ (net)
                      0.291658    0.000000    6.191857 ^ _07212_/A (sky130_fd_sc_hd__xnor2_2)
     2    0.010970    0.303385    0.320237    6.512094 ^ _07212_/Y (sky130_fd_sc_hd__xnor2_2)
                                                         _00598_ (net)
                      0.303385    0.000000    6.512094 ^ _07213_/B (sky130_fd_sc_hd__xnor2_2)
     2    0.013977    0.357778    0.332443    6.844537 ^ _07213_/Y (sky130_fd_sc_hd__xnor2_2)
                                                         _00599_ (net)
                      0.357778    0.000000    6.844537 ^ _07216_/A (sky130_fd_sc_hd__xor2_2)
     2    0.013595    0.327483    0.431657    7.276194 ^ _07216_/X (sky130_fd_sc_hd__xor2_2)
                                                         _00602_ (net)
                      0.327483    0.000000    7.276194 ^ _07217_/B (sky130_fd_sc_hd__xor2_2)
     2    0.013666    0.328703    0.427100    7.703293 ^ _07217_/X (sky130_fd_sc_hd__xor2_2)
                                                         _00603_ (net)
                      0.328703    0.000000    7.703293 ^ _07220_/A (sky130_fd_sc_hd__xnor2_2)
     2    0.012845    0.175198    0.284497    7.987790 v _07220_/Y (sky130_fd_sc_hd__xnor2_2)
                                                         _00606_ (net)
                      0.175198    0.000000    7.987790 v _07221_/B (sky130_fd_sc_hd__xnor2_2)
     2    0.009499    0.139762    0.312967    8.300756 v _07221_/Y (sky130_fd_sc_hd__xnor2_2)
                                                         _00607_ (net)
                      0.139762    0.000000    8.300756 v _07222_/B (sky130_fd_sc_hd__or2_2)
     3    0.007914    0.142173    0.691137    8.991894 v _07222_/X (sky130_fd_sc_hd__or2_2)
                                                         _00608_ (net)
                      0.142173    0.000000    8.991894 v _07374_/A (sky130_fd_sc_hd__or4b_2)
     2    0.005745    0.246457    1.631856   10.623750 v _07374_/X (sky130_fd_sc_hd__or4b_2)
                                                         _00758_ (net)
                      0.246457    0.000000   10.623750 v _07455_/A (sky130_fd_sc_hd__or2_2)
     3    0.010841    0.156965    0.799473   11.423223 v _07455_/X (sky130_fd_sc_hd__or2_2)
                                                         _00838_ (net)
                      0.156965    0.000000   11.423223 v _07456_/C1 (sky130_fd_sc_hd__o211ai_2)
     5    0.021503    0.490864    0.236645   11.659869 ^ _07456_/Y (sky130_fd_sc_hd__o211ai_2)
                                                         _00839_ (net)
                      0.490864    0.000000   11.659869 ^ _07880_/B1 (sky130_fd_sc_hd__a2111oi_2)
     1    0.002239    0.128833    0.214554   11.874423 v _07880_/Y (sky130_fd_sc_hd__a2111oi_2)
                                                         _01279_ (net)
                      0.128833    0.000000   11.874423 v _07882_/A2 (sky130_fd_sc_hd__o31a_2)
     1    0.002329    0.085762    0.628789   12.503212 v _07882_/X (sky130_fd_sc_hd__o31a_2)
                                                         _01281_ (net)
                      0.085762    0.000000   12.503212 v _07885_/C1 (sky130_fd_sc_hd__a2111o_2)
     6    0.017186    0.192981    0.897807   13.401019 v _07885_/X (sky130_fd_sc_hd__a2111o_2)
                                                         _01285_ (net)
                      0.192981    0.000000   13.401019 v _08372_/B (sky130_fd_sc_hd__and2b_2)
     2    0.003533    0.074554    0.463142   13.864161 v _08372_/X (sky130_fd_sc_hd__and2b_2)
                                                         _01815_ (net)
                      0.074554    0.000000   13.864161 v _08374_/A2 (sky130_fd_sc_hd__o21a_2)
     4    0.012159    0.103909    0.410673   14.274835 v _08374_/X (sky130_fd_sc_hd__o21a_2)
                                                         _01818_ (net)
                      0.103909    0.000000   14.274835 v _08479_/B (sky130_fd_sc_hd__or3_2)
     1    0.002283    0.158343    1.039084   15.313919 v _08479_/X (sky130_fd_sc_hd__or3_2)
                                                         _01932_ (net)
                      0.158343    0.000000   15.313919 v _08480_/A3 (sky130_fd_sc_hd__a31o_2)
     1    0.001577    0.056480    0.464867   15.778787 v _08480_/X (sky130_fd_sc_hd__a31o_2)
                                                         _00070_ (net)
                      0.056480    0.000000   15.778787 v _11870_/D (sky130_fd_sc_hd__dfxtp_2)
                                             15.778787   data arrival time

                      0.150000   20.000000   20.000000   clock clk_i (rise edge)
                                  0.000000   20.000000   clock network delay (ideal)
                                 -0.250000   19.750002   clock uncertainty
                                  0.000000   19.750002   clock reconvergence pessimism
                                             19.750002 ^ _11870_/CLK (sky130_fd_sc_hd__dfxtp_2)
                                 -0.247107   19.502893   library setup time
                                             19.502893   data required time
---------------------------------------------------------------------------------------------
                                             19.502893   data required time
                                            -15.778787   data arrival time
---------------------------------------------------------------------------------------------
                                              3.724107   slack (MET)


Startpoint: _11844_ (rising edge-triggered flip-flop clocked by clk_i)
Endpoint: _11871_ (rising edge-triggered flip-flop clocked by clk_i)
Path Group: clk_i
Path Type: max

Fanout         Cap        Slew       Delay        Time   Description
---------------------------------------------------------------------------------------------
                      0.150000    0.000000    0.000000   clock clk_i (rise edge)
                                  0.000000    0.000000   clock network delay (ideal)
                      0.150000    0.000000    0.000000 ^ _11844_/CLK (sky130_fd_sc_hd__dfxtp_2)
    32    0.128097    1.008298    1.371552    1.371552 ^ _11844_/Q (sky130_fd_sc_hd__dfxtp_2)
                                                         state_reg[11] (net)
                      1.008298    0.000000    1.371552 ^ _06431_/A (sky130_fd_sc_hd__xor2_2)
    13    0.081330    1.487774    1.435560    2.807112 ^ _06431_/X (sky130_fd_sc_hd__xor2_2)
                                                         _05632_ (net)
                      1.487774    0.000000    2.807112 ^ _06963_/B (sky130_fd_sc_hd__xnor2_2)
     6    0.038103    0.482229    0.785737    3.592849 v _06963_/Y (sky130_fd_sc_hd__xnor2_2)
                                                         _00352_ (net)
                      0.482229    0.000000    3.592849 v _07182_/A (sky130_fd_sc_hd__xor2_2)
     2    0.010924    0.293349    0.490413    4.083262 ^ _07182_/X (sky130_fd_sc_hd__xor2_2)
                                                         _00568_ (net)
                      0.293349    0.000000    4.083262 ^ _07183_/B (sky130_fd_sc_hd__xnor2_2)
     2    0.002840    0.156425    0.262629    4.345891 ^ _07183_/Y (sky130_fd_sc_hd__xnor2_2)
                                                         _00569_ (net)
                      0.156425    0.000000    4.345891 ^ _07185_/C_N (sky130_fd_sc_hd__or3b_2)
     1    0.001490    0.148976    1.021647    5.367537 v _07185_/X (sky130_fd_sc_hd__or3b_2)
                                                         _00571_ (net)
                      0.148976    0.000000    5.367537 v _07186_/B (sky130_fd_sc_hd__and2b_2)
     2    0.010777    0.107512    0.487447    5.854985 v _07186_/X (sky130_fd_sc_hd__and2b_2)
                                                         _00572_ (net)
                      0.107512    0.000000    5.854985 v _07209_/A (sky130_fd_sc_hd__xnor2_2)
     2    0.010320    0.291658    0.336873    6.191857 ^ _07209_/Y (sky130_fd_sc_hd__xnor2_2)
                                                         _00595_ (net)
                      0.291658    0.000000    6.191857 ^ _07212_/A (sky130_fd_sc_hd__xnor2_2)
     2    0.010970    0.303385    0.320237    6.512094 ^ _07212_/Y (sky130_fd_sc_hd__xnor2_2)
                                                         _00598_ (net)
                      0.303385    0.000000    6.512094 ^ _07213_/B (sky130_fd_sc_hd__xnor2_2)
     2    0.013977    0.357778    0.332443    6.844537 ^ _07213_/Y (sky130_fd_sc_hd__xnor2_2)
                                                         _00599_ (net)
                      0.357778    0.000000    6.844537 ^ _07216_/A (sky130_fd_sc_hd__xor2_2)
     2    0.013595    0.327483    0.431657    7.276194 ^ _07216_/X (sky130_fd_sc_hd__xor2_2)
                                                         _00602_ (net)
                      0.327483    0.000000    7.276194 ^ _07217_/B (sky130_fd_sc_hd__xor2_2)
     2    0.013666    0.328703    0.427100    7.703293 ^ _07217_/X (sky130_fd_sc_hd__xor2_2)
                                                         _00603_ (net)
                      0.328703    0.000000    7.703293 ^ _07220_/A (sky130_fd_sc_hd__xnor2_2)
     2    0.012845    0.175198    0.284497    7.987790 v _07220_/Y (sky130_fd_sc_hd__xnor2_2)
                                                         _00606_ (net)
                      0.175198    0.000000    7.987790 v _07221_/B (sky130_fd_sc_hd__xnor2_2)
     2    0.009499    0.139762    0.312967    8.300756 v _07221_/Y (sky130_fd_sc_hd__xnor2_2)
                                                         _00607_ (net)
                      0.139762    0.000000    8.300756 v _07222_/B (sky130_fd_sc_hd__or2_2)
     3    0.007914    0.142173    0.691137    8.991894 v _07222_/X (sky130_fd_sc_hd__or2_2)
                                                         _00608_ (net)
                      0.142173    0.000000    8.991894 v _07374_/A (sky130_fd_sc_hd__or4b_2)
     2    0.005745    0.246457    1.631856   10.623750 v _07374_/X (sky130_fd_sc_hd__or4b_2)
                                                         _00758_ (net)
                      0.246457    0.000000   10.623750 v _07455_/A (sky130_fd_sc_hd__or2_2)
     3    0.010841    0.156965    0.799473   11.423223 v _07455_/X (sky130_fd_sc_hd__or2_2)
                                                         _00838_ (net)
                      0.156965    0.000000   11.423223 v _07456_/C1 (sky130_fd_sc_hd__o211ai_2)
     5    0.021503    0.490864    0.236645   11.659869 ^ _07456_/Y (sky130_fd_sc_hd__o211ai_2)
                                                         _00839_ (net)
                      0.490864    0.000000   11.659869 ^ _07880_/B1 (sky130_fd_sc_hd__a2111oi_2)
     1    0.002239    0.128833    0.214554   11.874423 v _07880_/Y (sky130_fd_sc_hd__a2111oi_2)
                                                         _01279_ (net)
                      0.128833    0.000000   11.874423 v _07882_/A2 (sky130_fd_sc_hd__o31a_2)
     1    0.002329    0.085762    0.628789   12.503212 v _07882_/X (sky130_fd_sc_hd__o31a_2)
                                                         _01281_ (net)
                      0.085762    0.000000   12.503212 v _07885_/C1 (sky130_fd_sc_hd__a2111o_2)
     6    0.017186    0.192981    0.897807   13.401019 v _07885_/X (sky130_fd_sc_hd__a2111o_2)
                                                         _01285_ (net)
                      0.192981    0.000000   13.401019 v _08372_/B (sky130_fd_sc_hd__and2b_2)
     2    0.003533    0.074554    0.463142   13.864161 v _08372_/X (sky130_fd_sc_hd__and2b_2)
                                                         _01815_ (net)
                      0.074554    0.000000   13.864161 v _08374_/A2 (sky130_fd_sc_hd__o21a_2)
     4    0.012159    0.103909    0.410673   14.274835 v _08374_/X (sky130_fd_sc_hd__o21a_2)
                                                         _01818_ (net)
                      0.103909    0.000000   14.274835 v _08583_/A1 (sky130_fd_sc_hd__a21o_2)
     2    0.005521    0.073676    0.376342   14.651176 v _08583_/X (sky130_fd_sc_hd__a21o_2)
                                                         _02044_ (net)
                      0.073676    0.000000   14.651176 v _08585_/B (sky130_fd_sc_hd__or2_2)
     1    0.002283    0.108433    0.608123   15.259300 v _08585_/X (sky130_fd_sc_hd__or2_2)
                                                         _02047_ (net)
                      0.108433    0.000000   15.259300 v _08586_/A3 (sky130_fd_sc_hd__a31o_2)
     1    0.001577    0.056380    0.442084   15.701384 v _08586_/X (sky130_fd_sc_hd__a31o_2)
                                                         _00071_ (net)
                      0.056380    0.000000   15.701384 v _11871_/D (sky130_fd_sc_hd__dfxtp_2)
                                             15.701384   data arrival time

                      0.150000   20.000000   20.000000   clock clk_i (rise edge)
                                  0.000000   20.000000   clock network delay (ideal)
                                 -0.250000   19.750002   clock uncertainty
                                  0.000000   19.750002   clock reconvergence pessimism
                                             19.750002 ^ _11871_/CLK (sky130_fd_sc_hd__dfxtp_2)
                                 -0.247066   19.502935   library setup time
                                             19.502935   data required time
---------------------------------------------------------------------------------------------
                                             19.502935   data required time
                                            -15.701384   data arrival time
---------------------------------------------------------------------------------------------
                                              3.801551   slack (MET)


Startpoint: _11833_ (rising edge-triggered flip-flop clocked by clk_i)
Endpoint: _11859_ (rising edge-triggered flip-flop clocked by clk_i)
Path Group: clk_i
Path Type: max

Fanout         Cap        Slew       Delay        Time   Description
---------------------------------------------------------------------------------------------
                      0.150000    0.000000    0.000000   clock clk_i (rise edge)
                                  0.000000    0.000000   clock network delay (ideal)
                      0.150000    0.000000    0.000000 ^ _11833_/CLK (sky130_fd_sc_hd__dfxtp_2)
    38    0.169101    1.324952    1.595995    1.595995 ^ _11833_/Q (sky130_fd_sc_hd__dfxtp_2)
                                                         state_reg[0] (net)
                      1.324952    0.000000    1.595995 ^ _06240_/B (sky130_fd_sc_hd__xor2_2)
    14    0.056520    1.063398    1.147378    2.743374 ^ _06240_/X (sky130_fd_sc_hd__xor2_2)
                                                         _04717_ (net)
                      1.063398    0.000000    2.743374 ^ _06417_/B (sky130_fd_sc_hd__nor2_2)
     2    0.006439    0.186248    0.274396    3.017770 v _06417_/Y (sky130_fd_sc_hd__nor2_2)
                                                         _05618_ (net)
                      0.186248    0.000000    3.017770 v _06565_/B1 (sky130_fd_sc_hd__a21o_2)
     2    0.010504    0.094529    0.426728    3.444498 v _06565_/X (sky130_fd_sc_hd__a21o_2)
                                                         _05763_ (net)
                      0.094529    0.000000    3.444498 v _06566_/B (sky130_fd_sc_hd__xnor2_2)
     2    0.013174    0.343294    0.328190    3.772688 ^ _06566_/Y (sky130_fd_sc_hd__xnor2_2)
                                                         _05764_ (net)
                      0.343294    0.000000    3.772688 ^ _06568_/B (sky130_fd_sc_hd__xnor2_2)
     2    0.010010    0.289610    0.322060    4.094748 ^ _06568_/Y (sky130_fd_sc_hd__xnor2_2)
                                                         _05766_ (net)
                      0.289610    0.000000    4.094748 ^ _06569_/A_N (sky130_fd_sc_hd__and2b_2)
     2    0.003781    0.075701    0.527574    4.622321 v _06569_/X (sky130_fd_sc_hd__and2b_2)
                                                         _05767_ (net)
                      0.075701    0.000000    4.622321 v _06613_/B (sky130_fd_sc_hd__or3_2)
     1    0.001490    0.150637    1.014213    5.636534 v _06613_/X (sky130_fd_sc_hd__or3_2)
                                                         _05810_ (net)
                      0.150637    0.000000    5.636534 v _06614_/B (sky130_fd_sc_hd__and2b_2)
     2    0.011059    0.108685    0.489824    6.126358 v _06614_/X (sky130_fd_sc_hd__and2b_2)
                                                         _05811_ (net)
                      0.108685    0.000000    6.126358 v _06723_/B2 (sky130_fd_sc_hd__a32o_2)
     2    0.009709    0.100564    0.469871    6.596229 v _06723_/X (sky130_fd_sc_hd__a32o_2)
                                                         _00116_ (net)
                      0.100564    0.000000    6.596229 v _06725_/B (sky130_fd_sc_hd__xnor2_2)
     2    0.013545    0.349987    0.335619    6.931848 ^ _06725_/Y (sky130_fd_sc_hd__xnor2_2)
                                                         _00118_ (net)
                      0.349987    0.000000    6.931848 ^ _06789_/A2 (sky130_fd_sc_hd__a21oi_2)
     2    0.009302    0.126680    0.238387    7.170235 v _06789_/Y (sky130_fd_sc_hd__a21oi_2)
                                                         _00181_ (net)
                      0.126680    0.000000    7.170235 v _06790_/B (sky130_fd_sc_hd__or2_2)
     3    0.011176    0.158876    0.710496    7.880731 v _06790_/X (sky130_fd_sc_hd__or2_2)
                                                         _00182_ (net)
                      0.158876    0.000000    7.880731 v _06939_/A (sky130_fd_sc_hd__or4b_2)
     4    0.015272    0.314707    1.759569    9.640300 v _06939_/X (sky130_fd_sc_hd__or4b_2)
                                                         _00329_ (net)
                      0.314707    0.000000    9.640300 v _07006_/A2 (sky130_fd_sc_hd__a21bo_2)
     2    0.006074    0.078221    0.498332   10.138632 v _07006_/X (sky130_fd_sc_hd__a21bo_2)
                                                         _00395_ (net)
                      0.078221    0.000000   10.138632 v _07008_/C (sky130_fd_sc_hd__and3_2)
     1    0.001280    0.063067    0.416023   10.554654 v _07008_/X (sky130_fd_sc_hd__and3_2)
                                                         _00397_ (net)
                      0.063067    0.000000   10.554654 v _07009_/B (sky130_fd_sc_hd__or2_2)
     3    0.012033    0.163425    0.692799   11.247453 v _07009_/X (sky130_fd_sc_hd__or2_2)
                                                         _00398_ (net)
                      0.163425    0.000000   11.247453 v _07300_/A (sky130_fd_sc_hd__or4_2)
     1    0.001359    0.197455    1.540232   12.787685 v _07300_/X (sky130_fd_sc_hd__or4_2)
                                                         _00685_ (net)
                      0.197455    0.000000   12.787685 v _07305_/A (sky130_fd_sc_hd__and3_2)
     2    0.006314    0.091019    0.444116   13.231801 v _07305_/X (sky130_fd_sc_hd__and3_2)
                                                         _00690_ (net)
                      0.091019    0.000000   13.231801 v _07307_/B1 (sky130_fd_sc_hd__a311o_2)
     2    0.002848    0.091822    0.665279   13.897080 v _07307_/X (sky130_fd_sc_hd__a311o_2)
                                                         _00692_ (net)
                      0.091822    0.000000   13.897080 v _07378_/B (sky130_fd_sc_hd__and3_2)
     2    0.003519    0.076936    0.414066   14.311147 v _07378_/X (sky130_fd_sc_hd__and3_2)
                                                         _00762_ (net)
                      0.076936    0.000000   14.311147 v _07379_/B (sky130_fd_sc_hd__or2_2)
     3    0.010474    0.155433    0.685443   14.996590 v _07379_/X (sky130_fd_sc_hd__or2_2)
                                                         _00763_ (net)
                      0.155433    0.000000   14.996590 v _07457_/A1 (sky130_fd_sc_hd__o21ai_2)
     1    0.004684    0.184289    0.263492   15.260081 ^ _07457_/Y (sky130_fd_sc_hd__o21ai_2)
                                                         _00840_ (net)
                      0.184289    0.000000   15.260081 ^ _07458_/B1 (sky130_fd_sc_hd__a21oi_2)
     1    0.002258    0.093194    0.088233   15.348315 v _07458_/Y (sky130_fd_sc_hd__a21oi_2)
                                                         _00841_ (net)
                      0.093194    0.000000   15.348315 v _07459_/B1 (sky130_fd_sc_hd__a21o_2)
     1    0.001577    0.051664    0.332452   15.680767 v _07459_/X (sky130_fd_sc_hd__a21o_2)
                                                         _00059_ (net)
                      0.051664    0.000000   15.680767 v _11859_/D (sky130_fd_sc_hd__dfxtp_2)
                                             15.680767   data arrival time

                      0.150000   20.000000   20.000000   clock clk_i (rise edge)
                                  0.000000   20.000000   clock network delay (ideal)
                                 -0.250000   19.750002   clock uncertainty
                                  0.000000   19.750002   clock reconvergence pessimism
                                             19.750002 ^ _11859_/CLK (sky130_fd_sc_hd__dfxtp_2)
                                 -0.245108   19.504894   library setup time
                                             19.504894   data required time
---------------------------------------------------------------------------------------------
                                             19.504894   data required time
                                            -15.680767   data arrival time
---------------------------------------------------------------------------------------------
                                              3.824127   slack (MET)


Startpoint: _11833_ (rising edge-triggered flip-flop clocked by clk_i)
Endpoint: _11866_ (rising edge-triggered flip-flop clocked by clk_i)
Path Group: clk_i
Path Type: max

Fanout         Cap        Slew       Delay        Time   Description
---------------------------------------------------------------------------------------------
                      0.150000    0.000000    0.000000   clock clk_i (rise edge)
                                  0.000000    0.000000   clock network delay (ideal)
                      0.150000    0.000000    0.000000 ^ _11833_/CLK (sky130_fd_sc_hd__dfxtp_2)
    38    0.169101    1.324952    1.595995    1.595995 ^ _11833_/Q (sky130_fd_sc_hd__dfxtp_2)
                                                         state_reg[0] (net)
                      1.324952    0.000000    1.595995 ^ _06240_/B (sky130_fd_sc_hd__xor2_2)
    14    0.056520    1.063398    1.147378    2.743374 ^ _06240_/X (sky130_fd_sc_hd__xor2_2)
                                                         _04717_ (net)
                      1.063398    0.000000    2.743374 ^ _06417_/B (sky130_fd_sc_hd__nor2_2)
     2    0.006439    0.186248    0.274396    3.017770 v _06417_/Y (sky130_fd_sc_hd__nor2_2)
                                                         _05618_ (net)
                      0.186248    0.000000    3.017770 v _06565_/B1 (sky130_fd_sc_hd__a21o_2)
     2    0.010504    0.094529    0.426728    3.444498 v _06565_/X (sky130_fd_sc_hd__a21o_2)
                                                         _05763_ (net)
                      0.094529    0.000000    3.444498 v _06566_/B (sky130_fd_sc_hd__xnor2_2)
     2    0.013174    0.343294    0.328190    3.772688 ^ _06566_/Y (sky130_fd_sc_hd__xnor2_2)
                                                         _05764_ (net)
                      0.343294    0.000000    3.772688 ^ _06568_/B (sky130_fd_sc_hd__xnor2_2)
     2    0.010010    0.289610    0.322060    4.094748 ^ _06568_/Y (sky130_fd_sc_hd__xnor2_2)
                                                         _05766_ (net)
                      0.289610    0.000000    4.094748 ^ _06569_/A_N (sky130_fd_sc_hd__and2b_2)
     2    0.003781    0.075701    0.527574    4.622321 v _06569_/X (sky130_fd_sc_hd__and2b_2)
                                                         _05767_ (net)
                      0.075701    0.000000    4.622321 v _06613_/B (sky130_fd_sc_hd__or3_2)
     1    0.001490    0.150637    1.014213    5.636534 v _06613_/X (sky130_fd_sc_hd__or3_2)
                                                         _05810_ (net)
                      0.150637    0.000000    5.636534 v _06614_/B (sky130_fd_sc_hd__and2b_2)
     2    0.011059    0.108685    0.489824    6.126358 v _06614_/X (sky130_fd_sc_hd__and2b_2)
                                                         _05811_ (net)
                      0.108685    0.000000    6.126358 v _06723_/B2 (sky130_fd_sc_hd__a32o_2)
     2    0.009709    0.100564    0.469871    6.596229 v _06723_/X (sky130_fd_sc_hd__a32o_2)
                                                         _00116_ (net)
                      0.100564    0.000000    6.596229 v _06725_/B (sky130_fd_sc_hd__xnor2_2)
     2    0.013545    0.349987    0.335619    6.931848 ^ _06725_/Y (sky130_fd_sc_hd__xnor2_2)
                                                         _00118_ (net)
                      0.349987    0.000000    6.931848 ^ _06789_/A2 (sky130_fd_sc_hd__a21oi_2)
     2    0.009302    0.126680    0.238387    7.170235 v _06789_/Y (sky130_fd_sc_hd__a21oi_2)
                                                         _00181_ (net)
                      0.126680    0.000000    7.170235 v _06790_/B (sky130_fd_sc_hd__or2_2)
     3    0.011176    0.158876    0.710496    7.880731 v _06790_/X (sky130_fd_sc_hd__or2_2)
                                                         _00182_ (net)
                      0.158876    0.000000    7.880731 v _06939_/A (sky130_fd_sc_hd__or4b_2)
     4    0.015272    0.314707    1.759569    9.640300 v _06939_/X (sky130_fd_sc_hd__or4b_2)
                                                         _00329_ (net)
                      0.314707    0.000000    9.640300 v _07006_/A2 (sky130_fd_sc_hd__a21bo_2)
     2    0.006074    0.078221    0.498332   10.138632 v _07006_/X (sky130_fd_sc_hd__a21bo_2)
                                                         _00395_ (net)
                      0.078221    0.000000   10.138632 v _07008_/C (sky130_fd_sc_hd__and3_2)
     1    0.001280    0.063067    0.416023   10.554654 v _07008_/X (sky130_fd_sc_hd__and3_2)
                                                         _00397_ (net)
                      0.063067    0.000000   10.554654 v _07009_/B (sky130_fd_sc_hd__or2_2)
     3    0.012033    0.163425    0.692799   11.247453 v _07009_/X (sky130_fd_sc_hd__or2_2)
                                                         _00398_ (net)
                      0.163425    0.000000   11.247453 v _07300_/A (sky130_fd_sc_hd__or4_2)
     1    0.001359    0.197455    1.540232   12.787685 v _07300_/X (sky130_fd_sc_hd__or4_2)
                                                         _00685_ (net)
                      0.197455    0.000000   12.787685 v _07305_/A (sky130_fd_sc_hd__and3_2)
     2    0.006314    0.091019    0.444116   13.231801 v _07305_/X (sky130_fd_sc_hd__and3_2)
                                                         _00690_ (net)
                      0.091019    0.000000   13.231801 v _07306_/B1 (sky130_fd_sc_hd__a31oi_2)
     2    0.011054    0.334218    0.334372   13.566173 ^ _07306_/Y (sky130_fd_sc_hd__a31oi_2)
                                                         _00691_ (net)
                      0.334218    0.000000   13.566173 ^ _07885_/A1 (sky130_fd_sc_hd__a2111o_2)
     6    0.018648    0.172180    0.466680   14.032852 ^ _07885_/X (sky130_fd_sc_hd__a2111o_2)
                                                         _01285_ (net)
                      0.172180    0.000000   14.032852 ^ _07978_/A (sky130_fd_sc_hd__and2_2)
     2    0.009748    0.119833    0.343751   14.376603 ^ _07978_/X (sky130_fd_sc_hd__and2_2)
                                                         _01386_ (net)
                      0.119833    0.000000   14.376603 ^ _08072_/B (sky130_fd_sc_hd__nor2_2)
     2    0.006459    0.077141    0.089130   14.465734 v _08072_/Y (sky130_fd_sc_hd__nor2_2)
                                                         _01488_ (net)
                      0.077141    0.000000   14.465734 v _08074_/A3 (sky130_fd_sc_hd__o31a_2)
     1    0.002238    0.085254    0.537785   15.003519 v _08074_/X (sky130_fd_sc_hd__o31a_2)
                                                         _01491_ (net)
                      0.085254    0.000000   15.003519 v _08075_/B2 (sky130_fd_sc_hd__a221o_2)
     1    0.001577    0.081478    0.649798   15.653317 v _08075_/X (sky130_fd_sc_hd__a221o_2)
                                                         _00066_ (net)
                      0.081478    0.000000   15.653317 v _11866_/D (sky130_fd_sc_hd__dfxtp_2)
                                             15.653317   data arrival time

                      0.150000   20.000000   20.000000   clock clk_i (rise edge)
                                  0.000000   20.000000   clock network delay (ideal)
                                 -0.250000   19.750002   clock uncertainty
                                  0.000000   19.750002   clock reconvergence pessimism
                                             19.750002 ^ _11866_/CLK (sky130_fd_sc_hd__dfxtp_2)
                                 -0.257485   19.492517   library setup time
                                             19.492517   data required time
---------------------------------------------------------------------------------------------
                                             19.492517   data required time
                                            -15.653317   data arrival time
---------------------------------------------------------------------------------------------
                                              3.839199   slack (MET)


Startpoint: _11833_ (rising edge-triggered flip-flop clocked by clk_i)
Endpoint: _11881_ (rising edge-triggered flip-flop clocked by clk_i)
Path Group: clk_i
Path Type: max

Fanout         Cap        Slew       Delay        Time   Description
---------------------------------------------------------------------------------------------
                      0.150000    0.000000    0.000000   clock clk_i (rise edge)
                                  0.000000    0.000000   clock network delay (ideal)
                      0.150000    0.000000    0.000000 ^ _11833_/CLK (sky130_fd_sc_hd__dfxtp_2)
    38    0.169101    1.324952    1.595995    1.595995 ^ _11833_/Q (sky130_fd_sc_hd__dfxtp_2)
                                                         state_reg[0] (net)
                      1.324952    0.000000    1.595995 ^ _06240_/B (sky130_fd_sc_hd__xor2_2)
    14    0.056520    1.063398    1.147378    2.743374 ^ _06240_/X (sky130_fd_sc_hd__xor2_2)
                                                         _04717_ (net)
                      1.063398    0.000000    2.743374 ^ _06417_/B (sky130_fd_sc_hd__nor2_2)
     2    0.006439    0.186248    0.274396    3.017770 v _06417_/Y (sky130_fd_sc_hd__nor2_2)
                                                         _05618_ (net)
                      0.186248    0.000000    3.017770 v _06565_/B1 (sky130_fd_sc_hd__a21o_2)
     2    0.010504    0.094529    0.426728    3.444498 v _06565_/X (sky130_fd_sc_hd__a21o_2)
                                                         _05763_ (net)
                      0.094529    0.000000    3.444498 v _06566_/B (sky130_fd_sc_hd__xnor2_2)
     2    0.013174    0.343294    0.328190    3.772688 ^ _06566_/Y (sky130_fd_sc_hd__xnor2_2)
                                                         _05764_ (net)
                      0.343294    0.000000    3.772688 ^ _06568_/B (sky130_fd_sc_hd__xnor2_2)
     2    0.010010    0.289610    0.322060    4.094748 ^ _06568_/Y (sky130_fd_sc_hd__xnor2_2)
                                                         _05766_ (net)
                      0.289610    0.000000    4.094748 ^ _06569_/A_N (sky130_fd_sc_hd__and2b_2)
     2    0.003781    0.075701    0.527574    4.622321 v _06569_/X (sky130_fd_sc_hd__and2b_2)
                                                         _05767_ (net)
                      0.075701    0.000000    4.622321 v _06613_/B (sky130_fd_sc_hd__or3_2)
     1    0.001490    0.150637    1.014213    5.636534 v _06613_/X (sky130_fd_sc_hd__or3_2)
                                                         _05810_ (net)
                      0.150637    0.000000    5.636534 v _06614_/B (sky130_fd_sc_hd__and2b_2)
     2    0.011059    0.108685    0.489824    6.126358 v _06614_/X (sky130_fd_sc_hd__and2b_2)
                                                         _05811_ (net)
                      0.108685    0.000000    6.126358 v _06723_/B2 (sky130_fd_sc_hd__a32o_2)
     2    0.009709    0.100564    0.469871    6.596229 v _06723_/X (sky130_fd_sc_hd__a32o_2)
                                                         _00116_ (net)
                      0.100564    0.000000    6.596229 v _06725_/B (sky130_fd_sc_hd__xnor2_2)
     2    0.013545    0.349987    0.335619    6.931848 ^ _06725_/Y (sky130_fd_sc_hd__xnor2_2)
                                                         _00118_ (net)
                      0.349987    0.000000    6.931848 ^ _06789_/A2 (sky130_fd_sc_hd__a21oi_2)
     2    0.009302    0.126680    0.238387    7.170235 v _06789_/Y (sky130_fd_sc_hd__a21oi_2)
                                                         _00181_ (net)
                      0.126680    0.000000    7.170235 v _06790_/B (sky130_fd_sc_hd__or2_2)
     3    0.011176    0.158876    0.710496    7.880731 v _06790_/X (sky130_fd_sc_hd__or2_2)
                                                         _00182_ (net)
                      0.158876    0.000000    7.880731 v _06939_/A (sky130_fd_sc_hd__or4b_2)
     4    0.015272    0.314707    1.759569    9.640300 v _06939_/X (sky130_fd_sc_hd__or4b_2)
                                                         _00329_ (net)
                      0.314707    0.000000    9.640300 v _07006_/A2 (sky130_fd_sc_hd__a21bo_2)
     2    0.006074    0.078221    0.498332   10.138632 v _07006_/X (sky130_fd_sc_hd__a21bo_2)
                                                         _00395_ (net)
                      0.078221    0.000000   10.138632 v _07008_/C (sky130_fd_sc_hd__and3_2)
     1    0.001280    0.063067    0.416023   10.554654 v _07008_/X (sky130_fd_sc_hd__and3_2)
                                                         _00397_ (net)
                      0.063067    0.000000   10.554654 v _07009_/B (sky130_fd_sc_hd__or2_2)
     3    0.012033    0.163425    0.692799   11.247453 v _07009_/X (sky130_fd_sc_hd__or2_2)
                                                         _00398_ (net)
                      0.163425    0.000000   11.247453 v _07300_/A (sky130_fd_sc_hd__or4_2)
     1    0.001359    0.197455    1.540232   12.787685 v _07300_/X (sky130_fd_sc_hd__or4_2)
                                                         _00685_ (net)
                      0.197455    0.000000   12.787685 v _07305_/A (sky130_fd_sc_hd__and3_2)
     2    0.006314    0.091019    0.444116   13.231801 v _07305_/X (sky130_fd_sc_hd__and3_2)
                                                         _00690_ (net)
                      0.091019    0.000000   13.231801 v _07306_/B1 (sky130_fd_sc_hd__a31oi_2)
     2    0.011054    0.334218    0.334372   13.566173 ^ _07306_/Y (sky130_fd_sc_hd__a31oi_2)
                                                         _00691_ (net)
                      0.334218    0.000000   13.566173 ^ _07885_/A1 (sky130_fd_sc_hd__a2111o_2)
     6    0.018648    0.172180    0.466680   14.032852 ^ _07885_/X (sky130_fd_sc_hd__a2111o_2)
                                                         _01285_ (net)
                      0.172180    0.000000   14.032852 ^ _08801_/A1 (sky130_fd_sc_hd__a21boi_2)
     5    0.018997    0.179642    0.223316   14.256169 v _08801_/Y (sky130_fd_sc_hd__a21boi_2)
                                                         _02282_ (net)
                      0.179642    0.000000   14.256169 v _09598_/A1 (sky130_fd_sc_hd__o21ai_2)
     2    0.013656    0.323851    0.389353   14.645522 ^ _09598_/Y (sky130_fd_sc_hd__o21ai_2)
                                                         _03145_ (net)
                      0.323851    0.000000   14.645522 ^ _09718_/A (sky130_fd_sc_hd__xnor2_2)
     1    0.004682    0.189380    0.291833   14.937355 ^ _09718_/Y (sky130_fd_sc_hd__xnor2_2)
                                                         _03275_ (net)
                      0.189380    0.000000   14.937355 ^ _09719_/B (sky130_fd_sc_hd__nor2_2)
     1    0.002258    0.113636    0.091765   15.029119 v _09719_/Y (sky130_fd_sc_hd__nor2_2)
                                                         _03276_ (net)
                      0.113636    0.000000   15.029119 v _09720_/B1 (sky130_fd_sc_hd__a211o_2)
     1    0.001577    0.075237    0.569834   15.598953 v _09720_/X (sky130_fd_sc_hd__a211o_2)
                                                         _00081_ (net)
                      0.075237    0.000000   15.598953 v _11881_/D (sky130_fd_sc_hd__dfxtp_2)
                                             15.598953   data arrival time

                      0.150000   20.000000   20.000000   clock clk_i (rise edge)
                                  0.000000   20.000000   clock network delay (ideal)
                                 -0.250000   19.750002   clock uncertainty
                                  0.000000   19.750002   clock reconvergence pessimism
                                             19.750002 ^ _11881_/CLK (sky130_fd_sc_hd__dfxtp_2)
                                 -0.254894   19.495106   library setup time
                                             19.495106   data required time
---------------------------------------------------------------------------------------------
                                             19.495106   data required time
                                            -15.598953   data arrival time
---------------------------------------------------------------------------------------------
                                              3.896153   slack (MET)


Startpoint: _11833_ (rising edge-triggered flip-flop clocked by clk_i)
Endpoint: _11878_ (rising edge-triggered flip-flop clocked by clk_i)
Path Group: clk_i
Path Type: max

Fanout         Cap        Slew       Delay        Time   Description
---------------------------------------------------------------------------------------------
                      0.150000    0.000000    0.000000   clock clk_i (rise edge)
                                  0.000000    0.000000   clock network delay (ideal)
                      0.150000    0.000000    0.000000 ^ _11833_/CLK (sky130_fd_sc_hd__dfxtp_2)
    38    0.169101    1.324952    1.595995    1.595995 ^ _11833_/Q (sky130_fd_sc_hd__dfxtp_2)
                                                         state_reg[0] (net)
                      1.324952    0.000000    1.595995 ^ _06240_/B (sky130_fd_sc_hd__xor2_2)
    14    0.056520    1.063398    1.147378    2.743374 ^ _06240_/X (sky130_fd_sc_hd__xor2_2)
                                                         _04717_ (net)
                      1.063398    0.000000    2.743374 ^ _06417_/B (sky130_fd_sc_hd__nor2_2)
     2    0.006439    0.186248    0.274396    3.017770 v _06417_/Y (sky130_fd_sc_hd__nor2_2)
                                                         _05618_ (net)
                      0.186248    0.000000    3.017770 v _06565_/B1 (sky130_fd_sc_hd__a21o_2)
     2    0.010504    0.094529    0.426728    3.444498 v _06565_/X (sky130_fd_sc_hd__a21o_2)
                                                         _05763_ (net)
                      0.094529    0.000000    3.444498 v _06566_/B (sky130_fd_sc_hd__xnor2_2)
     2    0.013174    0.343294    0.328190    3.772688 ^ _06566_/Y (sky130_fd_sc_hd__xnor2_2)
                                                         _05764_ (net)
                      0.343294    0.000000    3.772688 ^ _06568_/B (sky130_fd_sc_hd__xnor2_2)
     2    0.010010    0.289610    0.322060    4.094748 ^ _06568_/Y (sky130_fd_sc_hd__xnor2_2)
                                                         _05766_ (net)
                      0.289610    0.000000    4.094748 ^ _06569_/A_N (sky130_fd_sc_hd__and2b_2)
     2    0.003781    0.075701    0.527574    4.622321 v _06569_/X (sky130_fd_sc_hd__and2b_2)
                                                         _05767_ (net)
                      0.075701    0.000000    4.622321 v _06613_/B (sky130_fd_sc_hd__or3_2)
     1    0.001490    0.150637    1.014213    5.636534 v _06613_/X (sky130_fd_sc_hd__or3_2)
                                                         _05810_ (net)
                      0.150637    0.000000    5.636534 v _06614_/B (sky130_fd_sc_hd__and2b_2)
     2    0.011059    0.108685    0.489824    6.126358 v _06614_/X (sky130_fd_sc_hd__and2b_2)
                                                         _05811_ (net)
                      0.108685    0.000000    6.126358 v _06723_/B2 (sky130_fd_sc_hd__a32o_2)
     2    0.009709    0.100564    0.469871    6.596229 v _06723_/X (sky130_fd_sc_hd__a32o_2)
                                                         _00116_ (net)
                      0.100564    0.000000    6.596229 v _06725_/B (sky130_fd_sc_hd__xnor2_2)
     2    0.013545    0.349987    0.335619    6.931848 ^ _06725_/Y (sky130_fd_sc_hd__xnor2_2)
                                                         _00118_ (net)
                      0.349987    0.000000    6.931848 ^ _06789_/A2 (sky130_fd_sc_hd__a21oi_2)
     2    0.009302    0.126680    0.238387    7.170235 v _06789_/Y (sky130_fd_sc_hd__a21oi_2)
                                                         _00181_ (net)
                      0.126680    0.000000    7.170235 v _06790_/B (sky130_fd_sc_hd__or2_2)
     3    0.011176    0.158876    0.710496    7.880731 v _06790_/X (sky130_fd_sc_hd__or2_2)
                                                         _00182_ (net)
                      0.158876    0.000000    7.880731 v _06939_/A (sky130_fd_sc_hd__or4b_2)
     4    0.015272    0.314707    1.759569    9.640300 v _06939_/X (sky130_fd_sc_hd__or4b_2)
                                                         _00329_ (net)
                      0.314707    0.000000    9.640300 v _07006_/A2 (sky130_fd_sc_hd__a21bo_2)
     2    0.006074    0.078221    0.498332   10.138632 v _07006_/X (sky130_fd_sc_hd__a21bo_2)
                                                         _00395_ (net)
                      0.078221    0.000000   10.138632 v _07008_/C (sky130_fd_sc_hd__and3_2)
     1    0.001280    0.063067    0.416023   10.554654 v _07008_/X (sky130_fd_sc_hd__and3_2)
                                                         _00397_ (net)
                      0.063067    0.000000   10.554654 v _07009_/B (sky130_fd_sc_hd__or2_2)
     3    0.012033    0.163425    0.692799   11.247453 v _07009_/X (sky130_fd_sc_hd__or2_2)
                                                         _00398_ (net)
                      0.163425    0.000000   11.247453 v _07300_/A (sky130_fd_sc_hd__or4_2)
     1    0.001359    0.197455    1.540232   12.787685 v _07300_/X (sky130_fd_sc_hd__or4_2)
                                                         _00685_ (net)
                      0.197455    0.000000   12.787685 v _07305_/A (sky130_fd_sc_hd__and3_2)
     2    0.006314    0.091019    0.444116   13.231801 v _07305_/X (sky130_fd_sc_hd__and3_2)
                                                         _00690_ (net)
                      0.091019    0.000000   13.231801 v _07306_/B1 (sky130_fd_sc_hd__a31oi_2)
     2    0.011054    0.334218    0.334372   13.566173 ^ _07306_/Y (sky130_fd_sc_hd__a31oi_2)
                                                         _00691_ (net)
                      0.334218    0.000000   13.566173 ^ _07885_/A1 (sky130_fd_sc_hd__a2111o_2)
     6    0.018648    0.172180    0.466680   14.032852 ^ _07885_/X (sky130_fd_sc_hd__a2111o_2)
                                                         _01285_ (net)
                      0.172180    0.000000   14.032852 ^ _08801_/A1 (sky130_fd_sc_hd__a21boi_2)
     5    0.018997    0.179642    0.223316   14.256169 v _08801_/Y (sky130_fd_sc_hd__a21boi_2)
                                                         _02282_ (net)
                      0.179642    0.000000   14.256169 v _09238_/A (sky130_fd_sc_hd__nor2_2)
     2    0.005049    0.149097    0.231180   14.487349 ^ _09238_/Y (sky130_fd_sc_hd__nor2_2)
                                                         _02756_ (net)
                      0.149097    0.000000   14.487349 ^ _09239_/A2 (sky130_fd_sc_hd__o21a_2)
     3    0.013971    0.143820    0.323150   14.810499 ^ _09239_/X (sky130_fd_sc_hd__o21a_2)
                                                         _02757_ (net)
                      0.143820    0.000000   14.810499 ^ _09243_/B1 (sky130_fd_sc_hd__a21oi_2)
     1    0.008431    0.127182    0.103081   14.913580 v _09243_/Y (sky130_fd_sc_hd__a21oi_2)
                                                         _02760_ (net)
                      0.127182    0.000000   14.913580 v _09353_/A (sky130_fd_sc_hd__xnor2_2)
     1    0.004617    0.188262    0.267349   15.180929 ^ _09353_/Y (sky130_fd_sc_hd__xnor2_2)
                                                         _02880_ (net)
                      0.188262    0.000000   15.180929 ^ _09354_/B (sky130_fd_sc_hd__nand2_2)
     1    0.002288    0.167081    0.126692   15.307620 v _09354_/Y (sky130_fd_sc_hd__nand2_2)
                                                         _02882_ (net)
                      0.167081    0.000000   15.307620 v _09355_/B1 (sky130_fd_sc_hd__o211a_2)
     1    0.001577    0.064000    0.274076   15.581697 v _09355_/X (sky130_fd_sc_hd__o211a_2)
                                                         _00078_ (net)
                      0.064000    0.000000   15.581697 v _11878_/D (sky130_fd_sc_hd__dfxtp_2)
                                             15.581697   data arrival time

                      0.150000   20.000000   20.000000   clock clk_i (rise edge)
                                  0.000000   20.000000   clock network delay (ideal)
                                 -0.250000   19.750002   clock uncertainty
                                  0.000000   19.750002   clock reconvergence pessimism
                                             19.750002 ^ _11878_/CLK (sky130_fd_sc_hd__dfxtp_2)
                                 -0.250229   19.499773   library setup time
                                             19.499773   data required time
---------------------------------------------------------------------------------------------
                                             19.499773   data required time
                                            -15.581697   data arrival time
---------------------------------------------------------------------------------------------
                                              3.918077   slack (MET)


Startpoint: _11844_ (rising edge-triggered flip-flop clocked by clk_i)
Endpoint: _11876_ (rising edge-triggered flip-flop clocked by clk_i)
Path Group: clk_i
Path Type: max

Fanout         Cap        Slew       Delay        Time   Description
---------------------------------------------------------------------------------------------
                      0.150000    0.000000    0.000000   clock clk_i (rise edge)
                                  0.000000    0.000000   clock network delay (ideal)
                      0.150000    0.000000    0.000000 ^ _11844_/CLK (sky130_fd_sc_hd__dfxtp_2)
    32    0.128097    1.008298    1.371552    1.371552 ^ _11844_/Q (sky130_fd_sc_hd__dfxtp_2)
                                                         state_reg[11] (net)
                      1.008298    0.000000    1.371552 ^ _06431_/A (sky130_fd_sc_hd__xor2_2)
    13    0.081330    1.487774    1.435560    2.807112 ^ _06431_/X (sky130_fd_sc_hd__xor2_2)
                                                         _05632_ (net)
                      1.487774    0.000000    2.807112 ^ _06963_/B (sky130_fd_sc_hd__xnor2_2)
     6    0.038103    0.482229    0.785737    3.592849 v _06963_/Y (sky130_fd_sc_hd__xnor2_2)
                                                         _00352_ (net)
                      0.482229    0.000000    3.592849 v _07182_/A (sky130_fd_sc_hd__xor2_2)
     2    0.010924    0.293349    0.490413    4.083262 ^ _07182_/X (sky130_fd_sc_hd__xor2_2)
                                                         _00568_ (net)
                      0.293349    0.000000    4.083262 ^ _07183_/B (sky130_fd_sc_hd__xnor2_2)
     2    0.002840    0.156425    0.262629    4.345891 ^ _07183_/Y (sky130_fd_sc_hd__xnor2_2)
                                                         _00569_ (net)
                      0.156425    0.000000    4.345891 ^ _07185_/C_N (sky130_fd_sc_hd__or3b_2)
     1    0.001490    0.148976    1.021647    5.367537 v _07185_/X (sky130_fd_sc_hd__or3b_2)
                                                         _00571_ (net)
                      0.148976    0.000000    5.367537 v _07186_/B (sky130_fd_sc_hd__and2b_2)
     2    0.010777    0.107512    0.487447    5.854985 v _07186_/X (sky130_fd_sc_hd__and2b_2)
                                                         _00572_ (net)
                      0.107512    0.000000    5.854985 v _07209_/A (sky130_fd_sc_hd__xnor2_2)
     2    0.010320    0.291658    0.336873    6.191857 ^ _07209_/Y (sky130_fd_sc_hd__xnor2_2)
                                                         _00595_ (net)
                      0.291658    0.000000    6.191857 ^ _07212_/A (sky130_fd_sc_hd__xnor2_2)
     2    0.010970    0.303385    0.320237    6.512094 ^ _07212_/Y (sky130_fd_sc_hd__xnor2_2)
                                                         _00598_ (net)
                      0.303385    0.000000    6.512094 ^ _07213_/B (sky130_fd_sc_hd__xnor2_2)
     2    0.013977    0.357778    0.332443    6.844537 ^ _07213_/Y (sky130_fd_sc_hd__xnor2_2)
                                                         _00599_ (net)
                      0.357778    0.000000    6.844537 ^ _07216_/A (sky130_fd_sc_hd__xor2_2)
     2    0.013595    0.327483    0.431657    7.276194 ^ _07216_/X (sky130_fd_sc_hd__xor2_2)
                                                         _00602_ (net)
                      0.327483    0.000000    7.276194 ^ _07217_/B (sky130_fd_sc_hd__xor2_2)
     2    0.013666    0.328703    0.427100    7.703293 ^ _07217_/X (sky130_fd_sc_hd__xor2_2)
                                                         _00603_ (net)
                      0.328703    0.000000    7.703293 ^ _07220_/A (sky130_fd_sc_hd__xnor2_2)
     2    0.012845    0.175198    0.284497    7.987790 v _07220_/Y (sky130_fd_sc_hd__xnor2_2)
                                                         _00606_ (net)
                      0.175198    0.000000    7.987790 v _07221_/B (sky130_fd_sc_hd__xnor2_2)
     2    0.009499    0.139762    0.312967    8.300756 v _07221_/Y (sky130_fd_sc_hd__xnor2_2)
                                                         _00607_ (net)
                      0.139762    0.000000    8.300756 v _07222_/B (sky130_fd_sc_hd__or2_2)
     3    0.007914    0.142173    0.691137    8.991894 v _07222_/X (sky130_fd_sc_hd__or2_2)
                                                         _00608_ (net)
                      0.142173    0.000000    8.991894 v _07374_/A (sky130_fd_sc_hd__or4b_2)
     2    0.005745    0.246457    1.631856   10.623750 v _07374_/X (sky130_fd_sc_hd__or4b_2)
                                                         _00758_ (net)
                      0.246457    0.000000   10.623750 v _07455_/A (sky130_fd_sc_hd__or2_2)
     3    0.010841    0.156965    0.799473   11.423223 v _07455_/X (sky130_fd_sc_hd__or2_2)
                                                         _00838_ (net)
                      0.156965    0.000000   11.423223 v _07456_/C1 (sky130_fd_sc_hd__o211ai_2)
     5    0.021503    0.490864    0.236645   11.659869 ^ _07456_/Y (sky130_fd_sc_hd__o211ai_2)
                                                         _00839_ (net)
                      0.490864    0.000000   11.659869 ^ _07880_/B1 (sky130_fd_sc_hd__a2111oi_2)
     1    0.002239    0.128833    0.214554   11.874423 v _07880_/Y (sky130_fd_sc_hd__a2111oi_2)
                                                         _01279_ (net)
                      0.128833    0.000000   11.874423 v _07882_/A2 (sky130_fd_sc_hd__o31a_2)
     1    0.002329    0.085762    0.628789   12.503212 v _07882_/X (sky130_fd_sc_hd__o31a_2)
                                                         _01281_ (net)
                      0.085762    0.000000   12.503212 v _07885_/C1 (sky130_fd_sc_hd__a2111o_2)
     6    0.017186    0.192981    0.897807   13.401019 v _07885_/X (sky130_fd_sc_hd__a2111o_2)
                                                         _01285_ (net)
                      0.192981    0.000000   13.401019 v _08801_/A1 (sky130_fd_sc_hd__a21boi_2)
     5    0.020750    0.437227    0.479342   13.880362 ^ _08801_/Y (sky130_fd_sc_hd__a21boi_2)
                                                         _02282_ (net)
                      0.437227    0.000000   13.880362 ^ _09021_/B (sky130_fd_sc_hd__nor3_2)
     2    0.005415    0.103533    0.205549   14.085911 v _09021_/Y (sky130_fd_sc_hd__nor3_2)
                                                         _02520_ (net)
                      0.103533    0.000000   14.085911 v _09023_/A2 (sky130_fd_sc_hd__o21ai_2)
     2    0.007118    0.211165    0.237646   14.323557 ^ _09023_/Y (sky130_fd_sc_hd__o21ai_2)
                                                         _02522_ (net)
                      0.211165    0.000000   14.323557 ^ _09130_/B (sky130_fd_sc_hd__nand2_2)
     2    0.005521    0.077998    0.158383   14.481939 v _09130_/Y (sky130_fd_sc_hd__nand2_2)
                                                         _02639_ (net)
                      0.077998    0.000000   14.481939 v _09132_/B (sky130_fd_sc_hd__or2_2)
     1    0.002223    0.108003    0.608742   15.090681 v _09132_/X (sky130_fd_sc_hd__or2_2)
                                                         _02641_ (net)
                      0.108003    0.000000   15.090681 v _09133_/A3 (sky130_fd_sc_hd__a32o_2)
     1    0.001577    0.060881    0.468395   15.559076 v _09133_/X (sky130_fd_sc_hd__a32o_2)
                                                         _00076_ (net)
                      0.060881    0.000000   15.559076 v _11876_/D (sky130_fd_sc_hd__dfxtp_2)
                                             15.559076   data arrival time

                      0.150000   20.000000   20.000000   clock clk_i (rise edge)
                                  0.000000   20.000000   clock network delay (ideal)
                                 -0.250000   19.750002   clock uncertainty
                                  0.000000   19.750002   clock reconvergence pessimism
                                             19.750002 ^ _11876_/CLK (sky130_fd_sc_hd__dfxtp_2)
                                 -0.248934   19.501066   library setup time
                                             19.501066   data required time
---------------------------------------------------------------------------------------------
                                             19.501066   data required time
                                            -15.559076   data arrival time
---------------------------------------------------------------------------------------------
                                              3.941990   slack (MET)


Startpoint: _11833_ (rising edge-triggered flip-flop clocked by clk_i)
Endpoint: _11873_ (rising edge-triggered flip-flop clocked by clk_i)
Path Group: clk_i
Path Type: max

Fanout         Cap        Slew       Delay        Time   Description
---------------------------------------------------------------------------------------------
                      0.150000    0.000000    0.000000   clock clk_i (rise edge)
                                  0.000000    0.000000   clock network delay (ideal)
                      0.150000    0.000000    0.000000 ^ _11833_/CLK (sky130_fd_sc_hd__dfxtp_2)
    38    0.169101    1.324952    1.595995    1.595995 ^ _11833_/Q (sky130_fd_sc_hd__dfxtp_2)
                                                         state_reg[0] (net)
                      1.324952    0.000000    1.595995 ^ _06240_/B (sky130_fd_sc_hd__xor2_2)
    14    0.056520    1.063398    1.147378    2.743374 ^ _06240_/X (sky130_fd_sc_hd__xor2_2)
                                                         _04717_ (net)
                      1.063398    0.000000    2.743374 ^ _06417_/B (sky130_fd_sc_hd__nor2_2)
     2    0.006439    0.186248    0.274396    3.017770 v _06417_/Y (sky130_fd_sc_hd__nor2_2)
                                                         _05618_ (net)
                      0.186248    0.000000    3.017770 v _06565_/B1 (sky130_fd_sc_hd__a21o_2)
     2    0.010504    0.094529    0.426728    3.444498 v _06565_/X (sky130_fd_sc_hd__a21o_2)
                                                         _05763_ (net)
                      0.094529    0.000000    3.444498 v _06566_/B (sky130_fd_sc_hd__xnor2_2)
     2    0.013174    0.343294    0.328190    3.772688 ^ _06566_/Y (sky130_fd_sc_hd__xnor2_2)
                                                         _05764_ (net)
                      0.343294    0.000000    3.772688 ^ _06568_/B (sky130_fd_sc_hd__xnor2_2)
     2    0.010010    0.289610    0.322060    4.094748 ^ _06568_/Y (sky130_fd_sc_hd__xnor2_2)
                                                         _05766_ (net)
                      0.289610    0.000000    4.094748 ^ _06569_/A_N (sky130_fd_sc_hd__and2b_2)
     2    0.003781    0.075701    0.527574    4.622321 v _06569_/X (sky130_fd_sc_hd__and2b_2)
                                                         _05767_ (net)
                      0.075701    0.000000    4.622321 v _06613_/B (sky130_fd_sc_hd__or3_2)
     1    0.001490    0.150637    1.014213    5.636534 v _06613_/X (sky130_fd_sc_hd__or3_2)
                                                         _05810_ (net)
                      0.150637    0.000000    5.636534 v _06614_/B (sky130_fd_sc_hd__and2b_2)
     2    0.011059    0.108685    0.489824    6.126358 v _06614_/X (sky130_fd_sc_hd__and2b_2)
                                                         _05811_ (net)
                      0.108685    0.000000    6.126358 v _06723_/B2 (sky130_fd_sc_hd__a32o_2)
     2    0.009709    0.100564    0.469871    6.596229 v _06723_/X (sky130_fd_sc_hd__a32o_2)
                                                         _00116_ (net)
                      0.100564    0.000000    6.596229 v _06725_/B (sky130_fd_sc_hd__xnor2_2)
     2    0.013545    0.349987    0.335619    6.931848 ^ _06725_/Y (sky130_fd_sc_hd__xnor2_2)
                                                         _00118_ (net)
                      0.349987    0.000000    6.931848 ^ _06789_/A2 (sky130_fd_sc_hd__a21oi_2)
     2    0.009302    0.126680    0.238387    7.170235 v _06789_/Y (sky130_fd_sc_hd__a21oi_2)
                                                         _00181_ (net)
                      0.126680    0.000000    7.170235 v _06790_/B (sky130_fd_sc_hd__or2_2)
     3    0.011176    0.158876    0.710496    7.880731 v _06790_/X (sky130_fd_sc_hd__or2_2)
                                                         _00182_ (net)
                      0.158876    0.000000    7.880731 v _06939_/A (sky130_fd_sc_hd__or4b_2)
     4    0.015272    0.314707    1.759569    9.640300 v _06939_/X (sky130_fd_sc_hd__or4b_2)
                                                         _00329_ (net)
                      0.314707    0.000000    9.640300 v _07006_/A2 (sky130_fd_sc_hd__a21bo_2)
     2    0.006074    0.078221    0.498332   10.138632 v _07006_/X (sky130_fd_sc_hd__a21bo_2)
                                                         _00395_ (net)
                      0.078221    0.000000   10.138632 v _07008_/C (sky130_fd_sc_hd__and3_2)
     1    0.001280    0.063067    0.416023   10.554654 v _07008_/X (sky130_fd_sc_hd__and3_2)
                                                         _00397_ (net)
                      0.063067    0.000000   10.554654 v _07009_/B (sky130_fd_sc_hd__or2_2)
     3    0.012033    0.163425    0.692799   11.247453 v _07009_/X (sky130_fd_sc_hd__or2_2)
                                                         _00398_ (net)
                      0.163425    0.000000   11.247453 v _07300_/A (sky130_fd_sc_hd__or4_2)
     1    0.001359    0.197455    1.540232   12.787685 v _07300_/X (sky130_fd_sc_hd__or4_2)
                                                         _00685_ (net)
                      0.197455    0.000000   12.787685 v _07305_/A (sky130_fd_sc_hd__and3_2)
     2    0.006314    0.091019    0.444116   13.231801 v _07305_/X (sky130_fd_sc_hd__and3_2)
                                                         _00690_ (net)
                      0.091019    0.000000   13.231801 v _07306_/B1 (sky130_fd_sc_hd__a31oi_2)
     2    0.011054    0.334218    0.334372   13.566173 ^ _07306_/Y (sky130_fd_sc_hd__a31oi_2)
                                                         _00691_ (net)
                      0.334218    0.000000   13.566173 ^ _07885_/A1 (sky130_fd_sc_hd__a2111o_2)
     6    0.018648    0.172180    0.466680   14.032852 ^ _07885_/X (sky130_fd_sc_hd__a2111o_2)
                                                         _01285_ (net)
                      0.172180    0.000000   14.032852 ^ _08801_/A1 (sky130_fd_sc_hd__a21boi_2)
     5    0.018997    0.179642    0.223316   14.256169 v _08801_/Y (sky130_fd_sc_hd__a21boi_2)
                                                         _02282_ (net)
                      0.179642    0.000000   14.256169 v _08802_/B (sky130_fd_sc_hd__or2_2)
     2    0.003764    0.118412    0.667975   14.924144 v _08802_/X (sky130_fd_sc_hd__or2_2)
                                                         _02283_ (net)
                      0.118412    0.000000   14.924144 v _08804_/B1 (sky130_fd_sc_hd__a221o_2)
     1    0.001577    0.081478    0.615961   15.540105 v _08804_/X (sky130_fd_sc_hd__a221o_2)
                                                         _00073_ (net)
                      0.081478    0.000000   15.540105 v _11873_/D (sky130_fd_sc_hd__dfxtp_2)
                                             15.540105   data arrival time

                      0.150000   20.000000   20.000000   clock clk_i (rise edge)
                                  0.000000   20.000000   clock network delay (ideal)
                                 -0.250000   19.750002   clock uncertainty
                                  0.000000   19.750002   clock reconvergence pessimism
                                             19.750002 ^ _11873_/CLK (sky130_fd_sc_hd__dfxtp_2)
                                 -0.257485   19.492517   library setup time
                                             19.492517   data required time
---------------------------------------------------------------------------------------------
                                             19.492517   data required time
                                            -15.540105   data arrival time
---------------------------------------------------------------------------------------------
                                              3.952412   slack (MET)


Startpoint: _11833_ (rising edge-triggered flip-flop clocked by clk_i)
Endpoint: _11879_ (rising edge-triggered flip-flop clocked by clk_i)
Path Group: clk_i
Path Type: max

Fanout         Cap        Slew       Delay        Time   Description
---------------------------------------------------------------------------------------------
                      0.150000    0.000000    0.000000   clock clk_i (rise edge)
                                  0.000000    0.000000   clock network delay (ideal)
                      0.150000    0.000000    0.000000 ^ _11833_/CLK (sky130_fd_sc_hd__dfxtp_2)
    38    0.169101    1.324952    1.595995    1.595995 ^ _11833_/Q (sky130_fd_sc_hd__dfxtp_2)
                                                         state_reg[0] (net)
                      1.324952    0.000000    1.595995 ^ _06240_/B (sky130_fd_sc_hd__xor2_2)
    14    0.056520    1.063398    1.147378    2.743374 ^ _06240_/X (sky130_fd_sc_hd__xor2_2)
                                                         _04717_ (net)
                      1.063398    0.000000    2.743374 ^ _06417_/B (sky130_fd_sc_hd__nor2_2)
     2    0.006439    0.186248    0.274396    3.017770 v _06417_/Y (sky130_fd_sc_hd__nor2_2)
                                                         _05618_ (net)
                      0.186248    0.000000    3.017770 v _06565_/B1 (sky130_fd_sc_hd__a21o_2)
     2    0.010504    0.094529    0.426728    3.444498 v _06565_/X (sky130_fd_sc_hd__a21o_2)
                                                         _05763_ (net)
                      0.094529    0.000000    3.444498 v _06566_/B (sky130_fd_sc_hd__xnor2_2)
     2    0.013174    0.343294    0.328190    3.772688 ^ _06566_/Y (sky130_fd_sc_hd__xnor2_2)
                                                         _05764_ (net)
                      0.343294    0.000000    3.772688 ^ _06568_/B (sky130_fd_sc_hd__xnor2_2)
     2    0.010010    0.289610    0.322060    4.094748 ^ _06568_/Y (sky130_fd_sc_hd__xnor2_2)
                                                         _05766_ (net)
                      0.289610    0.000000    4.094748 ^ _06569_/A_N (sky130_fd_sc_hd__and2b_2)
     2    0.003781    0.075701    0.527574    4.622321 v _06569_/X (sky130_fd_sc_hd__and2b_2)
                                                         _05767_ (net)
                      0.075701    0.000000    4.622321 v _06613_/B (sky130_fd_sc_hd__or3_2)
     1    0.001490    0.150637    1.014213    5.636534 v _06613_/X (sky130_fd_sc_hd__or3_2)
                                                         _05810_ (net)
                      0.150637    0.000000    5.636534 v _06614_/B (sky130_fd_sc_hd__and2b_2)
     2    0.011059    0.108685    0.489824    6.126358 v _06614_/X (sky130_fd_sc_hd__and2b_2)
                                                         _05811_ (net)
                      0.108685    0.000000    6.126358 v _06723_/B2 (sky130_fd_sc_hd__a32o_2)
     2    0.009709    0.100564    0.469871    6.596229 v _06723_/X (sky130_fd_sc_hd__a32o_2)
                                                         _00116_ (net)
                      0.100564    0.000000    6.596229 v _06725_/B (sky130_fd_sc_hd__xnor2_2)
     2    0.013545    0.349987    0.335619    6.931848 ^ _06725_/Y (sky130_fd_sc_hd__xnor2_2)
                                                         _00118_ (net)
                      0.349987    0.000000    6.931848 ^ _06789_/A2 (sky130_fd_sc_hd__a21oi_2)
     2    0.009302    0.126680    0.238387    7.170235 v _06789_/Y (sky130_fd_sc_hd__a21oi_2)
                                                         _00181_ (net)
                      0.126680    0.000000    7.170235 v _06790_/B (sky130_fd_sc_hd__or2_2)
     3    0.011176    0.158876    0.710496    7.880731 v _06790_/X (sky130_fd_sc_hd__or2_2)
                                                         _00182_ (net)
                      0.158876    0.000000    7.880731 v _06939_/A (sky130_fd_sc_hd__or4b_2)
     4    0.015272    0.314707    1.759569    9.640300 v _06939_/X (sky130_fd_sc_hd__or4b_2)
                                                         _00329_ (net)
                      0.314707    0.000000    9.640300 v _07006_/A2 (sky130_fd_sc_hd__a21bo_2)
     2    0.006074    0.078221    0.498332   10.138632 v _07006_/X (sky130_fd_sc_hd__a21bo_2)
                                                         _00395_ (net)
                      0.078221    0.000000   10.138632 v _07008_/C (sky130_fd_sc_hd__and3_2)
     1    0.001280    0.063067    0.416023   10.554654 v _07008_/X (sky130_fd_sc_hd__and3_2)
                                                         _00397_ (net)
                      0.063067    0.000000   10.554654 v _07009_/B (sky130_fd_sc_hd__or2_2)
     3    0.012033    0.163425    0.692799   11.247453 v _07009_/X (sky130_fd_sc_hd__or2_2)
                                                         _00398_ (net)
                      0.163425    0.000000   11.247453 v _07300_/A (sky130_fd_sc_hd__or4_2)
     1    0.001359    0.197455    1.540232   12.787685 v _07300_/X (sky130_fd_sc_hd__or4_2)
                                                         _00685_ (net)
                      0.197455    0.000000   12.787685 v _07305_/A (sky130_fd_sc_hd__and3_2)
     2    0.006314    0.091019    0.444116   13.231801 v _07305_/X (sky130_fd_sc_hd__and3_2)
                                                         _00690_ (net)
                      0.091019    0.000000   13.231801 v _07306_/B1 (sky130_fd_sc_hd__a31oi_2)
     2    0.011054    0.334218    0.334372   13.566173 ^ _07306_/Y (sky130_fd_sc_hd__a31oi_2)
                                                         _00691_ (net)
                      0.334218    0.000000   13.566173 ^ _07885_/A1 (sky130_fd_sc_hd__a2111o_2)
     6    0.018648    0.172180    0.466680   14.032852 ^ _07885_/X (sky130_fd_sc_hd__a2111o_2)
                                                         _01285_ (net)
                      0.172180    0.000000   14.032852 ^ _08801_/A1 (sky130_fd_sc_hd__a21boi_2)
     5    0.018997    0.179642    0.223316   14.256169 v _08801_/Y (sky130_fd_sc_hd__a21boi_2)
                                                         _02282_ (net)
                      0.179642    0.000000   14.256169 v _09238_/A (sky130_fd_sc_hd__nor2_2)
     2    0.005049    0.149097    0.231180   14.487349 ^ _09238_/Y (sky130_fd_sc_hd__nor2_2)
                                                         _02756_ (net)
                      0.149097    0.000000   14.487349 ^ _09239_/A2 (sky130_fd_sc_hd__o21a_2)
     3    0.013971    0.143820    0.323150   14.810499 ^ _09239_/X (sky130_fd_sc_hd__o21a_2)
                                                         _02757_ (net)
                      0.143820    0.000000   14.810499 ^ _09467_/B (sky130_fd_sc_hd__nand2b_2)
     3    0.009194    0.125092    0.161619   14.972118 v _09467_/Y (sky130_fd_sc_hd__nand2b_2)
                                                         _03004_ (net)
                      0.125092    0.000000   14.972118 v _09470_/A3 (sky130_fd_sc_hd__a31o_2)
     1    0.004092    0.071783    0.470934   15.443051 v _09470_/X (sky130_fd_sc_hd__a31o_2)
                                                         _03007_ (net)
                      0.071783    0.000000   15.443051 v _09471_/B2 (sky130_fd_sc_hd__o221ai_2)
     1    0.001537    0.212038    0.181140   15.624192 ^ _09471_/Y (sky130_fd_sc_hd__o221ai_2)
                                                         _00079_ (net)
                      0.212038    0.000000   15.624192 ^ _11879_/D (sky130_fd_sc_hd__dfxtp_2)
                                             15.624192   data arrival time

                      0.150000   20.000000   20.000000   clock clk_i (rise edge)
                                  0.000000   20.000000   clock network delay (ideal)
                                 -0.250000   19.750002   clock uncertainty
                                  0.000000   19.750002   clock reconvergence pessimism
                                             19.750002 ^ _11879_/CLK (sky130_fd_sc_hd__dfxtp_2)
                                 -0.164292   19.585711   library setup time
                                             19.585711   data required time
---------------------------------------------------------------------------------------------
                                             19.585711   data required time
                                            -15.624192   data arrival time
---------------------------------------------------------------------------------------------
                                              3.961517   slack (MET)


Startpoint: _11844_ (rising edge-triggered flip-flop clocked by clk_i)
Endpoint: _11875_ (rising edge-triggered flip-flop clocked by clk_i)
Path Group: clk_i
Path Type: max

Fanout         Cap        Slew       Delay        Time   Description
---------------------------------------------------------------------------------------------
                      0.150000    0.000000    0.000000   clock clk_i (rise edge)
                                  0.000000    0.000000   clock network delay (ideal)
                      0.150000    0.000000    0.000000 ^ _11844_/CLK (sky130_fd_sc_hd__dfxtp_2)
    32    0.128097    1.008298    1.371552    1.371552 ^ _11844_/Q (sky130_fd_sc_hd__dfxtp_2)
                                                         state_reg[11] (net)
                      1.008298    0.000000    1.371552 ^ _06431_/A (sky130_fd_sc_hd__xor2_2)
    13    0.081330    1.487774    1.435560    2.807112 ^ _06431_/X (sky130_fd_sc_hd__xor2_2)
                                                         _05632_ (net)
                      1.487774    0.000000    2.807112 ^ _06963_/B (sky130_fd_sc_hd__xnor2_2)
     6    0.038103    0.482229    0.785737    3.592849 v _06963_/Y (sky130_fd_sc_hd__xnor2_2)
                                                         _00352_ (net)
                      0.482229    0.000000    3.592849 v _07182_/A (sky130_fd_sc_hd__xor2_2)
     2    0.010924    0.293349    0.490413    4.083262 ^ _07182_/X (sky130_fd_sc_hd__xor2_2)
                                                         _00568_ (net)
                      0.293349    0.000000    4.083262 ^ _07183_/B (sky130_fd_sc_hd__xnor2_2)
     2    0.002840    0.156425    0.262629    4.345891 ^ _07183_/Y (sky130_fd_sc_hd__xnor2_2)
                                                         _00569_ (net)
                      0.156425    0.000000    4.345891 ^ _07185_/C_N (sky130_fd_sc_hd__or3b_2)
     1    0.001490    0.148976    1.021647    5.367537 v _07185_/X (sky130_fd_sc_hd__or3b_2)
                                                         _00571_ (net)
                      0.148976    0.000000    5.367537 v _07186_/B (sky130_fd_sc_hd__and2b_2)
     2    0.010777    0.107512    0.487447    5.854985 v _07186_/X (sky130_fd_sc_hd__and2b_2)
                                                         _00572_ (net)
                      0.107512    0.000000    5.854985 v _07209_/A (sky130_fd_sc_hd__xnor2_2)
     2    0.010320    0.291658    0.336873    6.191857 ^ _07209_/Y (sky130_fd_sc_hd__xnor2_2)
                                                         _00595_ (net)
                      0.291658    0.000000    6.191857 ^ _07212_/A (sky130_fd_sc_hd__xnor2_2)
     2    0.010970    0.303385    0.320237    6.512094 ^ _07212_/Y (sky130_fd_sc_hd__xnor2_2)
                                                         _00598_ (net)
                      0.303385    0.000000    6.512094 ^ _07213_/B (sky130_fd_sc_hd__xnor2_2)
     2    0.013977    0.357778    0.332443    6.844537 ^ _07213_/Y (sky130_fd_sc_hd__xnor2_2)
                                                         _00599_ (net)
                      0.357778    0.000000    6.844537 ^ _07216_/A (sky130_fd_sc_hd__xor2_2)
     2    0.013595    0.327483    0.431657    7.276194 ^ _07216_/X (sky130_fd_sc_hd__xor2_2)
                                                         _00602_ (net)
                      0.327483    0.000000    7.276194 ^ _07217_/B (sky130_fd_sc_hd__xor2_2)
     2    0.013666    0.328703    0.427100    7.703293 ^ _07217_/X (sky130_fd_sc_hd__xor2_2)
                                                         _00603_ (net)
                      0.328703    0.000000    7.703293 ^ _07220_/A (sky130_fd_sc_hd__xnor2_2)
     2    0.012845    0.175198    0.284497    7.987790 v _07220_/Y (sky130_fd_sc_hd__xnor2_2)
                                                         _00606_ (net)
                      0.175198    0.000000    7.987790 v _07221_/B (sky130_fd_sc_hd__xnor2_2)
     2    0.009499    0.139762    0.312967    8.300756 v _07221_/Y (sky130_fd_sc_hd__xnor2_2)
                                                         _00607_ (net)
                      0.139762    0.000000    8.300756 v _07222_/B (sky130_fd_sc_hd__or2_2)
     3    0.007914    0.142173    0.691137    8.991894 v _07222_/X (sky130_fd_sc_hd__or2_2)
                                                         _00608_ (net)
                      0.142173    0.000000    8.991894 v _07374_/A (sky130_fd_sc_hd__or4b_2)
     2    0.005745    0.246457    1.631856   10.623750 v _07374_/X (sky130_fd_sc_hd__or4b_2)
                                                         _00758_ (net)
                      0.246457    0.000000   10.623750 v _07455_/A (sky130_fd_sc_hd__or2_2)
     3    0.010841    0.156965    0.799473   11.423223 v _07455_/X (sky130_fd_sc_hd__or2_2)
                                                         _00838_ (net)
                      0.156965    0.000000   11.423223 v _07456_/C1 (sky130_fd_sc_hd__o211ai_2)
     5    0.021503    0.490864    0.236645   11.659869 ^ _07456_/Y (sky130_fd_sc_hd__o211ai_2)
                                                         _00839_ (net)
                      0.490864    0.000000   11.659869 ^ _07880_/B1 (sky130_fd_sc_hd__a2111oi_2)
     1    0.002239    0.128833    0.214554   11.874423 v _07880_/Y (sky130_fd_sc_hd__a2111oi_2)
                                                         _01279_ (net)
                      0.128833    0.000000   11.874423 v _07882_/A2 (sky130_fd_sc_hd__o31a_2)
     1    0.002329    0.085762    0.628789   12.503212 v _07882_/X (sky130_fd_sc_hd__o31a_2)
                                                         _01281_ (net)
                      0.085762    0.000000   12.503212 v _07885_/C1 (sky130_fd_sc_hd__a2111o_2)
     6    0.017186    0.192981    0.897807   13.401019 v _07885_/X (sky130_fd_sc_hd__a2111o_2)
                                                         _01285_ (net)
                      0.192981    0.000000   13.401019 v _08801_/A1 (sky130_fd_sc_hd__a21boi_2)
     5    0.020750    0.437227    0.479342   13.880362 ^ _08801_/Y (sky130_fd_sc_hd__a21boi_2)
                                                         _02282_ (net)
                      0.437227    0.000000   13.880362 ^ _09021_/B (sky130_fd_sc_hd__nor3_2)
     2    0.005415    0.103533    0.205549   14.085911 v _09021_/Y (sky130_fd_sc_hd__nor3_2)
                                                         _02520_ (net)
                      0.103533    0.000000   14.085911 v _09022_/C (sky130_fd_sc_hd__or3_2)
     1    0.002291    0.158741    0.959463   15.045373 v _09022_/X (sky130_fd_sc_hd__or3_2)
                                                         _02521_ (net)
                      0.158741    0.000000   15.045373 v _09025_/A2 (sky130_fd_sc_hd__a31o_2)
     1    0.001577    0.056380    0.442041   15.487414 v _09025_/X (sky130_fd_sc_hd__a31o_2)
                                                         _00075_ (net)
                      0.056380    0.000000   15.487414 v _11875_/D (sky130_fd_sc_hd__dfxtp_2)
                                             15.487414   data arrival time

                      0.150000   20.000000   20.000000   clock clk_i (rise edge)
                                  0.000000   20.000000   clock network delay (ideal)
                                 -0.250000   19.750002   clock uncertainty
                                  0.000000   19.750002   clock reconvergence pessimism
                                             19.750002 ^ _11875_/CLK (sky130_fd_sc_hd__dfxtp_2)
                                 -0.247066   19.502935   library setup time
                                             19.502935   data required time
---------------------------------------------------------------------------------------------
                                             19.502935   data required time
                                            -15.487414   data arrival time
---------------------------------------------------------------------------------------------
                                              4.015521   slack (MET)


Startpoint: _11833_ (rising edge-triggered flip-flop clocked by clk_i)
Endpoint: _11882_ (rising edge-triggered flip-flop clocked by clk_i)
Path Group: clk_i
Path Type: max

Fanout         Cap        Slew       Delay        Time   Description
---------------------------------------------------------------------------------------------
                      0.150000    0.000000    0.000000   clock clk_i (rise edge)
                                  0.000000    0.000000   clock network delay (ideal)
                      0.150000    0.000000    0.000000 ^ _11833_/CLK (sky130_fd_sc_hd__dfxtp_2)
    38    0.169101    1.324952    1.595995    1.595995 ^ _11833_/Q (sky130_fd_sc_hd__dfxtp_2)
                                                         state_reg[0] (net)
                      1.324952    0.000000    1.595995 ^ _06240_/B (sky130_fd_sc_hd__xor2_2)
    14    0.056520    1.063398    1.147378    2.743374 ^ _06240_/X (sky130_fd_sc_hd__xor2_2)
                                                         _04717_ (net)
                      1.063398    0.000000    2.743374 ^ _06417_/B (sky130_fd_sc_hd__nor2_2)
     2    0.006439    0.186248    0.274396    3.017770 v _06417_/Y (sky130_fd_sc_hd__nor2_2)
                                                         _05618_ (net)
                      0.186248    0.000000    3.017770 v _06565_/B1 (sky130_fd_sc_hd__a21o_2)
     2    0.010504    0.094529    0.426728    3.444498 v _06565_/X (sky130_fd_sc_hd__a21o_2)
                                                         _05763_ (net)
                      0.094529    0.000000    3.444498 v _06566_/B (sky130_fd_sc_hd__xnor2_2)
     2    0.013174    0.343294    0.328190    3.772688 ^ _06566_/Y (sky130_fd_sc_hd__xnor2_2)
                                                         _05764_ (net)
                      0.343294    0.000000    3.772688 ^ _06568_/B (sky130_fd_sc_hd__xnor2_2)
     2    0.010010    0.289610    0.322060    4.094748 ^ _06568_/Y (sky130_fd_sc_hd__xnor2_2)
                                                         _05766_ (net)
                      0.289610    0.000000    4.094748 ^ _06569_/A_N (sky130_fd_sc_hd__and2b_2)
     2    0.003781    0.075701    0.527574    4.622321 v _06569_/X (sky130_fd_sc_hd__and2b_2)
                                                         _05767_ (net)
                      0.075701    0.000000    4.622321 v _06613_/B (sky130_fd_sc_hd__or3_2)
     1    0.001490    0.150637    1.014213    5.636534 v _06613_/X (sky130_fd_sc_hd__or3_2)
                                                         _05810_ (net)
                      0.150637    0.000000    5.636534 v _06614_/B (sky130_fd_sc_hd__and2b_2)
     2    0.011059    0.108685    0.489824    6.126358 v _06614_/X (sky130_fd_sc_hd__and2b_2)
                                                         _05811_ (net)
                      0.108685    0.000000    6.126358 v _06723_/B2 (sky130_fd_sc_hd__a32o_2)
     2    0.009709    0.100564    0.469871    6.596229 v _06723_/X (sky130_fd_sc_hd__a32o_2)
                                                         _00116_ (net)
                      0.100564    0.000000    6.596229 v _06725_/B (sky130_fd_sc_hd__xnor2_2)
     2    0.013545    0.349987    0.335619    6.931848 ^ _06725_/Y (sky130_fd_sc_hd__xnor2_2)
                                                         _00118_ (net)
                      0.349987    0.000000    6.931848 ^ _06789_/A2 (sky130_fd_sc_hd__a21oi_2)
     2    0.009302    0.126680    0.238387    7.170235 v _06789_/Y (sky130_fd_sc_hd__a21oi_2)
                                                         _00181_ (net)
                      0.126680    0.000000    7.170235 v _06790_/B (sky130_fd_sc_hd__or2_2)
     3    0.011176    0.158876    0.710496    7.880731 v _06790_/X (sky130_fd_sc_hd__or2_2)
                                                         _00182_ (net)
                      0.158876    0.000000    7.880731 v _06939_/A (sky130_fd_sc_hd__or4b_2)
     4    0.015272    0.314707    1.759569    9.640300 v _06939_/X (sky130_fd_sc_hd__or4b_2)
                                                         _00329_ (net)
                      0.314707    0.000000    9.640300 v _07006_/A2 (sky130_fd_sc_hd__a21bo_2)
     2    0.006074    0.078221    0.498332   10.138632 v _07006_/X (sky130_fd_sc_hd__a21bo_2)
                                                         _00395_ (net)
                      0.078221    0.000000   10.138632 v _07008_/C (sky130_fd_sc_hd__and3_2)
     1    0.001280    0.063067    0.416023   10.554654 v _07008_/X (sky130_fd_sc_hd__and3_2)
                                                         _00397_ (net)
                      0.063067    0.000000   10.554654 v _07009_/B (sky130_fd_sc_hd__or2_2)
     3    0.012033    0.163425    0.692799   11.247453 v _07009_/X (sky130_fd_sc_hd__or2_2)
                                                         _00398_ (net)
                      0.163425    0.000000   11.247453 v _07300_/A (sky130_fd_sc_hd__or4_2)
     1    0.001359    0.197455    1.540232   12.787685 v _07300_/X (sky130_fd_sc_hd__or4_2)
                                                         _00685_ (net)
                      0.197455    0.000000   12.787685 v _07305_/A (sky130_fd_sc_hd__and3_2)
     2    0.006314    0.091019    0.444116   13.231801 v _07305_/X (sky130_fd_sc_hd__and3_2)
                                                         _00690_ (net)
                      0.091019    0.000000   13.231801 v _07306_/B1 (sky130_fd_sc_hd__a31oi_2)
     2    0.011054    0.334218    0.334372   13.566173 ^ _07306_/Y (sky130_fd_sc_hd__a31oi_2)
                                                         _00691_ (net)
                      0.334218    0.000000   13.566173 ^ _07885_/A1 (sky130_fd_sc_hd__a2111o_2)
     6    0.018648    0.172180    0.466680   14.032852 ^ _07885_/X (sky130_fd_sc_hd__a2111o_2)
                                                         _01285_ (net)
                      0.172180    0.000000   14.032852 ^ _08801_/A1 (sky130_fd_sc_hd__a21boi_2)
     5    0.018997    0.179642    0.223316   14.256169 v _08801_/Y (sky130_fd_sc_hd__a21boi_2)
                                                         _02282_ (net)
                      0.179642    0.000000   14.256169 v _09598_/A1 (sky130_fd_sc_hd__o21ai_2)
     2    0.013656    0.323851    0.389353   14.645522 ^ _09598_/Y (sky130_fd_sc_hd__o21ai_2)
                                                         _03145_ (net)
                      0.323851    0.000000   14.645522 ^ _09840_/A1 (sky130_fd_sc_hd__a21oi_2)
     1    0.008219    0.128572    0.218932   14.864454 v _09840_/Y (sky130_fd_sc_hd__a21oi_2)
                                                         _03405_ (net)
                      0.128572    0.000000   14.864454 v _09841_/B (sky130_fd_sc_hd__xnor2_2)
     1    0.002241    0.087737    0.242520   15.106974 v _09841_/Y (sky130_fd_sc_hd__xnor2_2)
                                                         _03406_ (net)
                      0.087737    0.000000   15.106974 v _09843_/A2 (sky130_fd_sc_hd__a21o_2)
     1    0.001577    0.051610    0.369502   15.476476 v _09843_/X (sky130_fd_sc_hd__a21o_2)
                                                         _00082_ (net)
                      0.051610    0.000000   15.476476 v _11882_/D (sky130_fd_sc_hd__dfxtp_2)
                                             15.476476   data arrival time

                      0.150000   20.000000   20.000000   clock clk_i (rise edge)
                                  0.000000   20.000000   clock network delay (ideal)
                                 -0.250000   19.750002   clock uncertainty
                                  0.000000   19.750002   clock reconvergence pessimism
                                             19.750002 ^ _11882_/CLK (sky130_fd_sc_hd__dfxtp_2)
                                 -0.245085   19.504915   library setup time
                                             19.504915   data required time
---------------------------------------------------------------------------------------------
                                             19.504915   data required time
                                            -15.476476   data arrival time
---------------------------------------------------------------------------------------------
                                              4.028440   slack (MET)


Startpoint: _11833_ (rising edge-triggered flip-flop clocked by clk_i)
Endpoint: _11877_ (rising edge-triggered flip-flop clocked by clk_i)
Path Group: clk_i
Path Type: max

Fanout         Cap        Slew       Delay        Time   Description
---------------------------------------------------------------------------------------------
                      0.150000    0.000000    0.000000   clock clk_i (rise edge)
                                  0.000000    0.000000   clock network delay (ideal)
                      0.150000    0.000000    0.000000 ^ _11833_/CLK (sky130_fd_sc_hd__dfxtp_2)
    38    0.169101    1.324952    1.595995    1.595995 ^ _11833_/Q (sky130_fd_sc_hd__dfxtp_2)
                                                         state_reg[0] (net)
                      1.324952    0.000000    1.595995 ^ _06240_/B (sky130_fd_sc_hd__xor2_2)
    14    0.056520    1.063398    1.147378    2.743374 ^ _06240_/X (sky130_fd_sc_hd__xor2_2)
                                                         _04717_ (net)
                      1.063398    0.000000    2.743374 ^ _06417_/B (sky130_fd_sc_hd__nor2_2)
     2    0.006439    0.186248    0.274396    3.017770 v _06417_/Y (sky130_fd_sc_hd__nor2_2)
                                                         _05618_ (net)
                      0.186248    0.000000    3.017770 v _06565_/B1 (sky130_fd_sc_hd__a21o_2)
     2    0.010504    0.094529    0.426728    3.444498 v _06565_/X (sky130_fd_sc_hd__a21o_2)
                                                         _05763_ (net)
                      0.094529    0.000000    3.444498 v _06566_/B (sky130_fd_sc_hd__xnor2_2)
     2    0.013174    0.343294    0.328190    3.772688 ^ _06566_/Y (sky130_fd_sc_hd__xnor2_2)
                                                         _05764_ (net)
                      0.343294    0.000000    3.772688 ^ _06568_/B (sky130_fd_sc_hd__xnor2_2)
     2    0.010010    0.289610    0.322060    4.094748 ^ _06568_/Y (sky130_fd_sc_hd__xnor2_2)
                                                         _05766_ (net)
                      0.289610    0.000000    4.094748 ^ _06569_/A_N (sky130_fd_sc_hd__and2b_2)
     2    0.003781    0.075701    0.527574    4.622321 v _06569_/X (sky130_fd_sc_hd__and2b_2)
                                                         _05767_ (net)
                      0.075701    0.000000    4.622321 v _06613_/B (sky130_fd_sc_hd__or3_2)
     1    0.001490    0.150637    1.014213    5.636534 v _06613_/X (sky130_fd_sc_hd__or3_2)
                                                         _05810_ (net)
                      0.150637    0.000000    5.636534 v _06614_/B (sky130_fd_sc_hd__and2b_2)
     2    0.011059    0.108685    0.489824    6.126358 v _06614_/X (sky130_fd_sc_hd__and2b_2)
                                                         _05811_ (net)
                      0.108685    0.000000    6.126358 v _06723_/B2 (sky130_fd_sc_hd__a32o_2)
     2    0.009709    0.100564    0.469871    6.596229 v _06723_/X (sky130_fd_sc_hd__a32o_2)
                                                         _00116_ (net)
                      0.100564    0.000000    6.596229 v _06725_/B (sky130_fd_sc_hd__xnor2_2)
     2    0.013545    0.349987    0.335619    6.931848 ^ _06725_/Y (sky130_fd_sc_hd__xnor2_2)
                                                         _00118_ (net)
                      0.349987    0.000000    6.931848 ^ _06789_/A2 (sky130_fd_sc_hd__a21oi_2)
     2    0.009302    0.126680    0.238387    7.170235 v _06789_/Y (sky130_fd_sc_hd__a21oi_2)
                                                         _00181_ (net)
                      0.126680    0.000000    7.170235 v _06790_/B (sky130_fd_sc_hd__or2_2)
     3    0.011176    0.158876    0.710496    7.880731 v _06790_/X (sky130_fd_sc_hd__or2_2)
                                                         _00182_ (net)
                      0.158876    0.000000    7.880731 v _06939_/A (sky130_fd_sc_hd__or4b_2)
     4    0.015272    0.314707    1.759569    9.640300 v _06939_/X (sky130_fd_sc_hd__or4b_2)
                                                         _00329_ (net)
                      0.314707    0.000000    9.640300 v _07006_/A2 (sky130_fd_sc_hd__a21bo_2)
     2    0.006074    0.078221    0.498332   10.138632 v _07006_/X (sky130_fd_sc_hd__a21bo_2)
                                                         _00395_ (net)
                      0.078221    0.000000   10.138632 v _07008_/C (sky130_fd_sc_hd__and3_2)
     1    0.001280    0.063067    0.416023   10.554654 v _07008_/X (sky130_fd_sc_hd__and3_2)
                                                         _00397_ (net)
                      0.063067    0.000000   10.554654 v _07009_/B (sky130_fd_sc_hd__or2_2)
     3    0.012033    0.163425    0.692799   11.247453 v _07009_/X (sky130_fd_sc_hd__or2_2)
                                                         _00398_ (net)
                      0.163425    0.000000   11.247453 v _07300_/A (sky130_fd_sc_hd__or4_2)
     1    0.001359    0.197455    1.540232   12.787685 v _07300_/X (sky130_fd_sc_hd__or4_2)
                                                         _00685_ (net)
                      0.197455    0.000000   12.787685 v _07305_/A (sky130_fd_sc_hd__and3_2)
     2    0.006314    0.091019    0.444116   13.231801 v _07305_/X (sky130_fd_sc_hd__and3_2)
                                                         _00690_ (net)
                      0.091019    0.000000   13.231801 v _07306_/B1 (sky130_fd_sc_hd__a31oi_2)
     2    0.011054    0.334218    0.334372   13.566173 ^ _07306_/Y (sky130_fd_sc_hd__a31oi_2)
                                                         _00691_ (net)
                      0.334218    0.000000   13.566173 ^ _07885_/A1 (sky130_fd_sc_hd__a2111o_2)
     6    0.018648    0.172180    0.466680   14.032852 ^ _07885_/X (sky130_fd_sc_hd__a2111o_2)
                                                         _01285_ (net)
                      0.172180    0.000000   14.032852 ^ _08801_/A1 (sky130_fd_sc_hd__a21boi_2)
     5    0.018997    0.179642    0.223316   14.256169 v _08801_/Y (sky130_fd_sc_hd__a21boi_2)
                                                         _02282_ (net)
                      0.179642    0.000000   14.256169 v _09238_/A (sky130_fd_sc_hd__nor2_2)
     2    0.005049    0.149097    0.231180   14.487349 ^ _09238_/Y (sky130_fd_sc_hd__nor2_2)
                                                         _02756_ (net)
                      0.149097    0.000000   14.487349 ^ _09239_/A2 (sky130_fd_sc_hd__o21a_2)
     3    0.013971    0.143820    0.323150   14.810499 ^ _09239_/X (sky130_fd_sc_hd__o21a_2)
                                                         _02757_ (net)
                      0.143820    0.000000   14.810499 ^ _09240_/B (sky130_fd_sc_hd__nor2_2)
     1    0.002299    0.113933    0.078773   14.889272 v _09240_/Y (sky130_fd_sc_hd__nor2_2)
                                                         _02758_ (net)
                      0.113933    0.000000   14.889272 v _09241_/B1 (sky130_fd_sc_hd__o31a_2)
     1    0.002258    0.085568    0.215745   15.105017 v _09241_/X (sky130_fd_sc_hd__o31a_2)
                                                         _02759_ (net)
                      0.085568    0.000000   15.105017 v _09242_/B1 (sky130_fd_sc_hd__a21o_2)
     1    0.001577    0.051664    0.329417   15.434433 v _09242_/X (sky130_fd_sc_hd__a21o_2)
                                                         _00077_ (net)
                      0.051664    0.000000   15.434433 v _11877_/D (sky130_fd_sc_hd__dfxtp_2)
                                             15.434433   data arrival time

                      0.150000   20.000000   20.000000   clock clk_i (rise edge)
                                  0.000000   20.000000   clock network delay (ideal)
                                 -0.250000   19.750002   clock uncertainty
                                  0.000000   19.750002   clock reconvergence pessimism
                                             19.750002 ^ _11877_/CLK (sky130_fd_sc_hd__dfxtp_2)
                                 -0.245108   19.504894   library setup time
                                             19.504894   data required time
---------------------------------------------------------------------------------------------
                                             19.504894   data required time
                                            -15.434433   data arrival time
---------------------------------------------------------------------------------------------
                                              4.070461   slack (MET)


Startpoint: _11833_ (rising edge-triggered flip-flop clocked by clk_i)
Endpoint: _11868_ (rising edge-triggered flip-flop clocked by clk_i)
Path Group: clk_i
Path Type: max

Fanout         Cap        Slew       Delay        Time   Description
---------------------------------------------------------------------------------------------
                      0.150000    0.000000    0.000000   clock clk_i (rise edge)
                                  0.000000    0.000000   clock network delay (ideal)
                      0.150000    0.000000    0.000000 ^ _11833_/CLK (sky130_fd_sc_hd__dfxtp_2)
    38    0.169101    1.324952    1.595995    1.595995 ^ _11833_/Q (sky130_fd_sc_hd__dfxtp_2)
                                                         state_reg[0] (net)
                      1.324952    0.000000    1.595995 ^ _06240_/B (sky130_fd_sc_hd__xor2_2)
    14    0.056520    1.063398    1.147378    2.743374 ^ _06240_/X (sky130_fd_sc_hd__xor2_2)
                                                         _04717_ (net)
                      1.063398    0.000000    2.743374 ^ _06417_/B (sky130_fd_sc_hd__nor2_2)
     2    0.006439    0.186248    0.274396    3.017770 v _06417_/Y (sky130_fd_sc_hd__nor2_2)
                                                         _05618_ (net)
                      0.186248    0.000000    3.017770 v _06565_/B1 (sky130_fd_sc_hd__a21o_2)
     2    0.010504    0.094529    0.426728    3.444498 v _06565_/X (sky130_fd_sc_hd__a21o_2)
                                                         _05763_ (net)
                      0.094529    0.000000    3.444498 v _06566_/B (sky130_fd_sc_hd__xnor2_2)
     2    0.013174    0.343294    0.328190    3.772688 ^ _06566_/Y (sky130_fd_sc_hd__xnor2_2)
                                                         _05764_ (net)
                      0.343294    0.000000    3.772688 ^ _06568_/B (sky130_fd_sc_hd__xnor2_2)
     2    0.010010    0.289610    0.322060    4.094748 ^ _06568_/Y (sky130_fd_sc_hd__xnor2_2)
                                                         _05766_ (net)
                      0.289610    0.000000    4.094748 ^ _06569_/A_N (sky130_fd_sc_hd__and2b_2)
     2    0.003781    0.075701    0.527574    4.622321 v _06569_/X (sky130_fd_sc_hd__and2b_2)
                                                         _05767_ (net)
                      0.075701    0.000000    4.622321 v _06613_/B (sky130_fd_sc_hd__or3_2)
     1    0.001490    0.150637    1.014213    5.636534 v _06613_/X (sky130_fd_sc_hd__or3_2)
                                                         _05810_ (net)
                      0.150637    0.000000    5.636534 v _06614_/B (sky130_fd_sc_hd__and2b_2)
     2    0.011059    0.108685    0.489824    6.126358 v _06614_/X (sky130_fd_sc_hd__and2b_2)
                                                         _05811_ (net)
                      0.108685    0.000000    6.126358 v _06723_/B2 (sky130_fd_sc_hd__a32o_2)
     2    0.009709    0.100564    0.469871    6.596229 v _06723_/X (sky130_fd_sc_hd__a32o_2)
                                                         _00116_ (net)
                      0.100564    0.000000    6.596229 v _06725_/B (sky130_fd_sc_hd__xnor2_2)
     2    0.013545    0.349987    0.335619    6.931848 ^ _06725_/Y (sky130_fd_sc_hd__xnor2_2)
                                                         _00118_ (net)
                      0.349987    0.000000    6.931848 ^ _06789_/A2 (sky130_fd_sc_hd__a21oi_2)
     2    0.009302    0.126680    0.238387    7.170235 v _06789_/Y (sky130_fd_sc_hd__a21oi_2)
                                                         _00181_ (net)
                      0.126680    0.000000    7.170235 v _06790_/B (sky130_fd_sc_hd__or2_2)
     3    0.011176    0.158876    0.710496    7.880731 v _06790_/X (sky130_fd_sc_hd__or2_2)
                                                         _00182_ (net)
                      0.158876    0.000000    7.880731 v _06939_/A (sky130_fd_sc_hd__or4b_2)
     4    0.015272    0.314707    1.759569    9.640300 v _06939_/X (sky130_fd_sc_hd__or4b_2)
                                                         _00329_ (net)
                      0.314707    0.000000    9.640300 v _07006_/A2 (sky130_fd_sc_hd__a21bo_2)
     2    0.006074    0.078221    0.498332   10.138632 v _07006_/X (sky130_fd_sc_hd__a21bo_2)
                                                         _00395_ (net)
                      0.078221    0.000000   10.138632 v _07008_/C (sky130_fd_sc_hd__and3_2)
     1    0.001280    0.063067    0.416023   10.554654 v _07008_/X (sky130_fd_sc_hd__and3_2)
                                                         _00397_ (net)
                      0.063067    0.000000   10.554654 v _07009_/B (sky130_fd_sc_hd__or2_2)
     3    0.012033    0.163425    0.692799   11.247453 v _07009_/X (sky130_fd_sc_hd__or2_2)
                                                         _00398_ (net)
                      0.163425    0.000000   11.247453 v _07300_/A (sky130_fd_sc_hd__or4_2)
     1    0.001359    0.197455    1.540232   12.787685 v _07300_/X (sky130_fd_sc_hd__or4_2)
                                                         _00685_ (net)
                      0.197455    0.000000   12.787685 v _07305_/A (sky130_fd_sc_hd__and3_2)
     2    0.006314    0.091019    0.444116   13.231801 v _07305_/X (sky130_fd_sc_hd__and3_2)
                                                         _00690_ (net)
                      0.091019    0.000000   13.231801 v _07306_/B1 (sky130_fd_sc_hd__a31oi_2)
     2    0.011054    0.334218    0.334372   13.566173 ^ _07306_/Y (sky130_fd_sc_hd__a31oi_2)
                                                         _00691_ (net)
                      0.334218    0.000000   13.566173 ^ _07885_/A1 (sky130_fd_sc_hd__a2111o_2)
     6    0.018648    0.172180    0.466680   14.032852 ^ _07885_/X (sky130_fd_sc_hd__a2111o_2)
                                                         _01285_ (net)
                      0.172180    0.000000   14.032852 ^ _08167_/B2 (sky130_fd_sc_hd__a22oi_2)
     3    0.011122    0.158259    0.189067   14.221919 v _08167_/Y (sky130_fd_sc_hd__a22oi_2)
                                                         _01592_ (net)
                      0.158259    0.000000   14.221919 v _08262_/A2 (sky130_fd_sc_hd__o21a_2)
     2    0.005521    0.074900    0.410708   14.632627 v _08262_/X (sky130_fd_sc_hd__o21a_2)
                                                         _01695_ (net)
                      0.074900    0.000000   14.632627 v _08263_/B (sky130_fd_sc_hd__or2_2)
     1    0.004223    0.121541    0.632073   15.264700 v _08263_/X (sky130_fd_sc_hd__or2_2)
                                                         _01696_ (net)
                      0.121541    0.000000   15.264700 v _08266_/A2 (sky130_fd_sc_hd__a31oi_2)
     1    0.001537    0.155936    0.248846   15.513546 ^ _08266_/Y (sky130_fd_sc_hd__a31oi_2)
                                                         _00068_ (net)
                      0.155936    0.000000   15.513546 ^ _11868_/D (sky130_fd_sc_hd__dfxtp_2)
                                             15.513546   data arrival time

                      0.150000   20.000000   20.000000   clock clk_i (rise edge)
                                  0.000000   20.000000   clock network delay (ideal)
                                 -0.250000   19.750002   clock uncertainty
                                  0.000000   19.750002   clock reconvergence pessimism
                                             19.750002 ^ _11868_/CLK (sky130_fd_sc_hd__dfxtp_2)
                                 -0.149632   19.600370   library setup time
                                             19.600370   data required time
---------------------------------------------------------------------------------------------
                                             19.600370   data required time
                                            -15.513546   data arrival time
---------------------------------------------------------------------------------------------
                                              4.086823   slack (MET)


Startpoint: _11844_ (rising edge-triggered flip-flop clocked by clk_i)
Endpoint: _11869_ (rising edge-triggered flip-flop clocked by clk_i)
Path Group: clk_i
Path Type: max

Fanout         Cap        Slew       Delay        Time   Description
---------------------------------------------------------------------------------------------
                      0.150000    0.000000    0.000000   clock clk_i (rise edge)
                                  0.000000    0.000000   clock network delay (ideal)
                      0.150000    0.000000    0.000000 ^ _11844_/CLK (sky130_fd_sc_hd__dfxtp_2)
    32    0.128097    1.008298    1.371552    1.371552 ^ _11844_/Q (sky130_fd_sc_hd__dfxtp_2)
                                                         state_reg[11] (net)
                      1.008298    0.000000    1.371552 ^ _06431_/A (sky130_fd_sc_hd__xor2_2)
    13    0.081330    1.487774    1.435560    2.807112 ^ _06431_/X (sky130_fd_sc_hd__xor2_2)
                                                         _05632_ (net)
                      1.487774    0.000000    2.807112 ^ _06963_/B (sky130_fd_sc_hd__xnor2_2)
     6    0.038103    0.482229    0.785737    3.592849 v _06963_/Y (sky130_fd_sc_hd__xnor2_2)
                                                         _00352_ (net)
                      0.482229    0.000000    3.592849 v _07182_/A (sky130_fd_sc_hd__xor2_2)
     2    0.010924    0.293349    0.490413    4.083262 ^ _07182_/X (sky130_fd_sc_hd__xor2_2)
                                                         _00568_ (net)
                      0.293349    0.000000    4.083262 ^ _07183_/B (sky130_fd_sc_hd__xnor2_2)
     2    0.002840    0.156425    0.262629    4.345891 ^ _07183_/Y (sky130_fd_sc_hd__xnor2_2)
                                                         _00569_ (net)
                      0.156425    0.000000    4.345891 ^ _07185_/C_N (sky130_fd_sc_hd__or3b_2)
     1    0.001490    0.148976    1.021647    5.367537 v _07185_/X (sky130_fd_sc_hd__or3b_2)
                                                         _00571_ (net)
                      0.148976    0.000000    5.367537 v _07186_/B (sky130_fd_sc_hd__and2b_2)
     2    0.010777    0.107512    0.487447    5.854985 v _07186_/X (sky130_fd_sc_hd__and2b_2)
                                                         _00572_ (net)
                      0.107512    0.000000    5.854985 v _07209_/A (sky130_fd_sc_hd__xnor2_2)
     2    0.010320    0.291658    0.336873    6.191857 ^ _07209_/Y (sky130_fd_sc_hd__xnor2_2)
                                                         _00595_ (net)
                      0.291658    0.000000    6.191857 ^ _07212_/A (sky130_fd_sc_hd__xnor2_2)
     2    0.010970    0.303385    0.320237    6.512094 ^ _07212_/Y (sky130_fd_sc_hd__xnor2_2)
                                                         _00598_ (net)
                      0.303385    0.000000    6.512094 ^ _07213_/B (sky130_fd_sc_hd__xnor2_2)
     2    0.013977    0.357778    0.332443    6.844537 ^ _07213_/Y (sky130_fd_sc_hd__xnor2_2)
                                                         _00599_ (net)
                      0.357778    0.000000    6.844537 ^ _07216_/A (sky130_fd_sc_hd__xor2_2)
     2    0.013595    0.327483    0.431657    7.276194 ^ _07216_/X (sky130_fd_sc_hd__xor2_2)
                                                         _00602_ (net)
                      0.327483    0.000000    7.276194 ^ _07217_/B (sky130_fd_sc_hd__xor2_2)
     2    0.013666    0.328703    0.427100    7.703293 ^ _07217_/X (sky130_fd_sc_hd__xor2_2)
                                                         _00603_ (net)
                      0.328703    0.000000    7.703293 ^ _07220_/A (sky130_fd_sc_hd__xnor2_2)
     2    0.012845    0.175198    0.284497    7.987790 v _07220_/Y (sky130_fd_sc_hd__xnor2_2)
                                                         _00606_ (net)
                      0.175198    0.000000    7.987790 v _07221_/B (sky130_fd_sc_hd__xnor2_2)
     2    0.009499    0.139762    0.312967    8.300756 v _07221_/Y (sky130_fd_sc_hd__xnor2_2)
                                                         _00607_ (net)
                      0.139762    0.000000    8.300756 v _07222_/B (sky130_fd_sc_hd__or2_2)
     3    0.007914    0.142173    0.691137    8.991894 v _07222_/X (sky130_fd_sc_hd__or2_2)
                                                         _00608_ (net)
                      0.142173    0.000000    8.991894 v _07374_/A (sky130_fd_sc_hd__or4b_2)
     2    0.005745    0.246457    1.631856   10.623750 v _07374_/X (sky130_fd_sc_hd__or4b_2)
                                                         _00758_ (net)
                      0.246457    0.000000   10.623750 v _07455_/A (sky130_fd_sc_hd__or2_2)
     3    0.010841    0.156965    0.799473   11.423223 v _07455_/X (sky130_fd_sc_hd__or2_2)
                                                         _00838_ (net)
                      0.156965    0.000000   11.423223 v _07456_/C1 (sky130_fd_sc_hd__o211ai_2)
     5    0.021503    0.490864    0.236645   11.659869 ^ _07456_/Y (sky130_fd_sc_hd__o211ai_2)
                                                         _00839_ (net)
                      0.490864    0.000000   11.659869 ^ _07880_/B1 (sky130_fd_sc_hd__a2111oi_2)
     1    0.002239    0.128833    0.214554   11.874423 v _07880_/Y (sky130_fd_sc_hd__a2111oi_2)
                                                         _01279_ (net)
                      0.128833    0.000000   11.874423 v _07882_/A2 (sky130_fd_sc_hd__o31a_2)
     1    0.002329    0.085762    0.628789   12.503212 v _07882_/X (sky130_fd_sc_hd__o31a_2)
                                                         _01281_ (net)
                      0.085762    0.000000   12.503212 v _07885_/C1 (sky130_fd_sc_hd__a2111o_2)
     6    0.017186    0.192981    0.897807   13.401019 v _07885_/X (sky130_fd_sc_hd__a2111o_2)
                                                         _01285_ (net)
                      0.192981    0.000000   13.401019 v _08372_/B (sky130_fd_sc_hd__and2b_2)
     2    0.003533    0.074554    0.463142   13.864161 v _08372_/X (sky130_fd_sc_hd__and2b_2)
                                                         _01815_ (net)
                      0.074554    0.000000   13.864161 v _08373_/C (sky130_fd_sc_hd__or3_2)
     1    0.002283    0.158726    0.950257   14.814419 v _08373_/X (sky130_fd_sc_hd__or3_2)
                                                         _01816_ (net)
                      0.158726    0.000000   14.814419 v _08376_/B1 (sky130_fd_sc_hd__a22o_2)
     1    0.001577    0.059459    0.400059   15.214478 v _08376_/X (sky130_fd_sc_hd__a22o_2)
                                                         _00069_ (net)
                      0.059459    0.000000   15.214478 v _11869_/D (sky130_fd_sc_hd__dfxtp_2)
                                             15.214478   data arrival time

                      0.150000   20.000000   20.000000   clock clk_i (rise edge)
                                  0.000000   20.000000   clock network delay (ideal)
                                 -0.250000   19.750002   clock uncertainty
                                  0.000000   19.750002   clock reconvergence pessimism
                                             19.750002 ^ _11869_/CLK (sky130_fd_sc_hd__dfxtp_2)
                                 -0.248344   19.501657   library setup time
                                             19.501657   data required time
---------------------------------------------------------------------------------------------
                                             19.501657   data required time
                                            -15.214478   data arrival time
---------------------------------------------------------------------------------------------
                                              4.287180   slack (MET)


Startpoint: _11833_ (rising edge-triggered flip-flop clocked by clk_i)
Endpoint: _11856_ (rising edge-triggered flip-flop clocked by clk_i)
Path Group: clk_i
Path Type: max

Fanout         Cap        Slew       Delay        Time   Description
---------------------------------------------------------------------------------------------
                      0.150000    0.000000    0.000000   clock clk_i (rise edge)
                                  0.000000    0.000000   clock network delay (ideal)
                      0.150000    0.000000    0.000000 ^ _11833_/CLK (sky130_fd_sc_hd__dfxtp_2)
    38    0.169101    1.324952    1.595995    1.595995 ^ _11833_/Q (sky130_fd_sc_hd__dfxtp_2)
                                                         state_reg[0] (net)
                      1.324952    0.000000    1.595995 ^ _06240_/B (sky130_fd_sc_hd__xor2_2)
    14    0.056520    1.063398    1.147378    2.743374 ^ _06240_/X (sky130_fd_sc_hd__xor2_2)
                                                         _04717_ (net)
                      1.063398    0.000000    2.743374 ^ _06417_/B (sky130_fd_sc_hd__nor2_2)
     2    0.006439    0.186248    0.274396    3.017770 v _06417_/Y (sky130_fd_sc_hd__nor2_2)
                                                         _05618_ (net)
                      0.186248    0.000000    3.017770 v _06565_/B1 (sky130_fd_sc_hd__a21o_2)
     2    0.010504    0.094529    0.426728    3.444498 v _06565_/X (sky130_fd_sc_hd__a21o_2)
                                                         _05763_ (net)
                      0.094529    0.000000    3.444498 v _06566_/B (sky130_fd_sc_hd__xnor2_2)
     2    0.013174    0.343294    0.328190    3.772688 ^ _06566_/Y (sky130_fd_sc_hd__xnor2_2)
                                                         _05764_ (net)
                      0.343294    0.000000    3.772688 ^ _06568_/B (sky130_fd_sc_hd__xnor2_2)
     2    0.010010    0.289610    0.322060    4.094748 ^ _06568_/Y (sky130_fd_sc_hd__xnor2_2)
                                                         _05766_ (net)
                      0.289610    0.000000    4.094748 ^ _06569_/A_N (sky130_fd_sc_hd__and2b_2)
     2    0.003781    0.075701    0.527574    4.622321 v _06569_/X (sky130_fd_sc_hd__and2b_2)
                                                         _05767_ (net)
                      0.075701    0.000000    4.622321 v _06613_/B (sky130_fd_sc_hd__or3_2)
     1    0.001490    0.150637    1.014213    5.636534 v _06613_/X (sky130_fd_sc_hd__or3_2)
                                                         _05810_ (net)
                      0.150637    0.000000    5.636534 v _06614_/B (sky130_fd_sc_hd__and2b_2)
     2    0.011059    0.108685    0.489824    6.126358 v _06614_/X (sky130_fd_sc_hd__and2b_2)
                                                         _05811_ (net)
                      0.108685    0.000000    6.126358 v _06652_/A (sky130_fd_sc_hd__xor2_2)
     2    0.012678    0.170781    0.364722    6.491081 v _06652_/X (sky130_fd_sc_hd__xor2_2)
                                                         _05849_ (net)
                      0.170781    0.000000    6.491081 v _06655_/A (sky130_fd_sc_hd__xnor2_2)
     2    0.012460    0.172009    0.335584    6.826664 v _06655_/Y (sky130_fd_sc_hd__xnor2_2)
                                                         _05852_ (net)
                      0.172009    0.000000    6.826664 v _06657_/B (sky130_fd_sc_hd__xnor2_2)
     3    0.010691    0.149652    0.319502    7.146166 v _06657_/Y (sky130_fd_sc_hd__xnor2_2)
                                                         _05854_ (net)
                      0.149652    0.000000    7.146166 v _06660_/B (sky130_fd_sc_hd__or4b_2)
     3    0.009900    0.276861    1.618011    8.764177 v _06660_/X (sky130_fd_sc_hd__or4b_2)
                                                         _05857_ (net)
                      0.276861    0.000000    8.764177 v _06796_/A (sky130_fd_sc_hd__or3_2)
     3    0.014090    0.237356    1.298016   10.062193 v _06796_/X (sky130_fd_sc_hd__or3_2)
                                                         _00188_ (net)
                      0.237356    0.000000   10.062193 v _07012_/A (sky130_fd_sc_hd__or3_2)
     1    0.002303    0.158515    1.142256   11.204450 v _07012_/X (sky130_fd_sc_hd__or3_2)
                                                         _00401_ (net)
                      0.158515    0.000000   11.204450 v _07013_/B1 (sky130_fd_sc_hd__o311a_2)
     3    0.007816    0.123215    0.304765   11.509214 v _07013_/X (sky130_fd_sc_hd__o311a_2)
                                                         _00402_ (net)
                      0.123215    0.000000   11.509214 v _07014_/B (sky130_fd_sc_hd__and2_2)
     2    0.010473    0.105774    0.463751   11.972965 v _07014_/X (sky130_fd_sc_hd__and2_2)
                                                         _00403_ (net)
                      0.105774    0.000000   11.972965 v _07018_/A2 (sky130_fd_sc_hd__o21ba_2)
     2    0.005703    0.076232    0.394537   12.367502 v _07018_/X (sky130_fd_sc_hd__o21ba_2)
                                                         _00406_ (net)
                      0.076232    0.000000   12.367502 v _07088_/A (sky130_fd_sc_hd__or2_2)
     2    0.003764    0.118341    0.668061   13.035563 v _07088_/X (sky130_fd_sc_hd__or2_2)
                                                         _00476_ (net)
                      0.118341    0.000000   13.035563 v _07157_/B (sky130_fd_sc_hd__and2b_2)
     2    0.009499    0.102094    0.465224   13.500788 v _07157_/X (sky130_fd_sc_hd__and2b_2)
                                                         _00544_ (net)
                      0.102094    0.000000   13.500788 v _07158_/B (sky130_fd_sc_hd__or2_2)
     2    0.006464    0.134930    0.665105   14.165893 v _07158_/X (sky130_fd_sc_hd__or2_2)
                                                         _00545_ (net)
                      0.134930    0.000000   14.165893 v _07229_/A2 (sky130_fd_sc_hd__a21o_2)
     1    0.002274    0.055559    0.394957   14.560850 v _07229_/X (sky130_fd_sc_hd__a21o_2)
                                                         _00615_ (net)
                      0.055559    0.000000   14.560850 v _07231_/B1 (sky130_fd_sc_hd__a221o_2)
     1    0.001577    0.081478    0.593457   15.154306 v _07231_/X (sky130_fd_sc_hd__a221o_2)
                                                         _00056_ (net)
                      0.081478    0.000000   15.154306 v _11856_/D (sky130_fd_sc_hd__dfxtp_2)
                                             15.154306   data arrival time

                      0.150000   20.000000   20.000000   clock clk_i (rise edge)
                                  0.000000   20.000000   clock network delay (ideal)
                                 -0.250000   19.750002   clock uncertainty
                                  0.000000   19.750002   clock reconvergence pessimism
                                             19.750002 ^ _11856_/CLK (sky130_fd_sc_hd__dfxtp_2)
                                 -0.257485   19.492517   library setup time
                                             19.492517   data required time
---------------------------------------------------------------------------------------------
                                             19.492517   data required time
                                            -15.154306   data arrival time
---------------------------------------------------------------------------------------------
                                              4.338210   slack (MET)


Startpoint: _11833_ (rising edge-triggered flip-flop clocked by clk_i)
Endpoint: _11867_ (rising edge-triggered flip-flop clocked by clk_i)
Path Group: clk_i
Path Type: max

Fanout         Cap        Slew       Delay        Time   Description
---------------------------------------------------------------------------------------------
                      0.150000    0.000000    0.000000   clock clk_i (rise edge)
                                  0.000000    0.000000   clock network delay (ideal)
                      0.150000    0.000000    0.000000 ^ _11833_/CLK (sky130_fd_sc_hd__dfxtp_2)
    38    0.169101    1.324952    1.595995    1.595995 ^ _11833_/Q (sky130_fd_sc_hd__dfxtp_2)
                                                         state_reg[0] (net)
                      1.324952    0.000000    1.595995 ^ _06240_/B (sky130_fd_sc_hd__xor2_2)
    14    0.056520    1.063398    1.147378    2.743374 ^ _06240_/X (sky130_fd_sc_hd__xor2_2)
                                                         _04717_ (net)
                      1.063398    0.000000    2.743374 ^ _06417_/B (sky130_fd_sc_hd__nor2_2)
     2    0.006439    0.186248    0.274396    3.017770 v _06417_/Y (sky130_fd_sc_hd__nor2_2)
                                                         _05618_ (net)
                      0.186248    0.000000    3.017770 v _06565_/B1 (sky130_fd_sc_hd__a21o_2)
     2    0.010504    0.094529    0.426728    3.444498 v _06565_/X (sky130_fd_sc_hd__a21o_2)
                                                         _05763_ (net)
                      0.094529    0.000000    3.444498 v _06566_/B (sky130_fd_sc_hd__xnor2_2)
     2    0.013174    0.343294    0.328190    3.772688 ^ _06566_/Y (sky130_fd_sc_hd__xnor2_2)
                                                         _05764_ (net)
                      0.343294    0.000000    3.772688 ^ _06568_/B (sky130_fd_sc_hd__xnor2_2)
     2    0.010010    0.289610    0.322060    4.094748 ^ _06568_/Y (sky130_fd_sc_hd__xnor2_2)
                                                         _05766_ (net)
                      0.289610    0.000000    4.094748 ^ _06569_/A_N (sky130_fd_sc_hd__and2b_2)
     2    0.003781    0.075701    0.527574    4.622321 v _06569_/X (sky130_fd_sc_hd__and2b_2)
                                                         _05767_ (net)
                      0.075701    0.000000    4.622321 v _06613_/B (sky130_fd_sc_hd__or3_2)
     1    0.001490    0.150637    1.014213    5.636534 v _06613_/X (sky130_fd_sc_hd__or3_2)
                                                         _05810_ (net)
                      0.150637    0.000000    5.636534 v _06614_/B (sky130_fd_sc_hd__and2b_2)
     2    0.011059    0.108685    0.489824    6.126358 v _06614_/X (sky130_fd_sc_hd__and2b_2)
                                                         _05811_ (net)
                      0.108685    0.000000    6.126358 v _06723_/B2 (sky130_fd_sc_hd__a32o_2)
     2    0.009709    0.100564    0.469871    6.596229 v _06723_/X (sky130_fd_sc_hd__a32o_2)
                                                         _00116_ (net)
                      0.100564    0.000000    6.596229 v _06725_/B (sky130_fd_sc_hd__xnor2_2)
     2    0.013545    0.349987    0.335619    6.931848 ^ _06725_/Y (sky130_fd_sc_hd__xnor2_2)
                                                         _00118_ (net)
                      0.349987    0.000000    6.931848 ^ _06789_/A2 (sky130_fd_sc_hd__a21oi_2)
     2    0.009302    0.126680    0.238387    7.170235 v _06789_/Y (sky130_fd_sc_hd__a21oi_2)
                                                         _00181_ (net)
                      0.126680    0.000000    7.170235 v _06790_/B (sky130_fd_sc_hd__or2_2)
     3    0.011176    0.158876    0.710496    7.880731 v _06790_/X (sky130_fd_sc_hd__or2_2)
                                                         _00182_ (net)
                      0.158876    0.000000    7.880731 v _06939_/A (sky130_fd_sc_hd__or4b_2)
     4    0.015272    0.314707    1.759569    9.640300 v _06939_/X (sky130_fd_sc_hd__or4b_2)
                                                         _00329_ (net)
                      0.314707    0.000000    9.640300 v _07006_/A2 (sky130_fd_sc_hd__a21bo_2)
     2    0.006074    0.078221    0.498332   10.138632 v _07006_/X (sky130_fd_sc_hd__a21bo_2)
                                                         _00395_ (net)
                      0.078221    0.000000   10.138632 v _07008_/C (sky130_fd_sc_hd__and3_2)
     1    0.001280    0.063067    0.416023   10.554654 v _07008_/X (sky130_fd_sc_hd__and3_2)
                                                         _00397_ (net)
                      0.063067    0.000000   10.554654 v _07009_/B (sky130_fd_sc_hd__or2_2)
     3    0.012033    0.163425    0.692799   11.247453 v _07009_/X (sky130_fd_sc_hd__or2_2)
                                                         _00398_ (net)
                      0.163425    0.000000   11.247453 v _07300_/A (sky130_fd_sc_hd__or4_2)
     1    0.001359    0.197455    1.540232   12.787685 v _07300_/X (sky130_fd_sc_hd__or4_2)
                                                         _00685_ (net)
                      0.197455    0.000000   12.787685 v _07305_/A (sky130_fd_sc_hd__and3_2)
     2    0.006314    0.091019    0.444116   13.231801 v _07305_/X (sky130_fd_sc_hd__and3_2)
                                                         _00690_ (net)
                      0.091019    0.000000   13.231801 v _07306_/B1 (sky130_fd_sc_hd__a31oi_2)
     2    0.011054    0.334218    0.334372   13.566173 ^ _07306_/Y (sky130_fd_sc_hd__a31oi_2)
                                                         _00691_ (net)
                      0.334218    0.000000   13.566173 ^ _07885_/A1 (sky130_fd_sc_hd__a2111o_2)
     6    0.018648    0.172180    0.466680   14.032852 ^ _07885_/X (sky130_fd_sc_hd__a2111o_2)
                                                         _01285_ (net)
                      0.172180    0.000000   14.032852 ^ _08167_/B2 (sky130_fd_sc_hd__a22oi_2)
     3    0.011122    0.158259    0.189067   14.221919 v _08167_/Y (sky130_fd_sc_hd__a22oi_2)
                                                         _01592_ (net)
                      0.158259    0.000000   14.221919 v _08168_/A2 (sky130_fd_sc_hd__o21ai_2)
     1    0.004684    0.170110    0.229473   14.451392 ^ _08168_/Y (sky130_fd_sc_hd__o21ai_2)
                                                         _01593_ (net)
                      0.170110    0.000000   14.451392 ^ _08169_/B1 (sky130_fd_sc_hd__a21oi_2)
     1    0.002258    0.079848    0.084261   14.535654 v _08169_/Y (sky130_fd_sc_hd__a21oi_2)
                                                         _01594_ (net)
                      0.079848    0.000000   14.535654 v _08170_/B1 (sky130_fd_sc_hd__a211o_2)
     1    0.001577    0.075237    0.556885   15.092539 v _08170_/X (sky130_fd_sc_hd__a211o_2)
                                                         _00067_ (net)
                      0.075237    0.000000   15.092539 v _11867_/D (sky130_fd_sc_hd__dfxtp_2)
                                             15.092539   data arrival time

                      0.150000   20.000000   20.000000   clock clk_i (rise edge)
                                  0.000000   20.000000   clock network delay (ideal)
                                 -0.250000   19.750002   clock uncertainty
                                  0.000000   19.750002   clock reconvergence pessimism
                                             19.750002 ^ _11867_/CLK (sky130_fd_sc_hd__dfxtp_2)
                                 -0.254894   19.495106   library setup time
                                             19.495106   data required time
---------------------------------------------------------------------------------------------
                                             19.495106   data required time
                                            -15.092539   data arrival time
---------------------------------------------------------------------------------------------
                                              4.402567   slack (MET)


Startpoint: _11833_ (rising edge-triggered flip-flop clocked by clk_i)
Endpoint: _11865_ (rising edge-triggered flip-flop clocked by clk_i)
Path Group: clk_i
Path Type: max

Fanout         Cap        Slew       Delay        Time   Description
---------------------------------------------------------------------------------------------
                      0.150000    0.000000    0.000000   clock clk_i (rise edge)
                                  0.000000    0.000000   clock network delay (ideal)
                      0.150000    0.000000    0.000000 ^ _11833_/CLK (sky130_fd_sc_hd__dfxtp_2)
    38    0.169101    1.324952    1.595995    1.595995 ^ _11833_/Q (sky130_fd_sc_hd__dfxtp_2)
                                                         state_reg[0] (net)
                      1.324952    0.000000    1.595995 ^ _06240_/B (sky130_fd_sc_hd__xor2_2)
    14    0.056520    1.063398    1.147378    2.743374 ^ _06240_/X (sky130_fd_sc_hd__xor2_2)
                                                         _04717_ (net)
                      1.063398    0.000000    2.743374 ^ _06417_/B (sky130_fd_sc_hd__nor2_2)
     2    0.006439    0.186248    0.274396    3.017770 v _06417_/Y (sky130_fd_sc_hd__nor2_2)
                                                         _05618_ (net)
                      0.186248    0.000000    3.017770 v _06565_/B1 (sky130_fd_sc_hd__a21o_2)
     2    0.010504    0.094529    0.426728    3.444498 v _06565_/X (sky130_fd_sc_hd__a21o_2)
                                                         _05763_ (net)
                      0.094529    0.000000    3.444498 v _06566_/B (sky130_fd_sc_hd__xnor2_2)
     2    0.013174    0.343294    0.328190    3.772688 ^ _06566_/Y (sky130_fd_sc_hd__xnor2_2)
                                                         _05764_ (net)
                      0.343294    0.000000    3.772688 ^ _06568_/B (sky130_fd_sc_hd__xnor2_2)
     2    0.010010    0.289610    0.322060    4.094748 ^ _06568_/Y (sky130_fd_sc_hd__xnor2_2)
                                                         _05766_ (net)
                      0.289610    0.000000    4.094748 ^ _06569_/A_N (sky130_fd_sc_hd__and2b_2)
     2    0.003781    0.075701    0.527574    4.622321 v _06569_/X (sky130_fd_sc_hd__and2b_2)
                                                         _05767_ (net)
                      0.075701    0.000000    4.622321 v _06613_/B (sky130_fd_sc_hd__or3_2)
     1    0.001490    0.150637    1.014213    5.636534 v _06613_/X (sky130_fd_sc_hd__or3_2)
                                                         _05810_ (net)
                      0.150637    0.000000    5.636534 v _06614_/B (sky130_fd_sc_hd__and2b_2)
     2    0.011059    0.108685    0.489824    6.126358 v _06614_/X (sky130_fd_sc_hd__and2b_2)
                                                         _05811_ (net)
                      0.108685    0.000000    6.126358 v _06723_/B2 (sky130_fd_sc_hd__a32o_2)
     2    0.009709    0.100564    0.469871    6.596229 v _06723_/X (sky130_fd_sc_hd__a32o_2)
                                                         _00116_ (net)
                      0.100564    0.000000    6.596229 v _06725_/B (sky130_fd_sc_hd__xnor2_2)
     2    0.013545    0.349987    0.335619    6.931848 ^ _06725_/Y (sky130_fd_sc_hd__xnor2_2)
                                                         _00118_ (net)
                      0.349987    0.000000    6.931848 ^ _06789_/A2 (sky130_fd_sc_hd__a21oi_2)
     2    0.009302    0.126680    0.238387    7.170235 v _06789_/Y (sky130_fd_sc_hd__a21oi_2)
                                                         _00181_ (net)
                      0.126680    0.000000    7.170235 v _06790_/B (sky130_fd_sc_hd__or2_2)
     3    0.011176    0.158876    0.710496    7.880731 v _06790_/X (sky130_fd_sc_hd__or2_2)
                                                         _00182_ (net)
                      0.158876    0.000000    7.880731 v _06939_/A (sky130_fd_sc_hd__or4b_2)
     4    0.015272    0.314707    1.759569    9.640300 v _06939_/X (sky130_fd_sc_hd__or4b_2)
                                                         _00329_ (net)
                      0.314707    0.000000    9.640300 v _07006_/A2 (sky130_fd_sc_hd__a21bo_2)
     2    0.006074    0.078221    0.498332   10.138632 v _07006_/X (sky130_fd_sc_hd__a21bo_2)
                                                         _00395_ (net)
                      0.078221    0.000000   10.138632 v _07008_/C (sky130_fd_sc_hd__and3_2)
     1    0.001280    0.063067    0.416023   10.554654 v _07008_/X (sky130_fd_sc_hd__and3_2)
                                                         _00397_ (net)
                      0.063067    0.000000   10.554654 v _07009_/B (sky130_fd_sc_hd__or2_2)
     3    0.012033    0.163425    0.692799   11.247453 v _07009_/X (sky130_fd_sc_hd__or2_2)
                                                         _00398_ (net)
                      0.163425    0.000000   11.247453 v _07300_/A (sky130_fd_sc_hd__or4_2)
     1    0.001359    0.197455    1.540232   12.787685 v _07300_/X (sky130_fd_sc_hd__or4_2)
                                                         _00685_ (net)
                      0.197455    0.000000   12.787685 v _07305_/A (sky130_fd_sc_hd__and3_2)
     2    0.006314    0.091019    0.444116   13.231801 v _07305_/X (sky130_fd_sc_hd__and3_2)
                                                         _00690_ (net)
                      0.091019    0.000000   13.231801 v _07306_/B1 (sky130_fd_sc_hd__a31oi_2)
     2    0.011054    0.334218    0.334372   13.566173 ^ _07306_/Y (sky130_fd_sc_hd__a31oi_2)
                                                         _00691_ (net)
                      0.334218    0.000000   13.566173 ^ _07885_/A1 (sky130_fd_sc_hd__a2111o_2)
     6    0.018648    0.172180    0.466680   14.032852 ^ _07885_/X (sky130_fd_sc_hd__a2111o_2)
                                                         _01285_ (net)
                      0.172180    0.000000   14.032852 ^ _07978_/A (sky130_fd_sc_hd__and2_2)
     2    0.009748    0.119833    0.343751   14.376603 ^ _07978_/X (sky130_fd_sc_hd__and2_2)
                                                         _01386_ (net)
                      0.119833    0.000000   14.376603 ^ _07980_/B1 (sky130_fd_sc_hd__o221ai_2)
     1    0.001577    0.209311    0.205251   14.581855 v _07980_/Y (sky130_fd_sc_hd__o221ai_2)
                                                         _00065_ (net)
                      0.209311    0.000000   14.581855 v _11865_/D (sky130_fd_sc_hd__dfxtp_2)
                                             14.581855   data arrival time

                      0.150000   20.000000   20.000000   clock clk_i (rise edge)
                                  0.000000   20.000000   clock network delay (ideal)
                                 -0.250000   19.750002   clock uncertainty
                                  0.000000   19.750002   clock reconvergence pessimism
                                             19.750002 ^ _11865_/CLK (sky130_fd_sc_hd__dfxtp_2)
                                 -0.310559   19.439442   library setup time
                                             19.439442   data required time
---------------------------------------------------------------------------------------------
                                             19.439442   data required time
                                            -14.581855   data arrival time
---------------------------------------------------------------------------------------------
                                              4.857588   slack (MET)


Startpoint: _11833_ (rising edge-triggered flip-flop clocked by clk_i)
Endpoint: _11855_ (rising edge-triggered flip-flop clocked by clk_i)
Path Group: clk_i
Path Type: max

Fanout         Cap        Slew       Delay        Time   Description
---------------------------------------------------------------------------------------------
                      0.150000    0.000000    0.000000   clock clk_i (rise edge)
                                  0.000000    0.000000   clock network delay (ideal)
                      0.150000    0.000000    0.000000 ^ _11833_/CLK (sky130_fd_sc_hd__dfxtp_2)
    38    0.169101    1.324952    1.595995    1.595995 ^ _11833_/Q (sky130_fd_sc_hd__dfxtp_2)
                                                         state_reg[0] (net)
                      1.324952    0.000000    1.595995 ^ _06240_/B (sky130_fd_sc_hd__xor2_2)
    14    0.056520    1.063398    1.147378    2.743374 ^ _06240_/X (sky130_fd_sc_hd__xor2_2)
                                                         _04717_ (net)
                      1.063398    0.000000    2.743374 ^ _06417_/B (sky130_fd_sc_hd__nor2_2)
     2    0.006439    0.186248    0.274396    3.017770 v _06417_/Y (sky130_fd_sc_hd__nor2_2)
                                                         _05618_ (net)
                      0.186248    0.000000    3.017770 v _06565_/B1 (sky130_fd_sc_hd__a21o_2)
     2    0.010504    0.094529    0.426728    3.444498 v _06565_/X (sky130_fd_sc_hd__a21o_2)
                                                         _05763_ (net)
                      0.094529    0.000000    3.444498 v _06566_/B (sky130_fd_sc_hd__xnor2_2)
     2    0.013174    0.343294    0.328190    3.772688 ^ _06566_/Y (sky130_fd_sc_hd__xnor2_2)
                                                         _05764_ (net)
                      0.343294    0.000000    3.772688 ^ _06568_/B (sky130_fd_sc_hd__xnor2_2)
     2    0.010010    0.289610    0.322060    4.094748 ^ _06568_/Y (sky130_fd_sc_hd__xnor2_2)
                                                         _05766_ (net)
                      0.289610    0.000000    4.094748 ^ _06569_/A_N (sky130_fd_sc_hd__and2b_2)
     2    0.003781    0.075701    0.527574    4.622321 v _06569_/X (sky130_fd_sc_hd__and2b_2)
                                                         _05767_ (net)
                      0.075701    0.000000    4.622321 v _06613_/B (sky130_fd_sc_hd__or3_2)
     1    0.001490    0.150637    1.014213    5.636534 v _06613_/X (sky130_fd_sc_hd__or3_2)
                                                         _05810_ (net)
                      0.150637    0.000000    5.636534 v _06614_/B (sky130_fd_sc_hd__and2b_2)
     2    0.011059    0.108685    0.489824    6.126358 v _06614_/X (sky130_fd_sc_hd__and2b_2)
                                                         _05811_ (net)
                      0.108685    0.000000    6.126358 v _06652_/A (sky130_fd_sc_hd__xor2_2)
     2    0.012678    0.170781    0.364722    6.491081 v _06652_/X (sky130_fd_sc_hd__xor2_2)
                                                         _05849_ (net)
                      0.170781    0.000000    6.491081 v _06655_/A (sky130_fd_sc_hd__xnor2_2)
     2    0.012460    0.172009    0.335584    6.826664 v _06655_/Y (sky130_fd_sc_hd__xnor2_2)
                                                         _05852_ (net)
                      0.172009    0.000000    6.826664 v _06657_/B (sky130_fd_sc_hd__xnor2_2)
     3    0.010691    0.149652    0.319502    7.146166 v _06657_/Y (sky130_fd_sc_hd__xnor2_2)
                                                         _05854_ (net)
                      0.149652    0.000000    7.146166 v _06660_/B (sky130_fd_sc_hd__or4b_2)
     3    0.009900    0.276861    1.618011    8.764177 v _06660_/X (sky130_fd_sc_hd__or4b_2)
                                                         _05857_ (net)
                      0.276861    0.000000    8.764177 v _06796_/A (sky130_fd_sc_hd__or3_2)
     3    0.014090    0.237356    1.298016   10.062193 v _06796_/X (sky130_fd_sc_hd__or3_2)
                                                         _00188_ (net)
                      0.237356    0.000000   10.062193 v _07012_/A (sky130_fd_sc_hd__or3_2)
     1    0.002303    0.158515    1.142256   11.204450 v _07012_/X (sky130_fd_sc_hd__or3_2)
                                                         _00401_ (net)
                      0.158515    0.000000   11.204450 v _07013_/B1 (sky130_fd_sc_hd__o311a_2)
     3    0.007816    0.123215    0.304765   11.509214 v _07013_/X (sky130_fd_sc_hd__o311a_2)
                                                         _00402_ (net)
                      0.123215    0.000000   11.509214 v _07014_/B (sky130_fd_sc_hd__and2_2)
     2    0.010473    0.105774    0.463751   11.972965 v _07014_/X (sky130_fd_sc_hd__and2_2)
                                                         _00403_ (net)
                      0.105774    0.000000   11.972965 v _07018_/A2 (sky130_fd_sc_hd__o21ba_2)
     2    0.005703    0.076232    0.394537   12.367502 v _07018_/X (sky130_fd_sc_hd__o21ba_2)
                                                         _00406_ (net)
                      0.076232    0.000000   12.367502 v _07088_/A (sky130_fd_sc_hd__or2_2)
     2    0.003764    0.118341    0.668061   13.035563 v _07088_/X (sky130_fd_sc_hd__or2_2)
                                                         _00476_ (net)
                      0.118341    0.000000   13.035563 v _07157_/B (sky130_fd_sc_hd__and2b_2)
     2    0.009499    0.102094    0.465224   13.500788 v _07157_/X (sky130_fd_sc_hd__and2b_2)
                                                         _00544_ (net)
                      0.102094    0.000000   13.500788 v _07159_/B (sky130_fd_sc_hd__xnor2_2)
     1    0.004617    0.188160    0.214320   13.715108 ^ _07159_/Y (sky130_fd_sc_hd__xnor2_2)
                                                         _00546_ (net)
                      0.188160    0.000000   13.715108 ^ _07160_/B (sky130_fd_sc_hd__nand2_2)
     1    0.002288    0.167081    0.126658   13.841765 v _07160_/Y (sky130_fd_sc_hd__nand2_2)
                                                         _00547_ (net)
                      0.167081    0.000000   13.841765 v _07161_/B1 (sky130_fd_sc_hd__o211a_2)
     1    0.001577    0.064034    0.274077   14.115842 v _07161_/X (sky130_fd_sc_hd__o211a_2)
                                                         _00055_ (net)
                      0.064034    0.000000   14.115842 v _11855_/D (sky130_fd_sc_hd__dfxtp_2)
                                             14.115842   data arrival time

                      0.150000   20.000000   20.000000   clock clk_i (rise edge)
                                  0.000000   20.000000   clock network delay (ideal)
                                 -0.250000   19.750002   clock uncertainty
                                  0.000000   19.750002   clock reconvergence pessimism
                                             19.750002 ^ _11855_/CLK (sky130_fd_sc_hd__dfxtp_2)
                                 -0.250243   19.499760   library setup time
                                             19.499760   data required time
---------------------------------------------------------------------------------------------
                                             19.499760   data required time
                                            -14.115842   data arrival time
---------------------------------------------------------------------------------------------
                                              5.383916   slack (MET)


Startpoint: _11833_ (rising edge-triggered flip-flop clocked by clk_i)
Endpoint: _11857_ (rising edge-triggered flip-flop clocked by clk_i)
Path Group: clk_i
Path Type: max

Fanout         Cap        Slew       Delay        Time   Description
---------------------------------------------------------------------------------------------
                      0.150000    0.000000    0.000000   clock clk_i (rise edge)
                                  0.000000    0.000000   clock network delay (ideal)
                      0.150000    0.000000    0.000000 ^ _11833_/CLK (sky130_fd_sc_hd__dfxtp_2)
    38    0.169101    1.324952    1.595995    1.595995 ^ _11833_/Q (sky130_fd_sc_hd__dfxtp_2)
                                                         state_reg[0] (net)
                      1.324952    0.000000    1.595995 ^ _06240_/B (sky130_fd_sc_hd__xor2_2)
    14    0.056520    1.063398    1.147378    2.743374 ^ _06240_/X (sky130_fd_sc_hd__xor2_2)
                                                         _04717_ (net)
                      1.063398    0.000000    2.743374 ^ _06417_/B (sky130_fd_sc_hd__nor2_2)
     2    0.006439    0.186248    0.274396    3.017770 v _06417_/Y (sky130_fd_sc_hd__nor2_2)
                                                         _05618_ (net)
                      0.186248    0.000000    3.017770 v _06565_/B1 (sky130_fd_sc_hd__a21o_2)
     2    0.010504    0.094529    0.426728    3.444498 v _06565_/X (sky130_fd_sc_hd__a21o_2)
                                                         _05763_ (net)
                      0.094529    0.000000    3.444498 v _06566_/B (sky130_fd_sc_hd__xnor2_2)
     2    0.013174    0.343294    0.328190    3.772688 ^ _06566_/Y (sky130_fd_sc_hd__xnor2_2)
                                                         _05764_ (net)
                      0.343294    0.000000    3.772688 ^ _06568_/B (sky130_fd_sc_hd__xnor2_2)
     2    0.010010    0.289610    0.322060    4.094748 ^ _06568_/Y (sky130_fd_sc_hd__xnor2_2)
                                                         _05766_ (net)
                      0.289610    0.000000    4.094748 ^ _06569_/A_N (sky130_fd_sc_hd__and2b_2)
     2    0.003781    0.075701    0.527574    4.622321 v _06569_/X (sky130_fd_sc_hd__and2b_2)
                                                         _05767_ (net)
                      0.075701    0.000000    4.622321 v _06613_/B (sky130_fd_sc_hd__or3_2)
     1    0.001490    0.150637    1.014213    5.636534 v _06613_/X (sky130_fd_sc_hd__or3_2)
                                                         _05810_ (net)
                      0.150637    0.000000    5.636534 v _06614_/B (sky130_fd_sc_hd__and2b_2)
     2    0.011059    0.108685    0.489824    6.126358 v _06614_/X (sky130_fd_sc_hd__and2b_2)
                                                         _05811_ (net)
                      0.108685    0.000000    6.126358 v _06723_/B2 (sky130_fd_sc_hd__a32o_2)
     2    0.009709    0.100564    0.469871    6.596229 v _06723_/X (sky130_fd_sc_hd__a32o_2)
                                                         _00116_ (net)
                      0.100564    0.000000    6.596229 v _06725_/B (sky130_fd_sc_hd__xnor2_2)
     2    0.013545    0.349987    0.335619    6.931848 ^ _06725_/Y (sky130_fd_sc_hd__xnor2_2)
                                                         _00118_ (net)
                      0.349987    0.000000    6.931848 ^ _06789_/A2 (sky130_fd_sc_hd__a21oi_2)
     2    0.009302    0.126680    0.238387    7.170235 v _06789_/Y (sky130_fd_sc_hd__a21oi_2)
                                                         _00181_ (net)
                      0.126680    0.000000    7.170235 v _06790_/B (sky130_fd_sc_hd__or2_2)
     3    0.011176    0.158876    0.710496    7.880731 v _06790_/X (sky130_fd_sc_hd__or2_2)
                                                         _00182_ (net)
                      0.158876    0.000000    7.880731 v _06939_/A (sky130_fd_sc_hd__or4b_2)
     4    0.015272    0.314707    1.759569    9.640300 v _06939_/X (sky130_fd_sc_hd__or4b_2)
                                                         _00329_ (net)
                      0.314707    0.000000    9.640300 v _07006_/A2 (sky130_fd_sc_hd__a21bo_2)
     2    0.006074    0.078221    0.498332   10.138632 v _07006_/X (sky130_fd_sc_hd__a21bo_2)
                                                         _00395_ (net)
                      0.078221    0.000000   10.138632 v _07008_/C (sky130_fd_sc_hd__and3_2)
     1    0.001280    0.063067    0.416023   10.554654 v _07008_/X (sky130_fd_sc_hd__and3_2)
                                                         _00397_ (net)
                      0.063067    0.000000   10.554654 v _07009_/B (sky130_fd_sc_hd__or2_2)
     3    0.012033    0.163425    0.692799   11.247453 v _07009_/X (sky130_fd_sc_hd__or2_2)
                                                         _00398_ (net)
                      0.163425    0.000000   11.247453 v _07300_/A (sky130_fd_sc_hd__or4_2)
     1    0.001359    0.197455    1.540232   12.787685 v _07300_/X (sky130_fd_sc_hd__or4_2)
                                                         _00685_ (net)
                      0.197455    0.000000   12.787685 v _07305_/A (sky130_fd_sc_hd__and3_2)
     2    0.006314    0.091019    0.444116   13.231801 v _07305_/X (sky130_fd_sc_hd__and3_2)
                                                         _00690_ (net)
                      0.091019    0.000000   13.231801 v _07306_/B1 (sky130_fd_sc_hd__a31oi_2)
     2    0.011054    0.334218    0.334372   13.566173 ^ _07306_/Y (sky130_fd_sc_hd__a31oi_2)
                                                         _00691_ (net)
                      0.334218    0.000000   13.566173 ^ _07308_/B (sky130_fd_sc_hd__xnor2_2)
     1    0.002241    0.079236    0.177154   13.743327 v _07308_/Y (sky130_fd_sc_hd__xnor2_2)
                                                         _00693_ (net)
                      0.079236    0.000000   13.743327 v _07310_/A2 (sky130_fd_sc_hd__a21o_2)
     1    0.001577    0.051702    0.365946   14.109273 v _07310_/X (sky130_fd_sc_hd__a21o_2)
                                                         _00057_ (net)
                      0.051702    0.000000   14.109273 v _11857_/D (sky130_fd_sc_hd__dfxtp_2)
                                             14.109273   data arrival time

                      0.150000   20.000000   20.000000   clock clk_i (rise edge)
                                  0.000000   20.000000   clock network delay (ideal)
                                 -0.250000   19.750002   clock uncertainty
                                  0.000000   19.750002   clock reconvergence pessimism
                                             19.750002 ^ _11857_/CLK (sky130_fd_sc_hd__dfxtp_2)
                                 -0.245123   19.504879   library setup time
                                             19.504879   data required time
---------------------------------------------------------------------------------------------
                                             19.504879   data required time
                                            -14.109273   data arrival time
---------------------------------------------------------------------------------------------
                                              5.395605   slack (MET)


Startpoint: _11833_ (rising edge-triggered flip-flop clocked by clk_i)
Endpoint: _11852_ (rising edge-triggered flip-flop clocked by clk_i)
Path Group: clk_i
Path Type: max

Fanout         Cap        Slew       Delay        Time   Description
---------------------------------------------------------------------------------------------
                      0.150000    0.000000    0.000000   clock clk_i (rise edge)
                                  0.000000    0.000000   clock network delay (ideal)
                      0.150000    0.000000    0.000000 ^ _11833_/CLK (sky130_fd_sc_hd__dfxtp_2)
    38    0.169101    1.324952    1.595995    1.595995 ^ _11833_/Q (sky130_fd_sc_hd__dfxtp_2)
                                                         state_reg[0] (net)
                      1.324952    0.000000    1.595995 ^ _06240_/B (sky130_fd_sc_hd__xor2_2)
    14    0.056520    1.063398    1.147378    2.743374 ^ _06240_/X (sky130_fd_sc_hd__xor2_2)
                                                         _04717_ (net)
                      1.063398    0.000000    2.743374 ^ _06417_/B (sky130_fd_sc_hd__nor2_2)
     2    0.006439    0.186248    0.274396    3.017770 v _06417_/Y (sky130_fd_sc_hd__nor2_2)
                                                         _05618_ (net)
                      0.186248    0.000000    3.017770 v _06565_/B1 (sky130_fd_sc_hd__a21o_2)
     2    0.010504    0.094529    0.426728    3.444498 v _06565_/X (sky130_fd_sc_hd__a21o_2)
                                                         _05763_ (net)
                      0.094529    0.000000    3.444498 v _06566_/B (sky130_fd_sc_hd__xnor2_2)
     2    0.013174    0.343294    0.328190    3.772688 ^ _06566_/Y (sky130_fd_sc_hd__xnor2_2)
                                                         _05764_ (net)
                      0.343294    0.000000    3.772688 ^ _06568_/B (sky130_fd_sc_hd__xnor2_2)
     2    0.010010    0.289610    0.322060    4.094748 ^ _06568_/Y (sky130_fd_sc_hd__xnor2_2)
                                                         _05766_ (net)
                      0.289610    0.000000    4.094748 ^ _06569_/A_N (sky130_fd_sc_hd__and2b_2)
     2    0.003781    0.075701    0.527574    4.622321 v _06569_/X (sky130_fd_sc_hd__and2b_2)
                                                         _05767_ (net)
                      0.075701    0.000000    4.622321 v _06613_/B (sky130_fd_sc_hd__or3_2)
     1    0.001490    0.150637    1.014213    5.636534 v _06613_/X (sky130_fd_sc_hd__or3_2)
                                                         _05810_ (net)
                      0.150637    0.000000    5.636534 v _06614_/B (sky130_fd_sc_hd__and2b_2)
     2    0.011059    0.108685    0.489824    6.126358 v _06614_/X (sky130_fd_sc_hd__and2b_2)
                                                         _05811_ (net)
                      0.108685    0.000000    6.126358 v _06652_/A (sky130_fd_sc_hd__xor2_2)
     2    0.012678    0.170781    0.364722    6.491081 v _06652_/X (sky130_fd_sc_hd__xor2_2)
                                                         _05849_ (net)
                      0.170781    0.000000    6.491081 v _06655_/A (sky130_fd_sc_hd__xnor2_2)
     2    0.012460    0.172009    0.335584    6.826664 v _06655_/Y (sky130_fd_sc_hd__xnor2_2)
                                                         _05852_ (net)
                      0.172009    0.000000    6.826664 v _06657_/B (sky130_fd_sc_hd__xnor2_2)
     3    0.010691    0.149652    0.319502    7.146166 v _06657_/Y (sky130_fd_sc_hd__xnor2_2)
                                                         _05854_ (net)
                      0.149652    0.000000    7.146166 v _06660_/B (sky130_fd_sc_hd__or4b_2)
     3    0.009900    0.276861    1.618011    8.764177 v _06660_/X (sky130_fd_sc_hd__or4b_2)
                                                         _05857_ (net)
                      0.276861    0.000000    8.764177 v _06730_/B (sky130_fd_sc_hd__nand2_2)
     1    0.008542    0.122637    0.219121    8.983298 ^ _06730_/Y (sky130_fd_sc_hd__nand2_2)
                                                         _00123_ (net)
                      0.122637    0.000000    8.983298 ^ _06731_/B (sky130_fd_sc_hd__xor2_2)
     3    0.007615    0.224260    0.287564    9.270862 ^ _06731_/X (sky130_fd_sc_hd__xor2_2)
                                                         _00124_ (net)
                      0.224260    0.000000    9.270862 ^ _06734_/B (sky130_fd_sc_hd__or2_2)
     4    0.015489    0.144053    0.321809    9.592671 ^ _06734_/X (sky130_fd_sc_hd__or2_2)
                                                         _00127_ (net)
                      0.144053    0.000000    9.592671 ^ _06735_/C_N (sky130_fd_sc_hd__or3b_2)
     3    0.009767    0.210918    1.129583   10.722254 v _06735_/X (sky130_fd_sc_hd__or3b_2)
                                                         _00128_ (net)
                      0.210918    0.000000   10.722254 v _06737_/B (sky130_fd_sc_hd__or2_2)
     3    0.007899    0.141998    0.719549   11.441802 v _06737_/X (sky130_fd_sc_hd__or2_2)
                                                         _00130_ (net)
                      0.141998    0.000000   11.441802 v _06873_/A (sky130_fd_sc_hd__or2_2)
     2    0.005758    0.131370    0.718078   12.159881 v _06873_/X (sky130_fd_sc_hd__or2_2)
                                                         _00264_ (net)
                      0.131370    0.000000   12.159881 v _06877_/A1 (sky130_fd_sc_hd__a21oi_2)
     3    0.008794    0.234128    0.288242   12.448123 ^ _06877_/Y (sky130_fd_sc_hd__a21oi_2)
                                                         _00268_ (net)
                      0.234128    0.000000   12.448123 ^ _06944_/B (sky130_fd_sc_hd__or3b_2)
     1    0.001483    0.044682    0.245165   12.693288 ^ _06944_/X (sky130_fd_sc_hd__or3b_2)
                                                         _00334_ (net)
                      0.044682    0.000000   12.693288 ^ _06945_/C_N (sky130_fd_sc_hd__or3b_2)
     1    0.004279    0.174456    1.029784   13.723072 v _06945_/X (sky130_fd_sc_hd__or3b_2)
                                                         _00335_ (net)
                      0.174456    0.000000   13.723072 v _06946_/B1 (sky130_fd_sc_hd__o211ai_2)
     1    0.001537    0.195551    0.141407   13.864479 ^ _06946_/Y (sky130_fd_sc_hd__o211ai_2)
                                                         _00052_ (net)
                      0.195551    0.000000   13.864479 ^ _11852_/D (sky130_fd_sc_hd__dfxtp_2)
                                             13.864479   data arrival time

                      0.150000   20.000000   20.000000   clock clk_i (rise edge)
                                  0.000000   20.000000   clock network delay (ideal)
                                 -0.250000   19.750002   clock uncertainty
                                  0.000000   19.750002   clock reconvergence pessimism
                                             19.750002 ^ _11852_/CLK (sky130_fd_sc_hd__dfxtp_2)
                                 -0.159984   19.590017   library setup time
                                             19.590017   data required time
---------------------------------------------------------------------------------------------
                                             19.590017   data required time
                                            -13.864479   data arrival time
---------------------------------------------------------------------------------------------
                                              5.725538   slack (MET)


Startpoint: _11833_ (rising edge-triggered flip-flop clocked by clk_i)
Endpoint: _11854_ (rising edge-triggered flip-flop clocked by clk_i)
Path Group: clk_i
Path Type: max

Fanout         Cap        Slew       Delay        Time   Description
---------------------------------------------------------------------------------------------
                      0.150000    0.000000    0.000000   clock clk_i (rise edge)
                                  0.000000    0.000000   clock network delay (ideal)
                      0.150000    0.000000    0.000000 ^ _11833_/CLK (sky130_fd_sc_hd__dfxtp_2)
    38    0.169101    1.324952    1.595995    1.595995 ^ _11833_/Q (sky130_fd_sc_hd__dfxtp_2)
                                                         state_reg[0] (net)
                      1.324952    0.000000    1.595995 ^ _06240_/B (sky130_fd_sc_hd__xor2_2)
    14    0.056520    1.063398    1.147378    2.743374 ^ _06240_/X (sky130_fd_sc_hd__xor2_2)
                                                         _04717_ (net)
                      1.063398    0.000000    2.743374 ^ _06417_/B (sky130_fd_sc_hd__nor2_2)
     2    0.006439    0.186248    0.274396    3.017770 v _06417_/Y (sky130_fd_sc_hd__nor2_2)
                                                         _05618_ (net)
                      0.186248    0.000000    3.017770 v _06565_/B1 (sky130_fd_sc_hd__a21o_2)
     2    0.010504    0.094529    0.426728    3.444498 v _06565_/X (sky130_fd_sc_hd__a21o_2)
                                                         _05763_ (net)
                      0.094529    0.000000    3.444498 v _06566_/B (sky130_fd_sc_hd__xnor2_2)
     2    0.013174    0.343294    0.328190    3.772688 ^ _06566_/Y (sky130_fd_sc_hd__xnor2_2)
                                                         _05764_ (net)
                      0.343294    0.000000    3.772688 ^ _06568_/B (sky130_fd_sc_hd__xnor2_2)
     2    0.010010    0.289610    0.322060    4.094748 ^ _06568_/Y (sky130_fd_sc_hd__xnor2_2)
                                                         _05766_ (net)
                      0.289610    0.000000    4.094748 ^ _06569_/A_N (sky130_fd_sc_hd__and2b_2)
     2    0.003781    0.075701    0.527574    4.622321 v _06569_/X (sky130_fd_sc_hd__and2b_2)
                                                         _05767_ (net)
                      0.075701    0.000000    4.622321 v _06613_/B (sky130_fd_sc_hd__or3_2)
     1    0.001490    0.150637    1.014213    5.636534 v _06613_/X (sky130_fd_sc_hd__or3_2)
                                                         _05810_ (net)
                      0.150637    0.000000    5.636534 v _06614_/B (sky130_fd_sc_hd__and2b_2)
     2    0.011059    0.108685    0.489824    6.126358 v _06614_/X (sky130_fd_sc_hd__and2b_2)
                                                         _05811_ (net)
                      0.108685    0.000000    6.126358 v _06652_/A (sky130_fd_sc_hd__xor2_2)
     2    0.012678    0.170781    0.364722    6.491081 v _06652_/X (sky130_fd_sc_hd__xor2_2)
                                                         _05849_ (net)
                      0.170781    0.000000    6.491081 v _06655_/A (sky130_fd_sc_hd__xnor2_2)
     2    0.012460    0.172009    0.335584    6.826664 v _06655_/Y (sky130_fd_sc_hd__xnor2_2)
                                                         _05852_ (net)
                      0.172009    0.000000    6.826664 v _06657_/B (sky130_fd_sc_hd__xnor2_2)
     3    0.010691    0.149652    0.319502    7.146166 v _06657_/Y (sky130_fd_sc_hd__xnor2_2)
                                                         _05854_ (net)
                      0.149652    0.000000    7.146166 v _06660_/B (sky130_fd_sc_hd__or4b_2)
     3    0.009900    0.276861    1.618011    8.764177 v _06660_/X (sky130_fd_sc_hd__or4b_2)
                                                         _05857_ (net)
                      0.276861    0.000000    8.764177 v _06796_/A (sky130_fd_sc_hd__or3_2)
     3    0.014090    0.237356    1.298016   10.062193 v _06796_/X (sky130_fd_sc_hd__or3_2)
                                                         _00188_ (net)
                      0.237356    0.000000   10.062193 v _07012_/A (sky130_fd_sc_hd__or3_2)
     1    0.002303    0.158515    1.142256   11.204450 v _07012_/X (sky130_fd_sc_hd__or3_2)
                                                         _00401_ (net)
                      0.158515    0.000000   11.204450 v _07013_/B1 (sky130_fd_sc_hd__o311a_2)
     3    0.007816    0.123215    0.304765   11.509214 v _07013_/X (sky130_fd_sc_hd__o311a_2)
                                                         _00402_ (net)
                      0.123215    0.000000   11.509214 v _07014_/B (sky130_fd_sc_hd__and2_2)
     2    0.010473    0.105774    0.463751   11.972965 v _07014_/X (sky130_fd_sc_hd__and2_2)
                                                         _00403_ (net)
                      0.105774    0.000000   11.972965 v _07018_/A2 (sky130_fd_sc_hd__o21ba_2)
     2    0.005703    0.076232    0.394537   12.367502 v _07018_/X (sky130_fd_sc_hd__o21ba_2)
                                                         _00406_ (net)
                      0.076232    0.000000   12.367502 v _07088_/A (sky130_fd_sc_hd__or2_2)
     2    0.003764    0.118341    0.668061   13.035563 v _07088_/X (sky130_fd_sc_hd__or2_2)
                                                         _00476_ (net)
                      0.118341    0.000000   13.035563 v _07090_/B1 (sky130_fd_sc_hd__a221o_2)
     1    0.001577    0.081478    0.615934   13.651497 v _07090_/X (sky130_fd_sc_hd__a221o_2)
                                                         _00054_ (net)
                      0.081478    0.000000   13.651497 v _11854_/D (sky130_fd_sc_hd__dfxtp_2)
                                             13.651497   data arrival time

                      0.150000   20.000000   20.000000   clock clk_i (rise edge)
                                  0.000000   20.000000   clock network delay (ideal)
                                 -0.250000   19.750002   clock uncertainty
                                  0.000000   19.750002   clock reconvergence pessimism
                                             19.750002 ^ _11854_/CLK (sky130_fd_sc_hd__dfxtp_2)
                                 -0.257485   19.492517   library setup time
                                             19.492517   data required time
---------------------------------------------------------------------------------------------
                                             19.492517   data required time
                                            -13.651497   data arrival time
---------------------------------------------------------------------------------------------
                                              5.841019   slack (MET)


Startpoint: _11833_ (rising edge-triggered flip-flop clocked by clk_i)
Endpoint: _11851_ (rising edge-triggered flip-flop clocked by clk_i)
Path Group: clk_i
Path Type: max

Fanout         Cap        Slew       Delay        Time   Description
---------------------------------------------------------------------------------------------
                      0.150000    0.000000    0.000000   clock clk_i (rise edge)
                                  0.000000    0.000000   clock network delay (ideal)
                      0.150000    0.000000    0.000000 ^ _11833_/CLK (sky130_fd_sc_hd__dfxtp_2)
    38    0.169101    1.324952    1.595995    1.595995 ^ _11833_/Q (sky130_fd_sc_hd__dfxtp_2)
                                                         state_reg[0] (net)
                      1.324952    0.000000    1.595995 ^ _06240_/B (sky130_fd_sc_hd__xor2_2)
    14    0.056520    1.063398    1.147378    2.743374 ^ _06240_/X (sky130_fd_sc_hd__xor2_2)
                                                         _04717_ (net)
                      1.063398    0.000000    2.743374 ^ _06417_/B (sky130_fd_sc_hd__nor2_2)
     2    0.006439    0.186248    0.274396    3.017770 v _06417_/Y (sky130_fd_sc_hd__nor2_2)
                                                         _05618_ (net)
                      0.186248    0.000000    3.017770 v _06565_/B1 (sky130_fd_sc_hd__a21o_2)
     2    0.010504    0.094529    0.426728    3.444498 v _06565_/X (sky130_fd_sc_hd__a21o_2)
                                                         _05763_ (net)
                      0.094529    0.000000    3.444498 v _06566_/B (sky130_fd_sc_hd__xnor2_2)
     2    0.013174    0.343294    0.328190    3.772688 ^ _06566_/Y (sky130_fd_sc_hd__xnor2_2)
                                                         _05764_ (net)
                      0.343294    0.000000    3.772688 ^ _06568_/B (sky130_fd_sc_hd__xnor2_2)
     2    0.010010    0.289610    0.322060    4.094748 ^ _06568_/Y (sky130_fd_sc_hd__xnor2_2)
                                                         _05766_ (net)
                      0.289610    0.000000    4.094748 ^ _06569_/A_N (sky130_fd_sc_hd__and2b_2)
     2    0.003781    0.075701    0.527574    4.622321 v _06569_/X (sky130_fd_sc_hd__and2b_2)
                                                         _05767_ (net)
                      0.075701    0.000000    4.622321 v _06613_/B (sky130_fd_sc_hd__or3_2)
     1    0.001490    0.150637    1.014213    5.636534 v _06613_/X (sky130_fd_sc_hd__or3_2)
                                                         _05810_ (net)
                      0.150637    0.000000    5.636534 v _06614_/B (sky130_fd_sc_hd__and2b_2)
     2    0.011059    0.108685    0.489824    6.126358 v _06614_/X (sky130_fd_sc_hd__and2b_2)
                                                         _05811_ (net)
                      0.108685    0.000000    6.126358 v _06652_/A (sky130_fd_sc_hd__xor2_2)
     2    0.012678    0.170781    0.364722    6.491081 v _06652_/X (sky130_fd_sc_hd__xor2_2)
                                                         _05849_ (net)
                      0.170781    0.000000    6.491081 v _06655_/A (sky130_fd_sc_hd__xnor2_2)
     2    0.012460    0.172009    0.335584    6.826664 v _06655_/Y (sky130_fd_sc_hd__xnor2_2)
                                                         _05852_ (net)
                      0.172009    0.000000    6.826664 v _06657_/B (sky130_fd_sc_hd__xnor2_2)
     3    0.010691    0.149652    0.319502    7.146166 v _06657_/Y (sky130_fd_sc_hd__xnor2_2)
                                                         _05854_ (net)
                      0.149652    0.000000    7.146166 v _06660_/B (sky130_fd_sc_hd__or4b_2)
     3    0.009900    0.276861    1.618011    8.764177 v _06660_/X (sky130_fd_sc_hd__or4b_2)
                                                         _05857_ (net)
                      0.276861    0.000000    8.764177 v _06730_/B (sky130_fd_sc_hd__nand2_2)
     1    0.008542    0.122637    0.219121    8.983298 ^ _06730_/Y (sky130_fd_sc_hd__nand2_2)
                                                         _00123_ (net)
                      0.122637    0.000000    8.983298 ^ _06731_/B (sky130_fd_sc_hd__xor2_2)
     3    0.007615    0.224260    0.287564    9.270862 ^ _06731_/X (sky130_fd_sc_hd__xor2_2)
                                                         _00124_ (net)
                      0.224260    0.000000    9.270862 ^ _06734_/B (sky130_fd_sc_hd__or2_2)
     4    0.015489    0.144053    0.321809    9.592671 ^ _06734_/X (sky130_fd_sc_hd__or2_2)
                                                         _00127_ (net)
                      0.144053    0.000000    9.592671 ^ _06735_/C_N (sky130_fd_sc_hd__or3b_2)
     3    0.009767    0.210918    1.129583   10.722254 v _06735_/X (sky130_fd_sc_hd__or3b_2)
                                                         _00128_ (net)
                      0.210918    0.000000   10.722254 v _06737_/B (sky130_fd_sc_hd__or2_2)
     3    0.007899    0.141998    0.719549   11.441802 v _06737_/X (sky130_fd_sc_hd__or2_2)
                                                         _00130_ (net)
                      0.141998    0.000000   11.441802 v _06873_/A (sky130_fd_sc_hd__or2_2)
     2    0.005758    0.131370    0.718078   12.159881 v _06873_/X (sky130_fd_sc_hd__or2_2)
                                                         _00264_ (net)
                      0.131370    0.000000   12.159881 v _06876_/B (sky130_fd_sc_hd__and3_2)
     1    0.004107    0.080523    0.438921   12.598802 v _06876_/X (sky130_fd_sc_hd__and3_2)
                                                         _00267_ (net)
                      0.080523    0.000000   12.598802 v _06878_/A2 (sky130_fd_sc_hd__o32ai_2)
     1    0.001537    0.269063    0.368068   12.966869 ^ _06878_/Y (sky130_fd_sc_hd__o32ai_2)
                                                         _00051_ (net)
                      0.269063    0.000000   12.966869 ^ _11851_/D (sky130_fd_sc_hd__dfxtp_2)
                                             12.966869   data arrival time

                      0.150000   20.000000   20.000000   clock clk_i (rise edge)
                                  0.000000   20.000000   clock network delay (ideal)
                                 -0.250000   19.750002   clock uncertainty
                                  0.000000   19.750002   clock reconvergence pessimism
                                             19.750002 ^ _11851_/CLK (sky130_fd_sc_hd__dfxtp_2)
                                 -0.179194   19.570808   library setup time
                                             19.570808   data required time
---------------------------------------------------------------------------------------------
                                             19.570808   data required time
                                            -12.966869   data arrival time
---------------------------------------------------------------------------------------------
                                              6.603938   slack (MET)


Startpoint: _11833_ (rising edge-triggered flip-flop clocked by clk_i)
Endpoint: _11853_ (rising edge-triggered flip-flop clocked by clk_i)
Path Group: clk_i
Path Type: max

Fanout         Cap        Slew       Delay        Time   Description
---------------------------------------------------------------------------------------------
                      0.150000    0.000000    0.000000   clock clk_i (rise edge)
                                  0.000000    0.000000   clock network delay (ideal)
                      0.150000    0.000000    0.000000 ^ _11833_/CLK (sky130_fd_sc_hd__dfxtp_2)
    38    0.169101    1.324952    1.595995    1.595995 ^ _11833_/Q (sky130_fd_sc_hd__dfxtp_2)
                                                         state_reg[0] (net)
                      1.324952    0.000000    1.595995 ^ _06240_/B (sky130_fd_sc_hd__xor2_2)
    14    0.056520    1.063398    1.147378    2.743374 ^ _06240_/X (sky130_fd_sc_hd__xor2_2)
                                                         _04717_ (net)
                      1.063398    0.000000    2.743374 ^ _06417_/B (sky130_fd_sc_hd__nor2_2)
     2    0.006439    0.186248    0.274396    3.017770 v _06417_/Y (sky130_fd_sc_hd__nor2_2)
                                                         _05618_ (net)
                      0.186248    0.000000    3.017770 v _06565_/B1 (sky130_fd_sc_hd__a21o_2)
     2    0.010504    0.094529    0.426728    3.444498 v _06565_/X (sky130_fd_sc_hd__a21o_2)
                                                         _05763_ (net)
                      0.094529    0.000000    3.444498 v _06566_/B (sky130_fd_sc_hd__xnor2_2)
     2    0.013174    0.343294    0.328190    3.772688 ^ _06566_/Y (sky130_fd_sc_hd__xnor2_2)
                                                         _05764_ (net)
                      0.343294    0.000000    3.772688 ^ _06568_/B (sky130_fd_sc_hd__xnor2_2)
     2    0.010010    0.289610    0.322060    4.094748 ^ _06568_/Y (sky130_fd_sc_hd__xnor2_2)
                                                         _05766_ (net)
                      0.289610    0.000000    4.094748 ^ _06569_/A_N (sky130_fd_sc_hd__and2b_2)
     2    0.003781    0.075701    0.527574    4.622321 v _06569_/X (sky130_fd_sc_hd__and2b_2)
                                                         _05767_ (net)
                      0.075701    0.000000    4.622321 v _06613_/B (sky130_fd_sc_hd__or3_2)
     1    0.001490    0.150637    1.014213    5.636534 v _06613_/X (sky130_fd_sc_hd__or3_2)
                                                         _05810_ (net)
                      0.150637    0.000000    5.636534 v _06614_/B (sky130_fd_sc_hd__and2b_2)
     2    0.011059    0.108685    0.489824    6.126358 v _06614_/X (sky130_fd_sc_hd__and2b_2)
                                                         _05811_ (net)
                      0.108685    0.000000    6.126358 v _06652_/A (sky130_fd_sc_hd__xor2_2)
     2    0.012678    0.170781    0.364722    6.491081 v _06652_/X (sky130_fd_sc_hd__xor2_2)
                                                         _05849_ (net)
                      0.170781    0.000000    6.491081 v _06655_/A (sky130_fd_sc_hd__xnor2_2)
     2    0.012460    0.172009    0.335584    6.826664 v _06655_/Y (sky130_fd_sc_hd__xnor2_2)
                                                         _05852_ (net)
                      0.172009    0.000000    6.826664 v _06657_/B (sky130_fd_sc_hd__xnor2_2)
     3    0.010691    0.149652    0.319502    7.146166 v _06657_/Y (sky130_fd_sc_hd__xnor2_2)
                                                         _05854_ (net)
                      0.149652    0.000000    7.146166 v _06660_/B (sky130_fd_sc_hd__or4b_2)
     3    0.009900    0.276861    1.618011    8.764177 v _06660_/X (sky130_fd_sc_hd__or4b_2)
                                                         _05857_ (net)
                      0.276861    0.000000    8.764177 v _06796_/A (sky130_fd_sc_hd__or3_2)
     3    0.014090    0.237356    1.298016   10.062193 v _06796_/X (sky130_fd_sc_hd__or3_2)
                                                         _00188_ (net)
                      0.237356    0.000000   10.062193 v _07012_/A (sky130_fd_sc_hd__or3_2)
     1    0.002303    0.158515    1.142256   11.204450 v _07012_/X (sky130_fd_sc_hd__or3_2)
                                                         _00401_ (net)
                      0.158515    0.000000   11.204450 v _07013_/B1 (sky130_fd_sc_hd__o311a_2)
     3    0.007816    0.123215    0.304765   11.509214 v _07013_/X (sky130_fd_sc_hd__o311a_2)
                                                         _00402_ (net)
                      0.123215    0.000000   11.509214 v _07014_/B (sky130_fd_sc_hd__and2_2)
     2    0.010473    0.105774    0.463751   11.972965 v _07014_/X (sky130_fd_sc_hd__and2_2)
                                                         _00403_ (net)
                      0.105774    0.000000   11.972965 v _07015_/B (sky130_fd_sc_hd__xnor2_2)
     1    0.004617    0.188207    0.215816   12.188781 ^ _07015_/Y (sky130_fd_sc_hd__xnor2_2)
                                                         _00404_ (net)
                      0.188207    0.000000   12.188781 ^ _07016_/B (sky130_fd_sc_hd__nand2_2)
     1    0.002288    0.167081    0.126674   12.315454 v _07016_/Y (sky130_fd_sc_hd__nand2_2)
                                                         _00405_ (net)
                      0.167081    0.000000   12.315454 v _07017_/B1 (sky130_fd_sc_hd__o211a_2)
     1    0.001577    0.063921    0.274077   12.589532 v _07017_/X (sky130_fd_sc_hd__o211a_2)
                                                         _00053_ (net)
                      0.063921    0.000000   12.589532 v _11853_/D (sky130_fd_sc_hd__dfxtp_2)
                                             12.589532   data arrival time

                      0.150000   20.000000   20.000000   clock clk_i (rise edge)
                                  0.000000   20.000000   clock network delay (ideal)
                                 -0.250000   19.750002   clock uncertainty
                                  0.000000   19.750002   clock reconvergence pessimism
                                             19.750002 ^ _11853_/CLK (sky130_fd_sc_hd__dfxtp_2)
                                 -0.250196   19.499805   library setup time
                                             19.499805   data required time
---------------------------------------------------------------------------------------------
                                             19.499805   data required time
                                            -12.589532   data arrival time
---------------------------------------------------------------------------------------------
                                              6.910274   slack (MET)


Startpoint: _11833_ (rising edge-triggered flip-flop clocked by clk_i)
Endpoint: _11850_ (rising edge-triggered flip-flop clocked by clk_i)
Path Group: clk_i
Path Type: max

Fanout         Cap        Slew       Delay        Time   Description
---------------------------------------------------------------------------------------------
                      0.150000    0.000000    0.000000   clock clk_i (rise edge)
                                  0.000000    0.000000   clock network delay (ideal)
                      0.150000    0.000000    0.000000 ^ _11833_/CLK (sky130_fd_sc_hd__dfxtp_2)
    38    0.169101    1.324952    1.595995    1.595995 ^ _11833_/Q (sky130_fd_sc_hd__dfxtp_2)
                                                         state_reg[0] (net)
                      1.324952    0.000000    1.595995 ^ _06240_/B (sky130_fd_sc_hd__xor2_2)
    14    0.056520    1.063398    1.147378    2.743374 ^ _06240_/X (sky130_fd_sc_hd__xor2_2)
                                                         _04717_ (net)
                      1.063398    0.000000    2.743374 ^ _06417_/B (sky130_fd_sc_hd__nor2_2)
     2    0.006439    0.186248    0.274396    3.017770 v _06417_/Y (sky130_fd_sc_hd__nor2_2)
                                                         _05618_ (net)
                      0.186248    0.000000    3.017770 v _06565_/B1 (sky130_fd_sc_hd__a21o_2)
     2    0.010504    0.094529    0.426728    3.444498 v _06565_/X (sky130_fd_sc_hd__a21o_2)
                                                         _05763_ (net)
                      0.094529    0.000000    3.444498 v _06566_/B (sky130_fd_sc_hd__xnor2_2)
     2    0.013174    0.343294    0.328190    3.772688 ^ _06566_/Y (sky130_fd_sc_hd__xnor2_2)
                                                         _05764_ (net)
                      0.343294    0.000000    3.772688 ^ _06568_/B (sky130_fd_sc_hd__xnor2_2)
     2    0.010010    0.289610    0.322060    4.094748 ^ _06568_/Y (sky130_fd_sc_hd__xnor2_2)
                                                         _05766_ (net)
                      0.289610    0.000000    4.094748 ^ _06569_/A_N (sky130_fd_sc_hd__and2b_2)
     2    0.003781    0.075701    0.527574    4.622321 v _06569_/X (sky130_fd_sc_hd__and2b_2)
                                                         _05767_ (net)
                      0.075701    0.000000    4.622321 v _06613_/B (sky130_fd_sc_hd__or3_2)
     1    0.001490    0.150637    1.014213    5.636534 v _06613_/X (sky130_fd_sc_hd__or3_2)
                                                         _05810_ (net)
                      0.150637    0.000000    5.636534 v _06614_/B (sky130_fd_sc_hd__and2b_2)
     2    0.011059    0.108685    0.489824    6.126358 v _06614_/X (sky130_fd_sc_hd__and2b_2)
                                                         _05811_ (net)
                      0.108685    0.000000    6.126358 v _06652_/A (sky130_fd_sc_hd__xor2_2)
     2    0.012678    0.170781    0.364722    6.491081 v _06652_/X (sky130_fd_sc_hd__xor2_2)
                                                         _05849_ (net)
                      0.170781    0.000000    6.491081 v _06655_/A (sky130_fd_sc_hd__xnor2_2)
     2    0.012460    0.172009    0.335584    6.826664 v _06655_/Y (sky130_fd_sc_hd__xnor2_2)
                                                         _05852_ (net)
                      0.172009    0.000000    6.826664 v _06657_/B (sky130_fd_sc_hd__xnor2_2)
     3    0.010691    0.149652    0.319502    7.146166 v _06657_/Y (sky130_fd_sc_hd__xnor2_2)
                                                         _05854_ (net)
                      0.149652    0.000000    7.146166 v _06660_/B (sky130_fd_sc_hd__or4b_2)
     3    0.009900    0.276861    1.618011    8.764177 v _06660_/X (sky130_fd_sc_hd__or4b_2)
                                                         _05857_ (net)
                      0.276861    0.000000    8.764177 v _06730_/B (sky130_fd_sc_hd__nand2_2)
     1    0.008542    0.122637    0.219121    8.983298 ^ _06730_/Y (sky130_fd_sc_hd__nand2_2)
                                                         _00123_ (net)
                      0.122637    0.000000    8.983298 ^ _06731_/B (sky130_fd_sc_hd__xor2_2)
     3    0.007615    0.224260    0.287564    9.270862 ^ _06731_/X (sky130_fd_sc_hd__xor2_2)
                                                         _00124_ (net)
                      0.224260    0.000000    9.270862 ^ _06734_/B (sky130_fd_sc_hd__or2_2)
     4    0.015489    0.144053    0.321809    9.592671 ^ _06734_/X (sky130_fd_sc_hd__or2_2)
                                                         _00127_ (net)
                      0.144053    0.000000    9.592671 ^ _06735_/C_N (sky130_fd_sc_hd__or3b_2)
     3    0.009767    0.210918    1.129583   10.722254 v _06735_/X (sky130_fd_sc_hd__or3b_2)
                                                         _00128_ (net)
                      0.210918    0.000000   10.722254 v _06737_/B (sky130_fd_sc_hd__or2_2)
     3    0.007899    0.141998    0.719549   11.441802 v _06737_/X (sky130_fd_sc_hd__or2_2)
                                                         _00130_ (net)
                      0.141998    0.000000   11.441802 v _06799_/B (sky130_fd_sc_hd__nand2b_2)
     1    0.008492    0.106635    0.156933   11.598736 ^ _06799_/Y (sky130_fd_sc_hd__nand2b_2)
                                                         _00191_ (net)
                      0.106635    0.000000   11.598736 ^ _06800_/B (sky130_fd_sc_hd__xnor2_2)
     1    0.002347    0.083566    0.114827   11.713563 v _06800_/Y (sky130_fd_sc_hd__xnor2_2)
                                                         _00192_ (net)
                      0.083566    0.000000   11.713563 v _06801_/B1 (sky130_fd_sc_hd__o22a_2)
     1    0.001577    0.064469    0.370743   12.084306 v _06801_/X (sky130_fd_sc_hd__o22a_2)
                                                         _00050_ (net)
                      0.064469    0.000000   12.084306 v _11850_/D (sky130_fd_sc_hd__dfxtp_2)
                                             12.084306   data arrival time

                      0.150000   20.000000   20.000000   clock clk_i (rise edge)
                                  0.000000   20.000000   clock network delay (ideal)
                                 -0.250000   19.750002   clock uncertainty
                                  0.000000   19.750002   clock reconvergence pessimism
                                             19.750002 ^ _11850_/CLK (sky130_fd_sc_hd__dfxtp_2)
                                 -0.250424   19.499578   library setup time
                                             19.499578   data required time
---------------------------------------------------------------------------------------------
                                             19.499578   data required time
                                            -12.084306   data arrival time
---------------------------------------------------------------------------------------------
                                              7.415272   slack (MET)


Startpoint: _11833_ (rising edge-triggered flip-flop clocked by clk_i)
Endpoint: _11849_ (rising edge-triggered flip-flop clocked by clk_i)
Path Group: clk_i
Path Type: max

Fanout         Cap        Slew       Delay        Time   Description
---------------------------------------------------------------------------------------------
                      0.150000    0.000000    0.000000   clock clk_i (rise edge)
                                  0.000000    0.000000   clock network delay (ideal)
                      0.150000    0.000000    0.000000 ^ _11833_/CLK (sky130_fd_sc_hd__dfxtp_2)
    38    0.169101    1.324952    1.595995    1.595995 ^ _11833_/Q (sky130_fd_sc_hd__dfxtp_2)
                                                         state_reg[0] (net)
                      1.324952    0.000000    1.595995 ^ _06240_/B (sky130_fd_sc_hd__xor2_2)
    14    0.056520    1.063398    1.147378    2.743374 ^ _06240_/X (sky130_fd_sc_hd__xor2_2)
                                                         _04717_ (net)
                      1.063398    0.000000    2.743374 ^ _06417_/B (sky130_fd_sc_hd__nor2_2)
     2    0.006439    0.186248    0.274396    3.017770 v _06417_/Y (sky130_fd_sc_hd__nor2_2)
                                                         _05618_ (net)
                      0.186248    0.000000    3.017770 v _06565_/B1 (sky130_fd_sc_hd__a21o_2)
     2    0.010504    0.094529    0.426728    3.444498 v _06565_/X (sky130_fd_sc_hd__a21o_2)
                                                         _05763_ (net)
                      0.094529    0.000000    3.444498 v _06566_/B (sky130_fd_sc_hd__xnor2_2)
     2    0.013174    0.343294    0.328190    3.772688 ^ _06566_/Y (sky130_fd_sc_hd__xnor2_2)
                                                         _05764_ (net)
                      0.343294    0.000000    3.772688 ^ _06568_/B (sky130_fd_sc_hd__xnor2_2)
     2    0.010010    0.289610    0.322060    4.094748 ^ _06568_/Y (sky130_fd_sc_hd__xnor2_2)
                                                         _05766_ (net)
                      0.289610    0.000000    4.094748 ^ _06569_/A_N (sky130_fd_sc_hd__and2b_2)
     2    0.003781    0.075701    0.527574    4.622321 v _06569_/X (sky130_fd_sc_hd__and2b_2)
                                                         _05767_ (net)
                      0.075701    0.000000    4.622321 v _06613_/B (sky130_fd_sc_hd__or3_2)
     1    0.001490    0.150637    1.014213    5.636534 v _06613_/X (sky130_fd_sc_hd__or3_2)
                                                         _05810_ (net)
                      0.150637    0.000000    5.636534 v _06614_/B (sky130_fd_sc_hd__and2b_2)
     2    0.011059    0.108685    0.489824    6.126358 v _06614_/X (sky130_fd_sc_hd__and2b_2)
                                                         _05811_ (net)
                      0.108685    0.000000    6.126358 v _06652_/A (sky130_fd_sc_hd__xor2_2)
     2    0.012678    0.170781    0.364722    6.491081 v _06652_/X (sky130_fd_sc_hd__xor2_2)
                                                         _05849_ (net)
                      0.170781    0.000000    6.491081 v _06655_/A (sky130_fd_sc_hd__xnor2_2)
     2    0.012460    0.172009    0.335584    6.826664 v _06655_/Y (sky130_fd_sc_hd__xnor2_2)
                                                         _05852_ (net)
                      0.172009    0.000000    6.826664 v _06657_/B (sky130_fd_sc_hd__xnor2_2)
     3    0.010691    0.149652    0.319502    7.146166 v _06657_/Y (sky130_fd_sc_hd__xnor2_2)
                                                         _05854_ (net)
                      0.149652    0.000000    7.146166 v _06660_/B (sky130_fd_sc_hd__or4b_2)
     3    0.009900    0.276861    1.618011    8.764177 v _06660_/X (sky130_fd_sc_hd__or4b_2)
                                                         _05857_ (net)
                      0.276861    0.000000    8.764177 v _06730_/B (sky130_fd_sc_hd__nand2_2)
     1    0.008542    0.122637    0.219121    8.983298 ^ _06730_/Y (sky130_fd_sc_hd__nand2_2)
                                                         _00123_ (net)
                      0.122637    0.000000    8.983298 ^ _06731_/B (sky130_fd_sc_hd__xor2_2)
     3    0.007615    0.224260    0.287564    9.270862 ^ _06731_/X (sky130_fd_sc_hd__xor2_2)
                                                         _00124_ (net)
                      0.224260    0.000000    9.270862 ^ _06734_/B (sky130_fd_sc_hd__or2_2)
     4    0.015489    0.144053    0.321809    9.592671 ^ _06734_/X (sky130_fd_sc_hd__or2_2)
                                                         _00127_ (net)
                      0.144053    0.000000    9.592671 ^ _06735_/C_N (sky130_fd_sc_hd__or3b_2)
     3    0.009767    0.210918    1.129583   10.722254 v _06735_/X (sky130_fd_sc_hd__or3b_2)
                                                         _00128_ (net)
                      0.210918    0.000000   10.722254 v _06737_/B (sky130_fd_sc_hd__or2_2)
     3    0.007899    0.141998    0.719549   11.441802 v _06737_/X (sky130_fd_sc_hd__or2_2)
                                                         _00130_ (net)
                      0.141998    0.000000   11.441802 v _06739_/A3 (sky130_fd_sc_hd__a31o_2)
     1    0.001577    0.056417    0.457407   11.899209 v _06739_/X (sky130_fd_sc_hd__a31o_2)
                                                         _00049_ (net)
                      0.056417    0.000000   11.899209 v _11849_/D (sky130_fd_sc_hd__dfxtp_2)
                                             11.899209   data arrival time

                      0.150000   20.000000   20.000000   clock clk_i (rise edge)
                                  0.000000   20.000000   clock network delay (ideal)
                                 -0.250000   19.750002   clock uncertainty
                                  0.000000   19.750002   clock reconvergence pessimism
                                             19.750002 ^ _11849_/CLK (sky130_fd_sc_hd__dfxtp_2)
                                 -0.247081   19.502920   library setup time
                                             19.502920   data required time
---------------------------------------------------------------------------------------------
                                             19.502920   data required time
                                            -11.899209   data arrival time
---------------------------------------------------------------------------------------------
                                              7.603712   slack (MET)


Startpoint: _11840_ (rising edge-triggered flip-flop clocked by clk_i)
Endpoint: _11848_ (rising edge-triggered flip-flop clocked by clk_i)
Path Group: clk_i
Path Type: max

Fanout         Cap        Slew       Delay        Time   Description
---------------------------------------------------------------------------------------------
                      0.150000    0.000000    0.000000   clock clk_i (rise edge)
                                  0.000000    0.000000   clock network delay (ideal)
                      0.150000    0.000000    0.000000 ^ _11840_/CLK (sky130_fd_sc_hd__dfxtp_2)
    26    0.123180    0.970326    1.344638    1.344638 ^ _11840_/Q (sky130_fd_sc_hd__dfxtp_2)
                                                         state_reg[7] (net)
                      0.970326    0.000000    1.344638 ^ _06352_/B (sky130_fd_sc_hd__xor2_2)
    11    0.055428    1.044613    1.081323    2.425961 ^ _06352_/X (sky130_fd_sc_hd__xor2_2)
                                                         _05555_ (net)
                      1.044613    0.000000    2.425961 ^ _06354_/B (sky130_fd_sc_hd__xnor2_2)
     4    0.023387    0.332661    0.534757    2.960718 v _06354_/Y (sky130_fd_sc_hd__xnor2_2)
                                                         _05557_ (net)
                      0.332661    0.000000    2.960718 v _06386_/A1 (sky130_fd_sc_hd__o31a_2)
     2    0.012965    0.140104    0.823483    3.784201 v _06386_/X (sky130_fd_sc_hd__o31a_2)
                                                         _05588_ (net)
                      0.140104    0.000000    3.784201 v _06396_/A (sky130_fd_sc_hd__xor2_2)
     2    0.010263    0.161833    0.365907    4.150108 v _06396_/X (sky130_fd_sc_hd__xor2_2)
                                                         _05598_ (net)
                      0.161833    0.000000    4.150108 v _06441_/A2 (sky130_fd_sc_hd__a21o_2)
     2    0.010301    0.093700    0.456568    4.606677 v _06441_/X (sky130_fd_sc_hd__a21o_2)
                                                         _05642_ (net)
                      0.093700    0.000000    4.606677 v _06442_/B (sky130_fd_sc_hd__xor2_2)
     2    0.010502    0.148624    0.301430    4.908106 v _06442_/X (sky130_fd_sc_hd__xor2_2)
                                                         _05643_ (net)
                      0.148624    0.000000    4.908106 v _06490_/B1 (sky130_fd_sc_hd__a22o_2)
     2    0.012263    0.113476    0.469055    5.377162 v _06490_/X (sky130_fd_sc_hd__a22o_2)
                                                         _05690_ (net)
                      0.113476    0.000000    5.377162 v _06492_/B (sky130_fd_sc_hd__xor2_2)
     2    0.010515    0.150191    0.309500    5.686661 v _06492_/X (sky130_fd_sc_hd__xor2_2)
                                                         _05692_ (net)
                      0.150191    0.000000    5.686661 v _06493_/B (sky130_fd_sc_hd__xnor2_2)
     2    0.009423    0.139086    0.301157    5.987818 v _06493_/Y (sky130_fd_sc_hd__xnor2_2)
                                                         _05693_ (net)
                      0.139086    0.000000    5.987818 v _06494_/A_N (sky130_fd_sc_hd__nand2b_2)
     2    0.010088    0.131141    0.428297    6.416115 v _06494_/Y (sky130_fd_sc_hd__nand2b_2)
                                                         _05694_ (net)
                      0.131141    0.000000    6.416115 v _06541_/A (sky130_fd_sc_hd__or2_2)
     4    0.009205    0.148751    0.739419    7.155534 v _06541_/X (sky130_fd_sc_hd__or2_2)
                                                         _05740_ (net)
                      0.148751    0.000000    7.155534 v _06599_/A (sky130_fd_sc_hd__and3_2)
     1    0.001413    0.064784    0.380270    7.535804 v _06599_/X (sky130_fd_sc_hd__and3_2)
                                                         _05797_ (net)
                      0.064784    0.000000    7.535804 v _06602_/A (sky130_fd_sc_hd__or3_2)
     2    0.005521    0.188233    1.132042    8.667847 v _06602_/X (sky130_fd_sc_hd__or3_2)
                                                         _05800_ (net)
                      0.188233    0.000000    8.667847 v _06603_/B (sky130_fd_sc_hd__or2_2)
     3    0.014337    0.174832    0.759088    9.426934 v _06603_/X (sky130_fd_sc_hd__or2_2)
                                                         _05801_ (net)
                      0.174832    0.000000    9.426934 v _06605_/A (sky130_fd_sc_hd__and2_2)
     5    0.012350    0.113662    0.452068    9.879002 v _06605_/X (sky130_fd_sc_hd__and2_2)
                                                         _05803_ (net)
                      0.113662    0.000000    9.879002 v _06606_/B (sky130_fd_sc_hd__and2_2)
     2    0.004564    0.080353    0.425239   10.304241 v _06606_/X (sky130_fd_sc_hd__and2_2)
                                                         _05804_ (net)
                      0.080353    0.000000   10.304241 v _06669_/B1 (sky130_fd_sc_hd__a211o_2)
     1    0.002274    0.078788    0.564881   10.869122 v _06669_/X (sky130_fd_sc_hd__a211o_2)
                                                         _05866_ (net)
                      0.078788    0.000000   10.869122 v _06672_/B1 (sky130_fd_sc_hd__a221o_2)
     1    0.001577    0.081478    0.601577   11.470698 v _06672_/X (sky130_fd_sc_hd__a221o_2)
                                                         _00048_ (net)
                      0.081478    0.000000   11.470698 v _11848_/D (sky130_fd_sc_hd__dfxtp_2)
                                             11.470698   data arrival time

                      0.150000   20.000000   20.000000   clock clk_i (rise edge)
                                  0.000000   20.000000   clock network delay (ideal)
                                 -0.250000   19.750002   clock uncertainty
                                  0.000000   19.750002   clock reconvergence pessimism
                                             19.750002 ^ _11848_/CLK (sky130_fd_sc_hd__dfxtp_2)
                                 -0.257485   19.492517   library setup time
                                             19.492517   data required time
---------------------------------------------------------------------------------------------
                                             19.492517   data required time
                                            -11.470698   data arrival time
---------------------------------------------------------------------------------------------
                                              8.021818   slack (MET)


Startpoint: _11840_ (rising edge-triggered flip-flop clocked by clk_i)
Endpoint: _11846_ (rising edge-triggered flip-flop clocked by clk_i)
Path Group: clk_i
Path Type: max

Fanout         Cap        Slew       Delay        Time   Description
---------------------------------------------------------------------------------------------
                      0.150000    0.000000    0.000000   clock clk_i (rise edge)
                                  0.000000    0.000000   clock network delay (ideal)
                      0.150000    0.000000    0.000000 ^ _11840_/CLK (sky130_fd_sc_hd__dfxtp_2)
    26    0.123180    0.970326    1.344638    1.344638 ^ _11840_/Q (sky130_fd_sc_hd__dfxtp_2)
                                                         state_reg[7] (net)
                      0.970326    0.000000    1.344638 ^ _06291_/A (sky130_fd_sc_hd__xor2_2)
     9    0.056663    1.065853    1.118435    2.463073 ^ _06291_/X (sky130_fd_sc_hd__xor2_2)
                                                         _05272_ (net)
                      1.065853    0.000000    2.463073 ^ _06293_/B (sky130_fd_sc_hd__xnor2_2)
    10    0.049797    0.549072    0.745374    3.208447 v _06293_/Y (sky130_fd_sc_hd__xnor2_2)
                                                         _05294_ (net)
                      0.549072    0.000000    3.208447 v _06294_/B (sky130_fd_sc_hd__xnor2_2)
     2    0.010579    0.326260    0.482180    3.690627 ^ _06294_/Y (sky130_fd_sc_hd__xnor2_2)
                                                         _05305_ (net)
                      0.326260    0.000000    3.690627 ^ _06297_/A_N (sky130_fd_sc_hd__and2b_2)
     1    0.002258    0.067060    0.525314    4.215941 v _06297_/X (sky130_fd_sc_hd__and2b_2)
                                                         _05338_ (net)
                      0.067060    0.000000    4.215941 v _06326_/B1 (sky130_fd_sc_hd__a21o_2)
     2    0.009375    0.089780    0.374233    4.590175 v _06326_/X (sky130_fd_sc_hd__a21o_2)
                                                         _05530_ (net)
                      0.089780    0.000000    4.590175 v _06328_/B (sky130_fd_sc_hd__xor2_2)
     2    0.012889    0.163249    0.310996    4.901171 v _06328_/X (sky130_fd_sc_hd__xor2_2)
                                                         _05532_ (net)
                      0.163249    0.000000    4.901171 v _06329_/B (sky130_fd_sc_hd__xnor2_2)
     2    0.012677    0.274058    0.328487    5.229658 v _06329_/Y (sky130_fd_sc_hd__xnor2_2)
                                                         _05533_ (net)
                      0.274058    0.000000    5.229658 v _06332_/A (sky130_fd_sc_hd__xnor2_2)
     4    0.018801    0.227574    0.422542    5.652199 v _06332_/Y (sky130_fd_sc_hd__xnor2_2)
                                                         _05536_ (net)
                      0.227574    0.000000    5.652199 v _06333_/B (sky130_fd_sc_hd__or2_2)
     4    0.018325    0.194644    0.804115    6.456315 v _06333_/X (sky130_fd_sc_hd__or2_2)
                                                         _05537_ (net)
                      0.194644    0.000000    6.456315 v _06373_/A (sky130_fd_sc_hd__xnor2_2)
     3    0.011969    0.164345    0.343467    6.799781 v _06373_/Y (sky130_fd_sc_hd__xnor2_2)
                                                         _05576_ (net)
                      0.164345    0.000000    6.799781 v _06374_/B (sky130_fd_sc_hd__xnor2_2)
     3    0.007030    0.119235    0.291554    7.091335 v _06374_/Y (sky130_fd_sc_hd__xnor2_2)
                                                         _05577_ (net)
                      0.119235    0.000000    7.091335 v _06376_/B (sky130_fd_sc_hd__and2_2)
     2    0.005547    0.085335    0.435586    7.526922 v _06376_/X (sky130_fd_sc_hd__and2_2)
                                                         _05579_ (net)
                      0.085335    0.000000    7.526922 v _06412_/C (sky130_fd_sc_hd__or4_2)
     3    0.009244    0.271851    1.544463    9.071384 v _06412_/X (sky130_fd_sc_hd__or4_2)
                                                         _05614_ (net)
                      0.271851    0.000000    9.071384 v _06459_/A2 (sky130_fd_sc_hd__a21oi_2)
     3    0.011388    0.281257    0.403973    9.475358 ^ _06459_/Y (sky130_fd_sc_hd__a21oi_2)
                                                         _05660_ (net)
                      0.281257    0.000000    9.475358 ^ _06504_/A2 (sky130_fd_sc_hd__o21ai_2)
     3    0.008409    0.110431    0.196525    9.671883 v _06504_/Y (sky130_fd_sc_hd__o21ai_2)
                                                         _05704_ (net)
                      0.110431    0.000000    9.671883 v _06550_/B (sky130_fd_sc_hd__and3_2)
     1    0.001496    0.064931    0.404864   10.076746 v _06550_/X (sky130_fd_sc_hd__and3_2)
                                                         _05749_ (net)
                      0.064931    0.000000   10.076746 v _06552_/B (sky130_fd_sc_hd__or3_2)
     1    0.004270    0.176650    1.059351   11.136097 v _06552_/X (sky130_fd_sc_hd__or3_2)
                                                         _05751_ (net)
                      0.176650    0.000000   11.136097 v _06555_/B1 (sky130_fd_sc_hd__o21ai_2)
     1    0.001537    0.116773    0.113209   11.249306 ^ _06555_/Y (sky130_fd_sc_hd__o21ai_2)
                                                         _00046_ (net)
                      0.116773    0.000000   11.249306 ^ _11846_/D (sky130_fd_sc_hd__dfxtp_2)
                                             11.249306   data arrival time

                      0.150000   20.000000   20.000000   clock clk_i (rise edge)
                                  0.000000   20.000000   clock network delay (ideal)
                                 -0.250000   19.750002   clock uncertainty
                                  0.000000   19.750002   clock reconvergence pessimism
                                             19.750002 ^ _11846_/CLK (sky130_fd_sc_hd__dfxtp_2)
                                 -0.139398   19.610603   library setup time
                                             19.610603   data required time
---------------------------------------------------------------------------------------------
                                             19.610603   data required time
                                            -11.249306   data arrival time
---------------------------------------------------------------------------------------------
                                              8.361298   slack (MET)


Startpoint: _11840_ (rising edge-triggered flip-flop clocked by clk_i)
Endpoint: _11847_ (rising edge-triggered flip-flop clocked by clk_i)
Path Group: clk_i
Path Type: max

Fanout         Cap        Slew       Delay        Time   Description
---------------------------------------------------------------------------------------------
                      0.150000    0.000000    0.000000   clock clk_i (rise edge)
                                  0.000000    0.000000   clock network delay (ideal)
                      0.150000    0.000000    0.000000 ^ _11840_/CLK (sky130_fd_sc_hd__dfxtp_2)
    26    0.123180    0.970326    1.344638    1.344638 ^ _11840_/Q (sky130_fd_sc_hd__dfxtp_2)
                                                         state_reg[7] (net)
                      0.970326    0.000000    1.344638 ^ _06352_/B (sky130_fd_sc_hd__xor2_2)
    11    0.055428    1.044613    1.081323    2.425961 ^ _06352_/X (sky130_fd_sc_hd__xor2_2)
                                                         _05555_ (net)
                      1.044613    0.000000    2.425961 ^ _06354_/B (sky130_fd_sc_hd__xnor2_2)
     4    0.023387    0.332661    0.534757    2.960718 v _06354_/Y (sky130_fd_sc_hd__xnor2_2)
                                                         _05557_ (net)
                      0.332661    0.000000    2.960718 v _06386_/A1 (sky130_fd_sc_hd__o31a_2)
     2    0.012965    0.140104    0.823483    3.784201 v _06386_/X (sky130_fd_sc_hd__o31a_2)
                                                         _05588_ (net)
                      0.140104    0.000000    3.784201 v _06396_/A (sky130_fd_sc_hd__xor2_2)
     2    0.010263    0.161833    0.365907    4.150108 v _06396_/X (sky130_fd_sc_hd__xor2_2)
                                                         _05598_ (net)
                      0.161833    0.000000    4.150108 v _06441_/A2 (sky130_fd_sc_hd__a21o_2)
     2    0.010301    0.093700    0.456568    4.606677 v _06441_/X (sky130_fd_sc_hd__a21o_2)
                                                         _05642_ (net)
                      0.093700    0.000000    4.606677 v _06442_/B (sky130_fd_sc_hd__xor2_2)
     2    0.010502    0.148624    0.301430    4.908106 v _06442_/X (sky130_fd_sc_hd__xor2_2)
                                                         _05643_ (net)
                      0.148624    0.000000    4.908106 v _06490_/B1 (sky130_fd_sc_hd__a22o_2)
     2    0.012263    0.113476    0.469055    5.377162 v _06490_/X (sky130_fd_sc_hd__a22o_2)
                                                         _05690_ (net)
                      0.113476    0.000000    5.377162 v _06492_/B (sky130_fd_sc_hd__xor2_2)
     2    0.010515    0.150191    0.309500    5.686661 v _06492_/X (sky130_fd_sc_hd__xor2_2)
                                                         _05692_ (net)
                      0.150191    0.000000    5.686661 v _06493_/B (sky130_fd_sc_hd__xnor2_2)
     2    0.009423    0.139086    0.301157    5.987818 v _06493_/Y (sky130_fd_sc_hd__xnor2_2)
                                                         _05693_ (net)
                      0.139086    0.000000    5.987818 v _06494_/A_N (sky130_fd_sc_hd__nand2b_2)
     2    0.010088    0.131141    0.428297    6.416115 v _06494_/Y (sky130_fd_sc_hd__nand2b_2)
                                                         _05694_ (net)
                      0.131141    0.000000    6.416115 v _06541_/A (sky130_fd_sc_hd__or2_2)
     4    0.009205    0.148751    0.739419    7.155534 v _06541_/X (sky130_fd_sc_hd__or2_2)
                                                         _05740_ (net)
                      0.148751    0.000000    7.155534 v _06599_/A (sky130_fd_sc_hd__and3_2)
     1    0.001413    0.064784    0.380270    7.535804 v _06599_/X (sky130_fd_sc_hd__and3_2)
                                                         _05797_ (net)
                      0.064784    0.000000    7.535804 v _06602_/A (sky130_fd_sc_hd__or3_2)
     2    0.005521    0.188233    1.132042    8.667847 v _06602_/X (sky130_fd_sc_hd__or3_2)
                                                         _05800_ (net)
                      0.188233    0.000000    8.667847 v _06603_/B (sky130_fd_sc_hd__or2_2)
     3    0.014337    0.174832    0.759088    9.426934 v _06603_/X (sky130_fd_sc_hd__or2_2)
                                                         _05801_ (net)
                      0.174832    0.000000    9.426934 v _06605_/A (sky130_fd_sc_hd__and2_2)
     5    0.012350    0.113662    0.452068    9.879002 v _06605_/X (sky130_fd_sc_hd__and2_2)
                                                         _05803_ (net)
                      0.113662    0.000000    9.879002 v _06606_/B (sky130_fd_sc_hd__and2_2)
     2    0.004564    0.080353    0.425239   10.304241 v _06606_/X (sky130_fd_sc_hd__and2_2)
                                                         _05804_ (net)
                      0.080353    0.000000   10.304241 v _06608_/A1 (sky130_fd_sc_hd__o21ba_2)
     1    0.004736    0.071263    0.403534   10.707775 v _06608_/X (sky130_fd_sc_hd__o21ba_2)
                                                         _05806_ (net)
                      0.071263    0.000000   10.707775 v _06610_/B1 (sky130_fd_sc_hd__o221ai_2)
     1    0.001537    0.212038    0.220179   10.927955 ^ _06610_/Y (sky130_fd_sc_hd__o221ai_2)
                                                         _00047_ (net)
                      0.212038    0.000000   10.927955 ^ _11847_/D (sky130_fd_sc_hd__dfxtp_2)
                                             10.927955   data arrival time

                      0.150000   20.000000   20.000000   clock clk_i (rise edge)
                                  0.000000   20.000000   clock network delay (ideal)
                                 -0.250000   19.750002   clock uncertainty
                                  0.000000   19.750002   clock reconvergence pessimism
                                             19.750002 ^ _11847_/CLK (sky130_fd_sc_hd__dfxtp_2)
                                 -0.164292   19.585711   library setup time
                                             19.585711   data required time
---------------------------------------------------------------------------------------------
                                             19.585711   data required time
                                            -10.927955   data arrival time
---------------------------------------------------------------------------------------------
                                              8.657755   slack (MET)


Startpoint: _11840_ (rising edge-triggered flip-flop clocked by clk_i)
Endpoint: _11845_ (rising edge-triggered flip-flop clocked by clk_i)
Path Group: clk_i
Path Type: max

Fanout         Cap        Slew       Delay        Time   Description
---------------------------------------------------------------------------------------------
                      0.150000    0.000000    0.000000   clock clk_i (rise edge)
                                  0.000000    0.000000   clock network delay (ideal)
                      0.150000    0.000000    0.000000 ^ _11840_/CLK (sky130_fd_sc_hd__dfxtp_2)
    26    0.123180    0.970326    1.344638    1.344638 ^ _11840_/Q (sky130_fd_sc_hd__dfxtp_2)
                                                         state_reg[7] (net)
                      0.970326    0.000000    1.344638 ^ _06352_/B (sky130_fd_sc_hd__xor2_2)
    11    0.055428    1.044613    1.081323    2.425961 ^ _06352_/X (sky130_fd_sc_hd__xor2_2)
                                                         _05555_ (net)
                      1.044613    0.000000    2.425961 ^ _06354_/B (sky130_fd_sc_hd__xnor2_2)
     4    0.023387    0.332661    0.534757    2.960718 v _06354_/Y (sky130_fd_sc_hd__xnor2_2)
                                                         _05557_ (net)
                      0.332661    0.000000    2.960718 v _06386_/A1 (sky130_fd_sc_hd__o31a_2)
     2    0.012965    0.140104    0.823483    3.784201 v _06386_/X (sky130_fd_sc_hd__o31a_2)
                                                         _05588_ (net)
                      0.140104    0.000000    3.784201 v _06396_/A (sky130_fd_sc_hd__xor2_2)
     2    0.010974    0.282345    0.354505    4.138706 ^ _06396_/X (sky130_fd_sc_hd__xor2_2)
                                                         _05598_ (net)
                      0.282345    0.000000    4.138706 ^ _06397_/B (sky130_fd_sc_hd__xor2_2)
     2    0.013136    0.319599    0.409397    4.548104 ^ _06397_/X (sky130_fd_sc_hd__xor2_2)
                                                         _05599_ (net)
                      0.319599    0.000000    4.548104 ^ _06398_/B (sky130_fd_sc_hd__xor2_2)
     2    0.012954    0.316460    0.416166    4.964270 ^ _06398_/X (sky130_fd_sc_hd__xor2_2)
                                                         _05600_ (net)
                      0.316460    0.000000    4.964270 ^ _06399_/B (sky130_fd_sc_hd__xnor2_2)
     2    0.013224    0.344177    0.332328    5.296598 ^ _06399_/Y (sky130_fd_sc_hd__xnor2_2)
                                                         _05601_ (net)
                      0.344177    0.000000    5.296598 ^ _06401_/B (sky130_fd_sc_hd__xor2_2)
     2    0.013545    0.326619    0.429636    5.726234 ^ _06401_/X (sky130_fd_sc_hd__xor2_2)
                                                         _05603_ (net)
                      0.326619    0.000000    5.726234 ^ _06402_/B (sky130_fd_sc_hd__xnor2_2)
     4    0.018470    0.224992    0.298648    6.024882 v _06402_/Y (sky130_fd_sc_hd__xnor2_2)
                                                         _05604_ (net)
                      0.224992    0.000000    6.024882 v _06404_/B (sky130_fd_sc_hd__or2_2)
     2    0.010088    0.153042    0.741791    6.766673 v _06404_/X (sky130_fd_sc_hd__or2_2)
                                                         _05606_ (net)
                      0.153042    0.000000    6.766673 v _06452_/A (sky130_fd_sc_hd__xor2_2)
     4    0.020089    0.438984    0.476680    7.243353 ^ _06452_/X (sky130_fd_sc_hd__xor2_2)
                                                         _05653_ (net)
                      0.438984    0.000000    7.243353 ^ _06454_/D_N (sky130_fd_sc_hd__or4b_2)
     2    0.010088    0.277140    1.597782    8.841134 v _06454_/X (sky130_fd_sc_hd__or4b_2)
                                                         _05655_ (net)
                      0.277140    0.000000    8.841134 v _06503_/A (sky130_fd_sc_hd__xor2_2)
     2    0.005518    0.114935    0.394930    9.236065 v _06503_/X (sky130_fd_sc_hd__xor2_2)
                                                         _05703_ (net)
                      0.114935    0.000000    9.236065 v _06505_/C (sky130_fd_sc_hd__or3_2)
     1    0.002241    0.158241    0.962361   10.198425 v _06505_/X (sky130_fd_sc_hd__or3_2)
                                                         _05705_ (net)
                      0.158241    0.000000   10.198425 v _06506_/A2 (sky130_fd_sc_hd__a21o_2)
     1    0.002288    0.058781    0.404802   10.603228 v _06506_/X (sky130_fd_sc_hd__a21o_2)
                                                         _05706_ (net)
                      0.058781    0.000000   10.603228 v _06507_/B1 (sky130_fd_sc_hd__o211a_2)
     1    0.001577    0.064031    0.221497   10.824725 v _06507_/X (sky130_fd_sc_hd__o211a_2)
                                                         _00045_ (net)
                      0.064031    0.000000   10.824725 v _11845_/D (sky130_fd_sc_hd__dfxtp_2)
                                             10.824725   data arrival time

                      0.150000   20.000000   20.000000   clock clk_i (rise edge)
                                  0.000000   20.000000   clock network delay (ideal)
                                 -0.250000   19.750002   clock uncertainty
                                  0.000000   19.750002   clock reconvergence pessimism
                                             19.750002 ^ _11845_/CLK (sky130_fd_sc_hd__dfxtp_2)
                                 -0.250242   19.499760   library setup time
                                             19.499760   data required time
---------------------------------------------------------------------------------------------
                                             19.499760   data required time
                                            -10.824725   data arrival time
---------------------------------------------------------------------------------------------
                                              8.675034   slack (MET)


Startpoint: _11840_ (rising edge-triggered flip-flop clocked by clk_i)
Endpoint: _11844_ (rising edge-triggered flip-flop clocked by clk_i)
Path Group: clk_i
Path Type: max

Fanout         Cap        Slew       Delay        Time   Description
---------------------------------------------------------------------------------------------
                      0.150000    0.000000    0.000000   clock clk_i (rise edge)
                                  0.000000    0.000000   clock network delay (ideal)
                      0.150000    0.000000    0.000000 ^ _11840_/CLK (sky130_fd_sc_hd__dfxtp_2)
    26    0.123180    0.970326    1.344638    1.344638 ^ _11840_/Q (sky130_fd_sc_hd__dfxtp_2)
                                                         state_reg[7] (net)
                      0.970326    0.000000    1.344638 ^ _06291_/A (sky130_fd_sc_hd__xor2_2)
     9    0.056663    1.065853    1.118435    2.463073 ^ _06291_/X (sky130_fd_sc_hd__xor2_2)
                                                         _05272_ (net)
                      1.065853    0.000000    2.463073 ^ _06293_/B (sky130_fd_sc_hd__xnor2_2)
    10    0.049797    0.549072    0.745374    3.208447 v _06293_/Y (sky130_fd_sc_hd__xnor2_2)
                                                         _05294_ (net)
                      0.549072    0.000000    3.208447 v _06294_/B (sky130_fd_sc_hd__xnor2_2)
     2    0.010579    0.326260    0.482180    3.690627 ^ _06294_/Y (sky130_fd_sc_hd__xnor2_2)
                                                         _05305_ (net)
                      0.326260    0.000000    3.690627 ^ _06297_/A_N (sky130_fd_sc_hd__and2b_2)
     1    0.002258    0.067060    0.525314    4.215941 v _06297_/X (sky130_fd_sc_hd__and2b_2)
                                                         _05338_ (net)
                      0.067060    0.000000    4.215941 v _06326_/B1 (sky130_fd_sc_hd__a21o_2)
     2    0.009375    0.089780    0.374233    4.590175 v _06326_/X (sky130_fd_sc_hd__a21o_2)
                                                         _05530_ (net)
                      0.089780    0.000000    4.590175 v _06328_/B (sky130_fd_sc_hd__xor2_2)
     2    0.012889    0.163249    0.310996    4.901171 v _06328_/X (sky130_fd_sc_hd__xor2_2)
                                                         _05532_ (net)
                      0.163249    0.000000    4.901171 v _06329_/B (sky130_fd_sc_hd__xnor2_2)
     2    0.012677    0.274058    0.328487    5.229658 v _06329_/Y (sky130_fd_sc_hd__xnor2_2)
                                                         _05533_ (net)
                      0.274058    0.000000    5.229658 v _06332_/A (sky130_fd_sc_hd__xnor2_2)
     4    0.018801    0.227574    0.422542    5.652199 v _06332_/Y (sky130_fd_sc_hd__xnor2_2)
                                                         _05536_ (net)
                      0.227574    0.000000    5.652199 v _06333_/B (sky130_fd_sc_hd__or2_2)
     4    0.018325    0.194644    0.804115    6.456315 v _06333_/X (sky130_fd_sc_hd__or2_2)
                                                         _05537_ (net)
                      0.194644    0.000000    6.456315 v _06373_/A (sky130_fd_sc_hd__xnor2_2)
     3    0.011969    0.164345    0.343467    6.799781 v _06373_/Y (sky130_fd_sc_hd__xnor2_2)
                                                         _05576_ (net)
                      0.164345    0.000000    6.799781 v _06374_/B (sky130_fd_sc_hd__xnor2_2)
     3    0.007030    0.119235    0.291554    7.091335 v _06374_/Y (sky130_fd_sc_hd__xnor2_2)
                                                         _05577_ (net)
                      0.119235    0.000000    7.091335 v _06376_/B (sky130_fd_sc_hd__and2_2)
     2    0.005547    0.085335    0.435586    7.526922 v _06376_/X (sky130_fd_sc_hd__and2_2)
                                                         _05579_ (net)
                      0.085335    0.000000    7.526922 v _06412_/C (sky130_fd_sc_hd__or4_2)
     3    0.009244    0.271851    1.544463    9.071384 v _06412_/X (sky130_fd_sc_hd__or4_2)
                                                         _05614_ (net)
                      0.271851    0.000000    9.071384 v _06459_/A2 (sky130_fd_sc_hd__a21oi_2)
     3    0.011388    0.281257    0.403973    9.475358 ^ _06459_/Y (sky130_fd_sc_hd__a21oi_2)
                                                         _05660_ (net)
                      0.281257    0.000000    9.475358 ^ _06461_/B1 (sky130_fd_sc_hd__o221ai_2)
     1    0.001577    0.209311    0.261449    9.736806 v _06461_/Y (sky130_fd_sc_hd__o221ai_2)
                                                         _00044_ (net)
                      0.209311    0.000000    9.736806 v _11844_/D (sky130_fd_sc_hd__dfxtp_2)
                                              9.736806   data arrival time

                      0.150000   20.000000   20.000000   clock clk_i (rise edge)
                                  0.000000   20.000000   clock network delay (ideal)
                                 -0.250000   19.750002   clock uncertainty
                                  0.000000   19.750002   clock reconvergence pessimism
                                             19.750002 ^ _11844_/CLK (sky130_fd_sc_hd__dfxtp_2)
                                 -0.310559   19.439442   library setup time
                                             19.439442   data required time
---------------------------------------------------------------------------------------------
                                             19.439442   data required time
                                             -9.736806   data arrival time
---------------------------------------------------------------------------------------------
                                              9.702637   slack (MET)


Startpoint: _11840_ (rising edge-triggered flip-flop clocked by clk_i)
Endpoint: _11843_ (rising edge-triggered flip-flop clocked by clk_i)
Path Group: clk_i
Path Type: max

Fanout         Cap        Slew       Delay        Time   Description
---------------------------------------------------------------------------------------------
                      0.150000    0.000000    0.000000   clock clk_i (rise edge)
                                  0.000000    0.000000   clock network delay (ideal)
                      0.150000    0.000000    0.000000 ^ _11840_/CLK (sky130_fd_sc_hd__dfxtp_2)
    26    0.123180    0.970326    1.344638    1.344638 ^ _11840_/Q (sky130_fd_sc_hd__dfxtp_2)
                                                         state_reg[7] (net)
                      0.970326    0.000000    1.344638 ^ _06291_/A (sky130_fd_sc_hd__xor2_2)
     9    0.056663    1.065853    1.118435    2.463073 ^ _06291_/X (sky130_fd_sc_hd__xor2_2)
                                                         _05272_ (net)
                      1.065853    0.000000    2.463073 ^ _06293_/B (sky130_fd_sc_hd__xnor2_2)
    10    0.049797    0.549072    0.745374    3.208447 v _06293_/Y (sky130_fd_sc_hd__xnor2_2)
                                                         _05294_ (net)
                      0.549072    0.000000    3.208447 v _06294_/B (sky130_fd_sc_hd__xnor2_2)
     2    0.010579    0.326260    0.482180    3.690627 ^ _06294_/Y (sky130_fd_sc_hd__xnor2_2)
                                                         _05305_ (net)
                      0.326260    0.000000    3.690627 ^ _06297_/A_N (sky130_fd_sc_hd__and2b_2)
     1    0.002258    0.067060    0.525314    4.215941 v _06297_/X (sky130_fd_sc_hd__and2b_2)
                                                         _05338_ (net)
                      0.067060    0.000000    4.215941 v _06326_/B1 (sky130_fd_sc_hd__a21o_2)
     2    0.009375    0.089780    0.374233    4.590175 v _06326_/X (sky130_fd_sc_hd__a21o_2)
                                                         _05530_ (net)
                      0.089780    0.000000    4.590175 v _06328_/B (sky130_fd_sc_hd__xor2_2)
     2    0.012889    0.163249    0.310996    4.901171 v _06328_/X (sky130_fd_sc_hd__xor2_2)
                                                         _05532_ (net)
                      0.163249    0.000000    4.901171 v _06329_/B (sky130_fd_sc_hd__xnor2_2)
     2    0.012677    0.274058    0.328487    5.229658 v _06329_/Y (sky130_fd_sc_hd__xnor2_2)
                                                         _05533_ (net)
                      0.274058    0.000000    5.229658 v _06332_/A (sky130_fd_sc_hd__xnor2_2)
     4    0.018801    0.227574    0.422542    5.652199 v _06332_/Y (sky130_fd_sc_hd__xnor2_2)
                                                         _05536_ (net)
                      0.227574    0.000000    5.652199 v _06333_/B (sky130_fd_sc_hd__or2_2)
     4    0.018325    0.194644    0.804115    6.456315 v _06333_/X (sky130_fd_sc_hd__or2_2)
                                                         _05537_ (net)
                      0.194644    0.000000    6.456315 v _06373_/A (sky130_fd_sc_hd__xnor2_2)
     3    0.011969    0.164345    0.343467    6.799781 v _06373_/Y (sky130_fd_sc_hd__xnor2_2)
                                                         _05576_ (net)
                      0.164345    0.000000    6.799781 v _06374_/B (sky130_fd_sc_hd__xnor2_2)
     3    0.007030    0.119235    0.291554    7.091335 v _06374_/Y (sky130_fd_sc_hd__xnor2_2)
                                                         _05577_ (net)
                      0.119235    0.000000    7.091335 v _06376_/B (sky130_fd_sc_hd__and2_2)
     2    0.005547    0.085335    0.435586    7.526922 v _06376_/X (sky130_fd_sc_hd__and2_2)
                                                         _05579_ (net)
                      0.085335    0.000000    7.526922 v _06412_/C (sky130_fd_sc_hd__or4_2)
     3    0.009244    0.271851    1.544463    9.071384 v _06412_/X (sky130_fd_sc_hd__or4_2)
                                                         _05614_ (net)
                      0.271851    0.000000    9.071384 v _06414_/A3 (sky130_fd_sc_hd__a31o_2)
     1    0.001577    0.056752    0.514844    9.586229 v _06414_/X (sky130_fd_sc_hd__a31o_2)
                                                         _00043_ (net)
                      0.056752    0.000000    9.586229 v _11843_/D (sky130_fd_sc_hd__dfxtp_2)
                                              9.586229   data arrival time

                      0.150000   20.000000   20.000000   clock clk_i (rise edge)
                                  0.000000   20.000000   clock network delay (ideal)
                                 -0.250000   19.750002   clock uncertainty
                                  0.000000   19.750002   clock reconvergence pessimism
                                             19.750002 ^ _11843_/CLK (sky130_fd_sc_hd__dfxtp_2)
                                 -0.247220   19.502783   library setup time
                                             19.502783   data required time
---------------------------------------------------------------------------------------------
                                             19.502783   data required time
                                             -9.586229   data arrival time
---------------------------------------------------------------------------------------------
                                              9.916553   slack (MET)


Startpoint: rst_ni (input port clocked by clk_i)
Endpoint: ready_o (output port clocked by clk_i)
Path Group: clk_i
Path Type: max

Fanout         Cap        Slew       Delay        Time   Description
---------------------------------------------------------------------------------------------
                      0.150000    0.000000    0.000000   clock clk_i (rise edge)
                                  0.000000    0.000000   clock network delay (ideal)
                                  4.000000    4.000000 ^ input external delay
    60    0.138176    0.992878    0.692843    4.692842 ^ rst_ni (in)
                                                         rst_ni (net)
                      0.992878    0.000000    4.692842 ^ _11897_/A (sky130_fd_sc_hd__buf_2)
     1    0.033442    0.276964    0.661314    5.354157 ^ _11897_/X (sky130_fd_sc_hd__buf_2)
                                                         ready_o (net)
                      0.276964    0.000000    5.354157 ^ ready_o (out)
                                              5.354157   data arrival time

                      0.150000   20.000000   20.000000   clock clk_i (rise edge)
                                  0.000000   20.000000   clock network delay (ideal)
                                 -0.250000   19.750002   clock uncertainty
                                  0.000000   19.750002   clock reconvergence pessimism
                                 -4.000000   15.750001   output external delay
                                             15.750001   data required time
---------------------------------------------------------------------------------------------
                                             15.750001   data required time
                                             -5.354157   data arrival time
---------------------------------------------------------------------------------------------
                                             10.395844   slack (MET)


Startpoint: _11840_ (rising edge-triggered flip-flop clocked by clk_i)
Endpoint: _11842_ (rising edge-triggered flip-flop clocked by clk_i)
Path Group: clk_i
Path Type: max

Fanout         Cap        Slew       Delay        Time   Description
---------------------------------------------------------------------------------------------
                      0.150000    0.000000    0.000000   clock clk_i (rise edge)
                                  0.000000    0.000000   clock network delay (ideal)
                      0.150000    0.000000    0.000000 ^ _11840_/CLK (sky130_fd_sc_hd__dfxtp_2)
    26    0.123180    0.970326    1.344638    1.344638 ^ _11840_/Q (sky130_fd_sc_hd__dfxtp_2)
                                                         state_reg[7] (net)
                      0.970326    0.000000    1.344638 ^ _06291_/A (sky130_fd_sc_hd__xor2_2)
     9    0.056663    1.065853    1.118435    2.463073 ^ _06291_/X (sky130_fd_sc_hd__xor2_2)
                                                         _05272_ (net)
                      1.065853    0.000000    2.463073 ^ _06293_/B (sky130_fd_sc_hd__xnor2_2)
    10    0.049797    0.549072    0.745374    3.208447 v _06293_/Y (sky130_fd_sc_hd__xnor2_2)
                                                         _05294_ (net)
                      0.549072    0.000000    3.208447 v _06294_/B (sky130_fd_sc_hd__xnor2_2)
     2    0.010579    0.326260    0.482180    3.690627 ^ _06294_/Y (sky130_fd_sc_hd__xnor2_2)
                                                         _05305_ (net)
                      0.326260    0.000000    3.690627 ^ _06297_/A_N (sky130_fd_sc_hd__and2b_2)
     1    0.002258    0.067060    0.525314    4.215941 v _06297_/X (sky130_fd_sc_hd__and2b_2)
                                                         _05338_ (net)
                      0.067060    0.000000    4.215941 v _06326_/B1 (sky130_fd_sc_hd__a21o_2)
     2    0.009375    0.089780    0.374233    4.590175 v _06326_/X (sky130_fd_sc_hd__a21o_2)
                                                         _05530_ (net)
                      0.089780    0.000000    4.590175 v _06328_/B (sky130_fd_sc_hd__xor2_2)
     2    0.012889    0.163249    0.310996    4.901171 v _06328_/X (sky130_fd_sc_hd__xor2_2)
                                                         _05532_ (net)
                      0.163249    0.000000    4.901171 v _06329_/B (sky130_fd_sc_hd__xnor2_2)
     2    0.012677    0.274058    0.328487    5.229658 v _06329_/Y (sky130_fd_sc_hd__xnor2_2)
                                                         _05533_ (net)
                      0.274058    0.000000    5.229658 v _06332_/A (sky130_fd_sc_hd__xnor2_2)
     4    0.018801    0.227574    0.422542    5.652199 v _06332_/Y (sky130_fd_sc_hd__xnor2_2)
                                                         _05536_ (net)
                      0.227574    0.000000    5.652199 v _06333_/B (sky130_fd_sc_hd__or2_2)
     4    0.018325    0.194644    0.804115    6.456315 v _06333_/X (sky130_fd_sc_hd__or2_2)
                                                         _05537_ (net)
                      0.194644    0.000000    6.456315 v _06373_/A (sky130_fd_sc_hd__xnor2_2)
     3    0.011969    0.164345    0.343467    6.799781 v _06373_/Y (sky130_fd_sc_hd__xnor2_2)
                                                         _05576_ (net)
                      0.164345    0.000000    6.799781 v _06374_/B (sky130_fd_sc_hd__xnor2_2)
     3    0.007030    0.119235    0.291554    7.091335 v _06374_/Y (sky130_fd_sc_hd__xnor2_2)
                                                         _05577_ (net)
                      0.119235    0.000000    7.091335 v _06376_/B (sky130_fd_sc_hd__and2_2)
     2    0.005547    0.085335    0.435586    7.526922 v _06376_/X (sky130_fd_sc_hd__and2_2)
                                                         _05579_ (net)
                      0.085335    0.000000    7.526922 v _06377_/B (sky130_fd_sc_hd__nor2_2)
     2    0.011000    0.238313    0.227470    7.754392 ^ _06377_/Y (sky130_fd_sc_hd__nor2_2)
                                                         _05580_ (net)
                      0.238313    0.000000    7.754392 ^ _06378_/B (sky130_fd_sc_hd__xnor2_2)
     1    0.002203    0.078311    0.154941    7.909333 v _06378_/Y (sky130_fd_sc_hd__xnor2_2)
                                                         _05581_ (net)
                      0.078311    0.000000    7.909333 v _06380_/A2 (sky130_fd_sc_hd__o211a_2)
     1    0.001577    0.065138    0.431763    8.341096 v _06380_/X (sky130_fd_sc_hd__o211a_2)
                                                         _00042_ (net)
                      0.065138    0.000000    8.341096 v _11842_/D (sky130_fd_sc_hd__dfxtp_2)
                                              8.341096   data arrival time

                      0.150000   20.000000   20.000000   clock clk_i (rise edge)
                                  0.000000   20.000000   clock network delay (ideal)
                                 -0.250000   19.750002   clock uncertainty
                                  0.000000   19.750002   clock reconvergence pessimism
                                             19.750002 ^ _11842_/CLK (sky130_fd_sc_hd__dfxtp_2)
                                 -0.250702   19.499300   library setup time
                                             19.499300   data required time
---------------------------------------------------------------------------------------------
                                             19.499300   data required time
                                             -8.341096   data arrival time
---------------------------------------------------------------------------------------------
                                             11.158204   slack (MET)


Startpoint: _11840_ (rising edge-triggered flip-flop clocked by clk_i)
Endpoint: _11841_ (rising edge-triggered flip-flop clocked by clk_i)
Path Group: clk_i
Path Type: max

Fanout         Cap        Slew       Delay        Time   Description
---------------------------------------------------------------------------------------------
                      0.150000    0.000000    0.000000   clock clk_i (rise edge)
                                  0.000000    0.000000   clock network delay (ideal)
                      0.150000    0.000000    0.000000 ^ _11840_/CLK (sky130_fd_sc_hd__dfxtp_2)
    26    0.123180    0.970326    1.344638    1.344638 ^ _11840_/Q (sky130_fd_sc_hd__dfxtp_2)
                                                         state_reg[7] (net)
                      0.970326    0.000000    1.344638 ^ _06291_/A (sky130_fd_sc_hd__xor2_2)
     9    0.056663    1.065853    1.118435    2.463073 ^ _06291_/X (sky130_fd_sc_hd__xor2_2)
                                                         _05272_ (net)
                      1.065853    0.000000    2.463073 ^ _06293_/B (sky130_fd_sc_hd__xnor2_2)
    10    0.049797    0.549072    0.745374    3.208447 v _06293_/Y (sky130_fd_sc_hd__xnor2_2)
                                                         _05294_ (net)
                      0.549072    0.000000    3.208447 v _06294_/B (sky130_fd_sc_hd__xnor2_2)
     2    0.009860    0.211639    0.461339    3.669786 v _06294_/Y (sky130_fd_sc_hd__xnor2_2)
                                                         _05305_ (net)
                      0.211639    0.000000    3.669786 v _06298_/A (sky130_fd_sc_hd__xnor2_2)
     2    0.010924    0.302548    0.388758    4.058544 ^ _06298_/Y (sky130_fd_sc_hd__xnor2_2)
                                                         _05349_ (net)
                      0.302548    0.000000    4.058544 ^ _06299_/B (sky130_fd_sc_hd__xnor2_2)
     2    0.010665    0.305111    0.313761    4.372305 ^ _06299_/Y (sky130_fd_sc_hd__xnor2_2)
                                                         _05360_ (net)
                      0.305111    0.000000    4.372305 ^ _06302_/A (sky130_fd_sc_hd__xnor2_2)
     2    0.012889    0.173566    0.277109    4.649415 v _06302_/Y (sky130_fd_sc_hd__xnor2_2)
                                                         _05393_ (net)
                      0.173566    0.000000    4.649415 v _06303_/B (sky130_fd_sc_hd__xnor2_2)
     3    0.003964    0.140610    0.275127    4.924541 v _06303_/Y (sky130_fd_sc_hd__xnor2_2)
                                                         _05404_ (net)
                      0.140610    0.000000    4.924541 v _06306_/B (sky130_fd_sc_hd__or2_2)
     3    0.006976    0.137414    0.684399    5.608940 v _06306_/X (sky130_fd_sc_hd__or2_2)
                                                         _05436_ (net)
                      0.137414    0.000000    5.608940 v _06307_/B (sky130_fd_sc_hd__and2_2)
     2    0.017150    0.133551    0.506331    6.115271 v _06307_/X (sky130_fd_sc_hd__and2_2)
                                                         _05447_ (net)
                      0.133551    0.000000    6.115271 v _06335_/A (sky130_fd_sc_hd__xor2_2)
     2    0.005521    0.144386    0.338213    6.453484 v _06335_/X (sky130_fd_sc_hd__xor2_2)
                                                         _05539_ (net)
                      0.144386    0.000000    6.453484 v _06338_/B (sky130_fd_sc_hd__or2_2)
     1    0.004241    0.121684    0.659695    7.113179 v _06338_/X (sky130_fd_sc_hd__or2_2)
                                                         _05542_ (net)
                      0.121684    0.000000    7.113179 v _06339_/B (sky130_fd_sc_hd__nand2_2)
     1    0.005053    0.078609    0.129478    7.242657 ^ _06339_/Y (sky130_fd_sc_hd__nand2_2)
                                                         _05543_ (net)
                      0.078609    0.000000    7.242657 ^ _06342_/A2 (sky130_fd_sc_hd__a21oi_2)
     1    0.002238    0.141705    0.101208    7.343865 v _06342_/Y (sky130_fd_sc_hd__a21oi_2)
                                                         _05546_ (net)
                      0.141705    0.000000    7.343865 v _06343_/B2 (sky130_fd_sc_hd__a221o_2)
     1    0.001577    0.081478    0.672458    8.016323 v _06343_/X (sky130_fd_sc_hd__a221o_2)
                                                         _00041_ (net)
                      0.081478    0.000000    8.016323 v _11841_/D (sky130_fd_sc_hd__dfxtp_2)
                                              8.016323   data arrival time

                      0.150000   20.000000   20.000000   clock clk_i (rise edge)
                                  0.000000   20.000000   clock network delay (ideal)
                                 -0.250000   19.750002   clock uncertainty
                                  0.000000   19.750002   clock reconvergence pessimism
                                             19.750002 ^ _11841_/CLK (sky130_fd_sc_hd__dfxtp_2)
                                 -0.257485   19.492517   library setup time
                                             19.492517   data required time
---------------------------------------------------------------------------------------------
                                             19.492517   data required time
                                             -8.016323   data arrival time
---------------------------------------------------------------------------------------------
                                             11.476193   slack (MET)


Startpoint: rst_ni (input port clocked by clk_i)
Endpoint: _11808_ (rising edge-triggered flip-flop clocked by clk_i)
Path Group: clk_i
Path Type: max

Fanout         Cap        Slew       Delay        Time   Description
---------------------------------------------------------------------------------------------
                      0.150000    0.000000    0.000000   clock clk_i (rise edge)
                                  0.000000    0.000000   clock network delay (ideal)
                                  4.000000    4.000000 ^ input external delay
    60    0.138176    0.992878    0.692843    4.692842 ^ rst_ni (in)
                                                         rst_ni (net)
                      0.992878    0.000000    4.692842 ^ _05929_/A (sky130_fd_sc_hd__nand2_2)
    25    0.075457    0.698194    0.886917    5.579760 v _05929_/Y (sky130_fd_sc_hd__nand2_2)
                                                         _01360_ (net)
                      0.698194    0.000000    5.579760 v _05930_/A (sky130_fd_sc_hd__inv_2)
    46    0.118150    0.863657    0.935234    6.514994 ^ _05930_/Y (sky130_fd_sc_hd__inv_2)
                                                         _00000_ (net)
                      0.863657    0.000000    6.514994 ^ _06092_/B1 (sky130_fd_sc_hd__o21a_2)
     1    0.002490    0.066383    0.511901    7.026895 ^ _06092_/X (sky130_fd_sc_hd__o21a_2)
                                                         _03130_ (net)
                      0.066383    0.000000    7.026895 ^ _06093_/B2 (sky130_fd_sc_hd__a22o_2)
     1    0.001460    0.063040    0.237701    7.264596 ^ _06093_/X (sky130_fd_sc_hd__a22o_2)
                                                         _03140_ (net)
                      0.063040    0.000000    7.264596 ^ _06094_/B (sky130_fd_sc_hd__and2_2)
     1    0.001537    0.076594    0.244246    7.508841 ^ _06094_/X (sky130_fd_sc_hd__and2_2)
                                                         _00008_ (net)
                      0.076594    0.000000    7.508841 ^ _11808_/D (sky130_fd_sc_hd__dfxtp_2)
                                              7.508841   data arrival time

                      0.150000   20.000000   20.000000   clock clk_i (rise edge)
                                  0.000000   20.000000   clock network delay (ideal)
                                 -0.250000   19.750002   clock uncertainty
                                  0.000000   19.750002   clock reconvergence pessimism
                                             19.750002 ^ _11808_/CLK (sky130_fd_sc_hd__dfxtp_2)
                                 -0.128899   19.621101   library setup time
                                             19.621101   data required time
---------------------------------------------------------------------------------------------
                                             19.621101   data required time
                                             -7.508841   data arrival time
---------------------------------------------------------------------------------------------
                                             12.112261   slack (MET)


Startpoint: rst_ni (input port clocked by clk_i)
Endpoint: _11818_ (rising edge-triggered flip-flop clocked by clk_i)
Path Group: clk_i
Path Type: max

Fanout         Cap        Slew       Delay        Time   Description
---------------------------------------------------------------------------------------------
                      0.150000    0.000000    0.000000   clock clk_i (rise edge)
                                  0.000000    0.000000   clock network delay (ideal)
                                  4.000000    4.000000 ^ input external delay
    60    0.138176    0.992878    0.692843    4.692842 ^ rst_ni (in)
                                                         rst_ni (net)
                      0.992878    0.000000    4.692842 ^ _05929_/A (sky130_fd_sc_hd__nand2_2)
    25    0.075457    0.698194    0.886917    5.579760 v _05929_/Y (sky130_fd_sc_hd__nand2_2)
                                                         _01360_ (net)
                      0.698194    0.000000    5.579760 v _05930_/A (sky130_fd_sc_hd__inv_2)
    46    0.118150    0.863657    0.935234    6.514994 ^ _05930_/Y (sky130_fd_sc_hd__inv_2)
                                                         _00000_ (net)
                      0.863657    0.000000    6.514994 ^ _06143_/C1 (sky130_fd_sc_hd__o211a_2)
     1    0.004684    0.102249    0.651550    7.166543 ^ _06143_/X (sky130_fd_sc_hd__o211a_2)
                                                         _03677_ (net)
                      0.102249    0.000000    7.166543 ^ _06144_/B1 (sky130_fd_sc_hd__a21oi_2)
     1    0.004181    0.187038    0.073367    7.239910 v _06144_/Y (sky130_fd_sc_hd__a21oi_2)
                                                         _03688_ (net)
                      0.187038    0.000000    7.239910 v _06145_/B (sky130_fd_sc_hd__nor2_2)
     1    0.001537    0.104163    0.149557    7.389467 ^ _06145_/Y (sky130_fd_sc_hd__nor2_2)
                                                         _00018_ (net)
                      0.104163    0.000000    7.389467 ^ _11818_/D (sky130_fd_sc_hd__dfxtp_2)
                                              7.389467   data arrival time

                      0.150000   20.000000   20.000000   clock clk_i (rise edge)
                                  0.000000   20.000000   clock network delay (ideal)
                                 -0.250000   19.750002   clock uncertainty
                                  0.000000   19.750002   clock reconvergence pessimism
                                             19.750002 ^ _11818_/CLK (sky130_fd_sc_hd__dfxtp_2)
                                 -0.136103   19.613899   library setup time
                                             19.613899   data required time
---------------------------------------------------------------------------------------------
                                             19.613899   data required time
                                             -7.389467   data arrival time
---------------------------------------------------------------------------------------------
                                             12.224432   slack (MET)


Startpoint: rst_ni (input port clocked by clk_i)
Endpoint: _11819_ (rising edge-triggered flip-flop clocked by clk_i)
Path Group: clk_i
Path Type: max

Fanout         Cap        Slew       Delay        Time   Description
---------------------------------------------------------------------------------------------
                      0.150000    0.000000    0.000000   clock clk_i (rise edge)
                                  0.000000    0.000000   clock network delay (ideal)
                                  4.000000    4.000000 ^ input external delay
    60    0.138176    0.992878    0.692843    4.692842 ^ rst_ni (in)
                                                         rst_ni (net)
                      0.992878    0.000000    4.692842 ^ _05929_/A (sky130_fd_sc_hd__nand2_2)
    25    0.075457    0.698194    0.886917    5.579760 v _05929_/Y (sky130_fd_sc_hd__nand2_2)
                                                         _01360_ (net)
                      0.698194    0.000000    5.579760 v _05930_/A (sky130_fd_sc_hd__inv_2)
    46    0.118150    0.863657    0.935234    6.514994 ^ _05930_/Y (sky130_fd_sc_hd__inv_2)
                                                         _00000_ (net)
                      0.863657    0.000000    6.514994 ^ _06147_/C1 (sky130_fd_sc_hd__o211a_2)
     1    0.004684    0.102249    0.651550    7.166543 ^ _06147_/X (sky130_fd_sc_hd__o211a_2)
                                                         _03719_ (net)
                      0.102249    0.000000    7.166543 ^ _06148_/B1 (sky130_fd_sc_hd__a21oi_2)
     1    0.004181    0.187038    0.073367    7.239910 v _06148_/Y (sky130_fd_sc_hd__a21oi_2)
                                                         _03730_ (net)
                      0.187038    0.000000    7.239910 v _06149_/B (sky130_fd_sc_hd__nor2_2)
     1    0.001537    0.104163    0.149557    7.389467 ^ _06149_/Y (sky130_fd_sc_hd__nor2_2)
                                                         _00019_ (net)
                      0.104163    0.000000    7.389467 ^ _11819_/D (sky130_fd_sc_hd__dfxtp_2)
                                              7.389467   data arrival time

                      0.150000   20.000000   20.000000   clock clk_i (rise edge)
                                  0.000000   20.000000   clock network delay (ideal)
                                 -0.250000   19.750002   clock uncertainty
                                  0.000000   19.750002   clock reconvergence pessimism
                                             19.750002 ^ _11819_/CLK (sky130_fd_sc_hd__dfxtp_2)
                                 -0.136103   19.613899   library setup time
                                             19.613899   data required time
---------------------------------------------------------------------------------------------
                                             19.613899   data required time
                                             -7.389467   data arrival time
---------------------------------------------------------------------------------------------
                                             12.224432   slack (MET)


Startpoint: rst_ni (input port clocked by clk_i)
Endpoint: _11809_ (rising edge-triggered flip-flop clocked by clk_i)
Path Group: clk_i
Path Type: max

Fanout         Cap        Slew       Delay        Time   Description
---------------------------------------------------------------------------------------------
                      0.150000    0.000000    0.000000   clock clk_i (rise edge)
                                  0.000000    0.000000   clock network delay (ideal)
                                  4.000000    4.000000 ^ input external delay
    60    0.138176    0.992878    0.692843    4.692842 ^ rst_ni (in)
                                                         rst_ni (net)
                      0.992878    0.000000    4.692842 ^ _05929_/A (sky130_fd_sc_hd__nand2_2)
    25    0.075457    0.698194    0.886917    5.579760 v _05929_/Y (sky130_fd_sc_hd__nand2_2)
                                                         _01360_ (net)
                      0.698194    0.000000    5.579760 v _05930_/A (sky130_fd_sc_hd__inv_2)
    46    0.118150    0.863657    0.935234    6.514994 ^ _05930_/Y (sky130_fd_sc_hd__inv_2)
                                                         _00000_ (net)
                      0.863657    0.000000    6.514994 ^ _06099_/C1 (sky130_fd_sc_hd__o211a_2)
     1    0.002554    0.083637    0.627370    7.142364 ^ _06099_/X (sky130_fd_sc_hd__o211a_2)
                                                         _03205_ (net)
                      0.083637    0.000000    7.142364 ^ _06100_/A2 (sky130_fd_sc_hd__o21a_2)
     1    0.001537    0.061702    0.211229    7.353592 ^ _06100_/X (sky130_fd_sc_hd__o21a_2)
                                                         _00009_ (net)
                      0.061702    0.000000    7.353592 ^ _11809_/D (sky130_fd_sc_hd__dfxtp_2)
                                              7.353592   data arrival time

                      0.150000   20.000000   20.000000   clock clk_i (rise edge)
                                  0.000000   20.000000   clock network delay (ideal)
                                 -0.250000   19.750002   clock uncertainty
                                  0.000000   19.750002   clock reconvergence pessimism
                                             19.750002 ^ _11809_/CLK (sky130_fd_sc_hd__dfxtp_2)
                                 -0.125007   19.624994   library setup time
                                             19.624994   data required time
---------------------------------------------------------------------------------------------
                                             19.624994   data required time
                                             -7.353592   data arrival time
---------------------------------------------------------------------------------------------
                                             12.271401   slack (MET)


Startpoint: rst_ni (input port clocked by clk_i)
Endpoint: _11824_ (rising edge-triggered flip-flop clocked by clk_i)
Path Group: clk_i
Path Type: max

Fanout         Cap        Slew       Delay        Time   Description
---------------------------------------------------------------------------------------------
                      0.150000    0.000000    0.000000   clock clk_i (rise edge)
                                  0.000000    0.000000   clock network delay (ideal)
                                  4.000000    4.000000 ^ input external delay
    60    0.138176    0.992878    0.692843    4.692842 ^ rst_ni (in)
                                                         rst_ni (net)
                      0.992878    0.000000    4.692842 ^ _05929_/A (sky130_fd_sc_hd__nand2_2)
    25    0.075457    0.698194    0.886917    5.579760 v _05929_/Y (sky130_fd_sc_hd__nand2_2)
                                                         _01360_ (net)
                      0.698194    0.000000    5.579760 v _05930_/A (sky130_fd_sc_hd__inv_2)
    46    0.118150    0.863657    0.935234    6.514994 ^ _05930_/Y (sky130_fd_sc_hd__inv_2)
                                                         _00000_ (net)
                      0.863657    0.000000    6.514994 ^ _06164_/C1 (sky130_fd_sc_hd__o211a_2)
     1    0.002554    0.083637    0.627370    7.142364 ^ _06164_/X (sky130_fd_sc_hd__o211a_2)
                                                         _03900_ (net)
                      0.083637    0.000000    7.142364 ^ _06165_/A2 (sky130_fd_sc_hd__o21a_2)
     1    0.001537    0.061702    0.211229    7.353592 ^ _06165_/X (sky130_fd_sc_hd__o21a_2)
                                                         _00024_ (net)
                      0.061702    0.000000    7.353592 ^ _11824_/D (sky130_fd_sc_hd__dfxtp_2)
                                              7.353592   data arrival time

                      0.150000   20.000000   20.000000   clock clk_i (rise edge)
                                  0.000000   20.000000   clock network delay (ideal)
                                 -0.250000   19.750002   clock uncertainty
                                  0.000000   19.750002   clock reconvergence pessimism
                                             19.750002 ^ _11824_/CLK (sky130_fd_sc_hd__dfxtp_2)
                                 -0.125007   19.624994   library setup time
                                             19.624994   data required time
---------------------------------------------------------------------------------------------
                                             19.624994   data required time
                                             -7.353592   data arrival time
---------------------------------------------------------------------------------------------
                                             12.271401   slack (MET)


Startpoint: rst_ni (input port clocked by clk_i)
Endpoint: _11810_ (rising edge-triggered flip-flop clocked by clk_i)
Path Group: clk_i
Path Type: max

Fanout         Cap        Slew       Delay        Time   Description
---------------------------------------------------------------------------------------------
                      0.150000    0.000000    0.000000   clock clk_i (rise edge)
                                  0.000000    0.000000   clock network delay (ideal)
                                  4.000000    4.000000 ^ input external delay
    60    0.138176    0.992878    0.692843    4.692842 ^ rst_ni (in)
                                                         rst_ni (net)
                      0.992878    0.000000    4.692842 ^ _05929_/A (sky130_fd_sc_hd__nand2_2)
    25    0.075457    0.698194    0.886917    5.579760 v _05929_/Y (sky130_fd_sc_hd__nand2_2)
                                                         _01360_ (net)
                      0.698194    0.000000    5.579760 v _05930_/A (sky130_fd_sc_hd__inv_2)
    46    0.118150    0.863657    0.935234    6.514994 ^ _05930_/Y (sky130_fd_sc_hd__inv_2)
                                                         _00000_ (net)
                      0.863657    0.000000    6.514994 ^ _06105_/A1 (sky130_fd_sc_hd__a32o_2)
     1    0.001460    0.100401    0.575277    7.090271 ^ _06105_/X (sky130_fd_sc_hd__a32o_2)
                                                         _03270_ (net)
                      0.100401    0.000000    7.090271 ^ _06106_/B (sky130_fd_sc_hd__and2_2)
     1    0.001537    0.076594    0.258773    7.349043 ^ _06106_/X (sky130_fd_sc_hd__and2_2)
                                                         _00010_ (net)
                      0.076594    0.000000    7.349043 ^ _11810_/D (sky130_fd_sc_hd__dfxtp_2)
                                              7.349043   data arrival time

                      0.150000   20.000000   20.000000   clock clk_i (rise edge)
                                  0.000000   20.000000   clock network delay (ideal)
                                 -0.250000   19.750002   clock uncertainty
                                  0.000000   19.750002   clock reconvergence pessimism
                                             19.750002 ^ _11810_/CLK (sky130_fd_sc_hd__dfxtp_2)
                                 -0.128899   19.621101   library setup time
                                             19.621101   data required time
---------------------------------------------------------------------------------------------
                                             19.621101   data required time
                                             -7.349043   data arrival time
---------------------------------------------------------------------------------------------
                                             12.272059   slack (MET)


Startpoint: rst_ni (input port clocked by clk_i)
Endpoint: _11811_ (rising edge-triggered flip-flop clocked by clk_i)
Path Group: clk_i
Path Type: max

Fanout         Cap        Slew       Delay        Time   Description
---------------------------------------------------------------------------------------------
                      0.150000    0.000000    0.000000   clock clk_i (rise edge)
                                  0.000000    0.000000   clock network delay (ideal)
                                  4.000000    4.000000 ^ input external delay
    60    0.138176    0.992878    0.692843    4.692842 ^ rst_ni (in)
                                                         rst_ni (net)
                      0.992878    0.000000    4.692842 ^ _05929_/A (sky130_fd_sc_hd__nand2_2)
    25    0.075457    0.698194    0.886917    5.579760 v _05929_/Y (sky130_fd_sc_hd__nand2_2)
                                                         _01360_ (net)
                      0.698194    0.000000    5.579760 v _05930_/A (sky130_fd_sc_hd__inv_2)
    46    0.118150    0.863657    0.935234    6.514994 ^ _05930_/Y (sky130_fd_sc_hd__inv_2)
                                                         _00000_ (net)
                      0.863657    0.000000    6.514994 ^ _06111_/A1 (sky130_fd_sc_hd__a32o_2)
     1    0.001460    0.100401    0.575277    7.090271 ^ _06111_/X (sky130_fd_sc_hd__a32o_2)
                                                         _03334_ (net)
                      0.100401    0.000000    7.090271 ^ _06112_/B (sky130_fd_sc_hd__and2_2)
     1    0.001537    0.076594    0.258773    7.349043 ^ _06112_/X (sky130_fd_sc_hd__and2_2)
                                                         _00011_ (net)
                      0.076594    0.000000    7.349043 ^ _11811_/D (sky130_fd_sc_hd__dfxtp_2)
                                              7.349043   data arrival time

                      0.150000   20.000000   20.000000   clock clk_i (rise edge)
                                  0.000000   20.000000   clock network delay (ideal)
                                 -0.250000   19.750002   clock uncertainty
                                  0.000000   19.750002   clock reconvergence pessimism
                                             19.750002 ^ _11811_/CLK (sky130_fd_sc_hd__dfxtp_2)
                                 -0.128899   19.621101   library setup time
                                             19.621101   data required time
---------------------------------------------------------------------------------------------
                                             19.621101   data required time
                                             -7.349043   data arrival time
---------------------------------------------------------------------------------------------
                                             12.272059   slack (MET)


Startpoint: rst_ni (input port clocked by clk_i)
Endpoint: _11817_ (rising edge-triggered flip-flop clocked by clk_i)
Path Group: clk_i
Path Type: max

Fanout         Cap        Slew       Delay        Time   Description
---------------------------------------------------------------------------------------------
                      0.150000    0.000000    0.000000   clock clk_i (rise edge)
                                  0.000000    0.000000   clock network delay (ideal)
                                  4.000000    4.000000 ^ input external delay
    60    0.138176    0.992878    0.692843    4.692842 ^ rst_ni (in)
                                                         rst_ni (net)
                      0.992878    0.000000    4.692842 ^ _05929_/A (sky130_fd_sc_hd__nand2_2)
    25    0.075457    0.698194    0.886917    5.579760 v _05929_/Y (sky130_fd_sc_hd__nand2_2)
                                                         _01360_ (net)
                      0.698194    0.000000    5.579760 v _05930_/A (sky130_fd_sc_hd__inv_2)
    46    0.118150    0.863657    0.935234    6.514994 ^ _05930_/Y (sky130_fd_sc_hd__inv_2)
                                                         _00000_ (net)
                      0.863657    0.000000    6.514994 ^ _06140_/A1 (sky130_fd_sc_hd__a32o_2)
     1    0.001460    0.100401    0.575277    7.090271 ^ _06140_/X (sky130_fd_sc_hd__a32o_2)
                                                         _03645_ (net)
                      0.100401    0.000000    7.090271 ^ _06141_/B (sky130_fd_sc_hd__and2_2)
     1    0.001537    0.076594    0.258773    7.349043 ^ _06141_/X (sky130_fd_sc_hd__and2_2)
                                                         _00017_ (net)
                      0.076594    0.000000    7.349043 ^ _11817_/D (sky130_fd_sc_hd__dfxtp_2)
                                              7.349043   data arrival time

                      0.150000   20.000000   20.000000   clock clk_i (rise edge)
                                  0.000000   20.000000   clock network delay (ideal)
                                 -0.250000   19.750002   clock uncertainty
                                  0.000000   19.750002   clock reconvergence pessimism
                                             19.750002 ^ _11817_/CLK (sky130_fd_sc_hd__dfxtp_2)
                                 -0.128899   19.621101   library setup time
                                             19.621101   data required time
---------------------------------------------------------------------------------------------
                                             19.621101   data required time
                                             -7.349043   data arrival time
---------------------------------------------------------------------------------------------
                                             12.272059   slack (MET)


Startpoint: rst_ni (input port clocked by clk_i)
Endpoint: _11825_ (rising edge-triggered flip-flop clocked by clk_i)
Path Group: clk_i
Path Type: max

Fanout         Cap        Slew       Delay        Time   Description
---------------------------------------------------------------------------------------------
                      0.150000    0.000000    0.000000   clock clk_i (rise edge)
                                  0.000000    0.000000   clock network delay (ideal)
                                  4.000000    4.000000 ^ input external delay
    60    0.138176    0.992878    0.692843    4.692842 ^ rst_ni (in)
                                                         rst_ni (net)
                      0.992878    0.000000    4.692842 ^ _05929_/A (sky130_fd_sc_hd__nand2_2)
    25    0.075457    0.698194    0.886917    5.579760 v _05929_/Y (sky130_fd_sc_hd__nand2_2)
                                                         _01360_ (net)
                      0.698194    0.000000    5.579760 v _05930_/A (sky130_fd_sc_hd__inv_2)
    46    0.118150    0.863657    0.935234    6.514994 ^ _05930_/Y (sky130_fd_sc_hd__inv_2)
                                                         _00000_ (net)
                      0.863657    0.000000    6.514994 ^ _06168_/A1 (sky130_fd_sc_hd__a32o_2)
     1    0.001460    0.100401    0.575277    7.090271 ^ _06168_/X (sky130_fd_sc_hd__a32o_2)
                                                         _03943_ (net)
                      0.100401    0.000000    7.090271 ^ _06169_/B (sky130_fd_sc_hd__and2_2)
     1    0.001537    0.076594    0.258773    7.349043 ^ _06169_/X (sky130_fd_sc_hd__and2_2)
                                                         _00025_ (net)
                      0.076594    0.000000    7.349043 ^ _11825_/D (sky130_fd_sc_hd__dfxtp_2)
                                              7.349043   data arrival time

                      0.150000   20.000000   20.000000   clock clk_i (rise edge)
                                  0.000000   20.000000   clock network delay (ideal)
                                 -0.250000   19.750002   clock uncertainty
                                  0.000000   19.750002   clock reconvergence pessimism
                                             19.750002 ^ _11825_/CLK (sky130_fd_sc_hd__dfxtp_2)
                                 -0.128899   19.621101   library setup time
                                             19.621101   data required time
---------------------------------------------------------------------------------------------
                                             19.621101   data required time
                                             -7.349043   data arrival time
---------------------------------------------------------------------------------------------
                                             12.272059   slack (MET)


Startpoint: rst_ni (input port clocked by clk_i)
Endpoint: _11826_ (rising edge-triggered flip-flop clocked by clk_i)
Path Group: clk_i
Path Type: max

Fanout         Cap        Slew       Delay        Time   Description
---------------------------------------------------------------------------------------------
                      0.150000    0.000000    0.000000   clock clk_i (rise edge)
                                  0.000000    0.000000   clock network delay (ideal)
                                  4.000000    4.000000 ^ input external delay
    60    0.138176    0.992878    0.692843    4.692842 ^ rst_ni (in)
                                                         rst_ni (net)
                      0.992878    0.000000    4.692842 ^ _05929_/A (sky130_fd_sc_hd__nand2_2)
    25    0.075457    0.698194    0.886917    5.579760 v _05929_/Y (sky130_fd_sc_hd__nand2_2)
                                                         _01360_ (net)
                      0.698194    0.000000    5.579760 v _05930_/A (sky130_fd_sc_hd__inv_2)
    46    0.118150    0.863657    0.935234    6.514994 ^ _05930_/Y (sky130_fd_sc_hd__inv_2)
                                                         _00000_ (net)
                      0.863657    0.000000    6.514994 ^ _06172_/A1 (sky130_fd_sc_hd__a32o_2)
     1    0.001460    0.100401    0.575277    7.090271 ^ _06172_/X (sky130_fd_sc_hd__a32o_2)
                                                         _03985_ (net)
                      0.100401    0.000000    7.090271 ^ _06173_/B (sky130_fd_sc_hd__and2_2)
     1    0.001537    0.076594    0.258773    7.349043 ^ _06173_/X (sky130_fd_sc_hd__and2_2)
                                                         _00026_ (net)
                      0.076594    0.000000    7.349043 ^ _11826_/D (sky130_fd_sc_hd__dfxtp_2)
                                              7.349043   data arrival time

                      0.150000   20.000000   20.000000   clock clk_i (rise edge)
                                  0.000000   20.000000   clock network delay (ideal)
                                 -0.250000   19.750002   clock uncertainty
                                  0.000000   19.750002   clock reconvergence pessimism
                                             19.750002 ^ _11826_/CLK (sky130_fd_sc_hd__dfxtp_2)
                                 -0.128899   19.621101   library setup time
                                             19.621101   data required time
---------------------------------------------------------------------------------------------
                                             19.621101   data required time
                                             -7.349043   data arrival time
---------------------------------------------------------------------------------------------
                                             12.272059   slack (MET)


Startpoint: rst_ni (input port clocked by clk_i)
Endpoint: _11827_ (rising edge-triggered flip-flop clocked by clk_i)
Path Group: clk_i
Path Type: max

Fanout         Cap        Slew       Delay        Time   Description
---------------------------------------------------------------------------------------------
                      0.150000    0.000000    0.000000   clock clk_i (rise edge)
                                  0.000000    0.000000   clock network delay (ideal)
                                  4.000000    4.000000 ^ input external delay
    60    0.138176    0.992878    0.692843    4.692842 ^ rst_ni (in)
                                                         rst_ni (net)
                      0.992878    0.000000    4.692842 ^ _05929_/A (sky130_fd_sc_hd__nand2_2)
    25    0.075457    0.698194    0.886917    5.579760 v _05929_/Y (sky130_fd_sc_hd__nand2_2)
                                                         _01360_ (net)
                      0.698194    0.000000    5.579760 v _05930_/A (sky130_fd_sc_hd__inv_2)
    46    0.118150    0.863657    0.935234    6.514994 ^ _05930_/Y (sky130_fd_sc_hd__inv_2)
                                                         _00000_ (net)
                      0.863657    0.000000    6.514994 ^ _06176_/A1 (sky130_fd_sc_hd__a32o_2)
     1    0.001460    0.100401    0.575277    7.090271 ^ _06176_/X (sky130_fd_sc_hd__a32o_2)
                                                         _04028_ (net)
                      0.100401    0.000000    7.090271 ^ _06177_/B (sky130_fd_sc_hd__and2_2)
     1    0.001537    0.076594    0.258773    7.349043 ^ _06177_/X (sky130_fd_sc_hd__and2_2)
                                                         _00027_ (net)
                      0.076594    0.000000    7.349043 ^ _11827_/D (sky130_fd_sc_hd__dfxtp_2)
                                              7.349043   data arrival time

                      0.150000   20.000000   20.000000   clock clk_i (rise edge)
                                  0.000000   20.000000   clock network delay (ideal)
                                 -0.250000   19.750002   clock uncertainty
                                  0.000000   19.750002   clock reconvergence pessimism
                                             19.750002 ^ _11827_/CLK (sky130_fd_sc_hd__dfxtp_2)
                                 -0.128899   19.621101   library setup time
                                             19.621101   data required time
---------------------------------------------------------------------------------------------
                                             19.621101   data required time
                                             -7.349043   data arrival time
---------------------------------------------------------------------------------------------
                                             12.272059   slack (MET)


Startpoint: _11840_ (rising edge-triggered flip-flop clocked by clk_i)
Endpoint: _11840_ (rising edge-triggered flip-flop clocked by clk_i)
Path Group: clk_i
Path Type: max

Fanout         Cap        Slew       Delay        Time   Description
---------------------------------------------------------------------------------------------
                      0.150000    0.000000    0.000000   clock clk_i (rise edge)
                                  0.000000    0.000000   clock network delay (ideal)
                      0.150000    0.000000    0.000000 ^ _11840_/CLK (sky130_fd_sc_hd__dfxtp_2)
    26    0.123180    0.970326    1.344638    1.344638 ^ _11840_/Q (sky130_fd_sc_hd__dfxtp_2)
                                                         state_reg[7] (net)
                      0.970326    0.000000    1.344638 ^ _06291_/A (sky130_fd_sc_hd__xor2_2)
     9    0.056663    1.065853    1.118435    2.463073 ^ _06291_/X (sky130_fd_sc_hd__xor2_2)
                                                         _05272_ (net)
                      1.065853    0.000000    2.463073 ^ _06293_/B (sky130_fd_sc_hd__xnor2_2)
    10    0.049797    0.549072    0.745374    3.208447 v _06293_/Y (sky130_fd_sc_hd__xnor2_2)
                                                         _05294_ (net)
                      0.549072    0.000000    3.208447 v _06294_/B (sky130_fd_sc_hd__xnor2_2)
     2    0.009860    0.211639    0.461339    3.669786 v _06294_/Y (sky130_fd_sc_hd__xnor2_2)
                                                         _05305_ (net)
                      0.211639    0.000000    3.669786 v _06298_/A (sky130_fd_sc_hd__xnor2_2)
     2    0.010924    0.302548    0.388758    4.058544 ^ _06298_/Y (sky130_fd_sc_hd__xnor2_2)
                                                         _05349_ (net)
                      0.302548    0.000000    4.058544 ^ _06299_/B (sky130_fd_sc_hd__xnor2_2)
     2    0.010665    0.305111    0.313761    4.372305 ^ _06299_/Y (sky130_fd_sc_hd__xnor2_2)
                                                         _05360_ (net)
                      0.305111    0.000000    4.372305 ^ _06302_/A (sky130_fd_sc_hd__xnor2_2)
     2    0.012889    0.173566    0.277109    4.649415 v _06302_/Y (sky130_fd_sc_hd__xnor2_2)
                                                         _05393_ (net)
                      0.173566    0.000000    4.649415 v _06303_/B (sky130_fd_sc_hd__xnor2_2)
     3    0.003964    0.140610    0.275127    4.924541 v _06303_/Y (sky130_fd_sc_hd__xnor2_2)
                                                         _05404_ (net)
                      0.140610    0.000000    4.924541 v _06304_/C (sky130_fd_sc_hd__and3_2)
     1    0.001341    0.063932    0.447907    5.372448 v _06304_/X (sky130_fd_sc_hd__and3_2)
                                                         _05414_ (net)
                      0.063932    0.000000    5.372448 v _06308_/A_N (sky130_fd_sc_hd__nand3b_2)
     2    0.012203    0.227952    0.506726    5.879174 v _06308_/Y (sky130_fd_sc_hd__nand3b_2)
                                                         _05458_ (net)
                      0.227952    0.000000    5.879174 v _06310_/B (sky130_fd_sc_hd__xor2_2)
     2    0.006526    0.109725    0.335414    6.214588 v _06310_/X (sky130_fd_sc_hd__xor2_2)
                                                         _05480_ (net)
                      0.109725    0.000000    6.214588 v _06312_/A2 (sky130_fd_sc_hd__o21a_2)
     1    0.002238    0.056293    0.363873    6.578462 v _06312_/X (sky130_fd_sc_hd__o21a_2)
                                                         _05502_ (net)
                      0.056293    0.000000    6.578462 v _06313_/B2 (sky130_fd_sc_hd__a221o_2)
     1    0.001577    0.081478    0.638518    7.216979 v _06313_/X (sky130_fd_sc_hd__a221o_2)
                                                         _00040_ (net)
                      0.081478    0.000000    7.216979 v _11840_/D (sky130_fd_sc_hd__dfxtp_2)
                                              7.216979   data arrival time

                      0.150000   20.000000   20.000000   clock clk_i (rise edge)
                                  0.000000   20.000000   clock network delay (ideal)
                                 -0.250000   19.750002   clock uncertainty
                                  0.000000   19.750002   clock reconvergence pessimism
                                             19.750002 ^ _11840_/CLK (sky130_fd_sc_hd__dfxtp_2)
                                 -0.257485   19.492517   library setup time
                                             19.492517   data required time
---------------------------------------------------------------------------------------------
                                             19.492517   data required time
                                             -7.216979   data arrival time
---------------------------------------------------------------------------------------------
                                             12.275537   slack (MET)


Startpoint: rst_ni (input port clocked by clk_i)
Endpoint: _11801_ (rising edge-triggered flip-flop clocked by clk_i)
Path Group: clk_i
Path Type: max

Fanout         Cap        Slew       Delay        Time   Description
---------------------------------------------------------------------------------------------
                      0.150000    0.000000    0.000000   clock clk_i (rise edge)
                                  0.000000    0.000000   clock network delay (ideal)
                                  4.000000    4.000000 ^ input external delay
    60    0.138176    0.992878    0.692843    4.692842 ^ rst_ni (in)
                                                         rst_ni (net)
                      0.992878    0.000000    4.692842 ^ _05929_/A (sky130_fd_sc_hd__nand2_2)
    25    0.075457    0.698194    0.886917    5.579760 v _05929_/Y (sky130_fd_sc_hd__nand2_2)
                                                         _01360_ (net)
                      0.698194    0.000000    5.579760 v _05930_/A (sky130_fd_sc_hd__inv_2)
    46    0.118150    0.863657    0.935234    6.514994 ^ _05930_/Y (sky130_fd_sc_hd__inv_2)
                                                         _00000_ (net)
                      0.863657    0.000000    6.514994 ^ _05987_/B1 (sky130_fd_sc_hd__a22o_2)
     1    0.001460    0.074369    0.511299    7.026292 ^ _05987_/X (sky130_fd_sc_hd__a22o_2)
                                                         _01991_ (net)
                      0.074369    0.000000    7.026292 ^ _05988_/B (sky130_fd_sc_hd__and2_2)
     1    0.001537    0.076594    0.248809    7.275101 ^ _05988_/X (sky130_fd_sc_hd__and2_2)
                                                         _00001_ (net)
                      0.076594    0.000000    7.275101 ^ _11801_/D (sky130_fd_sc_hd__dfxtp_2)
                                              7.275101   data arrival time

                      0.150000   20.000000   20.000000   clock clk_i (rise edge)
                                  0.000000   20.000000   clock network delay (ideal)
                                 -0.250000   19.750002   clock uncertainty
                                  0.000000   19.750002   clock reconvergence pessimism
                                             19.750002 ^ _11801_/CLK (sky130_fd_sc_hd__dfxtp_2)
                                 -0.128899   19.621101   library setup time
                                             19.621101   data required time
---------------------------------------------------------------------------------------------
                                             19.621101   data required time
                                             -7.275101   data arrival time
---------------------------------------------------------------------------------------------
                                             12.346000   slack (MET)


Startpoint: rst_ni (input port clocked by clk_i)
Endpoint: _11802_ (rising edge-triggered flip-flop clocked by clk_i)
Path Group: clk_i
Path Type: max

Fanout         Cap        Slew       Delay        Time   Description
---------------------------------------------------------------------------------------------
                      0.150000    0.000000    0.000000   clock clk_i (rise edge)
                                  0.000000    0.000000   clock network delay (ideal)
                                  4.000000    4.000000 ^ input external delay
    60    0.138176    0.992878    0.692843    4.692842 ^ rst_ni (in)
                                                         rst_ni (net)
                      0.992878    0.000000    4.692842 ^ _05929_/A (sky130_fd_sc_hd__nand2_2)
    25    0.075457    0.698194    0.886917    5.579760 v _05929_/Y (sky130_fd_sc_hd__nand2_2)
                                                         _01360_ (net)
                      0.698194    0.000000    5.579760 v _05930_/A (sky130_fd_sc_hd__inv_2)
    46    0.118150    0.863657    0.935234    6.514994 ^ _05930_/Y (sky130_fd_sc_hd__inv_2)
                                                         _00000_ (net)
                      0.863657    0.000000    6.514994 ^ _06023_/B1 (sky130_fd_sc_hd__a22o_2)
     1    0.001460    0.074369    0.511299    7.026292 ^ _06023_/X (sky130_fd_sc_hd__a22o_2)
                                                         _02383_ (net)
                      0.074369    0.000000    7.026292 ^ _06024_/B (sky130_fd_sc_hd__and2_2)
     1    0.001537    0.076594    0.248809    7.275101 ^ _06024_/X (sky130_fd_sc_hd__and2_2)
                                                         _00002_ (net)
                      0.076594    0.000000    7.275101 ^ _11802_/D (sky130_fd_sc_hd__dfxtp_2)
                                              7.275101   data arrival time

                      0.150000   20.000000   20.000000   clock clk_i (rise edge)
                                  0.000000   20.000000   clock network delay (ideal)
                                 -0.250000   19.750002   clock uncertainty
                                  0.000000   19.750002   clock reconvergence pessimism
                                             19.750002 ^ _11802_/CLK (sky130_fd_sc_hd__dfxtp_2)
                                 -0.128899   19.621101   library setup time
                                             19.621101   data required time
---------------------------------------------------------------------------------------------
                                             19.621101   data required time
                                             -7.275101   data arrival time
---------------------------------------------------------------------------------------------
                                             12.346000   slack (MET)


Startpoint: rst_ni (input port clocked by clk_i)
Endpoint: _11803_ (rising edge-triggered flip-flop clocked by clk_i)
Path Group: clk_i
Path Type: max

Fanout         Cap        Slew       Delay        Time   Description
---------------------------------------------------------------------------------------------
                      0.150000    0.000000    0.000000   clock clk_i (rise edge)
                                  0.000000    0.000000   clock network delay (ideal)
                                  4.000000    4.000000 ^ input external delay
    60    0.138176    0.992878    0.692843    4.692842 ^ rst_ni (in)
                                                         rst_ni (net)
                      0.992878    0.000000    4.692842 ^ _05929_/A (sky130_fd_sc_hd__nand2_2)
    25    0.075457    0.698194    0.886917    5.579760 v _05929_/Y (sky130_fd_sc_hd__nand2_2)
                                                         _01360_ (net)
                      0.698194    0.000000    5.579760 v _05930_/A (sky130_fd_sc_hd__inv_2)
    46    0.118150    0.863657    0.935234    6.514994 ^ _05930_/Y (sky130_fd_sc_hd__inv_2)
                                                         _00000_ (net)
                      0.863657    0.000000    6.514994 ^ _06034_/B1 (sky130_fd_sc_hd__a22o_2)
     1    0.001460    0.074369    0.511299    7.026292 ^ _06034_/X (sky130_fd_sc_hd__a22o_2)
                                                         _02502_ (net)
                      0.074369    0.000000    7.026292 ^ _06035_/B (sky130_fd_sc_hd__and2_2)
     1    0.001537    0.076594    0.248809    7.275101 ^ _06035_/X (sky130_fd_sc_hd__and2_2)
                                                         _00003_ (net)
                      0.076594    0.000000    7.275101 ^ _11803_/D (sky130_fd_sc_hd__dfxtp_2)
                                              7.275101   data arrival time

                      0.150000   20.000000   20.000000   clock clk_i (rise edge)
                                  0.000000   20.000000   clock network delay (ideal)
                                 -0.250000   19.750002   clock uncertainty
                                  0.000000   19.750002   clock reconvergence pessimism
                                             19.750002 ^ _11803_/CLK (sky130_fd_sc_hd__dfxtp_2)
                                 -0.128899   19.621101   library setup time
                                             19.621101   data required time
---------------------------------------------------------------------------------------------
                                             19.621101   data required time
                                             -7.275101   data arrival time
---------------------------------------------------------------------------------------------
                                             12.346000   slack (MET)


Startpoint: rst_ni (input port clocked by clk_i)
Endpoint: _11804_ (rising edge-triggered flip-flop clocked by clk_i)
Path Group: clk_i
Path Type: max

Fanout         Cap        Slew       Delay        Time   Description
---------------------------------------------------------------------------------------------
                      0.150000    0.000000    0.000000   clock clk_i (rise edge)
                                  0.000000    0.000000   clock network delay (ideal)
                                  4.000000    4.000000 ^ input external delay
    60    0.138176    0.992878    0.692843    4.692842 ^ rst_ni (in)
                                                         rst_ni (net)
                      0.992878    0.000000    4.692842 ^ _05929_/A (sky130_fd_sc_hd__nand2_2)
    25    0.075457    0.698194    0.886917    5.579760 v _05929_/Y (sky130_fd_sc_hd__nand2_2)
                                                         _01360_ (net)
                      0.698194    0.000000    5.579760 v _05930_/A (sky130_fd_sc_hd__inv_2)
    46    0.118150    0.863657    0.935234    6.514994 ^ _05930_/Y (sky130_fd_sc_hd__inv_2)
                                                         _00000_ (net)
                      0.863657    0.000000    6.514994 ^ _06054_/B1 (sky130_fd_sc_hd__a22o_2)
     1    0.001460    0.074369    0.511299    7.026292 ^ _06054_/X (sky130_fd_sc_hd__a22o_2)
                                                         _02719_ (net)
                      0.074369    0.000000    7.026292 ^ _06055_/B (sky130_fd_sc_hd__and2_2)
     1    0.001537    0.076594    0.248809    7.275101 ^ _06055_/X (sky130_fd_sc_hd__and2_2)
                                                         _00004_ (net)
                      0.076594    0.000000    7.275101 ^ _11804_/D (sky130_fd_sc_hd__dfxtp_2)
                                              7.275101   data arrival time

                      0.150000   20.000000   20.000000   clock clk_i (rise edge)
                                  0.000000   20.000000   clock network delay (ideal)
                                 -0.250000   19.750002   clock uncertainty
                                  0.000000   19.750002   clock reconvergence pessimism
                                             19.750002 ^ _11804_/CLK (sky130_fd_sc_hd__dfxtp_2)
                                 -0.128899   19.621101   library setup time
                                             19.621101   data required time
---------------------------------------------------------------------------------------------
                                             19.621101   data required time
                                             -7.275101   data arrival time
---------------------------------------------------------------------------------------------
                                             12.346000   slack (MET)


Startpoint: rst_ni (input port clocked by clk_i)
Endpoint: _11805_ (rising edge-triggered flip-flop clocked by clk_i)
Path Group: clk_i
Path Type: max

Fanout         Cap        Slew       Delay        Time   Description
---------------------------------------------------------------------------------------------
                      0.150000    0.000000    0.000000   clock clk_i (rise edge)
                                  0.000000    0.000000   clock network delay (ideal)
                                  4.000000    4.000000 ^ input external delay
    60    0.138176    0.992878    0.692843    4.692842 ^ rst_ni (in)
                                                         rst_ni (net)
                      0.992878    0.000000    4.692842 ^ _05929_/A (sky130_fd_sc_hd__nand2_2)
    25    0.075457    0.698194    0.886917    5.579760 v _05929_/Y (sky130_fd_sc_hd__nand2_2)
                                                         _01360_ (net)
                      0.698194    0.000000    5.579760 v _05930_/A (sky130_fd_sc_hd__inv_2)
    46    0.118150    0.863657    0.935234    6.514994 ^ _05930_/Y (sky130_fd_sc_hd__inv_2)
                                                         _00000_ (net)
                      0.863657    0.000000    6.514994 ^ _06063_/B1 (sky130_fd_sc_hd__a22o_2)
     1    0.001460    0.074369    0.511299    7.026292 ^ _06063_/X (sky130_fd_sc_hd__a22o_2)
                                                         _02816_ (net)
                      0.074369    0.000000    7.026292 ^ _06064_/B (sky130_fd_sc_hd__and2_2)
     1    0.001537    0.076594    0.248809    7.275101 ^ _06064_/X (sky130_fd_sc_hd__and2_2)
                                                         _00005_ (net)
                      0.076594    0.000000    7.275101 ^ _11805_/D (sky130_fd_sc_hd__dfxtp_2)
                                              7.275101   data arrival time

                      0.150000   20.000000   20.000000   clock clk_i (rise edge)
                                  0.000000   20.000000   clock network delay (ideal)
                                 -0.250000   19.750002   clock uncertainty
                                  0.000000   19.750002   clock reconvergence pessimism
                                             19.750002 ^ _11805_/CLK (sky130_fd_sc_hd__dfxtp_2)
                                 -0.128899   19.621101   library setup time
                                             19.621101   data required time
---------------------------------------------------------------------------------------------
                                             19.621101   data required time
                                             -7.275101   data arrival time
---------------------------------------------------------------------------------------------
                                             12.346000   slack (MET)


Startpoint: rst_ni (input port clocked by clk_i)
Endpoint: _11806_ (rising edge-triggered flip-flop clocked by clk_i)
Path Group: clk_i
Path Type: max

Fanout         Cap        Slew       Delay        Time   Description
---------------------------------------------------------------------------------------------
                      0.150000    0.000000    0.000000   clock clk_i (rise edge)
                                  0.000000    0.000000   clock network delay (ideal)
                                  4.000000    4.000000 ^ input external delay
    60    0.138176    0.992878    0.692843    4.692842 ^ rst_ni (in)
                                                         rst_ni (net)
                      0.992878    0.000000    4.692842 ^ _05929_/A (sky130_fd_sc_hd__nand2_2)
    25    0.075457    0.698194    0.886917    5.579760 v _05929_/Y (sky130_fd_sc_hd__nand2_2)
                                                         _01360_ (net)
                      0.698194    0.000000    5.579760 v _05930_/A (sky130_fd_sc_hd__inv_2)
    46    0.118150    0.863657    0.935234    6.514994 ^ _05930_/Y (sky130_fd_sc_hd__inv_2)
                                                         _00000_ (net)
                      0.863657    0.000000    6.514994 ^ _06073_/B1 (sky130_fd_sc_hd__a22o_2)
     1    0.001460    0.074369    0.511299    7.026292 ^ _06073_/X (sky130_fd_sc_hd__a22o_2)
                                                         _02924_ (net)
                      0.074369    0.000000    7.026292 ^ _06074_/B (sky130_fd_sc_hd__and2_2)
     1    0.001537    0.076594    0.248809    7.275101 ^ _06074_/X (sky130_fd_sc_hd__and2_2)
                                                         _00006_ (net)
                      0.076594    0.000000    7.275101 ^ _11806_/D (sky130_fd_sc_hd__dfxtp_2)
                                              7.275101   data arrival time

                      0.150000   20.000000   20.000000   clock clk_i (rise edge)
                                  0.000000   20.000000   clock network delay (ideal)
                                 -0.250000   19.750002   clock uncertainty
                                  0.000000   19.750002   clock reconvergence pessimism
                                             19.750002 ^ _11806_/CLK (sky130_fd_sc_hd__dfxtp_2)
                                 -0.128899   19.621101   library setup time
                                             19.621101   data required time
---------------------------------------------------------------------------------------------
                                             19.621101   data required time
                                             -7.275101   data arrival time
---------------------------------------------------------------------------------------------
                                             12.346000   slack (MET)


Startpoint: rst_ni (input port clocked by clk_i)
Endpoint: _11807_ (rising edge-triggered flip-flop clocked by clk_i)
Path Group: clk_i
Path Type: max

Fanout         Cap        Slew       Delay        Time   Description
---------------------------------------------------------------------------------------------
                      0.150000    0.000000    0.000000   clock clk_i (rise edge)
                                  0.000000    0.000000   clock network delay (ideal)
                                  4.000000    4.000000 ^ input external delay
    60    0.138176    0.992878    0.692843    4.692842 ^ rst_ni (in)
                                                         rst_ni (net)
                      0.992878    0.000000    4.692842 ^ _05929_/A (sky130_fd_sc_hd__nand2_2)
    25    0.075457    0.698194    0.886917    5.579760 v _05929_/Y (sky130_fd_sc_hd__nand2_2)
                                                         _01360_ (net)
                      0.698194    0.000000    5.579760 v _05930_/A (sky130_fd_sc_hd__inv_2)
    46    0.118150    0.863657    0.935234    6.514994 ^ _05930_/Y (sky130_fd_sc_hd__inv_2)
                                                         _00000_ (net)
                      0.863657    0.000000    6.514994 ^ _06082_/B1 (sky130_fd_sc_hd__a22o_2)
     1    0.001460    0.074369    0.511299    7.026292 ^ _06082_/X (sky130_fd_sc_hd__a22o_2)
                                                         _03021_ (net)
                      0.074369    0.000000    7.026292 ^ _06083_/B (sky130_fd_sc_hd__and2_2)
     1    0.001537    0.076594    0.248809    7.275101 ^ _06083_/X (sky130_fd_sc_hd__and2_2)
                                                         _00007_ (net)
                      0.076594    0.000000    7.275101 ^ _11807_/D (sky130_fd_sc_hd__dfxtp_2)
                                              7.275101   data arrival time

                      0.150000   20.000000   20.000000   clock clk_i (rise edge)
                                  0.000000   20.000000   clock network delay (ideal)
                                 -0.250000   19.750002   clock uncertainty
                                  0.000000   19.750002   clock reconvergence pessimism
                                             19.750002 ^ _11807_/CLK (sky130_fd_sc_hd__dfxtp_2)
                                 -0.128899   19.621101   library setup time
                                             19.621101   data required time
---------------------------------------------------------------------------------------------
                                             19.621101   data required time
                                             -7.275101   data arrival time
---------------------------------------------------------------------------------------------
                                             12.346000   slack (MET)


Startpoint: rst_ni (input port clocked by clk_i)
Endpoint: _11812_ (rising edge-triggered flip-flop clocked by clk_i)
Path Group: clk_i
Path Type: max

Fanout         Cap        Slew       Delay        Time   Description
---------------------------------------------------------------------------------------------
                      0.150000    0.000000    0.000000   clock clk_i (rise edge)
                                  0.000000    0.000000   clock network delay (ideal)
                                  4.000000    4.000000 ^ input external delay
    60    0.138176    0.992878    0.692843    4.692842 ^ rst_ni (in)
                                                         rst_ni (net)
                      0.992878    0.000000    4.692842 ^ _05929_/A (sky130_fd_sc_hd__nand2_2)
    25    0.075457    0.698194    0.886917    5.579760 v _05929_/Y (sky130_fd_sc_hd__nand2_2)
                                                         _01360_ (net)
                      0.698194    0.000000    5.579760 v _05930_/A (sky130_fd_sc_hd__inv_2)
    46    0.118150    0.863657    0.935234    6.514994 ^ _05930_/Y (sky130_fd_sc_hd__inv_2)
                                                         _00000_ (net)
                      0.863657    0.000000    6.514994 ^ _06116_/B1 (sky130_fd_sc_hd__a22o_2)
     1    0.001460    0.074369    0.511299    7.026292 ^ _06116_/X (sky130_fd_sc_hd__a22o_2)
                                                         _03388_ (net)
                      0.074369    0.000000    7.026292 ^ _06117_/B (sky130_fd_sc_hd__and2_2)
     1    0.001537    0.076594    0.248809    7.275101 ^ _06117_/X (sky130_fd_sc_hd__and2_2)
                                                         _00012_ (net)
                      0.076594    0.000000    7.275101 ^ _11812_/D (sky130_fd_sc_hd__dfxtp_2)
                                              7.275101   data arrival time

                      0.150000   20.000000   20.000000   clock clk_i (rise edge)
                                  0.000000   20.000000   clock network delay (ideal)
                                 -0.250000   19.750002   clock uncertainty
                                  0.000000   19.750002   clock reconvergence pessimism
                                             19.750002 ^ _11812_/CLK (sky130_fd_sc_hd__dfxtp_2)
                                 -0.128899   19.621101   library setup time
                                             19.621101   data required time
---------------------------------------------------------------------------------------------
                                             19.621101   data required time
                                             -7.275101   data arrival time
---------------------------------------------------------------------------------------------
                                             12.346000   slack (MET)


Startpoint: rst_ni (input port clocked by clk_i)
Endpoint: _11813_ (rising edge-triggered flip-flop clocked by clk_i)
Path Group: clk_i
Path Type: max

Fanout         Cap        Slew       Delay        Time   Description
---------------------------------------------------------------------------------------------
                      0.150000    0.000000    0.000000   clock clk_i (rise edge)
                                  0.000000    0.000000   clock network delay (ideal)
                                  4.000000    4.000000 ^ input external delay
    60    0.138176    0.992878    0.692843    4.692842 ^ rst_ni (in)
                                                         rst_ni (net)
                      0.992878    0.000000    4.692842 ^ _05929_/A (sky130_fd_sc_hd__nand2_2)
    25    0.075457    0.698194    0.886917    5.579760 v _05929_/Y (sky130_fd_sc_hd__nand2_2)
                                                         _01360_ (net)
                      0.698194    0.000000    5.579760 v _05930_/A (sky130_fd_sc_hd__inv_2)
    46    0.118150    0.863657    0.935234    6.514994 ^ _05930_/Y (sky130_fd_sc_hd__inv_2)
                                                         _00000_ (net)
                      0.863657    0.000000    6.514994 ^ _06121_/B1 (sky130_fd_sc_hd__a22o_2)
     1    0.001460    0.074369    0.511299    7.026292 ^ _06121_/X (sky130_fd_sc_hd__a22o_2)
                                                         _03441_ (net)
                      0.074369    0.000000    7.026292 ^ _06122_/B (sky130_fd_sc_hd__and2_2)
     1    0.001537    0.076594    0.248809    7.275101 ^ _06122_/X (sky130_fd_sc_hd__and2_2)
                                                         _00013_ (net)
                      0.076594    0.000000    7.275101 ^ _11813_/D (sky130_fd_sc_hd__dfxtp_2)
                                              7.275101   data arrival time

                      0.150000   20.000000   20.000000   clock clk_i (rise edge)
                                  0.000000   20.000000   clock network delay (ideal)
                                 -0.250000   19.750002   clock uncertainty
                                  0.000000   19.750002   clock reconvergence pessimism
                                             19.750002 ^ _11813_/CLK (sky130_fd_sc_hd__dfxtp_2)
                                 -0.128899   19.621101   library setup time
                                             19.621101   data required time
---------------------------------------------------------------------------------------------
                                             19.621101   data required time
                                             -7.275101   data arrival time
---------------------------------------------------------------------------------------------
                                             12.346000   slack (MET)


Startpoint: rst_ni (input port clocked by clk_i)
Endpoint: _11814_ (rising edge-triggered flip-flop clocked by clk_i)
Path Group: clk_i
Path Type: max

Fanout         Cap        Slew       Delay        Time   Description
---------------------------------------------------------------------------------------------
                      0.150000    0.000000    0.000000   clock clk_i (rise edge)
                                  0.000000    0.000000   clock network delay (ideal)
                                  4.000000    4.000000 ^ input external delay
    60    0.138176    0.992878    0.692843    4.692842 ^ rst_ni (in)
                                                         rst_ni (net)
                      0.992878    0.000000    4.692842 ^ _05929_/A (sky130_fd_sc_hd__nand2_2)
    25    0.075457    0.698194    0.886917    5.579760 v _05929_/Y (sky130_fd_sc_hd__nand2_2)
                                                         _01360_ (net)
                      0.698194    0.000000    5.579760 v _05930_/A (sky130_fd_sc_hd__inv_2)
    46    0.118150    0.863657    0.935234    6.514994 ^ _05930_/Y (sky130_fd_sc_hd__inv_2)
                                                         _00000_ (net)
                      0.863657    0.000000    6.514994 ^ _06126_/B1 (sky130_fd_sc_hd__a22o_2)
     1    0.001460    0.074369    0.511299    7.026292 ^ _06126_/X (sky130_fd_sc_hd__a22o_2)
                                                         _03495_ (net)
                      0.074369    0.000000    7.026292 ^ _06127_/B (sky130_fd_sc_hd__and2_2)
     1    0.001537    0.076594    0.248809    7.275101 ^ _06127_/X (sky130_fd_sc_hd__and2_2)
                                                         _00014_ (net)
                      0.076594    0.000000    7.275101 ^ _11814_/D (sky130_fd_sc_hd__dfxtp_2)
                                              7.275101   data arrival time

                      0.150000   20.000000   20.000000   clock clk_i (rise edge)
                                  0.000000   20.000000   clock network delay (ideal)
                                 -0.250000   19.750002   clock uncertainty
                                  0.000000   19.750002   clock reconvergence pessimism
                                             19.750002 ^ _11814_/CLK (sky130_fd_sc_hd__dfxtp_2)
                                 -0.128899   19.621101   library setup time
                                             19.621101   data required time
---------------------------------------------------------------------------------------------
                                             19.621101   data required time
                                             -7.275101   data arrival time
---------------------------------------------------------------------------------------------
                                             12.346000   slack (MET)


Startpoint: rst_ni (input port clocked by clk_i)
Endpoint: _11815_ (rising edge-triggered flip-flop clocked by clk_i)
Path Group: clk_i
Path Type: max

Fanout         Cap        Slew       Delay        Time   Description
---------------------------------------------------------------------------------------------
                      0.150000    0.000000    0.000000   clock clk_i (rise edge)
                                  0.000000    0.000000   clock network delay (ideal)
                                  4.000000    4.000000 ^ input external delay
    60    0.138176    0.992878    0.692843    4.692842 ^ rst_ni (in)
                                                         rst_ni (net)
                      0.992878    0.000000    4.692842 ^ _05929_/A (sky130_fd_sc_hd__nand2_2)
    25    0.075457    0.698194    0.886917    5.579760 v _05929_/Y (sky130_fd_sc_hd__nand2_2)
                                                         _01360_ (net)
                      0.698194    0.000000    5.579760 v _05930_/A (sky130_fd_sc_hd__inv_2)
    46    0.118150    0.863657    0.935234    6.514994 ^ _05930_/Y (sky130_fd_sc_hd__inv_2)
                                                         _00000_ (net)
                      0.863657    0.000000    6.514994 ^ _06131_/B1 (sky130_fd_sc_hd__a22o_2)
     1    0.001460    0.074369    0.511299    7.026292 ^ _06131_/X (sky130_fd_sc_hd__a22o_2)
                                                         _03549_ (net)
                      0.074369    0.000000    7.026292 ^ _06132_/B (sky130_fd_sc_hd__and2_2)
     1    0.001537    0.076594    0.248809    7.275101 ^ _06132_/X (sky130_fd_sc_hd__and2_2)
                                                         _00015_ (net)
                      0.076594    0.000000    7.275101 ^ _11815_/D (sky130_fd_sc_hd__dfxtp_2)
                                              7.275101   data arrival time

                      0.150000   20.000000   20.000000   clock clk_i (rise edge)
                                  0.000000   20.000000   clock network delay (ideal)
                                 -0.250000   19.750002   clock uncertainty
                                  0.000000   19.750002   clock reconvergence pessimism
                                             19.750002 ^ _11815_/CLK (sky130_fd_sc_hd__dfxtp_2)
                                 -0.128899   19.621101   library setup time
                                             19.621101   data required time
---------------------------------------------------------------------------------------------
                                             19.621101   data required time
                                             -7.275101   data arrival time
---------------------------------------------------------------------------------------------
                                             12.346000   slack (MET)


Startpoint: rst_ni (input port clocked by clk_i)
Endpoint: _11816_ (rising edge-triggered flip-flop clocked by clk_i)
Path Group: clk_i
Path Type: max

Fanout         Cap        Slew       Delay        Time   Description
---------------------------------------------------------------------------------------------
                      0.150000    0.000000    0.000000   clock clk_i (rise edge)
                                  0.000000    0.000000   clock network delay (ideal)
                                  4.000000    4.000000 ^ input external delay
    60    0.138176    0.992878    0.692843    4.692842 ^ rst_ni (in)
                                                         rst_ni (net)
                      0.992878    0.000000    4.692842 ^ _05929_/A (sky130_fd_sc_hd__nand2_2)
    25    0.075457    0.698194    0.886917    5.579760 v _05929_/Y (sky130_fd_sc_hd__nand2_2)
                                                         _01360_ (net)
                      0.698194    0.000000    5.579760 v _05930_/A (sky130_fd_sc_hd__inv_2)
    46    0.118150    0.863657    0.935234    6.514994 ^ _05930_/Y (sky130_fd_sc_hd__inv_2)
                                                         _00000_ (net)
                      0.863657    0.000000    6.514994 ^ _06136_/B1 (sky130_fd_sc_hd__a22o_2)
     1    0.001460    0.074369    0.511299    7.026292 ^ _06136_/X (sky130_fd_sc_hd__a22o_2)
                                                         _03602_ (net)
                      0.074369    0.000000    7.026292 ^ _06137_/B (sky130_fd_sc_hd__and2_2)
     1    0.001537    0.076594    0.248809    7.275101 ^ _06137_/X (sky130_fd_sc_hd__and2_2)
                                                         _00016_ (net)
                      0.076594    0.000000    7.275101 ^ _11816_/D (sky130_fd_sc_hd__dfxtp_2)
                                              7.275101   data arrival time

                      0.150000   20.000000   20.000000   clock clk_i (rise edge)
                                  0.000000   20.000000   clock network delay (ideal)
                                 -0.250000   19.750002   clock uncertainty
                                  0.000000   19.750002   clock reconvergence pessimism
                                             19.750002 ^ _11816_/CLK (sky130_fd_sc_hd__dfxtp_2)
                                 -0.128899   19.621101   library setup time
                                             19.621101   data required time
---------------------------------------------------------------------------------------------
                                             19.621101   data required time
                                             -7.275101   data arrival time
---------------------------------------------------------------------------------------------
                                             12.346000   slack (MET)


Startpoint: rst_ni (input port clocked by clk_i)
Endpoint: _11820_ (rising edge-triggered flip-flop clocked by clk_i)
Path Group: clk_i
Path Type: max

Fanout         Cap        Slew       Delay        Time   Description
---------------------------------------------------------------------------------------------
                      0.150000    0.000000    0.000000   clock clk_i (rise edge)
                                  0.000000    0.000000   clock network delay (ideal)
                                  4.000000    4.000000 ^ input external delay
    60    0.138176    0.992878    0.692843    4.692842 ^ rst_ni (in)
                                                         rst_ni (net)
                      0.992878    0.000000    4.692842 ^ _05929_/A (sky130_fd_sc_hd__nand2_2)
    25    0.075457    0.698194    0.886917    5.579760 v _05929_/Y (sky130_fd_sc_hd__nand2_2)
                                                         _01360_ (net)
                      0.698194    0.000000    5.579760 v _05930_/A (sky130_fd_sc_hd__inv_2)
    46    0.118150    0.863657    0.935234    6.514994 ^ _05930_/Y (sky130_fd_sc_hd__inv_2)
                                                         _00000_ (net)
                      0.863657    0.000000    6.514994 ^ _06151_/B1 (sky130_fd_sc_hd__a22o_2)
     1    0.001460    0.074369    0.511299    7.026292 ^ _06151_/X (sky130_fd_sc_hd__a22o_2)
                                                         _03762_ (net)
                      0.074369    0.000000    7.026292 ^ _06152_/B (sky130_fd_sc_hd__and2_2)
     1    0.001537    0.076594    0.248809    7.275101 ^ _06152_/X (sky130_fd_sc_hd__and2_2)
                                                         _00020_ (net)
                      0.076594    0.000000    7.275101 ^ _11820_/D (sky130_fd_sc_hd__dfxtp_2)
                                              7.275101   data arrival time

                      0.150000   20.000000   20.000000   clock clk_i (rise edge)
                                  0.000000   20.000000   clock network delay (ideal)
                                 -0.250000   19.750002   clock uncertainty
                                  0.000000   19.750002   clock reconvergence pessimism
                                             19.750002 ^ _11820_/CLK (sky130_fd_sc_hd__dfxtp_2)
                                 -0.128899   19.621101   library setup time
                                             19.621101   data required time
---------------------------------------------------------------------------------------------
                                             19.621101   data required time
                                             -7.275101   data arrival time
---------------------------------------------------------------------------------------------
                                             12.346000   slack (MET)


Startpoint: rst_ni (input port clocked by clk_i)
Endpoint: _11821_ (rising edge-triggered flip-flop clocked by clk_i)
Path Group: clk_i
Path Type: max

Fanout         Cap        Slew       Delay        Time   Description
---------------------------------------------------------------------------------------------
                      0.150000    0.000000    0.000000   clock clk_i (rise edge)
                                  0.000000    0.000000   clock network delay (ideal)
                                  4.000000    4.000000 ^ input external delay
    60    0.138176    0.992878    0.692843    4.692842 ^ rst_ni (in)
                                                         rst_ni (net)
                      0.992878    0.000000    4.692842 ^ _05929_/A (sky130_fd_sc_hd__nand2_2)
    25    0.075457    0.698194    0.886917    5.579760 v _05929_/Y (sky130_fd_sc_hd__nand2_2)
                                                         _01360_ (net)
                      0.698194    0.000000    5.579760 v _05930_/A (sky130_fd_sc_hd__inv_2)
    46    0.118150    0.863657    0.935234    6.514994 ^ _05930_/Y (sky130_fd_sc_hd__inv_2)
                                                         _00000_ (net)
                      0.863657    0.000000    6.514994 ^ _06154_/B1 (sky130_fd_sc_hd__a22o_2)
     1    0.001460    0.074369    0.511299    7.026292 ^ _06154_/X (sky130_fd_sc_hd__a22o_2)
                                                         _03794_ (net)
                      0.074369    0.000000    7.026292 ^ _06155_/B (sky130_fd_sc_hd__and2_2)
     1    0.001537    0.076594    0.248809    7.275101 ^ _06155_/X (sky130_fd_sc_hd__and2_2)
                                                         _00021_ (net)
                      0.076594    0.000000    7.275101 ^ _11821_/D (sky130_fd_sc_hd__dfxtp_2)
                                              7.275101   data arrival time

                      0.150000   20.000000   20.000000   clock clk_i (rise edge)
                                  0.000000   20.000000   clock network delay (ideal)
                                 -0.250000   19.750002   clock uncertainty
                                  0.000000   19.750002   clock reconvergence pessimism
                                             19.750002 ^ _11821_/CLK (sky130_fd_sc_hd__dfxtp_2)
                                 -0.128899   19.621101   library setup time
                                             19.621101   data required time
---------------------------------------------------------------------------------------------
                                             19.621101   data required time
                                             -7.275101   data arrival time
---------------------------------------------------------------------------------------------
                                             12.346000   slack (MET)


Startpoint: rst_ni (input port clocked by clk_i)
Endpoint: _11822_ (rising edge-triggered flip-flop clocked by clk_i)
Path Group: clk_i
Path Type: max

Fanout         Cap        Slew       Delay        Time   Description
---------------------------------------------------------------------------------------------
                      0.150000    0.000000    0.000000   clock clk_i (rise edge)
                                  0.000000    0.000000   clock network delay (ideal)
                                  4.000000    4.000000 ^ input external delay
    60    0.138176    0.992878    0.692843    4.692842 ^ rst_ni (in)
                                                         rst_ni (net)
                      0.992878    0.000000    4.692842 ^ _05929_/A (sky130_fd_sc_hd__nand2_2)
    25    0.075457    0.698194    0.886917    5.579760 v _05929_/Y (sky130_fd_sc_hd__nand2_2)
                                                         _01360_ (net)
                      0.698194    0.000000    5.579760 v _05930_/A (sky130_fd_sc_hd__inv_2)
    46    0.118150    0.863657    0.935234    6.514994 ^ _05930_/Y (sky130_fd_sc_hd__inv_2)
                                                         _00000_ (net)
                      0.863657    0.000000    6.514994 ^ _06157_/B1 (sky130_fd_sc_hd__a22o_2)
     1    0.001460    0.074369    0.511299    7.026292 ^ _06157_/X (sky130_fd_sc_hd__a22o_2)
                                                         _03826_ (net)
                      0.074369    0.000000    7.026292 ^ _06158_/B (sky130_fd_sc_hd__and2_2)
     1    0.001537    0.076594    0.248809    7.275101 ^ _06158_/X (sky130_fd_sc_hd__and2_2)
                                                         _00022_ (net)
                      0.076594    0.000000    7.275101 ^ _11822_/D (sky130_fd_sc_hd__dfxtp_2)
                                              7.275101   data arrival time

                      0.150000   20.000000   20.000000   clock clk_i (rise edge)
                                  0.000000   20.000000   clock network delay (ideal)
                                 -0.250000   19.750002   clock uncertainty
                                  0.000000   19.750002   clock reconvergence pessimism
                                             19.750002 ^ _11822_/CLK (sky130_fd_sc_hd__dfxtp_2)
                                 -0.128899   19.621101   library setup time
                                             19.621101   data required time
---------------------------------------------------------------------------------------------
                                             19.621101   data required time
                                             -7.275101   data arrival time
---------------------------------------------------------------------------------------------
                                             12.346000   slack (MET)


Startpoint: rst_ni (input port clocked by clk_i)
Endpoint: _11823_ (rising edge-triggered flip-flop clocked by clk_i)
Path Group: clk_i
Path Type: max

Fanout         Cap        Slew       Delay        Time   Description
---------------------------------------------------------------------------------------------
                      0.150000    0.000000    0.000000   clock clk_i (rise edge)
                                  0.000000    0.000000   clock network delay (ideal)
                                  4.000000    4.000000 ^ input external delay
    60    0.138176    0.992878    0.692843    4.692842 ^ rst_ni (in)
                                                         rst_ni (net)
                      0.992878    0.000000    4.692842 ^ _05929_/A (sky130_fd_sc_hd__nand2_2)
    25    0.075457    0.698194    0.886917    5.579760 v _05929_/Y (sky130_fd_sc_hd__nand2_2)
                                                         _01360_ (net)
                      0.698194    0.000000    5.579760 v _05930_/A (sky130_fd_sc_hd__inv_2)
    46    0.118150    0.863657    0.935234    6.514994 ^ _05930_/Y (sky130_fd_sc_hd__inv_2)
                                                         _00000_ (net)
                      0.863657    0.000000    6.514994 ^ _06160_/B1 (sky130_fd_sc_hd__a22o_2)
     1    0.001460    0.074369    0.511299    7.026292 ^ _06160_/X (sky130_fd_sc_hd__a22o_2)
                                                         _03857_ (net)
                      0.074369    0.000000    7.026292 ^ _06161_/B (sky130_fd_sc_hd__and2_2)
     1    0.001537    0.076594    0.248809    7.275101 ^ _06161_/X (sky130_fd_sc_hd__and2_2)
                                                         _00023_ (net)
                      0.076594    0.000000    7.275101 ^ _11823_/D (sky130_fd_sc_hd__dfxtp_2)
                                              7.275101   data arrival time

                      0.150000   20.000000   20.000000   clock clk_i (rise edge)
                                  0.000000   20.000000   clock network delay (ideal)
                                 -0.250000   19.750002   clock uncertainty
                                  0.000000   19.750002   clock reconvergence pessimism
                                             19.750002 ^ _11823_/CLK (sky130_fd_sc_hd__dfxtp_2)
                                 -0.128899   19.621101   library setup time
                                             19.621101   data required time
---------------------------------------------------------------------------------------------
                                             19.621101   data required time
                                             -7.275101   data arrival time
---------------------------------------------------------------------------------------------
                                             12.346000   slack (MET)


Startpoint: rst_ni (input port clocked by clk_i)
Endpoint: _11828_ (rising edge-triggered flip-flop clocked by clk_i)
Path Group: clk_i
Path Type: max

Fanout         Cap        Slew       Delay        Time   Description
---------------------------------------------------------------------------------------------
                      0.150000    0.000000    0.000000   clock clk_i (rise edge)
                                  0.000000    0.000000   clock network delay (ideal)
                                  4.000000    4.000000 ^ input external delay
    60    0.138176    0.992878    0.692843    4.692842 ^ rst_ni (in)
                                                         rst_ni (net)
                      0.992878    0.000000    4.692842 ^ _05929_/A (sky130_fd_sc_hd__nand2_2)
    25    0.075457    0.698194    0.886917    5.579760 v _05929_/Y (sky130_fd_sc_hd__nand2_2)
                                                         _01360_ (net)
                      0.698194    0.000000    5.579760 v _05930_/A (sky130_fd_sc_hd__inv_2)
    46    0.118150    0.863657    0.935234    6.514994 ^ _05930_/Y (sky130_fd_sc_hd__inv_2)
                                                         _00000_ (net)
                      0.863657    0.000000    6.514994 ^ _06179_/B1 (sky130_fd_sc_hd__a22o_2)
     1    0.001460    0.074369    0.511299    7.026292 ^ _06179_/X (sky130_fd_sc_hd__a22o_2)
                                                         _04060_ (net)
                      0.074369    0.000000    7.026292 ^ _06180_/B (sky130_fd_sc_hd__and2_2)
     1    0.001537    0.076594    0.248809    7.275101 ^ _06180_/X (sky130_fd_sc_hd__and2_2)
                                                         _00028_ (net)
                      0.076594    0.000000    7.275101 ^ _11828_/D (sky130_fd_sc_hd__dfxtp_2)
                                              7.275101   data arrival time

                      0.150000   20.000000   20.000000   clock clk_i (rise edge)
                                  0.000000   20.000000   clock network delay (ideal)
                                 -0.250000   19.750002   clock uncertainty
                                  0.000000   19.750002   clock reconvergence pessimism
                                             19.750002 ^ _11828_/CLK (sky130_fd_sc_hd__dfxtp_2)
                                 -0.128899   19.621101   library setup time
                                             19.621101   data required time
---------------------------------------------------------------------------------------------
                                             19.621101   data required time
                                             -7.275101   data arrival time
---------------------------------------------------------------------------------------------
                                             12.346000   slack (MET)


Startpoint: rst_ni (input port clocked by clk_i)
Endpoint: _11829_ (rising edge-triggered flip-flop clocked by clk_i)
Path Group: clk_i
Path Type: max

Fanout         Cap        Slew       Delay        Time   Description
---------------------------------------------------------------------------------------------
                      0.150000    0.000000    0.000000   clock clk_i (rise edge)
                                  0.000000    0.000000   clock network delay (ideal)
                                  4.000000    4.000000 ^ input external delay
    60    0.138176    0.992878    0.692843    4.692842 ^ rst_ni (in)
                                                         rst_ni (net)
                      0.992878    0.000000    4.692842 ^ _05929_/A (sky130_fd_sc_hd__nand2_2)
    25    0.075457    0.698194    0.886917    5.579760 v _05929_/Y (sky130_fd_sc_hd__nand2_2)
                                                         _01360_ (net)
                      0.698194    0.000000    5.579760 v _05930_/A (sky130_fd_sc_hd__inv_2)
    46    0.118150    0.863657    0.935234    6.514994 ^ _05930_/Y (sky130_fd_sc_hd__inv_2)
                                                         _00000_ (net)
                      0.863657    0.000000    6.514994 ^ _06182_/B1 (sky130_fd_sc_hd__a22o_2)
     1    0.001460    0.074369    0.511299    7.026292 ^ _06182_/X (sky130_fd_sc_hd__a22o_2)
                                                         _04092_ (net)
                      0.074369    0.000000    7.026292 ^ _06183_/B (sky130_fd_sc_hd__and2_2)
     1    0.001537    0.076594    0.248809    7.275101 ^ _06183_/X (sky130_fd_sc_hd__and2_2)
                                                         _00029_ (net)
                      0.076594    0.000000    7.275101 ^ _11829_/D (sky130_fd_sc_hd__dfxtp_2)
                                              7.275101   data arrival time

                      0.150000   20.000000   20.000000   clock clk_i (rise edge)
                                  0.000000   20.000000   clock network delay (ideal)
                                 -0.250000   19.750002   clock uncertainty
                                  0.000000   19.750002   clock reconvergence pessimism
                                             19.750002 ^ _11829_/CLK (sky130_fd_sc_hd__dfxtp_2)
                                 -0.128899   19.621101   library setup time
                                             19.621101   data required time
---------------------------------------------------------------------------------------------
                                             19.621101   data required time
                                             -7.275101   data arrival time
---------------------------------------------------------------------------------------------
                                             12.346000   slack (MET)


Startpoint: rst_ni (input port clocked by clk_i)
Endpoint: _11830_ (rising edge-triggered flip-flop clocked by clk_i)
Path Group: clk_i
Path Type: max

Fanout         Cap        Slew       Delay        Time   Description
---------------------------------------------------------------------------------------------
                      0.150000    0.000000    0.000000   clock clk_i (rise edge)
                                  0.000000    0.000000   clock network delay (ideal)
                                  4.000000    4.000000 ^ input external delay
    60    0.138176    0.992878    0.692843    4.692842 ^ rst_ni (in)
                                                         rst_ni (net)
                      0.992878    0.000000    4.692842 ^ _05929_/A (sky130_fd_sc_hd__nand2_2)
    25    0.075457    0.698194    0.886917    5.579760 v _05929_/Y (sky130_fd_sc_hd__nand2_2)
                                                         _01360_ (net)
                      0.698194    0.000000    5.579760 v _05930_/A (sky130_fd_sc_hd__inv_2)
    46    0.118150    0.863657    0.935234    6.514994 ^ _05930_/Y (sky130_fd_sc_hd__inv_2)
                                                         _00000_ (net)
                      0.863657    0.000000    6.514994 ^ _06185_/B1 (sky130_fd_sc_hd__a22o_2)
     1    0.001460    0.074369    0.511299    7.026292 ^ _06185_/X (sky130_fd_sc_hd__a22o_2)
                                                         _04123_ (net)
                      0.074369    0.000000    7.026292 ^ _06186_/B (sky130_fd_sc_hd__and2_2)
     1    0.001537    0.076594    0.248809    7.275101 ^ _06186_/X (sky130_fd_sc_hd__and2_2)
                                                         _00030_ (net)
                      0.076594    0.000000    7.275101 ^ _11830_/D (sky130_fd_sc_hd__dfxtp_2)
                                              7.275101   data arrival time

                      0.150000   20.000000   20.000000   clock clk_i (rise edge)
                                  0.000000   20.000000   clock network delay (ideal)
                                 -0.250000   19.750002   clock uncertainty
                                  0.000000   19.750002   clock reconvergence pessimism
                                             19.750002 ^ _11830_/CLK (sky130_fd_sc_hd__dfxtp_2)
                                 -0.128899   19.621101   library setup time
                                             19.621101   data required time
---------------------------------------------------------------------------------------------
                                             19.621101   data required time
                                             -7.275101   data arrival time
---------------------------------------------------------------------------------------------
                                             12.346000   slack (MET)


Startpoint: rst_ni (input port clocked by clk_i)
Endpoint: _11831_ (rising edge-triggered flip-flop clocked by clk_i)
Path Group: clk_i
Path Type: max

Fanout         Cap        Slew       Delay        Time   Description
---------------------------------------------------------------------------------------------
                      0.150000    0.000000    0.000000   clock clk_i (rise edge)
                                  0.000000    0.000000   clock network delay (ideal)
                                  4.000000    4.000000 ^ input external delay
    60    0.138176    0.992878    0.692843    4.692842 ^ rst_ni (in)
                                                         rst_ni (net)
                      0.992878    0.000000    4.692842 ^ _05929_/A (sky130_fd_sc_hd__nand2_2)
    25    0.075457    0.698194    0.886917    5.579760 v _05929_/Y (sky130_fd_sc_hd__nand2_2)
                                                         _01360_ (net)
                      0.698194    0.000000    5.579760 v _05930_/A (sky130_fd_sc_hd__inv_2)
    46    0.118150    0.863657    0.935234    6.514994 ^ _05930_/Y (sky130_fd_sc_hd__inv_2)
                                                         _00000_ (net)
                      0.863657    0.000000    6.514994 ^ _06188_/B1 (sky130_fd_sc_hd__a22o_2)
     1    0.001460    0.074369    0.511299    7.026292 ^ _06188_/X (sky130_fd_sc_hd__a22o_2)
                                                         _04155_ (net)
                      0.074369    0.000000    7.026292 ^ _06189_/B (sky130_fd_sc_hd__and2_2)
     1    0.001537    0.076594    0.248809    7.275101 ^ _06189_/X (sky130_fd_sc_hd__and2_2)
                                                         _00031_ (net)
                      0.076594    0.000000    7.275101 ^ _11831_/D (sky130_fd_sc_hd__dfxtp_2)
                                              7.275101   data arrival time

                      0.150000   20.000000   20.000000   clock clk_i (rise edge)
                                  0.000000   20.000000   clock network delay (ideal)
                                 -0.250000   19.750002   clock uncertainty
                                  0.000000   19.750002   clock reconvergence pessimism
                                             19.750002 ^ _11831_/CLK (sky130_fd_sc_hd__dfxtp_2)
                                 -0.128899   19.621101   library setup time
                                             19.621101   data required time
---------------------------------------------------------------------------------------------
                                             19.621101   data required time
                                             -7.275101   data arrival time
---------------------------------------------------------------------------------------------
                                             12.346000   slack (MET)


Startpoint: rst_ni (input port clocked by clk_i)
Endpoint: _11832_ (rising edge-triggered flip-flop clocked by clk_i)
Path Group: clk_i
Path Type: max

Fanout         Cap        Slew       Delay        Time   Description
---------------------------------------------------------------------------------------------
                      0.150000    0.000000    0.000000   clock clk_i (rise edge)
                                  0.000000    0.000000   clock network delay (ideal)
                                  4.000000    4.000000 ^ input external delay
    60    0.138176    0.992878    0.692843    4.692842 ^ rst_ni (in)
                                                         rst_ni (net)
                      0.992878    0.000000    4.692842 ^ _05929_/A (sky130_fd_sc_hd__nand2_2)
    25    0.075457    0.698194    0.886917    5.579760 v _05929_/Y (sky130_fd_sc_hd__nand2_2)
                                                         _01360_ (net)
                      0.698194    0.000000    5.579760 v _05930_/A (sky130_fd_sc_hd__inv_2)
    46    0.118150    0.863657    0.935234    6.514994 ^ _05930_/Y (sky130_fd_sc_hd__inv_2)
                                                         _00000_ (net)
                      0.863657    0.000000    6.514994 ^ _06191_/B1 (sky130_fd_sc_hd__a22o_2)
     1    0.001460    0.074369    0.511299    7.026292 ^ _06191_/X (sky130_fd_sc_hd__a22o_2)
                                                         _04187_ (net)
                      0.074369    0.000000    7.026292 ^ _06192_/B (sky130_fd_sc_hd__and2_2)
     1    0.001537    0.076594    0.248809    7.275101 ^ _06192_/X (sky130_fd_sc_hd__and2_2)
                                                         _00032_ (net)
                      0.076594    0.000000    7.275101 ^ _11832_/D (sky130_fd_sc_hd__dfxtp_2)
                                              7.275101   data arrival time

                      0.150000   20.000000   20.000000   clock clk_i (rise edge)
                                  0.000000   20.000000   clock network delay (ideal)
                                 -0.250000   19.750002   clock uncertainty
                                  0.000000   19.750002   clock reconvergence pessimism
                                             19.750002 ^ _11832_/CLK (sky130_fd_sc_hd__dfxtp_2)
                                 -0.128899   19.621101   library setup time
                                             19.621101   data required time
---------------------------------------------------------------------------------------------
                                             19.621101   data required time
                                             -7.275101   data arrival time
---------------------------------------------------------------------------------------------
                                             12.346000   slack (MET)


Startpoint: next_i (input port clocked by clk_i)
Endpoint: _11838_ (rising edge-triggered flip-flop clocked by clk_i)
Path Group: clk_i
Path Type: max

Fanout         Cap        Slew       Delay        Time   Description
---------------------------------------------------------------------------------------------
                      0.150000    0.000000    0.000000   clock clk_i (rise edge)
                                  0.000000    0.000000   clock network delay (ideal)
                                  4.000000    4.000000 ^ input external delay
    43    0.137626    0.988933    0.690074    4.690074 ^ next_i (in)
                                                         next_i (net)
                      0.988933    0.000000    4.690074 ^ _05928_/A (sky130_fd_sc_hd__inv_2)
    68    0.165421    0.747459    0.974253    5.664327 v _05928_/Y (sky130_fd_sc_hd__inv_2)
                                                         _01349_ (net)
                      0.747459    0.000000    5.664327 v _06260_/A2 (sky130_fd_sc_hd__a21o_2)
     1    0.002214    0.057265    0.619124    6.283451 v _06260_/X (sky130_fd_sc_hd__a21o_2)
                                                         _04935_ (net)
                      0.057265    0.000000    6.283451 v _06261_/B1 (sky130_fd_sc_hd__a31o_2)
     1    0.001577    0.056380    0.370031    6.653482 v _06261_/X (sky130_fd_sc_hd__a31o_2)
                                                         _00038_ (net)
                      0.056380    0.000000    6.653482 v _11838_/D (sky130_fd_sc_hd__dfxtp_2)
                                              6.653482   data arrival time

                      0.150000   20.000000   20.000000   clock clk_i (rise edge)
                                  0.000000   20.000000   clock network delay (ideal)
                                 -0.250000   19.750002   clock uncertainty
                                  0.000000   19.750002   clock reconvergence pessimism
                                             19.750002 ^ _11838_/CLK (sky130_fd_sc_hd__dfxtp_2)
                                 -0.247066   19.502935   library setup time
                                             19.502935   data required time
---------------------------------------------------------------------------------------------
                                             19.502935   data required time
                                             -6.653482   data arrival time
---------------------------------------------------------------------------------------------
                                             12.849453   slack (MET)


Startpoint: next_i (input port clocked by clk_i)
Endpoint: _11839_ (rising edge-triggered flip-flop clocked by clk_i)
Path Group: clk_i
Path Type: max

Fanout         Cap        Slew       Delay        Time   Description
---------------------------------------------------------------------------------------------
                      0.150000    0.000000    0.000000   clock clk_i (rise edge)
                                  0.000000    0.000000   clock network delay (ideal)
                                  4.000000    4.000000 ^ input external delay
    43    0.137626    0.988933    0.690074    4.690074 ^ next_i (in)
                                                         next_i (net)
                      0.988933    0.000000    4.690074 ^ _05928_/A (sky130_fd_sc_hd__inv_2)
    68    0.165421    0.747459    0.974253    5.664327 v _05928_/Y (sky130_fd_sc_hd__inv_2)
                                                         _01349_ (net)
                      0.747459    0.000000    5.664327 v _06288_/A2 (sky130_fd_sc_hd__a221o_2)
     1    0.001577    0.081478    0.949262    6.613589 v _06288_/X (sky130_fd_sc_hd__a221o_2)
                                                         _00039_ (net)
                      0.081478    0.000000    6.613589 v _11839_/D (sky130_fd_sc_hd__dfxtp_2)
                                              6.613589   data arrival time

                      0.150000   20.000000   20.000000   clock clk_i (rise edge)
                                  0.000000   20.000000   clock network delay (ideal)
                                 -0.250000   19.750002   clock uncertainty
                                  0.000000   19.750002   clock reconvergence pessimism
                                             19.750002 ^ _11839_/CLK (sky130_fd_sc_hd__dfxtp_2)
                                 -0.257485   19.492517   library setup time
                                             19.492517   data required time
---------------------------------------------------------------------------------------------
                                             19.492517   data required time
                                             -6.613589   data arrival time
---------------------------------------------------------------------------------------------
                                             12.878927   slack (MET)


Startpoint: rst_ni (input port clocked by clk_i)
Endpoint: _11800_ (rising edge-triggered flip-flop clocked by clk_i)
Path Group: clk_i
Path Type: max

Fanout         Cap        Slew       Delay        Time   Description
---------------------------------------------------------------------------------------------
                      0.150000    0.000000    0.000000   clock clk_i (rise edge)
                                  0.000000    0.000000   clock network delay (ideal)
                                  4.000000    4.000000 ^ input external delay
    60    0.138176    0.992878    0.692843    4.692842 ^ rst_ni (in)
                                                         rst_ni (net)
                      0.992878    0.000000    4.692842 ^ _05929_/A (sky130_fd_sc_hd__nand2_2)
    25    0.075457    0.698194    0.886917    5.579760 v _05929_/Y (sky130_fd_sc_hd__nand2_2)
                                                         _01360_ (net)
                      0.698194    0.000000    5.579760 v _05930_/A (sky130_fd_sc_hd__inv_2)
    46    0.118150    0.863657    0.935234    6.514994 ^ _05930_/Y (sky130_fd_sc_hd__inv_2)
                                                         _00000_ (net)
                      0.863657    0.000000    6.514994 ^ _11800_/D (sky130_fd_sc_hd__dfxtp_2)
                                              6.514994   data arrival time

                      0.150000   20.000000   20.000000   clock clk_i (rise edge)
                                  0.000000   20.000000   clock network delay (ideal)
                                 -0.250000   19.750002   clock uncertainty
                                  0.000000   19.750002   clock reconvergence pessimism
                                             19.750002 ^ _11800_/CLK (sky130_fd_sc_hd__dfxtp_2)
                                 -0.334571   19.415432   library setup time
                                             19.415432   data required time
---------------------------------------------------------------------------------------------
                                             19.415432   data required time
                                             -6.514994   data arrival time
---------------------------------------------------------------------------------------------
                                             12.900438   slack (MET)


Startpoint: next_i (input port clocked by clk_i)
Endpoint: _11834_ (rising edge-triggered flip-flop clocked by clk_i)
Path Group: clk_i
Path Type: max

Fanout         Cap        Slew       Delay        Time   Description
---------------------------------------------------------------------------------------------
                      0.150000    0.000000    0.000000   clock clk_i (rise edge)
                                  0.000000    0.000000   clock network delay (ideal)
                                  4.000000    4.000000 ^ input external delay
    43    0.137626    0.988933    0.690074    4.690074 ^ next_i (in)
                                                         next_i (net)
                      0.988933    0.000000    4.690074 ^ _05928_/A (sky130_fd_sc_hd__inv_2)
    68    0.165421    0.747459    0.974253    5.664327 v _05928_/Y (sky130_fd_sc_hd__inv_2)
                                                         _01349_ (net)
                      0.747459    0.000000    5.664327 v _06200_/A2 (sky130_fd_sc_hd__a21o_2)
     1    0.002258    0.057509    0.619479    6.283806 v _06200_/X (sky130_fd_sc_hd__a21o_2)
                                                         _04283_ (net)
                      0.057509    0.000000    6.283806 v _06201_/B1 (sky130_fd_sc_hd__a21o_2)
     1    0.001577    0.051702    0.319677    6.603482 v _06201_/X (sky130_fd_sc_hd__a21o_2)
                                                         _00034_ (net)
                      0.051702    0.000000    6.603482 v _11834_/D (sky130_fd_sc_hd__dfxtp_2)
                                              6.603482   data arrival time

                      0.150000   20.000000   20.000000   clock clk_i (rise edge)
                                  0.000000   20.000000   clock network delay (ideal)
                                 -0.250000   19.750002   clock uncertainty
                                  0.000000   19.750002   clock reconvergence pessimism
                                             19.750002 ^ _11834_/CLK (sky130_fd_sc_hd__dfxtp_2)
                                 -0.245123   19.504879   library setup time
                                             19.504879   data required time
---------------------------------------------------------------------------------------------
                                             19.504879   data required time
                                             -6.603482   data arrival time
---------------------------------------------------------------------------------------------
                                             12.901396   slack (MET)


Startpoint: rst_ni (input port clocked by clk_i)
Endpoint: _11835_ (rising edge-triggered flip-flop clocked by clk_i)
Path Group: clk_i
Path Type: max

Fanout         Cap        Slew       Delay        Time   Description
---------------------------------------------------------------------------------------------
                      0.150000    0.000000    0.000000   clock clk_i (rise edge)
                                  0.000000    0.000000   clock network delay (ideal)
                                  4.000000    4.000000 ^ input external delay
    60    0.138176    0.992878    0.692843    4.692842 ^ rst_ni (in)
                                                         rst_ni (net)
                      0.992878    0.000000    4.692842 ^ _05929_/A (sky130_fd_sc_hd__nand2_2)
    25    0.075457    0.698194    0.886917    5.579760 v _05929_/Y (sky130_fd_sc_hd__nand2_2)
                                                         _01360_ (net)
                      0.698194    0.000000    5.579760 v _06203_/A1_N (sky130_fd_sc_hd__a2bb2o_2)
     1    0.004546    0.091845    0.705106    6.284865 ^ _06203_/X (sky130_fd_sc_hd__a2bb2o_2)
                                                         _04315_ (net)
                      0.091845    0.000000    6.284865 ^ _06204_/B1 (sky130_fd_sc_hd__o31ai_2)
     1    0.001577    0.143960    0.108365    6.393230 v _06204_/Y (sky130_fd_sc_hd__o31ai_2)
                                                         _00035_ (net)
                      0.143960    0.000000    6.393230 v _11835_/D (sky130_fd_sc_hd__dfxtp_2)
                                              6.393230   data arrival time

                      0.150000   20.000000   20.000000   clock clk_i (rise edge)
                                  0.000000   20.000000   clock network delay (ideal)
                                 -0.250000   19.750002   clock uncertainty
                                  0.000000   19.750002   clock reconvergence pessimism
                                             19.750002 ^ _11835_/CLK (sky130_fd_sc_hd__dfxtp_2)
                                 -0.283427   19.466576   library setup time
                                             19.466576   data required time
---------------------------------------------------------------------------------------------
                                             19.466576   data required time
                                             -6.393230   data arrival time
---------------------------------------------------------------------------------------------
                                             13.073344   slack (MET)


Startpoint: next_i (input port clocked by clk_i)
Endpoint: _11833_ (rising edge-triggered flip-flop clocked by clk_i)
Path Group: clk_i
Path Type: max

Fanout         Cap        Slew       Delay        Time   Description
---------------------------------------------------------------------------------------------
                      0.150000    0.000000    0.000000   clock clk_i (rise edge)
                                  0.000000    0.000000   clock network delay (ideal)
                                  4.000000    4.000000 ^ input external delay
    43    0.137626    0.988933    0.690074    4.690074 ^ next_i (in)
                                                         next_i (net)
                      0.988933    0.000000    4.690074 ^ _05928_/A (sky130_fd_sc_hd__inv_2)
    68    0.165421    0.747459    0.974253    5.664327 v _05928_/Y (sky130_fd_sc_hd__inv_2)
                                                         _01349_ (net)
                      0.747459    0.000000    5.664327 v _06194_/A2 (sky130_fd_sc_hd__a21o_2)
     1    0.001577    0.053629    0.613726    6.278053 v _06194_/X (sky130_fd_sc_hd__a21o_2)
                                                         _00033_ (net)
                      0.053629    0.000000    6.278053 v _11833_/D (sky130_fd_sc_hd__dfxtp_2)
                                              6.278053   data arrival time

                      0.150000   20.000000   20.000000   clock clk_i (rise edge)
                                  0.000000   20.000000   clock network delay (ideal)
                                 -0.250000   19.750002   clock uncertainty
                                  0.000000   19.750002   clock reconvergence pessimism
                                             19.750002 ^ _11833_/CLK (sky130_fd_sc_hd__dfxtp_2)
                                 -0.245923   19.504080   library setup time
                                             19.504080   data required time
---------------------------------------------------------------------------------------------
                                             19.504080   data required time
                                             -6.278053   data arrival time
---------------------------------------------------------------------------------------------
                                             13.226025   slack (MET)


Startpoint: next_i (input port clocked by clk_i)
Endpoint: _11836_ (rising edge-triggered flip-flop clocked by clk_i)
Path Group: clk_i
Path Type: max

Fanout         Cap        Slew       Delay        Time   Description
---------------------------------------------------------------------------------------------
                      0.150000    0.000000    0.000000   clock clk_i (rise edge)
                                  0.000000    0.000000   clock network delay (ideal)
                                  4.000000    4.000000 ^ input external delay
    43    0.137626    0.988933    0.690074    4.690074 ^ next_i (in)
                                                         next_i (net)
                      0.988933    0.000000    4.690074 ^ _06210_/B1 (sky130_fd_sc_hd__o21ai_2)
     2    0.006408    0.210875    0.364460    5.054534 v _06210_/Y (sky130_fd_sc_hd__o21ai_2)
                                                         _04391_ (net)
                      0.210875    0.000000    5.054534 v _06212_/A2 (sky130_fd_sc_hd__a21o_2)
     1    0.001577    0.051688    0.420908    5.475442 v _06212_/X (sky130_fd_sc_hd__a21o_2)
                                                         _00036_ (net)
                      0.051688    0.000000    5.475442 v _11836_/D (sky130_fd_sc_hd__dfxtp_2)
                                              5.475442   data arrival time

                      0.150000   20.000000   20.000000   clock clk_i (rise edge)
                                  0.000000   20.000000   clock network delay (ideal)
                                 -0.250000   19.750002   clock uncertainty
                                  0.000000   19.750002   clock reconvergence pessimism
                                             19.750002 ^ _11836_/CLK (sky130_fd_sc_hd__dfxtp_2)
                                 -0.245117   19.504883   library setup time
                                             19.504883   data required time
---------------------------------------------------------------------------------------------
                                             19.504883   data required time
                                             -5.475442   data arrival time
---------------------------------------------------------------------------------------------
                                             14.029441   slack (MET)


Startpoint: next_i (input port clocked by clk_i)
Endpoint: _11837_ (rising edge-triggered flip-flop clocked by clk_i)
Path Group: clk_i
Path Type: max

Fanout         Cap        Slew       Delay        Time   Description
---------------------------------------------------------------------------------------------
                      0.150000    0.000000    0.000000   clock clk_i (rise edge)
                                  0.000000    0.000000   clock network delay (ideal)
                                  4.000000    4.000000 ^ input external delay
    43    0.137626    0.988933    0.690074    4.690074 ^ next_i (in)
                                                         next_i (net)
                      0.988933    0.000000    4.690074 ^ _06238_/B1 (sky130_fd_sc_hd__o21ai_2)
     1    0.002288    0.167182    0.304357    4.994431 v _06238_/Y (sky130_fd_sc_hd__o21ai_2)
                                                         _04696_ (net)
                      0.167182    0.000000    4.994431 v _06239_/B1 (sky130_fd_sc_hd__o211a_2)
     1    0.001577    0.064182    0.274126    5.268556 v _06239_/X (sky130_fd_sc_hd__o211a_2)
                                                         _00037_ (net)
                      0.064182    0.000000    5.268556 v _11837_/D (sky130_fd_sc_hd__dfxtp_2)
                                              5.268556   data arrival time

                      0.150000   20.000000   20.000000   clock clk_i (rise edge)
                                  0.000000   20.000000   clock network delay (ideal)
                                 -0.250000   19.750002   clock uncertainty
                                  0.000000   19.750002   clock reconvergence pessimism
                                             19.750002 ^ _11837_/CLK (sky130_fd_sc_hd__dfxtp_2)
                                 -0.250305   19.499697   library setup time
                                             19.499697   data required time
---------------------------------------------------------------------------------------------
                                             19.499697   data required time
                                             -5.268556   data arrival time
---------------------------------------------------------------------------------------------
                                             14.231141   slack (MET)


Startpoint: _11818_ (rising edge-triggered flip-flop clocked by clk_i)
Endpoint: random_o[17] (output port clocked by clk_i)
Path Group: clk_i
Path Type: max

Fanout         Cap        Slew       Delay        Time   Description
---------------------------------------------------------------------------------------------
                      0.150000    0.000000    0.000000   clock clk_i (rise edge)
                                  0.000000    0.000000   clock network delay (ideal)
                      0.150000    0.000000    0.000000 ^ _11818_/CLK (sky130_fd_sc_hd__dfxtp_2)
     2    0.038037    0.315271    0.877488    0.877488 ^ _11818_/Q (sky130_fd_sc_hd__dfxtp_2)
                                                         random_o[17] (net)
                      0.315271    0.000000    0.877488 ^ random_o[17] (out)
                                              0.877488   data arrival time

                      0.150000   20.000000   20.000000   clock clk_i (rise edge)
                                  0.000000   20.000000   clock network delay (ideal)
                                 -0.250000   19.750002   clock uncertainty
                                  0.000000   19.750002   clock reconvergence pessimism
                                 -4.000000   15.750001   output external delay
                                             15.750001   data required time
---------------------------------------------------------------------------------------------
                                             15.750001   data required time
                                             -0.877488   data arrival time
---------------------------------------------------------------------------------------------
                                             14.872513   slack (MET)


Startpoint: _11819_ (rising edge-triggered flip-flop clocked by clk_i)
Endpoint: random_o[18] (output port clocked by clk_i)
Path Group: clk_i
Path Type: max

Fanout         Cap        Slew       Delay        Time   Description
---------------------------------------------------------------------------------------------
                      0.150000    0.000000    0.000000   clock clk_i (rise edge)
                                  0.000000    0.000000   clock network delay (ideal)
                      0.150000    0.000000    0.000000 ^ _11819_/CLK (sky130_fd_sc_hd__dfxtp_2)
     2    0.038037    0.315271    0.877488    0.877488 ^ _11819_/Q (sky130_fd_sc_hd__dfxtp_2)
                                                         random_o[18] (net)
                      0.315271    0.000000    0.877488 ^ random_o[18] (out)
                                              0.877488   data arrival time

                      0.150000   20.000000   20.000000   clock clk_i (rise edge)
                                  0.000000   20.000000   clock network delay (ideal)
                                 -0.250000   19.750002   clock uncertainty
                                  0.000000   19.750002   clock reconvergence pessimism
                                 -4.000000   15.750001   output external delay
                                             15.750001   data required time
---------------------------------------------------------------------------------------------
                                             15.750001   data required time
                                             -0.877488   data arrival time
---------------------------------------------------------------------------------------------
                                             14.872513   slack (MET)


Startpoint: _11811_ (rising edge-triggered flip-flop clocked by clk_i)
Endpoint: random_o[10] (output port clocked by clk_i)
Path Group: clk_i
Path Type: max

Fanout         Cap        Slew       Delay        Time   Description
---------------------------------------------------------------------------------------------
                      0.150000    0.000000    0.000000   clock clk_i (rise edge)
                                  0.000000    0.000000   clock network delay (ideal)
                      0.150000    0.000000    0.000000 ^ _11811_/CLK (sky130_fd_sc_hd__dfxtp_2)
     2    0.036084    0.300417    0.866696    0.866696 ^ _11811_/Q (sky130_fd_sc_hd__dfxtp_2)
                                                         random_o[10] (net)
                      0.300417    0.000000    0.866696 ^ random_o[10] (out)
                                              0.866696   data arrival time

                      0.150000   20.000000   20.000000   clock clk_i (rise edge)
                                  0.000000   20.000000   clock network delay (ideal)
                                 -0.250000   19.750002   clock uncertainty
                                  0.000000   19.750002   clock reconvergence pessimism
                                 -4.000000   15.750001   output external delay
                                             15.750001   data required time
---------------------------------------------------------------------------------------------
                                             15.750001   data required time
                                             -0.866696   data arrival time
---------------------------------------------------------------------------------------------
                                             14.883305   slack (MET)


Startpoint: _11817_ (rising edge-triggered flip-flop clocked by clk_i)
Endpoint: random_o[16] (output port clocked by clk_i)
Path Group: clk_i
Path Type: max

Fanout         Cap        Slew       Delay        Time   Description
---------------------------------------------------------------------------------------------
                      0.150000    0.000000    0.000000   clock clk_i (rise edge)
                                  0.000000    0.000000   clock network delay (ideal)
                      0.150000    0.000000    0.000000 ^ _11817_/CLK (sky130_fd_sc_hd__dfxtp_2)
     2    0.036084    0.300417    0.866696    0.866696 ^ _11817_/Q (sky130_fd_sc_hd__dfxtp_2)
                                                         random_o[16] (net)
                      0.300417    0.000000    0.866696 ^ random_o[16] (out)
                                              0.866696   data arrival time

                      0.150000   20.000000   20.000000   clock clk_i (rise edge)
                                  0.000000   20.000000   clock network delay (ideal)
                                 -0.250000   19.750002   clock uncertainty
                                  0.000000   19.750002   clock reconvergence pessimism
                                 -4.000000   15.750001   output external delay
                                             15.750001   data required time
---------------------------------------------------------------------------------------------
                                             15.750001   data required time
                                             -0.866696   data arrival time
---------------------------------------------------------------------------------------------
                                             14.883305   slack (MET)


Startpoint: _11825_ (rising edge-triggered flip-flop clocked by clk_i)
Endpoint: random_o[24] (output port clocked by clk_i)
Path Group: clk_i
Path Type: max

Fanout         Cap        Slew       Delay        Time   Description
---------------------------------------------------------------------------------------------
                      0.150000    0.000000    0.000000   clock clk_i (rise edge)
                                  0.000000    0.000000   clock network delay (ideal)
                      0.150000    0.000000    0.000000 ^ _11825_/CLK (sky130_fd_sc_hd__dfxtp_2)
     2    0.036084    0.300417    0.866696    0.866696 ^ _11825_/Q (sky130_fd_sc_hd__dfxtp_2)
                                                         random_o[24] (net)
                      0.300417    0.000000    0.866696 ^ random_o[24] (out)
                                              0.866696   data arrival time

                      0.150000   20.000000   20.000000   clock clk_i (rise edge)
                                  0.000000   20.000000   clock network delay (ideal)
                                 -0.250000   19.750002   clock uncertainty
                                  0.000000   19.750002   clock reconvergence pessimism
                                 -4.000000   15.750001   output external delay
                                             15.750001   data required time
---------------------------------------------------------------------------------------------
                                             15.750001   data required time
                                             -0.866696   data arrival time
---------------------------------------------------------------------------------------------
                                             14.883305   slack (MET)


Startpoint: _11826_ (rising edge-triggered flip-flop clocked by clk_i)
Endpoint: random_o[25] (output port clocked by clk_i)
Path Group: clk_i
Path Type: max

Fanout         Cap        Slew       Delay        Time   Description
---------------------------------------------------------------------------------------------
                      0.150000    0.000000    0.000000   clock clk_i (rise edge)
                                  0.000000    0.000000   clock network delay (ideal)
                      0.150000    0.000000    0.000000 ^ _11826_/CLK (sky130_fd_sc_hd__dfxtp_2)
     2    0.036084    0.300417    0.866696    0.866696 ^ _11826_/Q (sky130_fd_sc_hd__dfxtp_2)
                                                         random_o[25] (net)
                      0.300417    0.000000    0.866696 ^ random_o[25] (out)
                                              0.866696   data arrival time

                      0.150000   20.000000   20.000000   clock clk_i (rise edge)
                                  0.000000   20.000000   clock network delay (ideal)
                                 -0.250000   19.750002   clock uncertainty
                                  0.000000   19.750002   clock reconvergence pessimism
                                 -4.000000   15.750001   output external delay
                                             15.750001   data required time
---------------------------------------------------------------------------------------------
                                             15.750001   data required time
                                             -0.866696   data arrival time
---------------------------------------------------------------------------------------------
                                             14.883305   slack (MET)


Startpoint: _11827_ (rising edge-triggered flip-flop clocked by clk_i)
Endpoint: random_o[26] (output port clocked by clk_i)
Path Group: clk_i
Path Type: max

Fanout         Cap        Slew       Delay        Time   Description
---------------------------------------------------------------------------------------------
                      0.150000    0.000000    0.000000   clock clk_i (rise edge)
                                  0.000000    0.000000   clock network delay (ideal)
                      0.150000    0.000000    0.000000 ^ _11827_/CLK (sky130_fd_sc_hd__dfxtp_2)
     2    0.036084    0.300417    0.866696    0.866696 ^ _11827_/Q (sky130_fd_sc_hd__dfxtp_2)
                                                         random_o[26] (net)
                      0.300417    0.000000    0.866696 ^ random_o[26] (out)
                                              0.866696   data arrival time

                      0.150000   20.000000   20.000000   clock clk_i (rise edge)
                                  0.000000   20.000000   clock network delay (ideal)
                                 -0.250000   19.750002   clock uncertainty
                                  0.000000   19.750002   clock reconvergence pessimism
                                 -4.000000   15.750001   output external delay
                                             15.750001   data required time
---------------------------------------------------------------------------------------------
                                             15.750001   data required time
                                             -0.866696   data arrival time
---------------------------------------------------------------------------------------------
                                             14.883305   slack (MET)


Startpoint: _11810_ (rising edge-triggered flip-flop clocked by clk_i)
Endpoint: random_o[9] (output port clocked by clk_i)
Path Group: clk_i
Path Type: max

Fanout         Cap        Slew       Delay        Time   Description
---------------------------------------------------------------------------------------------
                      0.150000    0.000000    0.000000   clock clk_i (rise edge)
                                  0.000000    0.000000   clock network delay (ideal)
                      0.150000    0.000000    0.000000 ^ _11810_/CLK (sky130_fd_sc_hd__dfxtp_2)
     2    0.036084    0.300417    0.866696    0.866696 ^ _11810_/Q (sky130_fd_sc_hd__dfxtp_2)
                                                         random_o[9] (net)
                      0.300417    0.000000    0.866696 ^ random_o[9] (out)
                                              0.866696   data arrival time

                      0.150000   20.000000   20.000000   clock clk_i (rise edge)
                                  0.000000   20.000000   clock network delay (ideal)
                                 -0.250000   19.750002   clock uncertainty
                                  0.000000   19.750002   clock reconvergence pessimism
                                 -4.000000   15.750001   output external delay
                                             15.750001   data required time
---------------------------------------------------------------------------------------------
                                             15.750001   data required time
                                             -0.866696   data arrival time
---------------------------------------------------------------------------------------------
                                             14.883305   slack (MET)


Startpoint: _11801_ (rising edge-triggered flip-flop clocked by clk_i)
Endpoint: random_o[0] (output port clocked by clk_i)
Path Group: clk_i
Path Type: max

Fanout         Cap        Slew       Delay        Time   Description
---------------------------------------------------------------------------------------------
                      0.150000    0.000000    0.000000   clock clk_i (rise edge)
                                  0.000000    0.000000   clock network delay (ideal)
                      0.150000    0.000000    0.000000 ^ _11801_/CLK (sky130_fd_sc_hd__dfxtp_2)
     2    0.035876    0.298835    0.865546    0.865546 ^ _11801_/Q (sky130_fd_sc_hd__dfxtp_2)
                                                         random_o[0] (net)
                      0.298835    0.000000    0.865546 ^ random_o[0] (out)
                                              0.865546   data arrival time

                      0.150000   20.000000   20.000000   clock clk_i (rise edge)
                                  0.000000   20.000000   clock network delay (ideal)
                                 -0.250000   19.750002   clock uncertainty
                                  0.000000   19.750002   clock reconvergence pessimism
                                 -4.000000   15.750001   output external delay
                                             15.750001   data required time
---------------------------------------------------------------------------------------------
                                             15.750001   data required time
                                             -0.865546   data arrival time
---------------------------------------------------------------------------------------------
                                             14.884455   slack (MET)


Startpoint: _11812_ (rising edge-triggered flip-flop clocked by clk_i)
Endpoint: random_o[11] (output port clocked by clk_i)
Path Group: clk_i
Path Type: max

Fanout         Cap        Slew       Delay        Time   Description
---------------------------------------------------------------------------------------------
                      0.150000    0.000000    0.000000   clock clk_i (rise edge)
                                  0.000000    0.000000   clock network delay (ideal)
                      0.150000    0.000000    0.000000 ^ _11812_/CLK (sky130_fd_sc_hd__dfxtp_2)
     2    0.035876    0.298835    0.865546    0.865546 ^ _11812_/Q (sky130_fd_sc_hd__dfxtp_2)
                                                         random_o[11] (net)
                      0.298835    0.000000    0.865546 ^ random_o[11] (out)
                                              0.865546   data arrival time

                      0.150000   20.000000   20.000000   clock clk_i (rise edge)
                                  0.000000   20.000000   clock network delay (ideal)
                                 -0.250000   19.750002   clock uncertainty
                                  0.000000   19.750002   clock reconvergence pessimism
                                 -4.000000   15.750001   output external delay
                                             15.750001   data required time
---------------------------------------------------------------------------------------------
                                             15.750001   data required time
                                             -0.865546   data arrival time
---------------------------------------------------------------------------------------------
                                             14.884455   slack (MET)


Startpoint: _11813_ (rising edge-triggered flip-flop clocked by clk_i)
Endpoint: random_o[12] (output port clocked by clk_i)
Path Group: clk_i
Path Type: max

Fanout         Cap        Slew       Delay        Time   Description
---------------------------------------------------------------------------------------------
                      0.150000    0.000000    0.000000   clock clk_i (rise edge)
                                  0.000000    0.000000   clock network delay (ideal)
                      0.150000    0.000000    0.000000 ^ _11813_/CLK (sky130_fd_sc_hd__dfxtp_2)
     2    0.035876    0.298835    0.865546    0.865546 ^ _11813_/Q (sky130_fd_sc_hd__dfxtp_2)
                                                         random_o[12] (net)
                      0.298835    0.000000    0.865546 ^ random_o[12] (out)
                                              0.865546   data arrival time

                      0.150000   20.000000   20.000000   clock clk_i (rise edge)
                                  0.000000   20.000000   clock network delay (ideal)
                                 -0.250000   19.750002   clock uncertainty
                                  0.000000   19.750002   clock reconvergence pessimism
                                 -4.000000   15.750001   output external delay
                                             15.750001   data required time
---------------------------------------------------------------------------------------------
                                             15.750001   data required time
                                             -0.865546   data arrival time
---------------------------------------------------------------------------------------------
                                             14.884455   slack (MET)


Startpoint: _11814_ (rising edge-triggered flip-flop clocked by clk_i)
Endpoint: random_o[13] (output port clocked by clk_i)
Path Group: clk_i
Path Type: max

Fanout         Cap        Slew       Delay        Time   Description
---------------------------------------------------------------------------------------------
                      0.150000    0.000000    0.000000   clock clk_i (rise edge)
                                  0.000000    0.000000   clock network delay (ideal)
                      0.150000    0.000000    0.000000 ^ _11814_/CLK (sky130_fd_sc_hd__dfxtp_2)
     2    0.035876    0.298835    0.865546    0.865546 ^ _11814_/Q (sky130_fd_sc_hd__dfxtp_2)
                                                         random_o[13] (net)
                      0.298835    0.000000    0.865546 ^ random_o[13] (out)
                                              0.865546   data arrival time

                      0.150000   20.000000   20.000000   clock clk_i (rise edge)
                                  0.000000   20.000000   clock network delay (ideal)
                                 -0.250000   19.750002   clock uncertainty
                                  0.000000   19.750002   clock reconvergence pessimism
                                 -4.000000   15.750001   output external delay
                                             15.750001   data required time
---------------------------------------------------------------------------------------------
                                             15.750001   data required time
                                             -0.865546   data arrival time
---------------------------------------------------------------------------------------------
                                             14.884455   slack (MET)


Startpoint: _11815_ (rising edge-triggered flip-flop clocked by clk_i)
Endpoint: random_o[14] (output port clocked by clk_i)
Path Group: clk_i
Path Type: max

Fanout         Cap        Slew       Delay        Time   Description
---------------------------------------------------------------------------------------------
                      0.150000    0.000000    0.000000   clock clk_i (rise edge)
                                  0.000000    0.000000   clock network delay (ideal)
                      0.150000    0.000000    0.000000 ^ _11815_/CLK (sky130_fd_sc_hd__dfxtp_2)
     2    0.035876    0.298835    0.865546    0.865546 ^ _11815_/Q (sky130_fd_sc_hd__dfxtp_2)
                                                         random_o[14] (net)
                      0.298835    0.000000    0.865546 ^ random_o[14] (out)
                                              0.865546   data arrival time

                      0.150000   20.000000   20.000000   clock clk_i (rise edge)
                                  0.000000   20.000000   clock network delay (ideal)
                                 -0.250000   19.750002   clock uncertainty
                                  0.000000   19.750002   clock reconvergence pessimism
                                 -4.000000   15.750001   output external delay
                                             15.750001   data required time
---------------------------------------------------------------------------------------------
                                             15.750001   data required time
                                             -0.865546   data arrival time
---------------------------------------------------------------------------------------------
                                             14.884455   slack (MET)


Startpoint: _11816_ (rising edge-triggered flip-flop clocked by clk_i)
Endpoint: random_o[15] (output port clocked by clk_i)
Path Group: clk_i
Path Type: max

Fanout         Cap        Slew       Delay        Time   Description
---------------------------------------------------------------------------------------------
                      0.150000    0.000000    0.000000   clock clk_i (rise edge)
                                  0.000000    0.000000   clock network delay (ideal)
                      0.150000    0.000000    0.000000 ^ _11816_/CLK (sky130_fd_sc_hd__dfxtp_2)
     2    0.035876    0.298835    0.865546    0.865546 ^ _11816_/Q (sky130_fd_sc_hd__dfxtp_2)
                                                         random_o[15] (net)
                      0.298835    0.000000    0.865546 ^ random_o[15] (out)
                                              0.865546   data arrival time

                      0.150000   20.000000   20.000000   clock clk_i (rise edge)
                                  0.000000   20.000000   clock network delay (ideal)
                                 -0.250000   19.750002   clock uncertainty
                                  0.000000   19.750002   clock reconvergence pessimism
                                 -4.000000   15.750001   output external delay
                                             15.750001   data required time
---------------------------------------------------------------------------------------------
                                             15.750001   data required time
                                             -0.865546   data arrival time
---------------------------------------------------------------------------------------------
                                             14.884455   slack (MET)


Startpoint: _11820_ (rising edge-triggered flip-flop clocked by clk_i)
Endpoint: random_o[19] (output port clocked by clk_i)
Path Group: clk_i
Path Type: max

Fanout         Cap        Slew       Delay        Time   Description
---------------------------------------------------------------------------------------------
                      0.150000    0.000000    0.000000   clock clk_i (rise edge)
                                  0.000000    0.000000   clock network delay (ideal)
                      0.150000    0.000000    0.000000 ^ _11820_/CLK (sky130_fd_sc_hd__dfxtp_2)
     2    0.035876    0.298835    0.865546    0.865546 ^ _11820_/Q (sky130_fd_sc_hd__dfxtp_2)
                                                         random_o[19] (net)
                      0.298835    0.000000    0.865546 ^ random_o[19] (out)
                                              0.865546   data arrival time

                      0.150000   20.000000   20.000000   clock clk_i (rise edge)
                                  0.000000   20.000000   clock network delay (ideal)
                                 -0.250000   19.750002   clock uncertainty
                                  0.000000   19.750002   clock reconvergence pessimism
                                 -4.000000   15.750001   output external delay
                                             15.750001   data required time
---------------------------------------------------------------------------------------------
                                             15.750001   data required time
                                             -0.865546   data arrival time
---------------------------------------------------------------------------------------------
                                             14.884455   slack (MET)


Startpoint: _11802_ (rising edge-triggered flip-flop clocked by clk_i)
Endpoint: random_o[1] (output port clocked by clk_i)
Path Group: clk_i
Path Type: max

Fanout         Cap        Slew       Delay        Time   Description
---------------------------------------------------------------------------------------------
                      0.150000    0.000000    0.000000   clock clk_i (rise edge)
                                  0.000000    0.000000   clock network delay (ideal)
                      0.150000    0.000000    0.000000 ^ _11802_/CLK (sky130_fd_sc_hd__dfxtp_2)
     2    0.035876    0.298835    0.865546    0.865546 ^ _11802_/Q (sky130_fd_sc_hd__dfxtp_2)
                                                         random_o[1] (net)
                      0.298835    0.000000    0.865546 ^ random_o[1] (out)
                                              0.865546   data arrival time

                      0.150000   20.000000   20.000000   clock clk_i (rise edge)
                                  0.000000   20.000000   clock network delay (ideal)
                                 -0.250000   19.750002   clock uncertainty
                                  0.000000   19.750002   clock reconvergence pessimism
                                 -4.000000   15.750001   output external delay
                                             15.750001   data required time
---------------------------------------------------------------------------------------------
                                             15.750001   data required time
                                             -0.865546   data arrival time
---------------------------------------------------------------------------------------------
                                             14.884455   slack (MET)


Startpoint: _11821_ (rising edge-triggered flip-flop clocked by clk_i)
Endpoint: random_o[20] (output port clocked by clk_i)
Path Group: clk_i
Path Type: max

Fanout         Cap        Slew       Delay        Time   Description
---------------------------------------------------------------------------------------------
                      0.150000    0.000000    0.000000   clock clk_i (rise edge)
                                  0.000000    0.000000   clock network delay (ideal)
                      0.150000    0.000000    0.000000 ^ _11821_/CLK (sky130_fd_sc_hd__dfxtp_2)
     2    0.035876    0.298835    0.865546    0.865546 ^ _11821_/Q (sky130_fd_sc_hd__dfxtp_2)
                                                         random_o[20] (net)
                      0.298835    0.000000    0.865546 ^ random_o[20] (out)
                                              0.865546   data arrival time

                      0.150000   20.000000   20.000000   clock clk_i (rise edge)
                                  0.000000   20.000000   clock network delay (ideal)
                                 -0.250000   19.750002   clock uncertainty
                                  0.000000   19.750002   clock reconvergence pessimism
                                 -4.000000   15.750001   output external delay
                                             15.750001   data required time
---------------------------------------------------------------------------------------------
                                             15.750001   data required time
                                             -0.865546   data arrival time
---------------------------------------------------------------------------------------------
                                             14.884455   slack (MET)


Startpoint: _11822_ (rising edge-triggered flip-flop clocked by clk_i)
Endpoint: random_o[21] (output port clocked by clk_i)
Path Group: clk_i
Path Type: max

Fanout         Cap        Slew       Delay        Time   Description
---------------------------------------------------------------------------------------------
                      0.150000    0.000000    0.000000   clock clk_i (rise edge)
                                  0.000000    0.000000   clock network delay (ideal)
                      0.150000    0.000000    0.000000 ^ _11822_/CLK (sky130_fd_sc_hd__dfxtp_2)
     2    0.035876    0.298835    0.865546    0.865546 ^ _11822_/Q (sky130_fd_sc_hd__dfxtp_2)
                                                         random_o[21] (net)
                      0.298835    0.000000    0.865546 ^ random_o[21] (out)
                                              0.865546   data arrival time

                      0.150000   20.000000   20.000000   clock clk_i (rise edge)
                                  0.000000   20.000000   clock network delay (ideal)
                                 -0.250000   19.750002   clock uncertainty
                                  0.000000   19.750002   clock reconvergence pessimism
                                 -4.000000   15.750001   output external delay
                                             15.750001   data required time
---------------------------------------------------------------------------------------------
                                             15.750001   data required time
                                             -0.865546   data arrival time
---------------------------------------------------------------------------------------------
                                             14.884455   slack (MET)


Startpoint: _11823_ (rising edge-triggered flip-flop clocked by clk_i)
Endpoint: random_o[22] (output port clocked by clk_i)
Path Group: clk_i
Path Type: max

Fanout         Cap        Slew       Delay        Time   Description
---------------------------------------------------------------------------------------------
                      0.150000    0.000000    0.000000   clock clk_i (rise edge)
                                  0.000000    0.000000   clock network delay (ideal)
                      0.150000    0.000000    0.000000 ^ _11823_/CLK (sky130_fd_sc_hd__dfxtp_2)
     2    0.035876    0.298835    0.865546    0.865546 ^ _11823_/Q (sky130_fd_sc_hd__dfxtp_2)
                                                         random_o[22] (net)
                      0.298835    0.000000    0.865546 ^ random_o[22] (out)
                                              0.865546   data arrival time

                      0.150000   20.000000   20.000000   clock clk_i (rise edge)
                                  0.000000   20.000000   clock network delay (ideal)
                                 -0.250000   19.750002   clock uncertainty
                                  0.000000   19.750002   clock reconvergence pessimism
                                 -4.000000   15.750001   output external delay
                                             15.750001   data required time
---------------------------------------------------------------------------------------------
                                             15.750001   data required time
                                             -0.865546   data arrival time
---------------------------------------------------------------------------------------------
                                             14.884455   slack (MET)


Startpoint: _11828_ (rising edge-triggered flip-flop clocked by clk_i)
Endpoint: random_o[27] (output port clocked by clk_i)
Path Group: clk_i
Path Type: max

Fanout         Cap        Slew       Delay        Time   Description
---------------------------------------------------------------------------------------------
                      0.150000    0.000000    0.000000   clock clk_i (rise edge)
                                  0.000000    0.000000   clock network delay (ideal)
                      0.150000    0.000000    0.000000 ^ _11828_/CLK (sky130_fd_sc_hd__dfxtp_2)
     2    0.035876    0.298835    0.865546    0.865546 ^ _11828_/Q (sky130_fd_sc_hd__dfxtp_2)
                                                         random_o[27] (net)
                      0.298835    0.000000    0.865546 ^ random_o[27] (out)
                                              0.865546   data arrival time

                      0.150000   20.000000   20.000000   clock clk_i (rise edge)
                                  0.000000   20.000000   clock network delay (ideal)
                                 -0.250000   19.750002   clock uncertainty
                                  0.000000   19.750002   clock reconvergence pessimism
                                 -4.000000   15.750001   output external delay
                                             15.750001   data required time
---------------------------------------------------------------------------------------------
                                             15.750001   data required time
                                             -0.865546   data arrival time
---------------------------------------------------------------------------------------------
                                             14.884455   slack (MET)


Startpoint: _11829_ (rising edge-triggered flip-flop clocked by clk_i)
Endpoint: random_o[28] (output port clocked by clk_i)
Path Group: clk_i
Path Type: max

Fanout         Cap        Slew       Delay        Time   Description
---------------------------------------------------------------------------------------------
                      0.150000    0.000000    0.000000   clock clk_i (rise edge)
                                  0.000000    0.000000   clock network delay (ideal)
                      0.150000    0.000000    0.000000 ^ _11829_/CLK (sky130_fd_sc_hd__dfxtp_2)
     2    0.035876    0.298835    0.865546    0.865546 ^ _11829_/Q (sky130_fd_sc_hd__dfxtp_2)
                                                         random_o[28] (net)
                      0.298835    0.000000    0.865546 ^ random_o[28] (out)
                                              0.865546   data arrival time

                      0.150000   20.000000   20.000000   clock clk_i (rise edge)
                                  0.000000   20.000000   clock network delay (ideal)
                                 -0.250000   19.750002   clock uncertainty
                                  0.000000   19.750002   clock reconvergence pessimism
                                 -4.000000   15.750001   output external delay
                                             15.750001   data required time
---------------------------------------------------------------------------------------------
                                             15.750001   data required time
                                             -0.865546   data arrival time
---------------------------------------------------------------------------------------------
                                             14.884455   slack (MET)


Startpoint: _11830_ (rising edge-triggered flip-flop clocked by clk_i)
Endpoint: random_o[29] (output port clocked by clk_i)
Path Group: clk_i
Path Type: max

Fanout         Cap        Slew       Delay        Time   Description
---------------------------------------------------------------------------------------------
                      0.150000    0.000000    0.000000   clock clk_i (rise edge)
                                  0.000000    0.000000   clock network delay (ideal)
                      0.150000    0.000000    0.000000 ^ _11830_/CLK (sky130_fd_sc_hd__dfxtp_2)
     2    0.035876    0.298835    0.865546    0.865546 ^ _11830_/Q (sky130_fd_sc_hd__dfxtp_2)
                                                         random_o[29] (net)
                      0.298835    0.000000    0.865546 ^ random_o[29] (out)
                                              0.865546   data arrival time

                      0.150000   20.000000   20.000000   clock clk_i (rise edge)
                                  0.000000   20.000000   clock network delay (ideal)
                                 -0.250000   19.750002   clock uncertainty
                                  0.000000   19.750002   clock reconvergence pessimism
                                 -4.000000   15.750001   output external delay
                                             15.750001   data required time
---------------------------------------------------------------------------------------------
                                             15.750001   data required time
                                             -0.865546   data arrival time
---------------------------------------------------------------------------------------------
                                             14.884455   slack (MET)


Startpoint: _11803_ (rising edge-triggered flip-flop clocked by clk_i)
Endpoint: random_o[2] (output port clocked by clk_i)
Path Group: clk_i
Path Type: max

Fanout         Cap        Slew       Delay        Time   Description
---------------------------------------------------------------------------------------------
                      0.150000    0.000000    0.000000   clock clk_i (rise edge)
                                  0.000000    0.000000   clock network delay (ideal)
                      0.150000    0.000000    0.000000 ^ _11803_/CLK (sky130_fd_sc_hd__dfxtp_2)
     2    0.035876    0.298835    0.865546    0.865546 ^ _11803_/Q (sky130_fd_sc_hd__dfxtp_2)
                                                         random_o[2] (net)
                      0.298835    0.000000    0.865546 ^ random_o[2] (out)
                                              0.865546   data arrival time

                      0.150000   20.000000   20.000000   clock clk_i (rise edge)
                                  0.000000   20.000000   clock network delay (ideal)
                                 -0.250000   19.750002   clock uncertainty
                                  0.000000   19.750002   clock reconvergence pessimism
                                 -4.000000   15.750001   output external delay
                                             15.750001   data required time
---------------------------------------------------------------------------------------------
                                             15.750001   data required time
                                             -0.865546   data arrival time
---------------------------------------------------------------------------------------------
                                             14.884455   slack (MET)


Startpoint: _11831_ (rising edge-triggered flip-flop clocked by clk_i)
Endpoint: random_o[30] (output port clocked by clk_i)
Path Group: clk_i
Path Type: max

Fanout         Cap        Slew       Delay        Time   Description
---------------------------------------------------------------------------------------------
                      0.150000    0.000000    0.000000   clock clk_i (rise edge)
                                  0.000000    0.000000   clock network delay (ideal)
                      0.150000    0.000000    0.000000 ^ _11831_/CLK (sky130_fd_sc_hd__dfxtp_2)
     2    0.035876    0.298835    0.865546    0.865546 ^ _11831_/Q (sky130_fd_sc_hd__dfxtp_2)
                                                         random_o[30] (net)
                      0.298835    0.000000    0.865546 ^ random_o[30] (out)
                                              0.865546   data arrival time

                      0.150000   20.000000   20.000000   clock clk_i (rise edge)
                                  0.000000   20.000000   clock network delay (ideal)
                                 -0.250000   19.750002   clock uncertainty
                                  0.000000   19.750002   clock reconvergence pessimism
                                 -4.000000   15.750001   output external delay
                                             15.750001   data required time
---------------------------------------------------------------------------------------------
                                             15.750001   data required time
                                             -0.865546   data arrival time
---------------------------------------------------------------------------------------------
                                             14.884455   slack (MET)


Startpoint: _11832_ (rising edge-triggered flip-flop clocked by clk_i)
Endpoint: random_o[31] (output port clocked by clk_i)
Path Group: clk_i
Path Type: max

Fanout         Cap        Slew       Delay        Time   Description
---------------------------------------------------------------------------------------------
                      0.150000    0.000000    0.000000   clock clk_i (rise edge)
                                  0.000000    0.000000   clock network delay (ideal)
                      0.150000    0.000000    0.000000 ^ _11832_/CLK (sky130_fd_sc_hd__dfxtp_2)
     2    0.035876    0.298835    0.865546    0.865546 ^ _11832_/Q (sky130_fd_sc_hd__dfxtp_2)
                                                         random_o[31] (net)
                      0.298835    0.000000    0.865546 ^ random_o[31] (out)
                                              0.865546   data arrival time

                      0.150000   20.000000   20.000000   clock clk_i (rise edge)
                                  0.000000   20.000000   clock network delay (ideal)
                                 -0.250000   19.750002   clock uncertainty
                                  0.000000   19.750002   clock reconvergence pessimism
                                 -4.000000   15.750001   output external delay
                                             15.750001   data required time
---------------------------------------------------------------------------------------------
                                             15.750001   data required time
                                             -0.865546   data arrival time
---------------------------------------------------------------------------------------------
                                             14.884455   slack (MET)


Startpoint: _11804_ (rising edge-triggered flip-flop clocked by clk_i)
Endpoint: random_o[3] (output port clocked by clk_i)
Path Group: clk_i
Path Type: max

Fanout         Cap        Slew       Delay        Time   Description
---------------------------------------------------------------------------------------------
                      0.150000    0.000000    0.000000   clock clk_i (rise edge)
                                  0.000000    0.000000   clock network delay (ideal)
                      0.150000    0.000000    0.000000 ^ _11804_/CLK (sky130_fd_sc_hd__dfxtp_2)
     2    0.035876    0.298835    0.865546    0.865546 ^ _11804_/Q (sky130_fd_sc_hd__dfxtp_2)
                                                         random_o[3] (net)
                      0.298835    0.000000    0.865546 ^ random_o[3] (out)
                                              0.865546   data arrival time

                      0.150000   20.000000   20.000000   clock clk_i (rise edge)
                                  0.000000   20.000000   clock network delay (ideal)
                                 -0.250000   19.750002   clock uncertainty
                                  0.000000   19.750002   clock reconvergence pessimism
                                 -4.000000   15.750001   output external delay
                                             15.750001   data required time
---------------------------------------------------------------------------------------------
                                             15.750001   data required time
                                             -0.865546   data arrival time
---------------------------------------------------------------------------------------------
                                             14.884455   slack (MET)


Startpoint: _11805_ (rising edge-triggered flip-flop clocked by clk_i)
Endpoint: random_o[4] (output port clocked by clk_i)
Path Group: clk_i
Path Type: max

Fanout         Cap        Slew       Delay        Time   Description
---------------------------------------------------------------------------------------------
                      0.150000    0.000000    0.000000   clock clk_i (rise edge)
                                  0.000000    0.000000   clock network delay (ideal)
                      0.150000    0.000000    0.000000 ^ _11805_/CLK (sky130_fd_sc_hd__dfxtp_2)
     2    0.035876    0.298835    0.865546    0.865546 ^ _11805_/Q (sky130_fd_sc_hd__dfxtp_2)
                                                         random_o[4] (net)
                      0.298835    0.000000    0.865546 ^ random_o[4] (out)
                                              0.865546   data arrival time

                      0.150000   20.000000   20.000000   clock clk_i (rise edge)
                                  0.000000   20.000000   clock network delay (ideal)
                                 -0.250000   19.750002   clock uncertainty
                                  0.000000   19.750002   clock reconvergence pessimism
                                 -4.000000   15.750001   output external delay
                                             15.750001   data required time
---------------------------------------------------------------------------------------------
                                             15.750001   data required time
                                             -0.865546   data arrival time
---------------------------------------------------------------------------------------------
                                             14.884455   slack (MET)


Startpoint: _11806_ (rising edge-triggered flip-flop clocked by clk_i)
Endpoint: random_o[5] (output port clocked by clk_i)
Path Group: clk_i
Path Type: max

Fanout         Cap        Slew       Delay        Time   Description
---------------------------------------------------------------------------------------------
                      0.150000    0.000000    0.000000   clock clk_i (rise edge)
                                  0.000000    0.000000   clock network delay (ideal)
                      0.150000    0.000000    0.000000 ^ _11806_/CLK (sky130_fd_sc_hd__dfxtp_2)
     2    0.035876    0.298835    0.865546    0.865546 ^ _11806_/Q (sky130_fd_sc_hd__dfxtp_2)
                                                         random_o[5] (net)
                      0.298835    0.000000    0.865546 ^ random_o[5] (out)
                                              0.865546   data arrival time

                      0.150000   20.000000   20.000000   clock clk_i (rise edge)
                                  0.000000   20.000000   clock network delay (ideal)
                                 -0.250000   19.750002   clock uncertainty
                                  0.000000   19.750002   clock reconvergence pessimism
                                 -4.000000   15.750001   output external delay
                                             15.750001   data required time
---------------------------------------------------------------------------------------------
                                             15.750001   data required time
                                             -0.865546   data arrival time
---------------------------------------------------------------------------------------------
                                             14.884455   slack (MET)


Startpoint: _11807_ (rising edge-triggered flip-flop clocked by clk_i)
Endpoint: random_o[6] (output port clocked by clk_i)
Path Group: clk_i
Path Type: max

Fanout         Cap        Slew       Delay        Time   Description
---------------------------------------------------------------------------------------------
                      0.150000    0.000000    0.000000   clock clk_i (rise edge)
                                  0.000000    0.000000   clock network delay (ideal)
                      0.150000    0.000000    0.000000 ^ _11807_/CLK (sky130_fd_sc_hd__dfxtp_2)
     2    0.035876    0.298835    0.865546    0.865546 ^ _11807_/Q (sky130_fd_sc_hd__dfxtp_2)
                                                         random_o[6] (net)
                      0.298835    0.000000    0.865546 ^ random_o[6] (out)
                                              0.865546   data arrival time

                      0.150000   20.000000   20.000000   clock clk_i (rise edge)
                                  0.000000   20.000000   clock network delay (ideal)
                                 -0.250000   19.750002   clock uncertainty
                                  0.000000   19.750002   clock reconvergence pessimism
                                 -4.000000   15.750001   output external delay
                                             15.750001   data required time
---------------------------------------------------------------------------------------------
                                             15.750001   data required time
                                             -0.865546   data arrival time
---------------------------------------------------------------------------------------------
                                             14.884455   slack (MET)


Startpoint: _11808_ (rising edge-triggered flip-flop clocked by clk_i)
Endpoint: random_o[7] (output port clocked by clk_i)
Path Group: clk_i
Path Type: max

Fanout         Cap        Slew       Delay        Time   Description
---------------------------------------------------------------------------------------------
                      0.150000    0.000000    0.000000   clock clk_i (rise edge)
                                  0.000000    0.000000   clock network delay (ideal)
                      0.150000    0.000000    0.000000 ^ _11808_/CLK (sky130_fd_sc_hd__dfxtp_2)
     2    0.035876    0.298835    0.865546    0.865546 ^ _11808_/Q (sky130_fd_sc_hd__dfxtp_2)
                                                         random_o[7] (net)
                      0.298835    0.000000    0.865546 ^ random_o[7] (out)
                                              0.865546   data arrival time

                      0.150000   20.000000   20.000000   clock clk_i (rise edge)
                                  0.000000   20.000000   clock network delay (ideal)
                                 -0.250000   19.750002   clock uncertainty
                                  0.000000   19.750002   clock reconvergence pessimism
                                 -4.000000   15.750001   output external delay
                                             15.750001   data required time
---------------------------------------------------------------------------------------------
                                             15.750001   data required time
                                             -0.865546   data arrival time
---------------------------------------------------------------------------------------------
                                             14.884455   slack (MET)


Startpoint: _11824_ (rising edge-triggered flip-flop clocked by clk_i)
Endpoint: random_o[23] (output port clocked by clk_i)
Path Group: clk_i
Path Type: max

Fanout         Cap        Slew       Delay        Time   Description
---------------------------------------------------------------------------------------------
                      0.150000    0.000000    0.000000   clock clk_i (rise edge)
                                  0.000000    0.000000   clock network delay (ideal)
                      0.150000    0.000000    0.000000 ^ _11824_/CLK (sky130_fd_sc_hd__dfxtp_2)
     2    0.034858    0.291092    0.859921    0.859921 ^ _11824_/Q (sky130_fd_sc_hd__dfxtp_2)
                                                         random_o[23] (net)
                      0.291092    0.000000    0.859921 ^ random_o[23] (out)
                                              0.859921   data arrival time

                      0.150000   20.000000   20.000000   clock clk_i (rise edge)
                                  0.000000   20.000000   clock network delay (ideal)
                                 -0.250000   19.750002   clock uncertainty
                                  0.000000   19.750002   clock reconvergence pessimism
                                 -4.000000   15.750001   output external delay
                                             15.750001   data required time
---------------------------------------------------------------------------------------------
                                             15.750001   data required time
                                             -0.859921   data arrival time
---------------------------------------------------------------------------------------------
                                             14.890079   slack (MET)


Startpoint: _11809_ (rising edge-triggered flip-flop clocked by clk_i)
Endpoint: random_o[8] (output port clocked by clk_i)
Path Group: clk_i
Path Type: max

Fanout         Cap        Slew       Delay        Time   Description
---------------------------------------------------------------------------------------------
                      0.150000    0.000000    0.000000   clock clk_i (rise edge)
                                  0.000000    0.000000   clock network delay (ideal)
                      0.150000    0.000000    0.000000 ^ _11809_/CLK (sky130_fd_sc_hd__dfxtp_2)
     2    0.034858    0.291092    0.859921    0.859921 ^ _11809_/Q (sky130_fd_sc_hd__dfxtp_2)
                                                         random_o[8] (net)
                      0.291092    0.000000    0.859921 ^ random_o[8] (out)
                                              0.859921   data arrival time

                      0.150000   20.000000   20.000000   clock clk_i (rise edge)
                                  0.000000   20.000000   clock network delay (ideal)
                                 -0.250000   19.750002   clock uncertainty
                                  0.000000   19.750002   clock reconvergence pessimism
                                 -4.000000   15.750001   output external delay
                                             15.750001   data required time
---------------------------------------------------------------------------------------------
                                             15.750001   data required time
                                             -0.859921   data arrival time
---------------------------------------------------------------------------------------------
                                             14.890079   slack (MET)


Startpoint: _11800_ (rising edge-triggered flip-flop clocked by clk_i)
Endpoint: valid_o (output port clocked by clk_i)
Path Group: clk_i
Path Type: max

Fanout         Cap        Slew       Delay        Time   Description
---------------------------------------------------------------------------------------------
                      0.150000    0.000000    0.000000   clock clk_i (rise edge)
                                  0.000000    0.000000   clock network delay (ideal)
                      0.150000    0.000000    0.000000 ^ _11800_/CLK (sky130_fd_sc_hd__dfxtp_2)
     1    0.033442    0.280322    0.852096    0.852096 ^ _11800_/Q (sky130_fd_sc_hd__dfxtp_2)
                                                         valid_o (net)
                      0.280322    0.000000    0.852096 ^ valid_o (out)
                                              0.852096   data arrival time

                      0.150000   20.000000   20.000000   clock clk_i (rise edge)
                                  0.000000   20.000000   clock network delay (ideal)
                                 -0.250000   19.750002   clock uncertainty
                                  0.000000   19.750002   clock reconvergence pessimism
                                 -4.000000   15.750001   output external delay
                                             15.750001   data required time
---------------------------------------------------------------------------------------------
                                             15.750001   data required time
                                             -0.852096   data arrival time
---------------------------------------------------------------------------------------------
                                             14.897904   slack (MET)



