
===========================================================================
report_checks -path_delay min (Hold)
============================================================================
======================= nom_ff_n40C_1v95 Corner ===================================

Startpoint: _3839_ (rising edge-triggered flip-flop clocked by clk_i)
Endpoint: _3839_ (rising edge-triggered flip-flop clocked by clk_i)
Path Group: clk_i
Path Type: min

Fanout         Cap        Slew       Delay        Time   Description
---------------------------------------------------------------------------------------------
                      0.150000    0.000000    0.000000   clock clk_i (rise edge)
                                  0.000000    0.000000   clock network delay (ideal)
                      0.150000    0.000000    0.000000 ^ _3839_/CLK (sky130_fd_sc_hd__dfxtp_2)
     2    0.010958    0.050030    0.238012    0.238012 ^ _3839_/Q (sky130_fd_sc_hd__dfxtp_2)
                                                         s1_wire[28] (net)
                      0.050030    0.000000    0.238012 ^ _3224_/A1 (sky130_fd_sc_hd__o211a_2)
     1    0.001748    0.022363    0.095347    0.333359 ^ _3224_/X (sky130_fd_sc_hd__o211a_2)
                                                         _0061_ (net)
                      0.022363    0.000000    0.333359 ^ _3839_/D (sky130_fd_sc_hd__dfxtp_2)
                                              0.333359   data arrival time

                      0.150000    0.000000    0.000000   clock clk_i (rise edge)
                                  0.000000    0.000000   clock network delay (ideal)
                                  0.250000    0.250000   clock uncertainty
                                  0.000000    0.250000   clock reconvergence pessimism
                                              0.250000 ^ _3839_/CLK (sky130_fd_sc_hd__dfxtp_2)
                                 -0.013859    0.236141   library hold time
                                              0.236141   data required time
---------------------------------------------------------------------------------------------
                                              0.236141   data required time
                                             -0.333359   data arrival time
---------------------------------------------------------------------------------------------
                                              0.097219   slack (MET)


Startpoint: _3820_ (rising edge-triggered flip-flop clocked by clk_i)
Endpoint: _3820_ (rising edge-triggered flip-flop clocked by clk_i)
Path Group: clk_i
Path Type: min

Fanout         Cap        Slew       Delay        Time   Description
---------------------------------------------------------------------------------------------
                      0.150000    0.000000    0.000000   clock clk_i (rise edge)
                                  0.000000    0.000000   clock network delay (ideal)
                      0.150000    0.000000    0.000000 ^ _3820_/CLK (sky130_fd_sc_hd__dfxtp_2)
     2    0.010972    0.050078    0.238050    0.238050 ^ _3820_/Q (sky130_fd_sc_hd__dfxtp_2)
                                                         s1_wire[9] (net)
                      0.050078    0.000000    0.238050 ^ _3167_/A1 (sky130_fd_sc_hd__o211a_2)
     1    0.001748    0.022364    0.095355    0.333405 ^ _3167_/X (sky130_fd_sc_hd__o211a_2)
                                                         _0042_ (net)
                      0.022364    0.000000    0.333405 ^ _3820_/D (sky130_fd_sc_hd__dfxtp_2)
                                              0.333405   data arrival time

                      0.150000    0.000000    0.000000   clock clk_i (rise edge)
                                  0.000000    0.000000   clock network delay (ideal)
                                  0.250000    0.250000   clock uncertainty
                                  0.000000    0.250000   clock reconvergence pessimism
                                              0.250000 ^ _3820_/CLK (sky130_fd_sc_hd__dfxtp_2)
                                 -0.013860    0.236140   library hold time
                                              0.236140   data required time
---------------------------------------------------------------------------------------------
                                              0.236140   data required time
                                             -0.333405   data arrival time
---------------------------------------------------------------------------------------------
                                              0.097264   slack (MET)


Startpoint: _3823_ (rising edge-triggered flip-flop clocked by clk_i)
Endpoint: _3823_ (rising edge-triggered flip-flop clocked by clk_i)
Path Group: clk_i
Path Type: min

Fanout         Cap        Slew       Delay        Time   Description
---------------------------------------------------------------------------------------------
                      0.150000    0.000000    0.000000   clock clk_i (rise edge)
                                  0.000000    0.000000   clock network delay (ideal)
                      0.150000    0.000000    0.000000 ^ _3823_/CLK (sky130_fd_sc_hd__dfxtp_2)
     2    0.010972    0.050078    0.238050    0.238050 ^ _3823_/Q (sky130_fd_sc_hd__dfxtp_2)
                                                         s1_wire[12] (net)
                      0.050078    0.000000    0.238050 ^ _3176_/A1 (sky130_fd_sc_hd__o211a_2)
     1    0.001748    0.022364    0.095355    0.333405 ^ _3176_/X (sky130_fd_sc_hd__o211a_2)
                                                         _0045_ (net)
                      0.022364    0.000000    0.333405 ^ _3823_/D (sky130_fd_sc_hd__dfxtp_2)
                                              0.333405   data arrival time

                      0.150000    0.000000    0.000000   clock clk_i (rise edge)
                                  0.000000    0.000000   clock network delay (ideal)
                                  0.250000    0.250000   clock uncertainty
                                  0.000000    0.250000   clock reconvergence pessimism
                                              0.250000 ^ _3823_/CLK (sky130_fd_sc_hd__dfxtp_2)
                                 -0.013860    0.236140   library hold time
                                              0.236140   data required time
---------------------------------------------------------------------------------------------
                                              0.236140   data required time
                                             -0.333405   data arrival time
---------------------------------------------------------------------------------------------
                                              0.097264   slack (MET)


Startpoint: _3829_ (rising edge-triggered flip-flop clocked by clk_i)
Endpoint: _3829_ (rising edge-triggered flip-flop clocked by clk_i)
Path Group: clk_i
Path Type: min

Fanout         Cap        Slew       Delay        Time   Description
---------------------------------------------------------------------------------------------
                      0.150000    0.000000    0.000000   clock clk_i (rise edge)
                                  0.000000    0.000000   clock network delay (ideal)
                      0.150000    0.000000    0.000000 ^ _3829_/CLK (sky130_fd_sc_hd__dfxtp_2)
     2    0.010972    0.050078    0.238050    0.238050 ^ _3829_/Q (sky130_fd_sc_hd__dfxtp_2)
                                                         s1_wire[18] (net)
                      0.050078    0.000000    0.238050 ^ _3194_/A1 (sky130_fd_sc_hd__o211a_2)
     1    0.001748    0.022363    0.095355    0.333405 ^ _3194_/X (sky130_fd_sc_hd__o211a_2)
                                                         _0051_ (net)
                      0.022363    0.000000    0.333405 ^ _3829_/D (sky130_fd_sc_hd__dfxtp_2)
                                              0.333405   data arrival time

                      0.150000    0.000000    0.000000   clock clk_i (rise edge)
                                  0.000000    0.000000   clock network delay (ideal)
                                  0.250000    0.250000   clock uncertainty
                                  0.000000    0.250000   clock reconvergence pessimism
                                              0.250000 ^ _3829_/CLK (sky130_fd_sc_hd__dfxtp_2)
                                 -0.013859    0.236141   library hold time
                                              0.236141   data required time
---------------------------------------------------------------------------------------------
                                              0.236141   data required time
                                             -0.333405   data arrival time
---------------------------------------------------------------------------------------------
                                              0.097264   slack (MET)


Startpoint: _3831_ (rising edge-triggered flip-flop clocked by clk_i)
Endpoint: _3831_ (rising edge-triggered flip-flop clocked by clk_i)
Path Group: clk_i
Path Type: min

Fanout         Cap        Slew       Delay        Time   Description
---------------------------------------------------------------------------------------------
                      0.150000    0.000000    0.000000   clock clk_i (rise edge)
                                  0.000000    0.000000   clock network delay (ideal)
                      0.150000    0.000000    0.000000 ^ _3831_/CLK (sky130_fd_sc_hd__dfxtp_2)
     2    0.010972    0.050078    0.238050    0.238050 ^ _3831_/Q (sky130_fd_sc_hd__dfxtp_2)
                                                         s1_wire[20] (net)
                      0.050078    0.000000    0.238050 ^ _3200_/A1 (sky130_fd_sc_hd__o211a_2)
     1    0.001748    0.022364    0.095355    0.333405 ^ _3200_/X (sky130_fd_sc_hd__o211a_2)
                                                         _0053_ (net)
                      0.022364    0.000000    0.333405 ^ _3831_/D (sky130_fd_sc_hd__dfxtp_2)
                                              0.333405   data arrival time

                      0.150000    0.000000    0.000000   clock clk_i (rise edge)
                                  0.000000    0.000000   clock network delay (ideal)
                                  0.250000    0.250000   clock uncertainty
                                  0.000000    0.250000   clock reconvergence pessimism
                                              0.250000 ^ _3831_/CLK (sky130_fd_sc_hd__dfxtp_2)
                                 -0.013860    0.236141   library hold time
                                              0.236141   data required time
---------------------------------------------------------------------------------------------
                                              0.236141   data required time
                                             -0.333405   data arrival time
---------------------------------------------------------------------------------------------
                                              0.097264   slack (MET)


Startpoint: _3816_ (rising edge-triggered flip-flop clocked by clk_i)
Endpoint: _3816_ (rising edge-triggered flip-flop clocked by clk_i)
Path Group: clk_i
Path Type: min

Fanout         Cap        Slew       Delay        Time   Description
---------------------------------------------------------------------------------------------
                      0.150000    0.000000    0.000000   clock clk_i (rise edge)
                                  0.000000    0.000000   clock network delay (ideal)
                      0.150000    0.000000    0.000000 ^ _3816_/CLK (sky130_fd_sc_hd__dfxtp_2)
     2    0.010090    0.047035    0.235692    0.235692 ^ _3816_/Q (sky130_fd_sc_hd__dfxtp_2)
                                                         s1_wire[5] (net)
                      0.047035    0.000000    0.235692 ^ _3154_/A0 (sky130_fd_sc_hd__mux2_1)
     1    0.001587    0.022488    0.069482    0.305173 ^ _3154_/X (sky130_fd_sc_hd__mux2_1)
                                                         _0939_ (net)
                      0.022488    0.000000    0.305173 ^ _3155_/B (sky130_fd_sc_hd__or2_2)
     1    0.001748    0.017640    0.054923    0.360096 ^ _3155_/X (sky130_fd_sc_hd__or2_2)
                                                         _0038_ (net)
                      0.017640    0.000000    0.360096 ^ _3816_/D (sky130_fd_sc_hd__dfxtp_2)
                                              0.360096   data arrival time

                      0.150000    0.000000    0.000000   clock clk_i (rise edge)
                                  0.000000    0.000000   clock network delay (ideal)
                                  0.250000    0.250000   clock uncertainty
                                  0.000000    0.250000   clock reconvergence pessimism
                                              0.250000 ^ _3816_/CLK (sky130_fd_sc_hd__dfxtp_2)
                                 -0.013531    0.236469   library hold time
                                              0.236469   data required time
---------------------------------------------------------------------------------------------
                                              0.236469   data required time
                                             -0.360096   data arrival time
---------------------------------------------------------------------------------------------
                                              0.123627   slack (MET)


Startpoint: _3818_ (rising edge-triggered flip-flop clocked by clk_i)
Endpoint: _3818_ (rising edge-triggered flip-flop clocked by clk_i)
Path Group: clk_i
Path Type: min

Fanout         Cap        Slew       Delay        Time   Description
---------------------------------------------------------------------------------------------
                      0.150000    0.000000    0.000000   clock clk_i (rise edge)
                                  0.000000    0.000000   clock network delay (ideal)
                      0.150000    0.000000    0.000000 ^ _3818_/CLK (sky130_fd_sc_hd__dfxtp_2)
     2    0.010090    0.047035    0.235692    0.235692 ^ _3818_/Q (sky130_fd_sc_hd__dfxtp_2)
                                                         s1_wire[7] (net)
                      0.047035    0.000000    0.235692 ^ _3160_/A0 (sky130_fd_sc_hd__mux2_1)
     1    0.001587    0.022488    0.069482    0.305173 ^ _3160_/X (sky130_fd_sc_hd__mux2_1)
                                                         _0943_ (net)
                      0.022488    0.000000    0.305173 ^ _3161_/B (sky130_fd_sc_hd__or2_2)
     1    0.001748    0.017640    0.054923    0.360096 ^ _3161_/X (sky130_fd_sc_hd__or2_2)
                                                         _0040_ (net)
                      0.017640    0.000000    0.360096 ^ _3818_/D (sky130_fd_sc_hd__dfxtp_2)
                                              0.360096   data arrival time

                      0.150000    0.000000    0.000000   clock clk_i (rise edge)
                                  0.000000    0.000000   clock network delay (ideal)
                                  0.250000    0.250000   clock uncertainty
                                  0.000000    0.250000   clock reconvergence pessimism
                                              0.250000 ^ _3818_/CLK (sky130_fd_sc_hd__dfxtp_2)
                                 -0.013531    0.236469   library hold time
                                              0.236469   data required time
---------------------------------------------------------------------------------------------
                                              0.236469   data required time
                                             -0.360096   data arrival time
---------------------------------------------------------------------------------------------
                                              0.123627   slack (MET)


Startpoint: _3826_ (rising edge-triggered flip-flop clocked by clk_i)
Endpoint: _3826_ (rising edge-triggered flip-flop clocked by clk_i)
Path Group: clk_i
Path Type: min

Fanout         Cap        Slew       Delay        Time   Description
---------------------------------------------------------------------------------------------
                      0.150000    0.000000    0.000000   clock clk_i (rise edge)
                                  0.000000    0.000000   clock network delay (ideal)
                      0.150000    0.000000    0.000000 ^ _3826_/CLK (sky130_fd_sc_hd__dfxtp_2)
     2    0.010090    0.047035    0.235692    0.235692 ^ _3826_/Q (sky130_fd_sc_hd__dfxtp_2)
                                                         s1_wire[15] (net)
                      0.047035    0.000000    0.235692 ^ _3184_/A0 (sky130_fd_sc_hd__mux2_1)
     1    0.001587    0.022488    0.069482    0.305173 ^ _3184_/X (sky130_fd_sc_hd__mux2_1)
                                                         _0959_ (net)
                      0.022488    0.000000    0.305173 ^ _3185_/B (sky130_fd_sc_hd__or2_2)
     1    0.001748    0.017640    0.054923    0.360096 ^ _3185_/X (sky130_fd_sc_hd__or2_2)
                                                         _0048_ (net)
                      0.017640    0.000000    0.360096 ^ _3826_/D (sky130_fd_sc_hd__dfxtp_2)
                                              0.360096   data arrival time

                      0.150000    0.000000    0.000000   clock clk_i (rise edge)
                                  0.000000    0.000000   clock network delay (ideal)
                                  0.250000    0.250000   clock uncertainty
                                  0.000000    0.250000   clock reconvergence pessimism
                                              0.250000 ^ _3826_/CLK (sky130_fd_sc_hd__dfxtp_2)
                                 -0.013531    0.236469   library hold time
                                              0.236469   data required time
---------------------------------------------------------------------------------------------
                                              0.236469   data required time
                                             -0.360096   data arrival time
---------------------------------------------------------------------------------------------
                                              0.123627   slack (MET)


Startpoint: _3842_ (rising edge-triggered flip-flop clocked by clk_i)
Endpoint: _3842_ (rising edge-triggered flip-flop clocked by clk_i)
Path Group: clk_i
Path Type: min

Fanout         Cap        Slew       Delay        Time   Description
---------------------------------------------------------------------------------------------
                      0.150000    0.000000    0.000000   clock clk_i (rise edge)
                                  0.000000    0.000000   clock network delay (ideal)
                      0.150000    0.000000    0.000000 ^ _3842_/CLK (sky130_fd_sc_hd__dfxtp_2)
     2    0.010090    0.047035    0.235692    0.235692 ^ _3842_/Q (sky130_fd_sc_hd__dfxtp_2)
                                                         s1_wire[31] (net)
                      0.047035    0.000000    0.235692 ^ _3232_/A0 (sky130_fd_sc_hd__mux2_1)
     1    0.001587    0.022488    0.069482    0.305173 ^ _3232_/X (sky130_fd_sc_hd__mux2_1)
                                                         _0991_ (net)
                      0.022488    0.000000    0.305173 ^ _3233_/B (sky130_fd_sc_hd__or2_2)
     1    0.001748    0.017640    0.054923    0.360096 ^ _3233_/X (sky130_fd_sc_hd__or2_2)
                                                         _0064_ (net)
                      0.017640    0.000000    0.360096 ^ _3842_/D (sky130_fd_sc_hd__dfxtp_2)
                                              0.360096   data arrival time

                      0.150000    0.000000    0.000000   clock clk_i (rise edge)
                                  0.000000    0.000000   clock network delay (ideal)
                                  0.250000    0.250000   clock uncertainty
                                  0.000000    0.250000   clock reconvergence pessimism
                                              0.250000 ^ _3842_/CLK (sky130_fd_sc_hd__dfxtp_2)
                                 -0.013531    0.236469   library hold time
                                              0.236469   data required time
---------------------------------------------------------------------------------------------
                                              0.236469   data required time
                                             -0.360096   data arrival time
---------------------------------------------------------------------------------------------
                                              0.123627   slack (MET)


Startpoint: _3811_ (rising edge-triggered flip-flop clocked by clk_i)
Endpoint: _3811_ (rising edge-triggered flip-flop clocked by clk_i)
Path Group: clk_i
Path Type: min

Fanout         Cap        Slew       Delay        Time   Description
---------------------------------------------------------------------------------------------
                      0.150000    0.000000    0.000000   clock clk_i (rise edge)
                                  0.000000    0.000000   clock network delay (ideal)
                      0.150000    0.000000    0.000000 ^ _3811_/CLK (sky130_fd_sc_hd__dfxtp_2)
     2    0.010104    0.047084    0.235729    0.235729 ^ _3811_/Q (sky130_fd_sc_hd__dfxtp_2)
                                                         s1_wire[0] (net)
                      0.047084    0.000000    0.235729 ^ _3139_/A0 (sky130_fd_sc_hd__mux2_1)
     1    0.001587    0.022488    0.069495    0.305224 ^ _3139_/X (sky130_fd_sc_hd__mux2_1)
                                                         _0929_ (net)
                      0.022488    0.000000    0.305224 ^ _3140_/B (sky130_fd_sc_hd__or2_2)
     1    0.001748    0.017640    0.054923    0.360147 ^ _3140_/X (sky130_fd_sc_hd__or2_2)
                                                         _0033_ (net)
                      0.017640    0.000000    0.360147 ^ _3811_/D (sky130_fd_sc_hd__dfxtp_2)
                                              0.360147   data arrival time

                      0.150000    0.000000    0.000000   clock clk_i (rise edge)
                                  0.000000    0.000000   clock network delay (ideal)
                                  0.250000    0.250000   clock uncertainty
                                  0.000000    0.250000   clock reconvergence pessimism
                                              0.250000 ^ _3811_/CLK (sky130_fd_sc_hd__dfxtp_2)
                                 -0.013531    0.236469   library hold time
                                              0.236469   data required time
---------------------------------------------------------------------------------------------
                                              0.236469   data required time
                                             -0.360147   data arrival time
---------------------------------------------------------------------------------------------
                                              0.123678   slack (MET)


Startpoint: _3812_ (rising edge-triggered flip-flop clocked by clk_i)
Endpoint: _3812_ (rising edge-triggered flip-flop clocked by clk_i)
Path Group: clk_i
Path Type: min

Fanout         Cap        Slew       Delay        Time   Description
---------------------------------------------------------------------------------------------
                      0.150000    0.000000    0.000000   clock clk_i (rise edge)
                                  0.000000    0.000000   clock network delay (ideal)
                      0.150000    0.000000    0.000000 ^ _3812_/CLK (sky130_fd_sc_hd__dfxtp_2)
     2    0.010104    0.047084    0.235729    0.235729 ^ _3812_/Q (sky130_fd_sc_hd__dfxtp_2)
                                                         s1_wire[1] (net)
                      0.047084    0.000000    0.235729 ^ _3142_/A0 (sky130_fd_sc_hd__mux2_1)
     1    0.001587    0.022488    0.069495    0.305224 ^ _3142_/X (sky130_fd_sc_hd__mux2_1)
                                                         _0931_ (net)
                      0.022488    0.000000    0.305224 ^ _3143_/B (sky130_fd_sc_hd__or2_2)
     1    0.001748    0.017640    0.054923    0.360147 ^ _3143_/X (sky130_fd_sc_hd__or2_2)
                                                         _0034_ (net)
                      0.017640    0.000000    0.360147 ^ _3812_/D (sky130_fd_sc_hd__dfxtp_2)
                                              0.360147   data arrival time

                      0.150000    0.000000    0.000000   clock clk_i (rise edge)
                                  0.000000    0.000000   clock network delay (ideal)
                                  0.250000    0.250000   clock uncertainty
                                  0.000000    0.250000   clock reconvergence pessimism
                                              0.250000 ^ _3812_/CLK (sky130_fd_sc_hd__dfxtp_2)
                                 -0.013531    0.236469   library hold time
                                              0.236469   data required time
---------------------------------------------------------------------------------------------
                                              0.236469   data required time
                                             -0.360147   data arrival time
---------------------------------------------------------------------------------------------
                                              0.123678   slack (MET)


Startpoint: _3813_ (rising edge-triggered flip-flop clocked by clk_i)
Endpoint: _3813_ (rising edge-triggered flip-flop clocked by clk_i)
Path Group: clk_i
Path Type: min

Fanout         Cap        Slew       Delay        Time   Description
---------------------------------------------------------------------------------------------
                      0.150000    0.000000    0.000000   clock clk_i (rise edge)
                                  0.000000    0.000000   clock network delay (ideal)
                      0.150000    0.000000    0.000000 ^ _3813_/CLK (sky130_fd_sc_hd__dfxtp_2)
     2    0.010104    0.047084    0.235729    0.235729 ^ _3813_/Q (sky130_fd_sc_hd__dfxtp_2)
                                                         s1_wire[2] (net)
                      0.047084    0.000000    0.235729 ^ _3145_/A0 (sky130_fd_sc_hd__mux2_1)
     1    0.001587    0.022488    0.069495    0.305224 ^ _3145_/X (sky130_fd_sc_hd__mux2_1)
                                                         _0933_ (net)
                      0.022488    0.000000    0.305224 ^ _3146_/B (sky130_fd_sc_hd__or2_2)
     1    0.001748    0.017640    0.054923    0.360147 ^ _3146_/X (sky130_fd_sc_hd__or2_2)
                                                         _0035_ (net)
                      0.017640    0.000000    0.360147 ^ _3813_/D (sky130_fd_sc_hd__dfxtp_2)
                                              0.360147   data arrival time

                      0.150000    0.000000    0.000000   clock clk_i (rise edge)
                                  0.000000    0.000000   clock network delay (ideal)
                                  0.250000    0.250000   clock uncertainty
                                  0.000000    0.250000   clock reconvergence pessimism
                                              0.250000 ^ _3813_/CLK (sky130_fd_sc_hd__dfxtp_2)
                                 -0.013531    0.236469   library hold time
                                              0.236469   data required time
---------------------------------------------------------------------------------------------
                                              0.236469   data required time
                                             -0.360147   data arrival time
---------------------------------------------------------------------------------------------
                                              0.123678   slack (MET)


Startpoint: _3814_ (rising edge-triggered flip-flop clocked by clk_i)
Endpoint: _3814_ (rising edge-triggered flip-flop clocked by clk_i)
Path Group: clk_i
Path Type: min

Fanout         Cap        Slew       Delay        Time   Description
---------------------------------------------------------------------------------------------
                      0.150000    0.000000    0.000000   clock clk_i (rise edge)
                                  0.000000    0.000000   clock network delay (ideal)
                      0.150000    0.000000    0.000000 ^ _3814_/CLK (sky130_fd_sc_hd__dfxtp_2)
     2    0.010104    0.047084    0.235729    0.235729 ^ _3814_/Q (sky130_fd_sc_hd__dfxtp_2)
                                                         s1_wire[3] (net)
                      0.047084    0.000000    0.235729 ^ _3148_/A0 (sky130_fd_sc_hd__mux2_1)
     1    0.001587    0.022488    0.069495    0.305224 ^ _3148_/X (sky130_fd_sc_hd__mux2_1)
                                                         _0935_ (net)
                      0.022488    0.000000    0.305224 ^ _3149_/B (sky130_fd_sc_hd__or2_2)
     1    0.001748    0.017640    0.054923    0.360147 ^ _3149_/X (sky130_fd_sc_hd__or2_2)
                                                         _0036_ (net)
                      0.017640    0.000000    0.360147 ^ _3814_/D (sky130_fd_sc_hd__dfxtp_2)
                                              0.360147   data arrival time

                      0.150000    0.000000    0.000000   clock clk_i (rise edge)
                                  0.000000    0.000000   clock network delay (ideal)
                                  0.250000    0.250000   clock uncertainty
                                  0.000000    0.250000   clock reconvergence pessimism
                                              0.250000 ^ _3814_/CLK (sky130_fd_sc_hd__dfxtp_2)
                                 -0.013531    0.236469   library hold time
                                              0.236469   data required time
---------------------------------------------------------------------------------------------
                                              0.236469   data required time
                                             -0.360147   data arrival time
---------------------------------------------------------------------------------------------
                                              0.123678   slack (MET)


Startpoint: _3817_ (rising edge-triggered flip-flop clocked by clk_i)
Endpoint: _3817_ (rising edge-triggered flip-flop clocked by clk_i)
Path Group: clk_i
Path Type: min

Fanout         Cap        Slew       Delay        Time   Description
---------------------------------------------------------------------------------------------
                      0.150000    0.000000    0.000000   clock clk_i (rise edge)
                                  0.000000    0.000000   clock network delay (ideal)
                      0.150000    0.000000    0.000000 ^ _3817_/CLK (sky130_fd_sc_hd__dfxtp_2)
     2    0.010104    0.047084    0.235729    0.235729 ^ _3817_/Q (sky130_fd_sc_hd__dfxtp_2)
                                                         s1_wire[6] (net)
                      0.047084    0.000000    0.235729 ^ _3157_/A0 (sky130_fd_sc_hd__mux2_1)
     1    0.001587    0.022488    0.069495    0.305224 ^ _3157_/X (sky130_fd_sc_hd__mux2_1)
                                                         _0941_ (net)
                      0.022488    0.000000    0.305224 ^ _3158_/B (sky130_fd_sc_hd__or2_2)
     1    0.001748    0.017640    0.054923    0.360147 ^ _3158_/X (sky130_fd_sc_hd__or2_2)
                                                         _0039_ (net)
                      0.017640    0.000000    0.360147 ^ _3817_/D (sky130_fd_sc_hd__dfxtp_2)
                                              0.360147   data arrival time

                      0.150000    0.000000    0.000000   clock clk_i (rise edge)
                                  0.000000    0.000000   clock network delay (ideal)
                                  0.250000    0.250000   clock uncertainty
                                  0.000000    0.250000   clock reconvergence pessimism
                                              0.250000 ^ _3817_/CLK (sky130_fd_sc_hd__dfxtp_2)
                                 -0.013531    0.236469   library hold time
                                              0.236469   data required time
---------------------------------------------------------------------------------------------
                                              0.236469   data required time
                                             -0.360147   data arrival time
---------------------------------------------------------------------------------------------
                                              0.123678   slack (MET)


Startpoint: _3819_ (rising edge-triggered flip-flop clocked by clk_i)
Endpoint: _3819_ (rising edge-triggered flip-flop clocked by clk_i)
Path Group: clk_i
Path Type: min

Fanout         Cap        Slew       Delay        Time   Description
---------------------------------------------------------------------------------------------
                      0.150000    0.000000    0.000000   clock clk_i (rise edge)
                                  0.000000    0.000000   clock network delay (ideal)
                      0.150000    0.000000    0.000000 ^ _3819_/CLK (sky130_fd_sc_hd__dfxtp_2)
     2    0.010104    0.047084    0.235729    0.235729 ^ _3819_/Q (sky130_fd_sc_hd__dfxtp_2)
                                                         s1_wire[8] (net)
                      0.047084    0.000000    0.235729 ^ _3163_/A0 (sky130_fd_sc_hd__mux2_1)
     1    0.001587    0.022488    0.069495    0.305224 ^ _3163_/X (sky130_fd_sc_hd__mux2_1)
                                                         _0945_ (net)
                      0.022488    0.000000    0.305224 ^ _3164_/B (sky130_fd_sc_hd__or2_2)
     1    0.001748    0.017640    0.054923    0.360147 ^ _3164_/X (sky130_fd_sc_hd__or2_2)
                                                         _0041_ (net)
                      0.017640    0.000000    0.360147 ^ _3819_/D (sky130_fd_sc_hd__dfxtp_2)
                                              0.360147   data arrival time

                      0.150000    0.000000    0.000000   clock clk_i (rise edge)
                                  0.000000    0.000000   clock network delay (ideal)
                                  0.250000    0.250000   clock uncertainty
                                  0.000000    0.250000   clock reconvergence pessimism
                                              0.250000 ^ _3819_/CLK (sky130_fd_sc_hd__dfxtp_2)
                                 -0.013531    0.236469   library hold time
                                              0.236469   data required time
---------------------------------------------------------------------------------------------
                                              0.236469   data required time
                                             -0.360147   data arrival time
---------------------------------------------------------------------------------------------
                                              0.123678   slack (MET)


Startpoint: _3821_ (rising edge-triggered flip-flop clocked by clk_i)
Endpoint: _3821_ (rising edge-triggered flip-flop clocked by clk_i)
Path Group: clk_i
Path Type: min

Fanout         Cap        Slew       Delay        Time   Description
---------------------------------------------------------------------------------------------
                      0.150000    0.000000    0.000000   clock clk_i (rise edge)
                                  0.000000    0.000000   clock network delay (ideal)
                      0.150000    0.000000    0.000000 ^ _3821_/CLK (sky130_fd_sc_hd__dfxtp_2)
     2    0.010104    0.047084    0.235729    0.235729 ^ _3821_/Q (sky130_fd_sc_hd__dfxtp_2)
                                                         s1_wire[10] (net)
                      0.047084    0.000000    0.235729 ^ _3169_/A0 (sky130_fd_sc_hd__mux2_1)
     1    0.001587    0.022488    0.069495    0.305224 ^ _3169_/X (sky130_fd_sc_hd__mux2_1)
                                                         _0949_ (net)
                      0.022488    0.000000    0.305224 ^ _3170_/B (sky130_fd_sc_hd__or2_2)
     1    0.001748    0.017640    0.054923    0.360147 ^ _3170_/X (sky130_fd_sc_hd__or2_2)
                                                         _0043_ (net)
                      0.017640    0.000000    0.360147 ^ _3821_/D (sky130_fd_sc_hd__dfxtp_2)
                                              0.360147   data arrival time

                      0.150000    0.000000    0.000000   clock clk_i (rise edge)
                                  0.000000    0.000000   clock network delay (ideal)
                                  0.250000    0.250000   clock uncertainty
                                  0.000000    0.250000   clock reconvergence pessimism
                                              0.250000 ^ _3821_/CLK (sky130_fd_sc_hd__dfxtp_2)
                                 -0.013531    0.236469   library hold time
                                              0.236469   data required time
---------------------------------------------------------------------------------------------
                                              0.236469   data required time
                                             -0.360147   data arrival time
---------------------------------------------------------------------------------------------
                                              0.123678   slack (MET)


Startpoint: _3822_ (rising edge-triggered flip-flop clocked by clk_i)
Endpoint: _3822_ (rising edge-triggered flip-flop clocked by clk_i)
Path Group: clk_i
Path Type: min

Fanout         Cap        Slew       Delay        Time   Description
---------------------------------------------------------------------------------------------
                      0.150000    0.000000    0.000000   clock clk_i (rise edge)
                                  0.000000    0.000000   clock network delay (ideal)
                      0.150000    0.000000    0.000000 ^ _3822_/CLK (sky130_fd_sc_hd__dfxtp_2)
     2    0.010104    0.047084    0.235729    0.235729 ^ _3822_/Q (sky130_fd_sc_hd__dfxtp_2)
                                                         s1_wire[11] (net)
                      0.047084    0.000000    0.235729 ^ _3172_/A0 (sky130_fd_sc_hd__mux2_1)
     1    0.001587    0.022488    0.069495    0.305224 ^ _3172_/X (sky130_fd_sc_hd__mux2_1)
                                                         _0951_ (net)
                      0.022488    0.000000    0.305224 ^ _3173_/B (sky130_fd_sc_hd__or2_2)
     1    0.001748    0.017640    0.054923    0.360147 ^ _3173_/X (sky130_fd_sc_hd__or2_2)
                                                         _0044_ (net)
                      0.017640    0.000000    0.360147 ^ _3822_/D (sky130_fd_sc_hd__dfxtp_2)
                                              0.360147   data arrival time

                      0.150000    0.000000    0.000000   clock clk_i (rise edge)
                                  0.000000    0.000000   clock network delay (ideal)
                                  0.250000    0.250000   clock uncertainty
                                  0.000000    0.250000   clock reconvergence pessimism
                                              0.250000 ^ _3822_/CLK (sky130_fd_sc_hd__dfxtp_2)
                                 -0.013531    0.236469   library hold time
                                              0.236469   data required time
---------------------------------------------------------------------------------------------
                                              0.236469   data required time
                                             -0.360147   data arrival time
---------------------------------------------------------------------------------------------
                                              0.123678   slack (MET)


Startpoint: _3825_ (rising edge-triggered flip-flop clocked by clk_i)
Endpoint: _3825_ (rising edge-triggered flip-flop clocked by clk_i)
Path Group: clk_i
Path Type: min

Fanout         Cap        Slew       Delay        Time   Description
---------------------------------------------------------------------------------------------
                      0.150000    0.000000    0.000000   clock clk_i (rise edge)
                                  0.000000    0.000000   clock network delay (ideal)
                      0.150000    0.000000    0.000000 ^ _3825_/CLK (sky130_fd_sc_hd__dfxtp_2)
     2    0.010104    0.047084    0.235729    0.235729 ^ _3825_/Q (sky130_fd_sc_hd__dfxtp_2)
                                                         s1_wire[14] (net)
                      0.047084    0.000000    0.235729 ^ _3181_/A0 (sky130_fd_sc_hd__mux2_1)
     1    0.001587    0.022488    0.069495    0.305224 ^ _3181_/X (sky130_fd_sc_hd__mux2_1)
                                                         _0957_ (net)
                      0.022488    0.000000    0.305224 ^ _3182_/B (sky130_fd_sc_hd__or2_2)
     1    0.001748    0.017640    0.054923    0.360147 ^ _3182_/X (sky130_fd_sc_hd__or2_2)
                                                         _0047_ (net)
                      0.017640    0.000000    0.360147 ^ _3825_/D (sky130_fd_sc_hd__dfxtp_2)
                                              0.360147   data arrival time

                      0.150000    0.000000    0.000000   clock clk_i (rise edge)
                                  0.000000    0.000000   clock network delay (ideal)
                                  0.250000    0.250000   clock uncertainty
                                  0.000000    0.250000   clock reconvergence pessimism
                                              0.250000 ^ _3825_/CLK (sky130_fd_sc_hd__dfxtp_2)
                                 -0.013531    0.236469   library hold time
                                              0.236469   data required time
---------------------------------------------------------------------------------------------
                                              0.236469   data required time
                                             -0.360147   data arrival time
---------------------------------------------------------------------------------------------
                                              0.123678   slack (MET)


Startpoint: _3827_ (rising edge-triggered flip-flop clocked by clk_i)
Endpoint: _3827_ (rising edge-triggered flip-flop clocked by clk_i)
Path Group: clk_i
Path Type: min

Fanout         Cap        Slew       Delay        Time   Description
---------------------------------------------------------------------------------------------
                      0.150000    0.000000    0.000000   clock clk_i (rise edge)
                                  0.000000    0.000000   clock network delay (ideal)
                      0.150000    0.000000    0.000000 ^ _3827_/CLK (sky130_fd_sc_hd__dfxtp_2)
     2    0.010104    0.047084    0.235729    0.235729 ^ _3827_/Q (sky130_fd_sc_hd__dfxtp_2)
                                                         s1_wire[16] (net)
                      0.047084    0.000000    0.235729 ^ _3187_/A0 (sky130_fd_sc_hd__mux2_1)
     1    0.001587    0.022488    0.069495    0.305224 ^ _3187_/X (sky130_fd_sc_hd__mux2_1)
                                                         _0961_ (net)
                      0.022488    0.000000    0.305224 ^ _3188_/B (sky130_fd_sc_hd__or2_2)
     1    0.001748    0.017640    0.054923    0.360147 ^ _3188_/X (sky130_fd_sc_hd__or2_2)
                                                         _0049_ (net)
                      0.017640    0.000000    0.360147 ^ _3827_/D (sky130_fd_sc_hd__dfxtp_2)
                                              0.360147   data arrival time

                      0.150000    0.000000    0.000000   clock clk_i (rise edge)
                                  0.000000    0.000000   clock network delay (ideal)
                                  0.250000    0.250000   clock uncertainty
                                  0.000000    0.250000   clock reconvergence pessimism
                                              0.250000 ^ _3827_/CLK (sky130_fd_sc_hd__dfxtp_2)
                                 -0.013531    0.236469   library hold time
                                              0.236469   data required time
---------------------------------------------------------------------------------------------
                                              0.236469   data required time
                                             -0.360147   data arrival time
---------------------------------------------------------------------------------------------
                                              0.123678   slack (MET)


Startpoint: _3828_ (rising edge-triggered flip-flop clocked by clk_i)
Endpoint: _3828_ (rising edge-triggered flip-flop clocked by clk_i)
Path Group: clk_i
Path Type: min

Fanout         Cap        Slew       Delay        Time   Description
---------------------------------------------------------------------------------------------
                      0.150000    0.000000    0.000000   clock clk_i (rise edge)
                                  0.000000    0.000000   clock network delay (ideal)
                      0.150000    0.000000    0.000000 ^ _3828_/CLK (sky130_fd_sc_hd__dfxtp_2)
     2    0.010104    0.047084    0.235729    0.235729 ^ _3828_/Q (sky130_fd_sc_hd__dfxtp_2)
                                                         s1_wire[17] (net)
                      0.047084    0.000000    0.235729 ^ _3190_/A0 (sky130_fd_sc_hd__mux2_1)
     1    0.001587    0.022488    0.069495    0.305224 ^ _3190_/X (sky130_fd_sc_hd__mux2_1)
                                                         _0963_ (net)
                      0.022488    0.000000    0.305224 ^ _3191_/B (sky130_fd_sc_hd__or2_2)
     1    0.001748    0.017640    0.054923    0.360147 ^ _3191_/X (sky130_fd_sc_hd__or2_2)
                                                         _0050_ (net)
                      0.017640    0.000000    0.360147 ^ _3828_/D (sky130_fd_sc_hd__dfxtp_2)
                                              0.360147   data arrival time

                      0.150000    0.000000    0.000000   clock clk_i (rise edge)
                                  0.000000    0.000000   clock network delay (ideal)
                                  0.250000    0.250000   clock uncertainty
                                  0.000000    0.250000   clock reconvergence pessimism
                                              0.250000 ^ _3828_/CLK (sky130_fd_sc_hd__dfxtp_2)
                                 -0.013531    0.236469   library hold time
                                              0.236469   data required time
---------------------------------------------------------------------------------------------
                                              0.236469   data required time
                                             -0.360147   data arrival time
---------------------------------------------------------------------------------------------
                                              0.123678   slack (MET)


Startpoint: _3830_ (rising edge-triggered flip-flop clocked by clk_i)
Endpoint: _3830_ (rising edge-triggered flip-flop clocked by clk_i)
Path Group: clk_i
Path Type: min

Fanout         Cap        Slew       Delay        Time   Description
---------------------------------------------------------------------------------------------
                      0.150000    0.000000    0.000000   clock clk_i (rise edge)
                                  0.000000    0.000000   clock network delay (ideal)
                      0.150000    0.000000    0.000000 ^ _3830_/CLK (sky130_fd_sc_hd__dfxtp_2)
     2    0.010104    0.047084    0.235729    0.235729 ^ _3830_/Q (sky130_fd_sc_hd__dfxtp_2)
                                                         s1_wire[19] (net)
                      0.047084    0.000000    0.235729 ^ _3196_/A0 (sky130_fd_sc_hd__mux2_1)
     1    0.001587    0.022488    0.069495    0.305224 ^ _3196_/X (sky130_fd_sc_hd__mux2_1)
                                                         _0967_ (net)
                      0.022488    0.000000    0.305224 ^ _3197_/B (sky130_fd_sc_hd__or2_2)
     1    0.001748    0.017640    0.054923    0.360147 ^ _3197_/X (sky130_fd_sc_hd__or2_2)
                                                         _0052_ (net)
                      0.017640    0.000000    0.360147 ^ _3830_/D (sky130_fd_sc_hd__dfxtp_2)
                                              0.360147   data arrival time

                      0.150000    0.000000    0.000000   clock clk_i (rise edge)
                                  0.000000    0.000000   clock network delay (ideal)
                                  0.250000    0.250000   clock uncertainty
                                  0.000000    0.250000   clock reconvergence pessimism
                                              0.250000 ^ _3830_/CLK (sky130_fd_sc_hd__dfxtp_2)
                                 -0.013531    0.236469   library hold time
                                              0.236469   data required time
---------------------------------------------------------------------------------------------
                                              0.236469   data required time
                                             -0.360147   data arrival time
---------------------------------------------------------------------------------------------
                                              0.123678   slack (MET)


Startpoint: _3832_ (rising edge-triggered flip-flop clocked by clk_i)
Endpoint: _3832_ (rising edge-triggered flip-flop clocked by clk_i)
Path Group: clk_i
Path Type: min

Fanout         Cap        Slew       Delay        Time   Description
---------------------------------------------------------------------------------------------
                      0.150000    0.000000    0.000000   clock clk_i (rise edge)
                                  0.000000    0.000000   clock network delay (ideal)
                      0.150000    0.000000    0.000000 ^ _3832_/CLK (sky130_fd_sc_hd__dfxtp_2)
     2    0.010104    0.047084    0.235729    0.235729 ^ _3832_/Q (sky130_fd_sc_hd__dfxtp_2)
                                                         s1_wire[21] (net)
                      0.047084    0.000000    0.235729 ^ _3202_/A0 (sky130_fd_sc_hd__mux2_1)
     1    0.001587    0.022488    0.069495    0.305224 ^ _3202_/X (sky130_fd_sc_hd__mux2_1)
                                                         _0971_ (net)
                      0.022488    0.000000    0.305224 ^ _3203_/B (sky130_fd_sc_hd__or2_2)
     1    0.001748    0.017640    0.054923    0.360147 ^ _3203_/X (sky130_fd_sc_hd__or2_2)
                                                         _0054_ (net)
                      0.017640    0.000000    0.360147 ^ _3832_/D (sky130_fd_sc_hd__dfxtp_2)
                                              0.360147   data arrival time

                      0.150000    0.000000    0.000000   clock clk_i (rise edge)
                                  0.000000    0.000000   clock network delay (ideal)
                                  0.250000    0.250000   clock uncertainty
                                  0.000000    0.250000   clock reconvergence pessimism
                                              0.250000 ^ _3832_/CLK (sky130_fd_sc_hd__dfxtp_2)
                                 -0.013531    0.236469   library hold time
                                              0.236469   data required time
---------------------------------------------------------------------------------------------
                                              0.236469   data required time
                                             -0.360147   data arrival time
---------------------------------------------------------------------------------------------
                                              0.123678   slack (MET)


Startpoint: _3834_ (rising edge-triggered flip-flop clocked by clk_i)
Endpoint: _3834_ (rising edge-triggered flip-flop clocked by clk_i)
Path Group: clk_i
Path Type: min

Fanout         Cap        Slew       Delay        Time   Description
---------------------------------------------------------------------------------------------
                      0.150000    0.000000    0.000000   clock clk_i (rise edge)
                                  0.000000    0.000000   clock network delay (ideal)
                      0.150000    0.000000    0.000000 ^ _3834_/CLK (sky130_fd_sc_hd__dfxtp_2)
     2    0.010104    0.047084    0.235729    0.235729 ^ _3834_/Q (sky130_fd_sc_hd__dfxtp_2)
                                                         s1_wire[23] (net)
                      0.047084    0.000000    0.235729 ^ _3208_/A0 (sky130_fd_sc_hd__mux2_1)
     1    0.001587    0.022488    0.069495    0.305224 ^ _3208_/X (sky130_fd_sc_hd__mux2_1)
                                                         _0975_ (net)
                      0.022488    0.000000    0.305224 ^ _3209_/B (sky130_fd_sc_hd__or2_2)
     1    0.001748    0.017640    0.054923    0.360147 ^ _3209_/X (sky130_fd_sc_hd__or2_2)
                                                         _0056_ (net)
                      0.017640    0.000000    0.360147 ^ _3834_/D (sky130_fd_sc_hd__dfxtp_2)
                                              0.360147   data arrival time

                      0.150000    0.000000    0.000000   clock clk_i (rise edge)
                                  0.000000    0.000000   clock network delay (ideal)
                                  0.250000    0.250000   clock uncertainty
                                  0.000000    0.250000   clock reconvergence pessimism
                                              0.250000 ^ _3834_/CLK (sky130_fd_sc_hd__dfxtp_2)
                                 -0.013531    0.236469   library hold time
                                              0.236469   data required time
---------------------------------------------------------------------------------------------
                                              0.236469   data required time
                                             -0.360147   data arrival time
---------------------------------------------------------------------------------------------
                                              0.123678   slack (MET)


Startpoint: _3835_ (rising edge-triggered flip-flop clocked by clk_i)
Endpoint: _3835_ (rising edge-triggered flip-flop clocked by clk_i)
Path Group: clk_i
Path Type: min

Fanout         Cap        Slew       Delay        Time   Description
---------------------------------------------------------------------------------------------
                      0.150000    0.000000    0.000000   clock clk_i (rise edge)
                                  0.000000    0.000000   clock network delay (ideal)
                      0.150000    0.000000    0.000000 ^ _3835_/CLK (sky130_fd_sc_hd__dfxtp_2)
     2    0.010104    0.047084    0.235729    0.235729 ^ _3835_/Q (sky130_fd_sc_hd__dfxtp_2)
                                                         s1_wire[24] (net)
                      0.047084    0.000000    0.235729 ^ _3211_/A0 (sky130_fd_sc_hd__mux2_1)
     1    0.001587    0.022488    0.069495    0.305224 ^ _3211_/X (sky130_fd_sc_hd__mux2_1)
                                                         _0977_ (net)
                      0.022488    0.000000    0.305224 ^ _3212_/B (sky130_fd_sc_hd__or2_2)
     1    0.001748    0.017640    0.054923    0.360147 ^ _3212_/X (sky130_fd_sc_hd__or2_2)
                                                         _0057_ (net)
                      0.017640    0.000000    0.360147 ^ _3835_/D (sky130_fd_sc_hd__dfxtp_2)
                                              0.360147   data arrival time

                      0.150000    0.000000    0.000000   clock clk_i (rise edge)
                                  0.000000    0.000000   clock network delay (ideal)
                                  0.250000    0.250000   clock uncertainty
                                  0.000000    0.250000   clock reconvergence pessimism
                                              0.250000 ^ _3835_/CLK (sky130_fd_sc_hd__dfxtp_2)
                                 -0.013531    0.236469   library hold time
                                              0.236469   data required time
---------------------------------------------------------------------------------------------
                                              0.236469   data required time
                                             -0.360147   data arrival time
---------------------------------------------------------------------------------------------
                                              0.123678   slack (MET)


Startpoint: _3838_ (rising edge-triggered flip-flop clocked by clk_i)
Endpoint: _3838_ (rising edge-triggered flip-flop clocked by clk_i)
Path Group: clk_i
Path Type: min

Fanout         Cap        Slew       Delay        Time   Description
---------------------------------------------------------------------------------------------
                      0.150000    0.000000    0.000000   clock clk_i (rise edge)
                                  0.000000    0.000000   clock network delay (ideal)
                      0.150000    0.000000    0.000000 ^ _3838_/CLK (sky130_fd_sc_hd__dfxtp_2)
     2    0.010104    0.047084    0.235729    0.235729 ^ _3838_/Q (sky130_fd_sc_hd__dfxtp_2)
                                                         s1_wire[27] (net)
                      0.047084    0.000000    0.235729 ^ _3220_/A0 (sky130_fd_sc_hd__mux2_1)
     1    0.001587    0.022488    0.069495    0.305224 ^ _3220_/X (sky130_fd_sc_hd__mux2_1)
                                                         _0983_ (net)
                      0.022488    0.000000    0.305224 ^ _3221_/B (sky130_fd_sc_hd__or2_2)
     1    0.001748    0.017640    0.054923    0.360147 ^ _3221_/X (sky130_fd_sc_hd__or2_2)
                                                         _0060_ (net)
                      0.017640    0.000000    0.360147 ^ _3838_/D (sky130_fd_sc_hd__dfxtp_2)
                                              0.360147   data arrival time

                      0.150000    0.000000    0.000000   clock clk_i (rise edge)
                                  0.000000    0.000000   clock network delay (ideal)
                                  0.250000    0.250000   clock uncertainty
                                  0.000000    0.250000   clock reconvergence pessimism
                                              0.250000 ^ _3838_/CLK (sky130_fd_sc_hd__dfxtp_2)
                                 -0.013531    0.236469   library hold time
                                              0.236469   data required time
---------------------------------------------------------------------------------------------
                                              0.236469   data required time
                                             -0.360147   data arrival time
---------------------------------------------------------------------------------------------
                                              0.123678   slack (MET)


Startpoint: _3815_ (rising edge-triggered flip-flop clocked by clk_i)
Endpoint: _3815_ (rising edge-triggered flip-flop clocked by clk_i)
Path Group: clk_i
Path Type: min

Fanout         Cap        Slew       Delay        Time   Description
---------------------------------------------------------------------------------------------
                      0.150000    0.000000    0.000000   clock clk_i (rise edge)
                                  0.000000    0.000000   clock network delay (ideal)
                      0.150000    0.000000    0.000000 ^ _3815_/CLK (sky130_fd_sc_hd__dfxtp_2)
     2    0.010078    0.046994    0.235660    0.235660 ^ _3815_/Q (sky130_fd_sc_hd__dfxtp_2)
                                                         s1_wire[4] (net)
                      0.046994    0.000000    0.235660 ^ _3151_/A (sky130_fd_sc_hd__or2_2)
     1    0.002470    0.020316    0.066520    0.302180 ^ _3151_/X (sky130_fd_sc_hd__or2_2)
                                                         _0937_ (net)
                      0.020316    0.000000    0.302180 ^ _3152_/B1 (sky130_fd_sc_hd__o211a_2)
     1    0.001748    0.022369    0.072792    0.374972 ^ _3152_/X (sky130_fd_sc_hd__o211a_2)
                                                         _0037_ (net)
                      0.022369    0.000000    0.374972 ^ _3815_/D (sky130_fd_sc_hd__dfxtp_2)
                                              0.374972   data arrival time

                      0.150000    0.000000    0.000000   clock clk_i (rise edge)
                                  0.000000    0.000000   clock network delay (ideal)
                                  0.250000    0.250000   clock uncertainty
                                  0.000000    0.250000   clock reconvergence pessimism
                                              0.250000 ^ _3815_/CLK (sky130_fd_sc_hd__dfxtp_2)
                                 -0.013860    0.236140   library hold time
                                              0.236140   data required time
---------------------------------------------------------------------------------------------
                                              0.236140   data required time
                                             -0.374972   data arrival time
---------------------------------------------------------------------------------------------
                                              0.138832   slack (MET)


Startpoint: _3824_ (rising edge-triggered flip-flop clocked by clk_i)
Endpoint: _3824_ (rising edge-triggered flip-flop clocked by clk_i)
Path Group: clk_i
Path Type: min

Fanout         Cap        Slew       Delay        Time   Description
---------------------------------------------------------------------------------------------
                      0.150000    0.000000    0.000000   clock clk_i (rise edge)
                                  0.000000    0.000000   clock network delay (ideal)
                      0.150000    0.000000    0.000000 ^ _3824_/CLK (sky130_fd_sc_hd__dfxtp_2)
     2    0.010078    0.046994    0.235660    0.235660 ^ _3824_/Q (sky130_fd_sc_hd__dfxtp_2)
                                                         s1_wire[13] (net)
                      0.046994    0.000000    0.235660 ^ _3178_/A (sky130_fd_sc_hd__or2_2)
     1    0.002470    0.020316    0.066520    0.302180 ^ _3178_/X (sky130_fd_sc_hd__or2_2)
                                                         _0955_ (net)
                      0.020316    0.000000    0.302180 ^ _3179_/B1 (sky130_fd_sc_hd__o211a_2)
     1    0.001748    0.022369    0.072792    0.374972 ^ _3179_/X (sky130_fd_sc_hd__o211a_2)
                                                         _0046_ (net)
                      0.022369    0.000000    0.374972 ^ _3824_/D (sky130_fd_sc_hd__dfxtp_2)
                                              0.374972   data arrival time

                      0.150000    0.000000    0.000000   clock clk_i (rise edge)
                                  0.000000    0.000000   clock network delay (ideal)
                                  0.250000    0.250000   clock uncertainty
                                  0.000000    0.250000   clock reconvergence pessimism
                                              0.250000 ^ _3824_/CLK (sky130_fd_sc_hd__dfxtp_2)
                                 -0.013860    0.236140   library hold time
                                              0.236140   data required time
---------------------------------------------------------------------------------------------
                                              0.236140   data required time
                                             -0.374972   data arrival time
---------------------------------------------------------------------------------------------
                                              0.138832   slack (MET)


Startpoint: _3833_ (rising edge-triggered flip-flop clocked by clk_i)
Endpoint: _3833_ (rising edge-triggered flip-flop clocked by clk_i)
Path Group: clk_i
Path Type: min

Fanout         Cap        Slew       Delay        Time   Description
---------------------------------------------------------------------------------------------
                      0.150000    0.000000    0.000000   clock clk_i (rise edge)
                                  0.000000    0.000000   clock network delay (ideal)
                      0.150000    0.000000    0.000000 ^ _3833_/CLK (sky130_fd_sc_hd__dfxtp_2)
     2    0.010078    0.046994    0.235660    0.235660 ^ _3833_/Q (sky130_fd_sc_hd__dfxtp_2)
                                                         s1_wire[22] (net)
                      0.046994    0.000000    0.235660 ^ _3205_/A (sky130_fd_sc_hd__or2_2)
     1    0.002470    0.020316    0.066520    0.302180 ^ _3205_/X (sky130_fd_sc_hd__or2_2)
                                                         _0973_ (net)
                      0.020316    0.000000    0.302180 ^ _3206_/B1 (sky130_fd_sc_hd__o211a_2)
     1    0.001748    0.022369    0.072792    0.374972 ^ _3206_/X (sky130_fd_sc_hd__o211a_2)
                                                         _0055_ (net)
                      0.022369    0.000000    0.374972 ^ _3833_/D (sky130_fd_sc_hd__dfxtp_2)
                                              0.374972   data arrival time

                      0.150000    0.000000    0.000000   clock clk_i (rise edge)
                                  0.000000    0.000000   clock network delay (ideal)
                                  0.250000    0.250000   clock uncertainty
                                  0.000000    0.250000   clock reconvergence pessimism
                                              0.250000 ^ _3833_/CLK (sky130_fd_sc_hd__dfxtp_2)
                                 -0.013860    0.236140   library hold time
                                              0.236140   data required time
---------------------------------------------------------------------------------------------
                                              0.236140   data required time
                                             -0.374972   data arrival time
---------------------------------------------------------------------------------------------
                                              0.138832   slack (MET)


Startpoint: _3836_ (rising edge-triggered flip-flop clocked by clk_i)
Endpoint: _3836_ (rising edge-triggered flip-flop clocked by clk_i)
Path Group: clk_i
Path Type: min

Fanout         Cap        Slew       Delay        Time   Description
---------------------------------------------------------------------------------------------
                      0.150000    0.000000    0.000000   clock clk_i (rise edge)
                                  0.000000    0.000000   clock network delay (ideal)
                      0.150000    0.000000    0.000000 ^ _3836_/CLK (sky130_fd_sc_hd__dfxtp_2)
     2    0.010078    0.046994    0.235660    0.235660 ^ _3836_/Q (sky130_fd_sc_hd__dfxtp_2)
                                                         s1_wire[25] (net)
                      0.046994    0.000000    0.235660 ^ _3214_/A (sky130_fd_sc_hd__or2_2)
     1    0.002470    0.020316    0.066520    0.302180 ^ _3214_/X (sky130_fd_sc_hd__or2_2)
                                                         _0979_ (net)
                      0.020316    0.000000    0.302180 ^ _3215_/B1 (sky130_fd_sc_hd__o211a_2)
     1    0.001748    0.022369    0.072792    0.374972 ^ _3215_/X (sky130_fd_sc_hd__o211a_2)
                                                         _0058_ (net)
                      0.022369    0.000000    0.374972 ^ _3836_/D (sky130_fd_sc_hd__dfxtp_2)
                                              0.374972   data arrival time

                      0.150000    0.000000    0.000000   clock clk_i (rise edge)
                                  0.000000    0.000000   clock network delay (ideal)
                                  0.250000    0.250000   clock uncertainty
                                  0.000000    0.250000   clock reconvergence pessimism
                                              0.250000 ^ _3836_/CLK (sky130_fd_sc_hd__dfxtp_2)
                                 -0.013860    0.236140   library hold time
                                              0.236140   data required time
---------------------------------------------------------------------------------------------
                                              0.236140   data required time
                                             -0.374972   data arrival time
---------------------------------------------------------------------------------------------
                                              0.138832   slack (MET)


Startpoint: _3837_ (rising edge-triggered flip-flop clocked by clk_i)
Endpoint: _3837_ (rising edge-triggered flip-flop clocked by clk_i)
Path Group: clk_i
Path Type: min

Fanout         Cap        Slew       Delay        Time   Description
---------------------------------------------------------------------------------------------
                      0.150000    0.000000    0.000000   clock clk_i (rise edge)
                                  0.000000    0.000000   clock network delay (ideal)
                      0.150000    0.000000    0.000000 ^ _3837_/CLK (sky130_fd_sc_hd__dfxtp_2)
     2    0.010078    0.046994    0.235660    0.235660 ^ _3837_/Q (sky130_fd_sc_hd__dfxtp_2)
                                                         s1_wire[26] (net)
                      0.046994    0.000000    0.235660 ^ _3217_/A (sky130_fd_sc_hd__or2_2)
     1    0.002470    0.020316    0.066520    0.302180 ^ _3217_/X (sky130_fd_sc_hd__or2_2)
                                                         _0981_ (net)
                      0.020316    0.000000    0.302180 ^ _3218_/B1 (sky130_fd_sc_hd__o211a_2)
     1    0.001748    0.022369    0.072792    0.374972 ^ _3218_/X (sky130_fd_sc_hd__o211a_2)
                                                         _0059_ (net)
                      0.022369    0.000000    0.374972 ^ _3837_/D (sky130_fd_sc_hd__dfxtp_2)
                                              0.374972   data arrival time

                      0.150000    0.000000    0.000000   clock clk_i (rise edge)
                                  0.000000    0.000000   clock network delay (ideal)
                                  0.250000    0.250000   clock uncertainty
                                  0.000000    0.250000   clock reconvergence pessimism
                                              0.250000 ^ _3837_/CLK (sky130_fd_sc_hd__dfxtp_2)
                                 -0.013860    0.236140   library hold time
                                              0.236140   data required time
---------------------------------------------------------------------------------------------
                                              0.236140   data required time
                                             -0.374972   data arrival time
---------------------------------------------------------------------------------------------
                                              0.138832   slack (MET)


Startpoint: _3840_ (rising edge-triggered flip-flop clocked by clk_i)
Endpoint: _3840_ (rising edge-triggered flip-flop clocked by clk_i)
Path Group: clk_i
Path Type: min

Fanout         Cap        Slew       Delay        Time   Description
---------------------------------------------------------------------------------------------
                      0.150000    0.000000    0.000000   clock clk_i (rise edge)
                                  0.000000    0.000000   clock network delay (ideal)
                      0.150000    0.000000    0.000000 ^ _3840_/CLK (sky130_fd_sc_hd__dfxtp_2)
     2    0.010078    0.046994    0.235660    0.235660 ^ _3840_/Q (sky130_fd_sc_hd__dfxtp_2)
                                                         s1_wire[29] (net)
                      0.046994    0.000000    0.235660 ^ _3226_/A (sky130_fd_sc_hd__or2_2)
     1    0.002470    0.020316    0.066520    0.302180 ^ _3226_/X (sky130_fd_sc_hd__or2_2)
                                                         _0987_ (net)
                      0.020316    0.000000    0.302180 ^ _3227_/B1 (sky130_fd_sc_hd__o211a_2)
     1    0.001748    0.022369    0.072792    0.374972 ^ _3227_/X (sky130_fd_sc_hd__o211a_2)
                                                         _0062_ (net)
                      0.022369    0.000000    0.374972 ^ _3840_/D (sky130_fd_sc_hd__dfxtp_2)
                                              0.374972   data arrival time

                      0.150000    0.000000    0.000000   clock clk_i (rise edge)
                                  0.000000    0.000000   clock network delay (ideal)
                                  0.250000    0.250000   clock uncertainty
                                  0.000000    0.250000   clock reconvergence pessimism
                                              0.250000 ^ _3840_/CLK (sky130_fd_sc_hd__dfxtp_2)
                                 -0.013860    0.236140   library hold time
                                              0.236140   data required time
---------------------------------------------------------------------------------------------
                                              0.236140   data required time
                                             -0.374972   data arrival time
---------------------------------------------------------------------------------------------
                                              0.138832   slack (MET)


Startpoint: _3841_ (rising edge-triggered flip-flop clocked by clk_i)
Endpoint: _3841_ (rising edge-triggered flip-flop clocked by clk_i)
Path Group: clk_i
Path Type: min

Fanout         Cap        Slew       Delay        Time   Description
---------------------------------------------------------------------------------------------
                      0.150000    0.000000    0.000000   clock clk_i (rise edge)
                                  0.000000    0.000000   clock network delay (ideal)
                      0.150000    0.000000    0.000000 ^ _3841_/CLK (sky130_fd_sc_hd__dfxtp_2)
     2    0.010078    0.046994    0.235660    0.235660 ^ _3841_/Q (sky130_fd_sc_hd__dfxtp_2)
                                                         s1_wire[30] (net)
                      0.046994    0.000000    0.235660 ^ _3229_/A (sky130_fd_sc_hd__or2_2)
     1    0.002470    0.020316    0.066520    0.302180 ^ _3229_/X (sky130_fd_sc_hd__or2_2)
                                                         _0989_ (net)
                      0.020316    0.000000    0.302180 ^ _3230_/B1 (sky130_fd_sc_hd__o211a_2)
     1    0.001748    0.022369    0.072792    0.374972 ^ _3230_/X (sky130_fd_sc_hd__o211a_2)
                                                         _0063_ (net)
                      0.022369    0.000000    0.374972 ^ _3841_/D (sky130_fd_sc_hd__dfxtp_2)
                                              0.374972   data arrival time

                      0.150000    0.000000    0.000000   clock clk_i (rise edge)
                                  0.000000    0.000000   clock network delay (ideal)
                                  0.250000    0.250000   clock uncertainty
                                  0.000000    0.250000   clock reconvergence pessimism
                                              0.250000 ^ _3841_/CLK (sky130_fd_sc_hd__dfxtp_2)
                                 -0.013860    0.236140   library hold time
                                              0.236140   data required time
---------------------------------------------------------------------------------------------
                                              0.236140   data required time
                                             -0.374972   data arrival time
---------------------------------------------------------------------------------------------
                                              0.138832   slack (MET)


Startpoint: _3796_ (rising edge-triggered flip-flop clocked by clk_i)
Endpoint: _3796_ (rising edge-triggered flip-flop clocked by clk_i)
Path Group: clk_i
Path Type: min

Fanout         Cap        Slew       Delay        Time   Description
---------------------------------------------------------------------------------------------
                      0.150000    0.000000    0.000000   clock clk_i (rise edge)
                                  0.000000    0.000000   clock network delay (ideal)
                      0.150000    0.000000    0.000000 ^ _3796_/CLK (sky130_fd_sc_hd__dfxtp_2)
     2    0.038517    0.150824    0.309145    0.309145 ^ _3796_/Q (sky130_fd_sc_hd__dfxtp_2)
                                                         random_o[17] (net)
                      0.150824    0.000000    0.309145 ^ _2980_/A1 (sky130_fd_sc_hd__o21ai_2)
     1    0.004215    0.039287    0.043618    0.352764 v _2980_/Y (sky130_fd_sc_hd__o21ai_2)
                                                         _0785_ (net)
                      0.039287    0.000000    0.352764 v _2981_/B1 (sky130_fd_sc_hd__a21oi_2)
     1    0.001748    0.030360    0.040343    0.393107 ^ _2981_/Y (sky130_fd_sc_hd__a21oi_2)
                                                         _0018_ (net)
                      0.030360    0.000000    0.393107 ^ _3796_/D (sky130_fd_sc_hd__dfxtp_2)
                                              0.393107   data arrival time

                      0.150000    0.000000    0.000000   clock clk_i (rise edge)
                                  0.000000    0.000000   clock network delay (ideal)
                                  0.250000    0.250000   clock uncertainty
                                  0.000000    0.250000   clock reconvergence pessimism
                                              0.250000 ^ _3796_/CLK (sky130_fd_sc_hd__dfxtp_2)
                                 -0.014416    0.235584   library hold time
                                              0.235584   data required time
---------------------------------------------------------------------------------------------
                                              0.235584   data required time
                                             -0.393107   data arrival time
---------------------------------------------------------------------------------------------
                                              0.157522   slack (MET)


Startpoint: _3803_ (rising edge-triggered flip-flop clocked by clk_i)
Endpoint: _3803_ (rising edge-triggered flip-flop clocked by clk_i)
Path Group: clk_i
Path Type: min

Fanout         Cap        Slew       Delay        Time   Description
---------------------------------------------------------------------------------------------
                      0.150000    0.000000    0.000000   clock clk_i (rise edge)
                                  0.000000    0.000000   clock network delay (ideal)
                      0.150000    0.000000    0.000000 ^ _3803_/CLK (sky130_fd_sc_hd__dfxtp_2)
     2    0.038517    0.150824    0.309145    0.309145 ^ _3803_/Q (sky130_fd_sc_hd__dfxtp_2)
                                                         random_o[24] (net)
                      0.150824    0.000000    0.309145 ^ _3062_/A1 (sky130_fd_sc_hd__o21ai_2)
     1    0.004215    0.039287    0.043618    0.352764 v _3062_/Y (sky130_fd_sc_hd__o21ai_2)
                                                         _0860_ (net)
                      0.039287    0.000000    0.352764 v _3063_/B1 (sky130_fd_sc_hd__a21oi_2)
     1    0.001748    0.030360    0.040343    0.393107 ^ _3063_/Y (sky130_fd_sc_hd__a21oi_2)
                                                         _0025_ (net)
                      0.030360    0.000000    0.393107 ^ _3803_/D (sky130_fd_sc_hd__dfxtp_2)
                                              0.393107   data arrival time

                      0.150000    0.000000    0.000000   clock clk_i (rise edge)
                                  0.000000    0.000000   clock network delay (ideal)
                                  0.250000    0.250000   clock uncertainty
                                  0.000000    0.250000   clock reconvergence pessimism
                                              0.250000 ^ _3803_/CLK (sky130_fd_sc_hd__dfxtp_2)
                                 -0.014416    0.235584   library hold time
                                              0.235584   data required time
---------------------------------------------------------------------------------------------
                                              0.235584   data required time
                                             -0.393107   data arrival time
---------------------------------------------------------------------------------------------
                                              0.157522   slack (MET)


Startpoint: _3808_ (rising edge-triggered flip-flop clocked by clk_i)
Endpoint: _3808_ (rising edge-triggered flip-flop clocked by clk_i)
Path Group: clk_i
Path Type: min

Fanout         Cap        Slew       Delay        Time   Description
---------------------------------------------------------------------------------------------
                      0.150000    0.000000    0.000000   clock clk_i (rise edge)
                                  0.000000    0.000000   clock network delay (ideal)
                      0.150000    0.000000    0.000000 ^ _3808_/CLK (sky130_fd_sc_hd__dfxtp_2)
     2    0.038517    0.150824    0.309145    0.309145 ^ _3808_/Q (sky130_fd_sc_hd__dfxtp_2)
                                                         random_o[29] (net)
                      0.150824    0.000000    0.309145 ^ _3118_/A1 (sky130_fd_sc_hd__o21ai_2)
     1    0.004215    0.039287    0.043618    0.352764 v _3118_/Y (sky130_fd_sc_hd__o21ai_2)
                                                         _0911_ (net)
                      0.039287    0.000000    0.352764 v _3119_/B1 (sky130_fd_sc_hd__a21oi_2)
     1    0.001748    0.030360    0.040343    0.393107 ^ _3119_/Y (sky130_fd_sc_hd__a21oi_2)
                                                         _0030_ (net)
                      0.030360    0.000000    0.393107 ^ _3808_/D (sky130_fd_sc_hd__dfxtp_2)
                                              0.393107   data arrival time

                      0.150000    0.000000    0.000000   clock clk_i (rise edge)
                                  0.000000    0.000000   clock network delay (ideal)
                                  0.250000    0.250000   clock uncertainty
                                  0.000000    0.250000   clock reconvergence pessimism
                                              0.250000 ^ _3808_/CLK (sky130_fd_sc_hd__dfxtp_2)
                                 -0.014416    0.235584   library hold time
                                              0.235584   data required time
---------------------------------------------------------------------------------------------
                                              0.235584   data required time
                                             -0.393107   data arrival time
---------------------------------------------------------------------------------------------
                                              0.157522   slack (MET)


Startpoint: _3819_ (rising edge-triggered flip-flop clocked by clk_i)
Endpoint: _3860_ (rising edge-triggered flip-flop clocked by clk_i)
Path Group: clk_i
Path Type: min

Fanout         Cap        Slew       Delay        Time   Description
---------------------------------------------------------------------------------------------
                      0.150000    0.000000    0.000000   clock clk_i (rise edge)
                                  0.000000    0.000000   clock network delay (ideal)
                      0.150000    0.000000    0.000000 ^ _3819_/CLK (sky130_fd_sc_hd__dfxtp_2)
     2    0.010104    0.047084    0.235729    0.235729 ^ _3819_/Q (sky130_fd_sc_hd__dfxtp_2)
                                                         s1_wire[8] (net)
                      0.047084    0.000000    0.235729 ^ _3201_/B (sky130_fd_sc_hd__xor2_2)
     5    0.014453    0.042513    0.056077    0.291806 v _3201_/X (sky130_fd_sc_hd__xor2_2)
                                                         _0970_ (net)
                      0.042513    0.000000    0.291806 v _3296_/A (sky130_fd_sc_hd__nand2_2)
     1    0.002537    0.022984    0.035944    0.327750 ^ _3296_/Y (sky130_fd_sc_hd__nand2_2)
                                                         _1044_ (net)
                      0.022984    0.000000    0.327750 ^ _3298_/B1 (sky130_fd_sc_hd__a221o_2)
     1    0.001748    0.018860    0.066450    0.394200 ^ _3298_/X (sky130_fd_sc_hd__a221o_2)
                                                         _0082_ (net)
                      0.018860    0.000000    0.394200 ^ _3860_/D (sky130_fd_sc_hd__dfxtp_2)
                                              0.394200   data arrival time

                      0.150000    0.000000    0.000000   clock clk_i (rise edge)
                                  0.000000    0.000000   clock network delay (ideal)
                                  0.250000    0.250000   clock uncertainty
                                  0.000000    0.250000   clock reconvergence pessimism
                                              0.250000 ^ _3860_/CLK (sky130_fd_sc_hd__dfxtp_2)
                                 -0.013616    0.236384   library hold time
                                              0.236384   data required time
---------------------------------------------------------------------------------------------
                                              0.236384   data required time
                                             -0.394200   data arrival time
---------------------------------------------------------------------------------------------
                                              0.157816   slack (MET)


Startpoint: _3812_ (rising edge-triggered flip-flop clocked by clk_i)
Endpoint: _3853_ (rising edge-triggered flip-flop clocked by clk_i)
Path Group: clk_i
Path Type: min

Fanout         Cap        Slew       Delay        Time   Description
---------------------------------------------------------------------------------------------
                      0.150000    0.000000    0.000000   clock clk_i (rise edge)
                                  0.000000    0.000000   clock network delay (ideal)
                      0.150000    0.000000    0.000000 ^ _3812_/CLK (sky130_fd_sc_hd__dfxtp_2)
     2    0.010104    0.047084    0.235729    0.235729 ^ _3812_/Q (sky130_fd_sc_hd__dfxtp_2)
                                                         s1_wire[1] (net)
                      0.047084    0.000000    0.235729 ^ _3180_/B (sky130_fd_sc_hd__xor2_2)
     5    0.013730    0.041146    0.054706    0.290435 v _3180_/X (sky130_fd_sc_hd__xor2_2)
                                                         _0956_ (net)
                      0.041146    0.000000    0.290435 v _3267_/A (sky130_fd_sc_hd__nand2_2)
     1    0.002528    0.022708    0.035374    0.325809 ^ _3267_/Y (sky130_fd_sc_hd__nand2_2)
                                                         _1019_ (net)
                      0.022708    0.000000    0.325809 ^ _3269_/A3 (sky130_fd_sc_hd__a31o_2)
     1    0.001748    0.016831    0.078044    0.403853 ^ _3269_/X (sky130_fd_sc_hd__a31o_2)
                                                         _0075_ (net)
                      0.016831    0.000000    0.403853 ^ _3853_/D (sky130_fd_sc_hd__dfxtp_2)
                                              0.403853   data arrival time

                      0.150000    0.000000    0.000000   clock clk_i (rise edge)
                                  0.000000    0.000000   clock network delay (ideal)
                                  0.250000    0.250000   clock uncertainty
                                  0.000000    0.250000   clock reconvergence pessimism
                                              0.250000 ^ _3853_/CLK (sky130_fd_sc_hd__dfxtp_2)
                                 -0.013475    0.236525   library hold time
                                              0.236525   data required time
---------------------------------------------------------------------------------------------
                                              0.236525   data required time
                                             -0.403853   data arrival time
---------------------------------------------------------------------------------------------
                                              0.167328   slack (MET)


Startpoint: _3780_ (rising edge-triggered flip-flop clocked by clk_i)
Endpoint: _3780_ (rising edge-triggered flip-flop clocked by clk_i)
Path Group: clk_i
Path Type: min

Fanout         Cap        Slew       Delay        Time   Description
---------------------------------------------------------------------------------------------
                      0.150000    0.000000    0.000000   clock clk_i (rise edge)
                                  0.000000    0.000000   clock network delay (ideal)
                      0.150000    0.000000    0.000000 ^ _3780_/CLK (sky130_fd_sc_hd__dfxtp_2)
     2    0.036005    0.141568    0.302692    0.302692 ^ _3780_/Q (sky130_fd_sc_hd__dfxtp_2)
                                                         random_o[1] (net)
                      0.141568    0.000000    0.302692 ^ _2625_/A1 (sky130_fd_sc_hd__o211a_2)
     1    0.001748    0.022364    0.106363    0.409056 ^ _2625_/X (sky130_fd_sc_hd__o211a_2)
                                                         _0002_ (net)
                      0.022364    0.000000    0.409056 ^ _3780_/D (sky130_fd_sc_hd__dfxtp_2)
                                              0.409056   data arrival time

                      0.150000    0.000000    0.000000   clock clk_i (rise edge)
                                  0.000000    0.000000   clock network delay (ideal)
                                  0.250000    0.250000   clock uncertainty
                                  0.000000    0.250000   clock reconvergence pessimism
                                              0.250000 ^ _3780_/CLK (sky130_fd_sc_hd__dfxtp_2)
                                 -0.013860    0.236140   library hold time
                                              0.236140   data required time
---------------------------------------------------------------------------------------------
                                              0.236140   data required time
                                             -0.409056   data arrival time
---------------------------------------------------------------------------------------------
                                              0.172915   slack (MET)


Startpoint: _3787_ (rising edge-triggered flip-flop clocked by clk_i)
Endpoint: _3787_ (rising edge-triggered flip-flop clocked by clk_i)
Path Group: clk_i
Path Type: min

Fanout         Cap        Slew       Delay        Time   Description
---------------------------------------------------------------------------------------------
                      0.150000    0.000000    0.000000   clock clk_i (rise edge)
                                  0.000000    0.000000   clock network delay (ideal)
                      0.150000    0.000000    0.000000 ^ _3787_/CLK (sky130_fd_sc_hd__dfxtp_2)
     2    0.036005    0.141568    0.302692    0.302692 ^ _3787_/Q (sky130_fd_sc_hd__dfxtp_2)
                                                         random_o[8] (net)
                      0.141568    0.000000    0.302692 ^ _2884_/A1 (sky130_fd_sc_hd__o211a_2)
     1    0.001748    0.022365    0.106363    0.409056 ^ _2884_/X (sky130_fd_sc_hd__o211a_2)
                                                         _0009_ (net)
                      0.022365    0.000000    0.409056 ^ _3787_/D (sky130_fd_sc_hd__dfxtp_2)
                                              0.409056   data arrival time

                      0.150000    0.000000    0.000000   clock clk_i (rise edge)
                                  0.000000    0.000000   clock network delay (ideal)
                                  0.250000    0.250000   clock uncertainty
                                  0.000000    0.250000   clock reconvergence pessimism
                                              0.250000 ^ _3787_/CLK (sky130_fd_sc_hd__dfxtp_2)
                                 -0.013860    0.236140   library hold time
                                              0.236140   data required time
---------------------------------------------------------------------------------------------
                                              0.236140   data required time
                                             -0.409056   data arrival time
---------------------------------------------------------------------------------------------
                                              0.172915   slack (MET)


Startpoint: _3788_ (rising edge-triggered flip-flop clocked by clk_i)
Endpoint: _3788_ (rising edge-triggered flip-flop clocked by clk_i)
Path Group: clk_i
Path Type: min

Fanout         Cap        Slew       Delay        Time   Description
---------------------------------------------------------------------------------------------
                      0.150000    0.000000    0.000000   clock clk_i (rise edge)
                                  0.000000    0.000000   clock network delay (ideal)
                      0.150000    0.000000    0.000000 ^ _3788_/CLK (sky130_fd_sc_hd__dfxtp_2)
     2    0.036005    0.141568    0.302692    0.302692 ^ _3788_/Q (sky130_fd_sc_hd__dfxtp_2)
                                                         random_o[9] (net)
                      0.141568    0.000000    0.302692 ^ _2893_/A1 (sky130_fd_sc_hd__o211a_2)
     1    0.001748    0.022365    0.106363    0.409056 ^ _2893_/X (sky130_fd_sc_hd__o211a_2)
                                                         _0010_ (net)
                      0.022365    0.000000    0.409056 ^ _3788_/D (sky130_fd_sc_hd__dfxtp_2)
                                              0.409056   data arrival time

                      0.150000    0.000000    0.000000   clock clk_i (rise edge)
                                  0.000000    0.000000   clock network delay (ideal)
                                  0.250000    0.250000   clock uncertainty
                                  0.000000    0.250000   clock reconvergence pessimism
                                              0.250000 ^ _3788_/CLK (sky130_fd_sc_hd__dfxtp_2)
                                 -0.013860    0.236140   library hold time
                                              0.236140   data required time
---------------------------------------------------------------------------------------------
                                              0.236140   data required time
                                             -0.409056   data arrival time
---------------------------------------------------------------------------------------------
                                              0.172915   slack (MET)


Startpoint: _3795_ (rising edge-triggered flip-flop clocked by clk_i)
Endpoint: _3795_ (rising edge-triggered flip-flop clocked by clk_i)
Path Group: clk_i
Path Type: min

Fanout         Cap        Slew       Delay        Time   Description
---------------------------------------------------------------------------------------------
                      0.150000    0.000000    0.000000   clock clk_i (rise edge)
                                  0.000000    0.000000   clock network delay (ideal)
                      0.150000    0.000000    0.000000 ^ _3795_/CLK (sky130_fd_sc_hd__dfxtp_2)
     2    0.036005    0.141568    0.302692    0.302692 ^ _3795_/Q (sky130_fd_sc_hd__dfxtp_2)
                                                         random_o[16] (net)
                      0.141568    0.000000    0.302692 ^ _2971_/A1 (sky130_fd_sc_hd__o211a_2)
     1    0.001748    0.022365    0.106363    0.409056 ^ _2971_/X (sky130_fd_sc_hd__o211a_2)
                                                         _0017_ (net)
                      0.022365    0.000000    0.409056 ^ _3795_/D (sky130_fd_sc_hd__dfxtp_2)
                                              0.409056   data arrival time

                      0.150000    0.000000    0.000000   clock clk_i (rise edge)
                                  0.000000    0.000000   clock network delay (ideal)
                                  0.250000    0.250000   clock uncertainty
                                  0.000000    0.250000   clock reconvergence pessimism
                                              0.250000 ^ _3795_/CLK (sky130_fd_sc_hd__dfxtp_2)
                                 -0.013860    0.236140   library hold time
                                              0.236140   data required time
---------------------------------------------------------------------------------------------
                                              0.236140   data required time
                                             -0.409056   data arrival time
---------------------------------------------------------------------------------------------
                                              0.172915   slack (MET)


Startpoint: _3799_ (rising edge-triggered flip-flop clocked by clk_i)
Endpoint: _3799_ (rising edge-triggered flip-flop clocked by clk_i)
Path Group: clk_i
Path Type: min

Fanout         Cap        Slew       Delay        Time   Description
---------------------------------------------------------------------------------------------
                      0.150000    0.000000    0.000000   clock clk_i (rise edge)
                                  0.000000    0.000000   clock network delay (ideal)
                      0.150000    0.000000    0.000000 ^ _3799_/CLK (sky130_fd_sc_hd__dfxtp_2)
     2    0.036005    0.141568    0.302692    0.302692 ^ _3799_/Q (sky130_fd_sc_hd__dfxtp_2)
                                                         random_o[20] (net)
                      0.141568    0.000000    0.302692 ^ _3017_/A1 (sky130_fd_sc_hd__o211a_2)
     1    0.001748    0.022365    0.106363    0.409056 ^ _3017_/X (sky130_fd_sc_hd__o211a_2)
                                                         _0021_ (net)
                      0.022365    0.000000    0.409056 ^ _3799_/D (sky130_fd_sc_hd__dfxtp_2)
                                              0.409056   data arrival time

                      0.150000    0.000000    0.000000   clock clk_i (rise edge)
                                  0.000000    0.000000   clock network delay (ideal)
                                  0.250000    0.250000   clock uncertainty
                                  0.000000    0.250000   clock reconvergence pessimism
                                              0.250000 ^ _3799_/CLK (sky130_fd_sc_hd__dfxtp_2)
                                 -0.013860    0.236140   library hold time
                                              0.236140   data required time
---------------------------------------------------------------------------------------------
                                              0.236140   data required time
                                             -0.409056   data arrival time
---------------------------------------------------------------------------------------------
                                              0.172915   slack (MET)


Startpoint: _3801_ (rising edge-triggered flip-flop clocked by clk_i)
Endpoint: _3801_ (rising edge-triggered flip-flop clocked by clk_i)
Path Group: clk_i
Path Type: min

Fanout         Cap        Slew       Delay        Time   Description
---------------------------------------------------------------------------------------------
                      0.150000    0.000000    0.000000   clock clk_i (rise edge)
                                  0.000000    0.000000   clock network delay (ideal)
                      0.150000    0.000000    0.000000 ^ _3801_/CLK (sky130_fd_sc_hd__dfxtp_2)
     2    0.036005    0.141568    0.302692    0.302692 ^ _3801_/Q (sky130_fd_sc_hd__dfxtp_2)
                                                         random_o[22] (net)
                      0.141568    0.000000    0.302692 ^ _3040_/A1 (sky130_fd_sc_hd__o211a_2)
     1    0.001748    0.022365    0.106363    0.409056 ^ _3040_/X (sky130_fd_sc_hd__o211a_2)
                                                         _0023_ (net)
                      0.022365    0.000000    0.409056 ^ _3801_/D (sky130_fd_sc_hd__dfxtp_2)
                                              0.409056   data arrival time

                      0.150000    0.000000    0.000000   clock clk_i (rise edge)
                                  0.000000    0.000000   clock network delay (ideal)
                                  0.250000    0.250000   clock uncertainty
                                  0.000000    0.250000   clock reconvergence pessimism
                                              0.250000 ^ _3801_/CLK (sky130_fd_sc_hd__dfxtp_2)
                                 -0.013860    0.236140   library hold time
                                              0.236140   data required time
---------------------------------------------------------------------------------------------
                                              0.236140   data required time
                                             -0.409056   data arrival time
---------------------------------------------------------------------------------------------
                                              0.172915   slack (MET)


Startpoint: _3783_ (rising edge-triggered flip-flop clocked by clk_i)
Endpoint: _3783_ (rising edge-triggered flip-flop clocked by clk_i)
Path Group: clk_i
Path Type: min

Fanout         Cap        Slew       Delay        Time   Description
---------------------------------------------------------------------------------------------
                      0.150000    0.000000    0.000000   clock clk_i (rise edge)
                                  0.000000    0.000000   clock network delay (ideal)
                      0.150000    0.000000    0.000000 ^ _3783_/CLK (sky130_fd_sc_hd__dfxtp_2)
     2    0.036005    0.141568    0.302692    0.302692 ^ _3783_/Q (sky130_fd_sc_hd__dfxtp_2)
                                                         random_o[4] (net)
                      0.141568    0.000000    0.302692 ^ _2857_/A1 (sky130_fd_sc_hd__o211a_2)
     1    0.001748    0.022369    0.106363    0.409056 ^ _2857_/X (sky130_fd_sc_hd__o211a_2)
                                                         _0005_ (net)
                      0.022369    0.000000    0.409056 ^ _3783_/D (sky130_fd_sc_hd__dfxtp_2)
                                              0.409056   data arrival time

                      0.150000    0.000000    0.000000   clock clk_i (rise edge)
                                  0.000000    0.000000   clock network delay (ideal)
                                  0.250000    0.250000   clock uncertainty
                                  0.000000    0.250000   clock reconvergence pessimism
                                              0.250000 ^ _3783_/CLK (sky130_fd_sc_hd__dfxtp_2)
                                 -0.013860    0.236140   library hold time
                                              0.236140   data required time
---------------------------------------------------------------------------------------------
                                              0.236140   data required time
                                             -0.409056   data arrival time
---------------------------------------------------------------------------------------------
                                              0.172916   slack (MET)


Startpoint: _3785_ (rising edge-triggered flip-flop clocked by clk_i)
Endpoint: _3785_ (rising edge-triggered flip-flop clocked by clk_i)
Path Group: clk_i
Path Type: min

Fanout         Cap        Slew       Delay        Time   Description
---------------------------------------------------------------------------------------------
                      0.150000    0.000000    0.000000   clock clk_i (rise edge)
                                  0.000000    0.000000   clock network delay (ideal)
                      0.150000    0.000000    0.000000 ^ _3785_/CLK (sky130_fd_sc_hd__dfxtp_2)
     2    0.036005    0.141568    0.302692    0.302692 ^ _3785_/Q (sky130_fd_sc_hd__dfxtp_2)
                                                         random_o[6] (net)
                      0.141568    0.000000    0.302692 ^ _2872_/A1 (sky130_fd_sc_hd__o211a_2)
     1    0.001748    0.022369    0.106363    0.409056 ^ _2872_/X (sky130_fd_sc_hd__o211a_2)
                                                         _0007_ (net)
                      0.022369    0.000000    0.409056 ^ _3785_/D (sky130_fd_sc_hd__dfxtp_2)
                                              0.409056   data arrival time

                      0.150000    0.000000    0.000000   clock clk_i (rise edge)
                                  0.000000    0.000000   clock network delay (ideal)
                                  0.250000    0.250000   clock uncertainty
                                  0.000000    0.250000   clock reconvergence pessimism
                                              0.250000 ^ _3785_/CLK (sky130_fd_sc_hd__dfxtp_2)
                                 -0.013860    0.236140   library hold time
                                              0.236140   data required time
---------------------------------------------------------------------------------------------
                                              0.236140   data required time
                                             -0.409056   data arrival time
---------------------------------------------------------------------------------------------
                                              0.172916   slack (MET)


Startpoint: _3789_ (rising edge-triggered flip-flop clocked by clk_i)
Endpoint: _3789_ (rising edge-triggered flip-flop clocked by clk_i)
Path Group: clk_i
Path Type: min

Fanout         Cap        Slew       Delay        Time   Description
---------------------------------------------------------------------------------------------
                      0.150000    0.000000    0.000000   clock clk_i (rise edge)
                                  0.000000    0.000000   clock network delay (ideal)
                      0.150000    0.000000    0.000000 ^ _3789_/CLK (sky130_fd_sc_hd__dfxtp_2)
     2    0.036005    0.141568    0.302692    0.302692 ^ _3789_/Q (sky130_fd_sc_hd__dfxtp_2)
                                                         random_o[10] (net)
                      0.141568    0.000000    0.302692 ^ _2911_/A1 (sky130_fd_sc_hd__o211a_2)
     1    0.001748    0.022369    0.106363    0.409056 ^ _2911_/X (sky130_fd_sc_hd__o211a_2)
                                                         _0011_ (net)
                      0.022369    0.000000    0.409056 ^ _3789_/D (sky130_fd_sc_hd__dfxtp_2)
                                              0.409056   data arrival time

                      0.150000    0.000000    0.000000   clock clk_i (rise edge)
                                  0.000000    0.000000   clock network delay (ideal)
                                  0.250000    0.250000   clock uncertainty
                                  0.000000    0.250000   clock reconvergence pessimism
                                              0.250000 ^ _3789_/CLK (sky130_fd_sc_hd__dfxtp_2)
                                 -0.013860    0.236140   library hold time
                                              0.236140   data required time
---------------------------------------------------------------------------------------------
                                              0.236140   data required time
                                             -0.409056   data arrival time
---------------------------------------------------------------------------------------------
                                              0.172916   slack (MET)


Startpoint: _3794_ (rising edge-triggered flip-flop clocked by clk_i)
Endpoint: _3794_ (rising edge-triggered flip-flop clocked by clk_i)
Path Group: clk_i
Path Type: min

Fanout         Cap        Slew       Delay        Time   Description
---------------------------------------------------------------------------------------------
                      0.150000    0.000000    0.000000   clock clk_i (rise edge)
                                  0.000000    0.000000   clock network delay (ideal)
                      0.150000    0.000000    0.000000 ^ _3794_/CLK (sky130_fd_sc_hd__dfxtp_2)
     2    0.036005    0.141568    0.302692    0.302692 ^ _3794_/Q (sky130_fd_sc_hd__dfxtp_2)
                                                         random_o[15] (net)
                      0.141568    0.000000    0.302692 ^ _2963_/A1 (sky130_fd_sc_hd__o211a_2)
     1    0.001748    0.022369    0.106363    0.409056 ^ _2963_/X (sky130_fd_sc_hd__o211a_2)
                                                         _0016_ (net)
                      0.022369    0.000000    0.409056 ^ _3794_/D (sky130_fd_sc_hd__dfxtp_2)
                                              0.409056   data arrival time

                      0.150000    0.000000    0.000000   clock clk_i (rise edge)
                                  0.000000    0.000000   clock network delay (ideal)
                                  0.250000    0.250000   clock uncertainty
                                  0.000000    0.250000   clock reconvergence pessimism
                                              0.250000 ^ _3794_/CLK (sky130_fd_sc_hd__dfxtp_2)
                                 -0.013860    0.236140   library hold time
                                              0.236140   data required time
---------------------------------------------------------------------------------------------
                                              0.236140   data required time
                                             -0.409056   data arrival time
---------------------------------------------------------------------------------------------
                                              0.172916   slack (MET)


Startpoint: _3805_ (rising edge-triggered flip-flop clocked by clk_i)
Endpoint: _3805_ (rising edge-triggered flip-flop clocked by clk_i)
Path Group: clk_i
Path Type: min

Fanout         Cap        Slew       Delay        Time   Description
---------------------------------------------------------------------------------------------
                      0.150000    0.000000    0.000000   clock clk_i (rise edge)
                                  0.000000    0.000000   clock network delay (ideal)
                      0.150000    0.000000    0.000000 ^ _3805_/CLK (sky130_fd_sc_hd__dfxtp_2)
     2    0.036005    0.141568    0.302692    0.302692 ^ _3805_/Q (sky130_fd_sc_hd__dfxtp_2)
                                                         random_o[26] (net)
                      0.141568    0.000000    0.302692 ^ _3086_/A1 (sky130_fd_sc_hd__o211a_2)
     1    0.001748    0.022369    0.106363    0.409056 ^ _3086_/X (sky130_fd_sc_hd__o211a_2)
                                                         _0027_ (net)
                      0.022369    0.000000    0.409056 ^ _3805_/D (sky130_fd_sc_hd__dfxtp_2)
                                              0.409056   data arrival time

                      0.150000    0.000000    0.000000   clock clk_i (rise edge)
                                  0.000000    0.000000   clock network delay (ideal)
                                  0.250000    0.250000   clock uncertainty
                                  0.000000    0.250000   clock reconvergence pessimism
                                              0.250000 ^ _3805_/CLK (sky130_fd_sc_hd__dfxtp_2)
                                 -0.013860    0.236140   library hold time
                                              0.236140   data required time
---------------------------------------------------------------------------------------------
                                              0.236140   data required time
                                             -0.409056   data arrival time
---------------------------------------------------------------------------------------------
                                              0.172916   slack (MET)


Startpoint: _3807_ (rising edge-triggered flip-flop clocked by clk_i)
Endpoint: _3807_ (rising edge-triggered flip-flop clocked by clk_i)
Path Group: clk_i
Path Type: min

Fanout         Cap        Slew       Delay        Time   Description
---------------------------------------------------------------------------------------------
                      0.150000    0.000000    0.000000   clock clk_i (rise edge)
                                  0.000000    0.000000   clock network delay (ideal)
                      0.150000    0.000000    0.000000 ^ _3807_/CLK (sky130_fd_sc_hd__dfxtp_2)
     2    0.036005    0.141568    0.302692    0.302692 ^ _3807_/Q (sky130_fd_sc_hd__dfxtp_2)
                                                         random_o[28] (net)
                      0.141568    0.000000    0.302692 ^ _3110_/A1 (sky130_fd_sc_hd__o211a_2)
     1    0.001748    0.022369    0.106363    0.409056 ^ _3110_/X (sky130_fd_sc_hd__o211a_2)
                                                         _0029_ (net)
                      0.022369    0.000000    0.409056 ^ _3807_/D (sky130_fd_sc_hd__dfxtp_2)
                                              0.409056   data arrival time

                      0.150000    0.000000    0.000000   clock clk_i (rise edge)
                                  0.000000    0.000000   clock network delay (ideal)
                                  0.250000    0.250000   clock uncertainty
                                  0.000000    0.250000   clock reconvergence pessimism
                                              0.250000 ^ _3807_/CLK (sky130_fd_sc_hd__dfxtp_2)
                                 -0.013860    0.236140   library hold time
                                              0.236140   data required time
---------------------------------------------------------------------------------------------
                                              0.236140   data required time
                                             -0.409056   data arrival time
---------------------------------------------------------------------------------------------
                                              0.172916   slack (MET)


Startpoint: _3792_ (rising edge-triggered flip-flop clocked by clk_i)
Endpoint: _3792_ (rising edge-triggered flip-flop clocked by clk_i)
Path Group: clk_i
Path Type: min

Fanout         Cap        Slew       Delay        Time   Description
---------------------------------------------------------------------------------------------
                      0.150000    0.000000    0.000000   clock clk_i (rise edge)
                                  0.000000    0.000000   clock network delay (ideal)
                      0.150000    0.000000    0.000000 ^ _3792_/CLK (sky130_fd_sc_hd__dfxtp_2)
     2    0.035963    0.141413    0.302584    0.302584 ^ _3792_/Q (sky130_fd_sc_hd__dfxtp_2)
                                                         random_o[13] (net)
                      0.141413    0.000000    0.302584 ^ _2939_/A1 (sky130_fd_sc_hd__o221a_2)
     1    0.001748    0.021893    0.106610    0.409195 ^ _2939_/X (sky130_fd_sc_hd__o221a_2)
                                                         _0014_ (net)
                      0.021893    0.000000    0.409195 ^ _3792_/D (sky130_fd_sc_hd__dfxtp_2)
                                              0.409195   data arrival time

                      0.150000    0.000000    0.000000   clock clk_i (rise edge)
                                  0.000000    0.000000   clock network delay (ideal)
                                  0.250000    0.250000   clock uncertainty
                                  0.000000    0.250000   clock reconvergence pessimism
                                              0.250000 ^ _3792_/CLK (sky130_fd_sc_hd__dfxtp_2)
                                 -0.013827    0.236173   library hold time
                                              0.236173   data required time
---------------------------------------------------------------------------------------------
                                              0.236173   data required time
                                             -0.409195   data arrival time
---------------------------------------------------------------------------------------------
                                              0.173021   slack (MET)


Startpoint: _3798_ (rising edge-triggered flip-flop clocked by clk_i)
Endpoint: _3798_ (rising edge-triggered flip-flop clocked by clk_i)
Path Group: clk_i
Path Type: min

Fanout         Cap        Slew       Delay        Time   Description
---------------------------------------------------------------------------------------------
                      0.150000    0.000000    0.000000   clock clk_i (rise edge)
                                  0.000000    0.000000   clock network delay (ideal)
                      0.150000    0.000000    0.000000 ^ _3798_/CLK (sky130_fd_sc_hd__dfxtp_2)
     2    0.035963    0.141413    0.302584    0.302584 ^ _3798_/Q (sky130_fd_sc_hd__dfxtp_2)
                                                         random_o[19] (net)
                      0.141413    0.000000    0.302584 ^ _3007_/A1 (sky130_fd_sc_hd__o221a_2)
     1    0.001748    0.021893    0.106610    0.409195 ^ _3007_/X (sky130_fd_sc_hd__o221a_2)
                                                         _0020_ (net)
                      0.021893    0.000000    0.409195 ^ _3798_/D (sky130_fd_sc_hd__dfxtp_2)
                                              0.409195   data arrival time

                      0.150000    0.000000    0.000000   clock clk_i (rise edge)
                                  0.000000    0.000000   clock network delay (ideal)
                                  0.250000    0.250000   clock uncertainty
                                  0.000000    0.250000   clock reconvergence pessimism
                                              0.250000 ^ _3798_/CLK (sky130_fd_sc_hd__dfxtp_2)
                                 -0.013827    0.236173   library hold time
                                              0.236173   data required time
---------------------------------------------------------------------------------------------
                                              0.236173   data required time
                                             -0.409195   data arrival time
---------------------------------------------------------------------------------------------
                                              0.173021   slack (MET)


Startpoint: _3800_ (rising edge-triggered flip-flop clocked by clk_i)
Endpoint: _3800_ (rising edge-triggered flip-flop clocked by clk_i)
Path Group: clk_i
Path Type: min

Fanout         Cap        Slew       Delay        Time   Description
---------------------------------------------------------------------------------------------
                      0.150000    0.000000    0.000000   clock clk_i (rise edge)
                                  0.000000    0.000000   clock network delay (ideal)
                      0.150000    0.000000    0.000000 ^ _3800_/CLK (sky130_fd_sc_hd__dfxtp_2)
     2    0.035963    0.141413    0.302584    0.302584 ^ _3800_/Q (sky130_fd_sc_hd__dfxtp_2)
                                                         random_o[21] (net)
                      0.141413    0.000000    0.302584 ^ _3025_/A1 (sky130_fd_sc_hd__o221a_2)
     1    0.001748    0.021893    0.106610    0.409195 ^ _3025_/X (sky130_fd_sc_hd__o221a_2)
                                                         _0022_ (net)
                      0.021893    0.000000    0.409195 ^ _3800_/D (sky130_fd_sc_hd__dfxtp_2)
                                              0.409195   data arrival time

                      0.150000    0.000000    0.000000   clock clk_i (rise edge)
                                  0.000000    0.000000   clock network delay (ideal)
                                  0.250000    0.250000   clock uncertainty
                                  0.000000    0.250000   clock reconvergence pessimism
                                              0.250000 ^ _3800_/CLK (sky130_fd_sc_hd__dfxtp_2)
                                 -0.013827    0.236173   library hold time
                                              0.236173   data required time
---------------------------------------------------------------------------------------------
                                              0.236173   data required time
                                             -0.409195   data arrival time
---------------------------------------------------------------------------------------------
                                              0.173021   slack (MET)


Startpoint: _3802_ (rising edge-triggered flip-flop clocked by clk_i)
Endpoint: _3802_ (rising edge-triggered flip-flop clocked by clk_i)
Path Group: clk_i
Path Type: min

Fanout         Cap        Slew       Delay        Time   Description
---------------------------------------------------------------------------------------------
                      0.150000    0.000000    0.000000   clock clk_i (rise edge)
                                  0.000000    0.000000   clock network delay (ideal)
                      0.150000    0.000000    0.000000 ^ _3802_/CLK (sky130_fd_sc_hd__dfxtp_2)
     2    0.035963    0.141413    0.302584    0.302584 ^ _3802_/Q (sky130_fd_sc_hd__dfxtp_2)
                                                         random_o[23] (net)
                      0.141413    0.000000    0.302584 ^ _3051_/A1 (sky130_fd_sc_hd__o221a_2)
     1    0.001748    0.021893    0.106610    0.409195 ^ _3051_/X (sky130_fd_sc_hd__o221a_2)
                                                         _0024_ (net)
                      0.021893    0.000000    0.409195 ^ _3802_/D (sky130_fd_sc_hd__dfxtp_2)
                                              0.409195   data arrival time

                      0.150000    0.000000    0.000000   clock clk_i (rise edge)
                                  0.000000    0.000000   clock network delay (ideal)
                                  0.250000    0.250000   clock uncertainty
                                  0.000000    0.250000   clock reconvergence pessimism
                                              0.250000 ^ _3802_/CLK (sky130_fd_sc_hd__dfxtp_2)
                                 -0.013827    0.236173   library hold time
                                              0.236173   data required time
---------------------------------------------------------------------------------------------
                                              0.236173   data required time
                                             -0.409195   data arrival time
---------------------------------------------------------------------------------------------
                                              0.173021   slack (MET)


Startpoint: _3806_ (rising edge-triggered flip-flop clocked by clk_i)
Endpoint: _3806_ (rising edge-triggered flip-flop clocked by clk_i)
Path Group: clk_i
Path Type: min

Fanout         Cap        Slew       Delay        Time   Description
---------------------------------------------------------------------------------------------
                      0.150000    0.000000    0.000000   clock clk_i (rise edge)
                                  0.000000    0.000000   clock network delay (ideal)
                      0.150000    0.000000    0.000000 ^ _3806_/CLK (sky130_fd_sc_hd__dfxtp_2)
     2    0.035963    0.141413    0.302584    0.302584 ^ _3806_/Q (sky130_fd_sc_hd__dfxtp_2)
                                                         random_o[27] (net)
                      0.141413    0.000000    0.302584 ^ _3097_/A1 (sky130_fd_sc_hd__o221a_2)
     1    0.001748    0.021893    0.106610    0.409195 ^ _3097_/X (sky130_fd_sc_hd__o221a_2)
                                                         _0028_ (net)
                      0.021893    0.000000    0.409195 ^ _3806_/D (sky130_fd_sc_hd__dfxtp_2)
                                              0.409195   data arrival time

                      0.150000    0.000000    0.000000   clock clk_i (rise edge)
                                  0.000000    0.000000   clock network delay (ideal)
                                  0.250000    0.250000   clock uncertainty
                                  0.000000    0.250000   clock reconvergence pessimism
                                              0.250000 ^ _3806_/CLK (sky130_fd_sc_hd__dfxtp_2)
                                 -0.013827    0.236173   library hold time
                                              0.236173   data required time
---------------------------------------------------------------------------------------------
                                              0.236173   data required time
                                             -0.409195   data arrival time
---------------------------------------------------------------------------------------------
                                              0.173021   slack (MET)


Startpoint: _3784_ (rising edge-triggered flip-flop clocked by clk_i)
Endpoint: _3784_ (rising edge-triggered flip-flop clocked by clk_i)
Path Group: clk_i
Path Type: min

Fanout         Cap        Slew       Delay        Time   Description
---------------------------------------------------------------------------------------------
                      0.150000    0.000000    0.000000   clock clk_i (rise edge)
                                  0.000000    0.000000   clock network delay (ideal)
                      0.150000    0.000000    0.000000 ^ _3784_/CLK (sky130_fd_sc_hd__dfxtp_2)
     2    0.035963    0.141413    0.302584    0.302584 ^ _3784_/Q (sky130_fd_sc_hd__dfxtp_2)
                                                         random_o[5] (net)
                      0.141413    0.000000    0.302584 ^ _2864_/A1 (sky130_fd_sc_hd__o221a_2)
     1    0.001748    0.021897    0.106610    0.409195 ^ _2864_/X (sky130_fd_sc_hd__o221a_2)
                                                         _0006_ (net)
                      0.021897    0.000000    0.409195 ^ _3784_/D (sky130_fd_sc_hd__dfxtp_2)
                                              0.409195   data arrival time

                      0.150000    0.000000    0.000000   clock clk_i (rise edge)
                                  0.000000    0.000000   clock network delay (ideal)
                                  0.250000    0.250000   clock uncertainty
                                  0.000000    0.250000   clock reconvergence pessimism
                                              0.250000 ^ _3784_/CLK (sky130_fd_sc_hd__dfxtp_2)
                                 -0.013827    0.236173   library hold time
                                              0.236173   data required time
---------------------------------------------------------------------------------------------
                                              0.236173   data required time
                                             -0.409195   data arrival time
---------------------------------------------------------------------------------------------
                                              0.173022   slack (MET)


Startpoint: _3786_ (rising edge-triggered flip-flop clocked by clk_i)
Endpoint: _3786_ (rising edge-triggered flip-flop clocked by clk_i)
Path Group: clk_i
Path Type: min

Fanout         Cap        Slew       Delay        Time   Description
---------------------------------------------------------------------------------------------
                      0.150000    0.000000    0.000000   clock clk_i (rise edge)
                                  0.000000    0.000000   clock network delay (ideal)
                      0.150000    0.000000    0.000000 ^ _3786_/CLK (sky130_fd_sc_hd__dfxtp_2)
     2    0.035963    0.141413    0.302584    0.302584 ^ _3786_/Q (sky130_fd_sc_hd__dfxtp_2)
                                                         random_o[7] (net)
                      0.141413    0.000000    0.302584 ^ _2877_/A1 (sky130_fd_sc_hd__o221a_2)
     1    0.001748    0.021897    0.106610    0.409195 ^ _2877_/X (sky130_fd_sc_hd__o221a_2)
                                                         _0008_ (net)
                      0.021897    0.000000    0.409195 ^ _3786_/D (sky130_fd_sc_hd__dfxtp_2)
                                              0.409195   data arrival time

                      0.150000    0.000000    0.000000   clock clk_i (rise edge)
                                  0.000000    0.000000   clock network delay (ideal)
                                  0.250000    0.250000   clock uncertainty
                                  0.000000    0.250000   clock reconvergence pessimism
                                              0.250000 ^ _3786_/CLK (sky130_fd_sc_hd__dfxtp_2)
                                 -0.013827    0.236173   library hold time
                                              0.236173   data required time
---------------------------------------------------------------------------------------------
                                              0.236173   data required time
                                             -0.409195   data arrival time
---------------------------------------------------------------------------------------------
                                              0.173022   slack (MET)


Startpoint: _3790_ (rising edge-triggered flip-flop clocked by clk_i)
Endpoint: _3790_ (rising edge-triggered flip-flop clocked by clk_i)
Path Group: clk_i
Path Type: min

Fanout         Cap        Slew       Delay        Time   Description
---------------------------------------------------------------------------------------------
                      0.150000    0.000000    0.000000   clock clk_i (rise edge)
                                  0.000000    0.000000   clock network delay (ideal)
                      0.150000    0.000000    0.000000 ^ _3790_/CLK (sky130_fd_sc_hd__dfxtp_2)
     2    0.035963    0.141413    0.302584    0.302584 ^ _3790_/Q (sky130_fd_sc_hd__dfxtp_2)
                                                         random_o[11] (net)
                      0.141413    0.000000    0.302584 ^ _2918_/A1 (sky130_fd_sc_hd__o221a_2)
     1    0.001748    0.021896    0.106610    0.409195 ^ _2918_/X (sky130_fd_sc_hd__o221a_2)
                                                         _0012_ (net)
                      0.021896    0.000000    0.409195 ^ _3790_/D (sky130_fd_sc_hd__dfxtp_2)
                                              0.409195   data arrival time

                      0.150000    0.000000    0.000000   clock clk_i (rise edge)
                                  0.000000    0.000000   clock network delay (ideal)
                                  0.250000    0.250000   clock uncertainty
                                  0.000000    0.250000   clock reconvergence pessimism
                                              0.250000 ^ _3790_/CLK (sky130_fd_sc_hd__dfxtp_2)
                                 -0.013827    0.236173   library hold time
                                              0.236173   data required time
---------------------------------------------------------------------------------------------
                                              0.236173   data required time
                                             -0.409195   data arrival time
---------------------------------------------------------------------------------------------
                                              0.173022   slack (MET)


Startpoint: _3804_ (rising edge-triggered flip-flop clocked by clk_i)
Endpoint: _3804_ (rising edge-triggered flip-flop clocked by clk_i)
Path Group: clk_i
Path Type: min

Fanout         Cap        Slew       Delay        Time   Description
---------------------------------------------------------------------------------------------
                      0.150000    0.000000    0.000000   clock clk_i (rise edge)
                                  0.000000    0.000000   clock network delay (ideal)
                      0.150000    0.000000    0.000000 ^ _3804_/CLK (sky130_fd_sc_hd__dfxtp_2)
     2    0.035963    0.141413    0.302584    0.302584 ^ _3804_/Q (sky130_fd_sc_hd__dfxtp_2)
                                                         random_o[25] (net)
                      0.141413    0.000000    0.302584 ^ _3073_/A1 (sky130_fd_sc_hd__o221a_2)
     1    0.001748    0.021901    0.106610    0.409195 ^ _3073_/X (sky130_fd_sc_hd__o221a_2)
                                                         _0026_ (net)
                      0.021901    0.000000    0.409195 ^ _3804_/D (sky130_fd_sc_hd__dfxtp_2)
                                              0.409195   data arrival time

                      0.150000    0.000000    0.000000   clock clk_i (rise edge)
                                  0.000000    0.000000   clock network delay (ideal)
                                  0.250000    0.250000   clock uncertainty
                                  0.000000    0.250000   clock reconvergence pessimism
                                              0.250000 ^ _3804_/CLK (sky130_fd_sc_hd__dfxtp_2)
                                 -0.013827    0.236173   library hold time
                                              0.236173   data required time
---------------------------------------------------------------------------------------------
                                              0.236173   data required time
                                             -0.409195   data arrival time
---------------------------------------------------------------------------------------------
                                              0.173022   slack (MET)


Startpoint: _3871_ (rising edge-triggered flip-flop clocked by clk_i)
Endpoint: _3871_ (rising edge-triggered flip-flop clocked by clk_i)
Path Group: clk_i
Path Type: min

Fanout         Cap        Slew       Delay        Time   Description
---------------------------------------------------------------------------------------------
                      0.150000    0.000000    0.000000   clock clk_i (rise edge)
                                  0.000000    0.000000   clock network delay (ideal)
                      0.150000    0.000000    0.000000 ^ _3871_/CLK (sky130_fd_sc_hd__dfxtp_2)
     8    0.037548    0.147254    0.306656    0.306656 ^ _3871_/Q (sky130_fd_sc_hd__dfxtp_2)
                                                         s0_wire[28] (net)
                      0.147254    0.000000    0.306656 ^ _3344_/A1 (sky130_fd_sc_hd__o221a_2)
     1    0.001748    0.021893    0.107108    0.413764 ^ _3344_/X (sky130_fd_sc_hd__o221a_2)
                                                         _0093_ (net)
                      0.021893    0.000000    0.413764 ^ _3871_/D (sky130_fd_sc_hd__dfxtp_2)
                                              0.413764   data arrival time

                      0.150000    0.000000    0.000000   clock clk_i (rise edge)
                                  0.000000    0.000000   clock network delay (ideal)
                                  0.250000    0.250000   clock uncertainty
                                  0.000000    0.250000   clock reconvergence pessimism
                                              0.250000 ^ _3871_/CLK (sky130_fd_sc_hd__dfxtp_2)
                                 -0.013827    0.236173   library hold time
                                              0.236173   data required time
---------------------------------------------------------------------------------------------
                                              0.236173   data required time
                                             -0.413764   data arrival time
---------------------------------------------------------------------------------------------
                                              0.177590   slack (MET)


Startpoint: _3816_ (rising edge-triggered flip-flop clocked by clk_i)
Endpoint: _3848_ (rising edge-triggered flip-flop clocked by clk_i)
Path Group: clk_i
Path Type: min

Fanout         Cap        Slew       Delay        Time   Description
---------------------------------------------------------------------------------------------
                      0.150000    0.000000    0.000000   clock clk_i (rise edge)
                                  0.000000    0.000000   clock network delay (ideal)
                      0.150000    0.000000    0.000000 ^ _3816_/CLK (sky130_fd_sc_hd__dfxtp_2)
     2    0.010090    0.047035    0.235692    0.235692 ^ _3816_/Q (sky130_fd_sc_hd__dfxtp_2)
                                                         s1_wire[5] (net)
                      0.047035    0.000000    0.235692 ^ _3192_/B (sky130_fd_sc_hd__xnor2_2)
     5    0.016500    0.055327    0.061424    0.297115 v _3192_/Y (sky130_fd_sc_hd__xnor2_2)
                                                         _0964_ (net)
                      0.055327    0.000000    0.297115 v _3249_/B (sky130_fd_sc_hd__nand2_2)
     1    0.002537    0.029703    0.048918    0.346033 ^ _3249_/Y (sky130_fd_sc_hd__nand2_2)
                                                         _1004_ (net)
                      0.029703    0.000000    0.346033 ^ _3251_/B1 (sky130_fd_sc_hd__a221o_2)
     1    0.001748    0.018861    0.068215    0.414248 ^ _3251_/X (sky130_fd_sc_hd__a221o_2)
                                                         _0070_ (net)
                      0.018861    0.000000    0.414248 ^ _3848_/D (sky130_fd_sc_hd__dfxtp_2)
                                              0.414248   data arrival time

                      0.150000    0.000000    0.000000   clock clk_i (rise edge)
                                  0.000000    0.000000   clock network delay (ideal)
                                  0.250000    0.250000   clock uncertainty
                                  0.000000    0.250000   clock reconvergence pessimism
                                              0.250000 ^ _3848_/CLK (sky130_fd_sc_hd__dfxtp_2)
                                 -0.013616    0.236384   library hold time
                                              0.236384   data required time
---------------------------------------------------------------------------------------------
                                              0.236384   data required time
                                             -0.414248   data arrival time
---------------------------------------------------------------------------------------------
                                              0.177864   slack (MET)


Startpoint: _3815_ (rising edge-triggered flip-flop clocked by clk_i)
Endpoint: _3847_ (rising edge-triggered flip-flop clocked by clk_i)
Path Group: clk_i
Path Type: min

Fanout         Cap        Slew       Delay        Time   Description
---------------------------------------------------------------------------------------------
                      0.150000    0.000000    0.000000   clock clk_i (rise edge)
                                  0.000000    0.000000   clock network delay (ideal)
                      0.150000    0.000000    0.000000 ^ _3815_/CLK (sky130_fd_sc_hd__dfxtp_2)
     2    0.010078    0.046994    0.235660    0.235660 ^ _3815_/Q (sky130_fd_sc_hd__dfxtp_2)
                                                         s1_wire[4] (net)
                      0.046994    0.000000    0.235660 ^ _3189_/B (sky130_fd_sc_hd__xor2_2)
     5    0.013942    0.041693    0.055085    0.290745 v _3189_/X (sky130_fd_sc_hd__xor2_2)
                                                         _0962_ (net)
                      0.041693    0.000000    0.290745 v _3246_/B (sky130_fd_sc_hd__nor2_2)
     1    0.002460    0.042331    0.048783    0.339527 ^ _3246_/Y (sky130_fd_sc_hd__nor2_2)
                                                         _1002_ (net)
                      0.042331    0.000000    0.339527 ^ _3248_/B1 (sky130_fd_sc_hd__o221a_2)
     1    0.001748    0.021893    0.084870    0.424397 ^ _3248_/X (sky130_fd_sc_hd__o221a_2)
                                                         _0069_ (net)
                      0.021893    0.000000    0.424397 ^ _3847_/D (sky130_fd_sc_hd__dfxtp_2)
                                              0.424397   data arrival time

                      0.150000    0.000000    0.000000   clock clk_i (rise edge)
                                  0.000000    0.000000   clock network delay (ideal)
                                  0.250000    0.250000   clock uncertainty
                                  0.000000    0.250000   clock reconvergence pessimism
                                              0.250000 ^ _3847_/CLK (sky130_fd_sc_hd__dfxtp_2)
                                 -0.013827    0.236173   library hold time
                                              0.236173   data required time
---------------------------------------------------------------------------------------------
                                              0.236173   data required time
                                             -0.424397   data arrival time
---------------------------------------------------------------------------------------------
                                              0.188224   slack (MET)


Startpoint: _3834_ (rising edge-triggered flip-flop clocked by clk_i)
Endpoint: _3866_ (rising edge-triggered flip-flop clocked by clk_i)
Path Group: clk_i
Path Type: min

Fanout         Cap        Slew       Delay        Time   Description
---------------------------------------------------------------------------------------------
                      0.150000    0.000000    0.000000   clock clk_i (rise edge)
                                  0.000000    0.000000   clock network delay (ideal)
                      0.150000    0.000000    0.000000 ^ _3834_/CLK (sky130_fd_sc_hd__dfxtp_2)
     2    0.010104    0.047084    0.235729    0.235729 ^ _3834_/Q (sky130_fd_sc_hd__dfxtp_2)
                                                         s1_wire[23] (net)
                      0.047084    0.000000    0.235729 ^ _3150_/B (sky130_fd_sc_hd__xor2_2)
     3    0.008653    0.032878    0.044953    0.280682 v _3150_/X (sky130_fd_sc_hd__xor2_2)
                                                         _0936_ (net)
                      0.032878    0.000000    0.280682 v _3321_/A (sky130_fd_sc_hd__nor2_2)
     1    0.002460    0.041868    0.060988    0.341671 ^ _3321_/Y (sky130_fd_sc_hd__nor2_2)
                                                         _1064_ (net)
                      0.041868    0.000000    0.341671 ^ _3323_/B1 (sky130_fd_sc_hd__o221a_2)
     1    0.001748    0.021893    0.084755    0.426425 ^ _3323_/X (sky130_fd_sc_hd__o221a_2)
                                                         _0088_ (net)
                      0.021893    0.000000    0.426425 ^ _3866_/D (sky130_fd_sc_hd__dfxtp_2)
                                              0.426425   data arrival time

                      0.150000    0.000000    0.000000   clock clk_i (rise edge)
                                  0.000000    0.000000   clock network delay (ideal)
                                  0.250000    0.250000   clock uncertainty
                                  0.000000    0.250000   clock reconvergence pessimism
                                              0.250000 ^ _3866_/CLK (sky130_fd_sc_hd__dfxtp_2)
                                 -0.013827    0.236173   library hold time
                                              0.236173   data required time
---------------------------------------------------------------------------------------------
                                              0.236173   data required time
                                             -0.426425   data arrival time
---------------------------------------------------------------------------------------------
                                              0.190252   slack (MET)


Startpoint: _3814_ (rising edge-triggered flip-flop clocked by clk_i)
Endpoint: _3846_ (rising edge-triggered flip-flop clocked by clk_i)
Path Group: clk_i
Path Type: min

Fanout         Cap        Slew       Delay        Time   Description
---------------------------------------------------------------------------------------------
                      0.150000    0.000000    0.000000   clock clk_i (rise edge)
                                  0.000000    0.000000   clock network delay (ideal)
                      0.150000    0.000000    0.000000 ^ _3814_/CLK (sky130_fd_sc_hd__dfxtp_2)
     2    0.010104    0.047084    0.235729    0.235729 ^ _3814_/Q (sky130_fd_sc_hd__dfxtp_2)
                                                         s1_wire[3] (net)
                      0.047084    0.000000    0.235729 ^ _3186_/B (sky130_fd_sc_hd__xor2_2)
     5    0.014725    0.042950    0.056593    0.292322 v _3186_/X (sky130_fd_sc_hd__xor2_2)
                                                         _0960_ (net)
                      0.042950    0.000000    0.292322 v _3243_/B (sky130_fd_sc_hd__nor2_2)
     1    0.002460    0.042393    0.049270    0.341591 ^ _3243_/Y (sky130_fd_sc_hd__nor2_2)
                                                         _0999_ (net)
                      0.042393    0.000000    0.341591 ^ _3245_/B1 (sky130_fd_sc_hd__o221a_2)
     1    0.001748    0.021893    0.084885    0.426476 ^ _3245_/X (sky130_fd_sc_hd__o221a_2)
                                                         _0068_ (net)
                      0.021893    0.000000    0.426476 ^ _3846_/D (sky130_fd_sc_hd__dfxtp_2)
                                              0.426476   data arrival time

                      0.150000    0.000000    0.000000   clock clk_i (rise edge)
                                  0.000000    0.000000   clock network delay (ideal)
                                  0.250000    0.250000   clock uncertainty
                                  0.000000    0.250000   clock reconvergence pessimism
                                              0.250000 ^ _3846_/CLK (sky130_fd_sc_hd__dfxtp_2)
                                 -0.013827    0.236173   library hold time
                                              0.236173   data required time
---------------------------------------------------------------------------------------------
                                              0.236173   data required time
                                             -0.426476   data arrival time
---------------------------------------------------------------------------------------------
                                              0.190303   slack (MET)


Startpoint: _3874_ (rising edge-triggered flip-flop clocked by clk_i)
Endpoint: _3874_ (rising edge-triggered flip-flop clocked by clk_i)
Path Group: clk_i
Path Type: min

Fanout         Cap        Slew       Delay        Time   Description
---------------------------------------------------------------------------------------------
                      0.150000    0.000000    0.000000   clock clk_i (rise edge)
                                  0.000000    0.000000   clock network delay (ideal)
                      0.150000    0.000000    0.000000 ^ _3874_/CLK (sky130_fd_sc_hd__dfxtp_2)
     4    0.028600    0.114283    0.283669    0.283669 ^ _3874_/Q (sky130_fd_sc_hd__dfxtp_2)
                                                         s0_wire[31] (net)
                      0.114283    0.000000    0.283669 ^ _3358_/A (sky130_fd_sc_hd__or2_2)
     1    0.002521    0.022514    0.082697    0.366365 ^ _3358_/X (sky130_fd_sc_hd__or2_2)
                                                         _1097_ (net)
                      0.022514    0.000000    0.366365 ^ _3359_/B1 (sky130_fd_sc_hd__o311a_2)
     1    0.001748    0.019638    0.064837    0.431202 ^ _3359_/X (sky130_fd_sc_hd__o311a_2)
                                                         _0096_ (net)
                      0.019638    0.000000    0.431202 ^ _3874_/D (sky130_fd_sc_hd__dfxtp_2)
                                              0.431202   data arrival time

                      0.150000    0.000000    0.000000   clock clk_i (rise edge)
                                  0.000000    0.000000   clock network delay (ideal)
                                  0.250000    0.250000   clock uncertainty
                                  0.000000    0.250000   clock reconvergence pessimism
                                              0.250000 ^ _3874_/CLK (sky130_fd_sc_hd__dfxtp_2)
                                 -0.013670    0.236330   library hold time
                                              0.236330   data required time
---------------------------------------------------------------------------------------------
                                              0.236330   data required time
                                             -0.431202   data arrival time
---------------------------------------------------------------------------------------------
                                              0.194872   slack (MET)


Startpoint: _3873_ (rising edge-triggered flip-flop clocked by clk_i)
Endpoint: _3873_ (rising edge-triggered flip-flop clocked by clk_i)
Path Group: clk_i
Path Type: min

Fanout         Cap        Slew       Delay        Time   Description
---------------------------------------------------------------------------------------------
                      0.150000    0.000000    0.000000   clock clk_i (rise edge)
                                  0.000000    0.000000   clock network delay (ideal)
                      0.150000    0.000000    0.000000 ^ _3873_/CLK (sky130_fd_sc_hd__dfxtp_2)
     6    0.030939    0.122901    0.289678    0.289678 ^ _3873_/Q (sky130_fd_sc_hd__dfxtp_2)
                                                         s0_wire[30] (net)
                      0.122901    0.000000    0.289678 ^ _3353_/A (sky130_fd_sc_hd__or2_2)
     1    0.002521    0.022798    0.084630    0.374307 ^ _3353_/X (sky130_fd_sc_hd__or2_2)
                                                         _1092_ (net)
                      0.022798    0.000000    0.374307 ^ _3354_/B1 (sky130_fd_sc_hd__o311a_2)
     1    0.001748    0.019638    0.064904    0.439211 ^ _3354_/X (sky130_fd_sc_hd__o311a_2)
                                                         _0095_ (net)
                      0.019638    0.000000    0.439211 ^ _3873_/D (sky130_fd_sc_hd__dfxtp_2)
                                              0.439211   data arrival time

                      0.150000    0.000000    0.000000   clock clk_i (rise edge)
                                  0.000000    0.000000   clock network delay (ideal)
                                  0.250000    0.250000   clock uncertainty
                                  0.000000    0.250000   clock reconvergence pessimism
                                              0.250000 ^ _3873_/CLK (sky130_fd_sc_hd__dfxtp_2)
                                 -0.013670    0.236330   library hold time
                                              0.236330   data required time
---------------------------------------------------------------------------------------------
                                              0.236330   data required time
                                             -0.439211   data arrival time
---------------------------------------------------------------------------------------------
                                              0.202881   slack (MET)


Startpoint: _3817_ (rising edge-triggered flip-flop clocked by clk_i)
Endpoint: _3858_ (rising edge-triggered flip-flop clocked by clk_i)
Path Group: clk_i
Path Type: min

Fanout         Cap        Slew       Delay        Time   Description
---------------------------------------------------------------------------------------------
                      0.150000    0.000000    0.000000   clock clk_i (rise edge)
                                  0.000000    0.000000   clock network delay (ideal)
                      0.150000    0.000000    0.000000 ^ _3817_/CLK (sky130_fd_sc_hd__dfxtp_2)
     2    0.010104    0.047084    0.235729    0.235729 ^ _3817_/Q (sky130_fd_sc_hd__dfxtp_2)
                                                         s1_wire[6] (net)
                      0.047084    0.000000    0.235729 ^ _3195_/B (sky130_fd_sc_hd__xor2_2)
     5    0.014381    0.042398    0.055940    0.291669 v _3195_/X (sky130_fd_sc_hd__xor2_2)
                                                         _0966_ (net)
                      0.042398    0.000000    0.291669 v _3288_/A (sky130_fd_sc_hd__nor2_2)
     1    0.002460    0.041691    0.064673    0.356343 ^ _3288_/Y (sky130_fd_sc_hd__nor2_2)
                                                         _1037_ (net)
                      0.041691    0.000000    0.356343 ^ _3290_/B1 (sky130_fd_sc_hd__o221a_2)
     1    0.001748    0.021893    0.084711    0.441054 ^ _3290_/X (sky130_fd_sc_hd__o221a_2)
                                                         _0080_ (net)
                      0.021893    0.000000    0.441054 ^ _3858_/D (sky130_fd_sc_hd__dfxtp_2)
                                              0.441054   data arrival time

                      0.150000    0.000000    0.000000   clock clk_i (rise edge)
                                  0.000000    0.000000   clock network delay (ideal)
                                  0.250000    0.250000   clock uncertainty
                                  0.000000    0.250000   clock reconvergence pessimism
                                              0.250000 ^ _3858_/CLK (sky130_fd_sc_hd__dfxtp_2)
                                 -0.013827    0.236173   library hold time
                                              0.236173   data required time
---------------------------------------------------------------------------------------------
                                              0.236173   data required time
                                             -0.441054   data arrival time
---------------------------------------------------------------------------------------------
                                              0.204880   slack (MET)


Startpoint: _3813_ (rising edge-triggered flip-flop clocked by clk_i)
Endpoint: _3854_ (rising edge-triggered flip-flop clocked by clk_i)
Path Group: clk_i
Path Type: min

Fanout         Cap        Slew       Delay        Time   Description
---------------------------------------------------------------------------------------------
                      0.150000    0.000000    0.000000   clock clk_i (rise edge)
                                  0.000000    0.000000   clock network delay (ideal)
                      0.150000    0.000000    0.000000 ^ _3813_/CLK (sky130_fd_sc_hd__dfxtp_2)
     2    0.010104    0.047084    0.235729    0.235729 ^ _3813_/Q (sky130_fd_sc_hd__dfxtp_2)
                                                         s1_wire[2] (net)
                      0.047084    0.000000    0.235729 ^ _3183_/B (sky130_fd_sc_hd__xor2_2)
     5    0.014381    0.042398    0.055940    0.291669 v _3183_/X (sky130_fd_sc_hd__xor2_2)
                                                         _0958_ (net)
                      0.042398    0.000000    0.291669 v _3271_/A (sky130_fd_sc_hd__nor2_2)
     1    0.002460    0.041892    0.064673    0.356343 ^ _3271_/Y (sky130_fd_sc_hd__nor2_2)
                                                         _1022_ (net)
                      0.041892    0.000000    0.356343 ^ _3273_/B1 (sky130_fd_sc_hd__o221a_2)
     1    0.001748    0.021893    0.084761    0.441103 ^ _3273_/X (sky130_fd_sc_hd__o221a_2)
                                                         _0076_ (net)
                      0.021893    0.000000    0.441103 ^ _3854_/D (sky130_fd_sc_hd__dfxtp_2)
                                              0.441103   data arrival time

                      0.150000    0.000000    0.000000   clock clk_i (rise edge)
                                  0.000000    0.000000   clock network delay (ideal)
                                  0.250000    0.250000   clock uncertainty
                                  0.000000    0.250000   clock reconvergence pessimism
                                              0.250000 ^ _3854_/CLK (sky130_fd_sc_hd__dfxtp_2)
                                 -0.013827    0.236173   library hold time
                                              0.236173   data required time
---------------------------------------------------------------------------------------------
                                              0.236173   data required time
                                             -0.441103   data arrival time
---------------------------------------------------------------------------------------------
                                              0.204930   slack (MET)


Startpoint: _3811_ (rising edge-triggered flip-flop clocked by clk_i)
Endpoint: _3852_ (rising edge-triggered flip-flop clocked by clk_i)
Path Group: clk_i
Path Type: min

Fanout         Cap        Slew       Delay        Time   Description
---------------------------------------------------------------------------------------------
                      0.150000    0.000000    0.000000   clock clk_i (rise edge)
                                  0.000000    0.000000   clock network delay (ideal)
                      0.150000    0.000000    0.000000 ^ _3811_/CLK (sky130_fd_sc_hd__dfxtp_2)
     2    0.010104    0.047084    0.235729    0.235729 ^ _3811_/Q (sky130_fd_sc_hd__dfxtp_2)
                                                         s1_wire[0] (net)
                      0.047084    0.000000    0.235729 ^ _3177_/B (sky130_fd_sc_hd__xor2_2)
     5    0.014661    0.042847    0.056471    0.292200 v _3177_/X (sky130_fd_sc_hd__xor2_2)
                                                         _0954_ (net)
                      0.042847    0.000000    0.292200 v _3262_/A (sky130_fd_sc_hd__nor2_2)
     1    0.002460    0.041895    0.064847    0.357048 ^ _3262_/Y (sky130_fd_sc_hd__nor2_2)
                                                         _1014_ (net)
                      0.041895    0.000000    0.357048 ^ _3264_/B1 (sky130_fd_sc_hd__o221a_2)
     1    0.001748    0.021893    0.084761    0.441809 ^ _3264_/X (sky130_fd_sc_hd__o221a_2)
                                                         _0074_ (net)
                      0.021893    0.000000    0.441809 ^ _3852_/D (sky130_fd_sc_hd__dfxtp_2)
                                              0.441809   data arrival time

                      0.150000    0.000000    0.000000   clock clk_i (rise edge)
                                  0.000000    0.000000   clock network delay (ideal)
                                  0.250000    0.250000   clock uncertainty
                                  0.000000    0.250000   clock reconvergence pessimism
                                              0.250000 ^ _3852_/CLK (sky130_fd_sc_hd__dfxtp_2)
                                 -0.013827    0.236173   library hold time
                                              0.236173   data required time
---------------------------------------------------------------------------------------------
                                              0.236173   data required time
                                             -0.441809   data arrival time
---------------------------------------------------------------------------------------------
                                              0.205636   slack (MET)


Startpoint: _3814_ (rising edge-triggered flip-flop clocked by clk_i)
Endpoint: _3855_ (rising edge-triggered flip-flop clocked by clk_i)
Path Group: clk_i
Path Type: min

Fanout         Cap        Slew       Delay        Time   Description
---------------------------------------------------------------------------------------------
                      0.150000    0.000000    0.000000   clock clk_i (rise edge)
                                  0.000000    0.000000   clock network delay (ideal)
                      0.150000    0.000000    0.000000 ^ _3814_/CLK (sky130_fd_sc_hd__dfxtp_2)
     2    0.010104    0.047084    0.235729    0.235729 ^ _3814_/Q (sky130_fd_sc_hd__dfxtp_2)
                                                         s1_wire[3] (net)
                      0.047084    0.000000    0.235729 ^ _3186_/B (sky130_fd_sc_hd__xor2_2)
     5    0.014725    0.042950    0.056593    0.292322 v _3186_/X (sky130_fd_sc_hd__xor2_2)
                                                         _0960_ (net)
                      0.042950    0.000000    0.292322 v _3275_/A (sky130_fd_sc_hd__nor2_2)
     1    0.002460    0.041892    0.064887    0.357209 ^ _3275_/Y (sky130_fd_sc_hd__nor2_2)
                                                         _1026_ (net)
                      0.041892    0.000000    0.357209 ^ _3277_/B1 (sky130_fd_sc_hd__o221a_2)
     1    0.001748    0.021893    0.084761    0.441970 ^ _3277_/X (sky130_fd_sc_hd__o221a_2)
                                                         _0077_ (net)
                      0.021893    0.000000    0.441970 ^ _3855_/D (sky130_fd_sc_hd__dfxtp_2)
                                              0.441970   data arrival time

                      0.150000    0.000000    0.000000   clock clk_i (rise edge)
                                  0.000000    0.000000   clock network delay (ideal)
                                  0.250000    0.250000   clock uncertainty
                                  0.000000    0.250000   clock reconvergence pessimism
                                              0.250000 ^ _3855_/CLK (sky130_fd_sc_hd__dfxtp_2)
                                 -0.013827    0.236173   library hold time
                                              0.236173   data required time
---------------------------------------------------------------------------------------------
                                              0.236173   data required time
                                             -0.441970   data arrival time
---------------------------------------------------------------------------------------------
                                              0.205796   slack (MET)


Startpoint: _3810_ (rising edge-triggered flip-flop clocked by clk_i)
Endpoint: _3810_ (rising edge-triggered flip-flop clocked by clk_i)
Path Group: clk_i
Path Type: min

Fanout         Cap        Slew       Delay        Time   Description
---------------------------------------------------------------------------------------------
                      0.150000    0.000000    0.000000   clock clk_i (rise edge)
                                  0.000000    0.000000   clock network delay (ideal)
                      0.150000    0.000000    0.000000 ^ _3810_/CLK (sky130_fd_sc_hd__dfxtp_2)
     2    0.035882    0.141115    0.302376    0.302376 ^ _3810_/Q (sky130_fd_sc_hd__dfxtp_2)
                                                         random_o[31] (net)
                      0.141115    0.000000    0.302376 ^ _3136_/A1 (sky130_fd_sc_hd__o21a_2)
     1    0.002600    0.023064    0.091014    0.393390 ^ _3136_/X (sky130_fd_sc_hd__o21a_2)
                                                         _0927_ (net)
                      0.023064    0.000000    0.393390 ^ _3137_/B1 (sky130_fd_sc_hd__o21a_2)
     1    0.001748    0.016271    0.049340    0.442730 ^ _3137_/X (sky130_fd_sc_hd__o21a_2)
                                                         _0032_ (net)
                      0.016271    0.000000    0.442730 ^ _3810_/D (sky130_fd_sc_hd__dfxtp_2)
                                              0.442730   data arrival time

                      0.150000    0.000000    0.000000   clock clk_i (rise edge)
                                  0.000000    0.000000   clock network delay (ideal)
                                  0.250000    0.250000   clock uncertainty
                                  0.000000    0.250000   clock reconvergence pessimism
                                              0.250000 ^ _3810_/CLK (sky130_fd_sc_hd__dfxtp_2)
                                 -0.013436    0.236564   library hold time
                                              0.236564   data required time
---------------------------------------------------------------------------------------------
                                              0.236564   data required time
                                             -0.442730   data arrival time
---------------------------------------------------------------------------------------------
                                              0.206166   slack (MET)


Startpoint: _3870_ (rising edge-triggered flip-flop clocked by clk_i)
Endpoint: _3870_ (rising edge-triggered flip-flop clocked by clk_i)
Path Group: clk_i
Path Type: min

Fanout         Cap        Slew       Delay        Time   Description
---------------------------------------------------------------------------------------------
                      0.150000    0.000000    0.000000   clock clk_i (rise edge)
                                  0.000000    0.000000   clock network delay (ideal)
                      0.150000    0.000000    0.000000 ^ _3870_/CLK (sky130_fd_sc_hd__dfxtp_2)
     9    0.047595    0.184419    0.332403    0.332403 ^ _3870_/Q (sky130_fd_sc_hd__dfxtp_2)
                                                         s0_wire[27] (net)
                      0.184419    0.000000    0.332403 ^ _3340_/A1 (sky130_fd_sc_hd__o221a_2)
     1    0.001748    0.021893    0.110272    0.442675 ^ _3340_/X (sky130_fd_sc_hd__o221a_2)
                                                         _0092_ (net)
                      0.021893    0.000000    0.442675 ^ _3870_/D (sky130_fd_sc_hd__dfxtp_2)
                                              0.442675   data arrival time

                      0.150000    0.000000    0.000000   clock clk_i (rise edge)
                                  0.000000    0.000000   clock network delay (ideal)
                                  0.250000    0.250000   clock uncertainty
                                  0.000000    0.250000   clock reconvergence pessimism
                                              0.250000 ^ _3870_/CLK (sky130_fd_sc_hd__dfxtp_2)
                                 -0.013827    0.236173   library hold time
                                              0.236173   data required time
---------------------------------------------------------------------------------------------
                                              0.236173   data required time
                                             -0.442675   data arrival time
---------------------------------------------------------------------------------------------
                                              0.206502   slack (MET)


Startpoint: _3821_ (rising edge-triggered flip-flop clocked by clk_i)
Endpoint: _3862_ (rising edge-triggered flip-flop clocked by clk_i)
Path Group: clk_i
Path Type: min

Fanout         Cap        Slew       Delay        Time   Description
---------------------------------------------------------------------------------------------
                      0.150000    0.000000    0.000000   clock clk_i (rise edge)
                                  0.000000    0.000000   clock network delay (ideal)
                      0.150000    0.000000    0.000000 ^ _3821_/CLK (sky130_fd_sc_hd__dfxtp_2)
     2    0.010104    0.047084    0.235729    0.235729 ^ _3821_/Q (sky130_fd_sc_hd__dfxtp_2)
                                                         s1_wire[10] (net)
                      0.047084    0.000000    0.235729 ^ _3207_/B (sky130_fd_sc_hd__xor2_2)
     4    0.016375    0.045387    0.059721    0.295450 v _3207_/X (sky130_fd_sc_hd__xor2_2)
                                                         _0974_ (net)
                      0.045387    0.000000    0.295450 v _3304_/A (sky130_fd_sc_hd__nor2_2)
     1    0.002460    0.041893    0.065831    0.361280 ^ _3304_/Y (sky130_fd_sc_hd__nor2_2)
                                                         _1050_ (net)
                      0.041893    0.000000    0.361280 ^ _3306_/B1 (sky130_fd_sc_hd__o221a_2)
     1    0.001748    0.021893    0.084761    0.446041 ^ _3306_/X (sky130_fd_sc_hd__o221a_2)
                                                         _0084_ (net)
                      0.021893    0.000000    0.446041 ^ _3862_/D (sky130_fd_sc_hd__dfxtp_2)
                                              0.446041   data arrival time

                      0.150000    0.000000    0.000000   clock clk_i (rise edge)
                                  0.000000    0.000000   clock network delay (ideal)
                                  0.250000    0.250000   clock uncertainty
                                  0.000000    0.250000   clock reconvergence pessimism
                                              0.250000 ^ _3862_/CLK (sky130_fd_sc_hd__dfxtp_2)
                                 -0.013827    0.236173   library hold time
                                              0.236173   data required time
---------------------------------------------------------------------------------------------
                                              0.236173   data required time
                                             -0.446041   data arrival time
---------------------------------------------------------------------------------------------
                                              0.209868   slack (MET)


Startpoint: _3822_ (rising edge-triggered flip-flop clocked by clk_i)
Endpoint: _3863_ (rising edge-triggered flip-flop clocked by clk_i)
Path Group: clk_i
Path Type: min

Fanout         Cap        Slew       Delay        Time   Description
---------------------------------------------------------------------------------------------
                      0.150000    0.000000    0.000000   clock clk_i (rise edge)
                                  0.000000    0.000000   clock network delay (ideal)
                      0.150000    0.000000    0.000000 ^ _3822_/CLK (sky130_fd_sc_hd__dfxtp_2)
     2    0.010104    0.047084    0.235729    0.235729 ^ _3822_/Q (sky130_fd_sc_hd__dfxtp_2)
                                                         s1_wire[11] (net)
                      0.047084    0.000000    0.235729 ^ _3210_/B (sky130_fd_sc_hd__xor2_2)
     4    0.016375    0.045399    0.059721    0.295450 v _3210_/X (sky130_fd_sc_hd__xor2_2)
                                                         _0976_ (net)
                      0.045399    0.000000    0.295450 v _3308_/A (sky130_fd_sc_hd__nor2_2)
     1    0.002460    0.041888    0.065835    0.361285 ^ _3308_/Y (sky130_fd_sc_hd__nor2_2)
                                                         _1053_ (net)
                      0.041888    0.000000    0.361285 ^ _3310_/B1 (sky130_fd_sc_hd__o221a_2)
     1    0.001748    0.021893    0.084760    0.446045 ^ _3310_/X (sky130_fd_sc_hd__o221a_2)
                                                         _0085_ (net)
                      0.021893    0.000000    0.446045 ^ _3863_/D (sky130_fd_sc_hd__dfxtp_2)
                                              0.446045   data arrival time

                      0.150000    0.000000    0.000000   clock clk_i (rise edge)
                                  0.000000    0.000000   clock network delay (ideal)
                                  0.250000    0.250000   clock uncertainty
                                  0.000000    0.250000   clock reconvergence pessimism
                                              0.250000 ^ _3863_/CLK (sky130_fd_sc_hd__dfxtp_2)
                                 -0.013827    0.236173   library hold time
                                              0.236173   data required time
---------------------------------------------------------------------------------------------
                                              0.236173   data required time
                                             -0.446045   data arrival time
---------------------------------------------------------------------------------------------
                                              0.209872   slack (MET)


Startpoint: _3823_ (rising edge-triggered flip-flop clocked by clk_i)
Endpoint: _3864_ (rising edge-triggered flip-flop clocked by clk_i)
Path Group: clk_i
Path Type: min

Fanout         Cap        Slew       Delay        Time   Description
---------------------------------------------------------------------------------------------
                      0.150000    0.000000    0.000000   clock clk_i (rise edge)
                                  0.000000    0.000000   clock network delay (ideal)
                      0.150000    0.000000    0.000000 ^ _3823_/CLK (sky130_fd_sc_hd__dfxtp_2)
     2    0.010972    0.050078    0.238050    0.238050 ^ _3823_/Q (sky130_fd_sc_hd__dfxtp_2)
                                                         s1_wire[12] (net)
                      0.050078    0.000000    0.238050 ^ _3213_/B (sky130_fd_sc_hd__xor2_2)
     4    0.015966    0.044742    0.059713    0.297763 v _3213_/X (sky130_fd_sc_hd__xor2_2)
                                                         _0978_ (net)
                      0.044742    0.000000    0.297763 v _3313_/A1 (sky130_fd_sc_hd__a21oi_2)
     1    0.002554    0.048605    0.074562    0.372324 ^ _3313_/Y (sky130_fd_sc_hd__a21oi_2)
                                                         _1057_ (net)
                      0.048605    0.000000    0.372324 ^ _3314_/B2 (sky130_fd_sc_hd__a221o_2)
     1    0.001748    0.018826    0.075987    0.448311 ^ _3314_/X (sky130_fd_sc_hd__a221o_2)
                                                         _0086_ (net)
                      0.018826    0.000000    0.448311 ^ _3864_/D (sky130_fd_sc_hd__dfxtp_2)
                                              0.448311   data arrival time

                      0.150000    0.000000    0.000000   clock clk_i (rise edge)
                                  0.000000    0.000000   clock network delay (ideal)
                                  0.250000    0.250000   clock uncertainty
                                  0.000000    0.250000   clock reconvergence pessimism
                                              0.250000 ^ _3864_/CLK (sky130_fd_sc_hd__dfxtp_2)
                                 -0.013613    0.236387   library hold time
                                              0.236387   data required time
---------------------------------------------------------------------------------------------
                                              0.236387   data required time
                                             -0.448311   data arrival time
---------------------------------------------------------------------------------------------
                                              0.211925   slack (MET)


Startpoint: _3818_ (rising edge-triggered flip-flop clocked by clk_i)
Endpoint: _3859_ (rising edge-triggered flip-flop clocked by clk_i)
Path Group: clk_i
Path Type: min

Fanout         Cap        Slew       Delay        Time   Description
---------------------------------------------------------------------------------------------
                      0.150000    0.000000    0.000000   clock clk_i (rise edge)
                                  0.000000    0.000000   clock network delay (ideal)
                      0.150000    0.000000    0.000000 ^ _3818_/CLK (sky130_fd_sc_hd__dfxtp_2)
     2    0.010090    0.047035    0.235692    0.235692 ^ _3818_/Q (sky130_fd_sc_hd__dfxtp_2)
                                                         s1_wire[7] (net)
                      0.047035    0.000000    0.235692 ^ _3198_/B (sky130_fd_sc_hd__xnor2_2)
     5    0.015634    0.053066    0.059659    0.295351 v _3198_/Y (sky130_fd_sc_hd__xnor2_2)
                                                         _0968_ (net)
                      0.053066    0.000000    0.295351 v _3293_/A1 (sky130_fd_sc_hd__a21oi_2)
     1    0.002554    0.048650    0.077839    0.373190 ^ _3293_/Y (sky130_fd_sc_hd__a21oi_2)
                                                         _1041_ (net)
                      0.048650    0.000000    0.373190 ^ _3294_/B2 (sky130_fd_sc_hd__a221o_2)
     1    0.001748    0.018826    0.075998    0.449188 ^ _3294_/X (sky130_fd_sc_hd__a221o_2)
                                                         _0081_ (net)
                      0.018826    0.000000    0.449188 ^ _3859_/D (sky130_fd_sc_hd__dfxtp_2)
                                              0.449188   data arrival time

                      0.150000    0.000000    0.000000   clock clk_i (rise edge)
                                  0.000000    0.000000   clock network delay (ideal)
                                  0.250000    0.250000   clock uncertainty
                                  0.000000    0.250000   clock reconvergence pessimism
                                              0.250000 ^ _3859_/CLK (sky130_fd_sc_hd__dfxtp_2)
                                 -0.013613    0.236387   library hold time
                                              0.236387   data required time
---------------------------------------------------------------------------------------------
                                              0.236387   data required time
                                             -0.449188   data arrival time
---------------------------------------------------------------------------------------------
                                              0.212801   slack (MET)


Startpoint: _3820_ (rising edge-triggered flip-flop clocked by clk_i)
Endpoint: _3861_ (rising edge-triggered flip-flop clocked by clk_i)
Path Group: clk_i
Path Type: min

Fanout         Cap        Slew       Delay        Time   Description
---------------------------------------------------------------------------------------------
                      0.150000    0.000000    0.000000   clock clk_i (rise edge)
                                  0.000000    0.000000   clock network delay (ideal)
                      0.150000    0.000000    0.000000 ^ _3820_/CLK (sky130_fd_sc_hd__dfxtp_2)
     2    0.010972    0.050078    0.238050    0.238050 ^ _3820_/Q (sky130_fd_sc_hd__dfxtp_2)
                                                         s1_wire[9] (net)
                      0.050078    0.000000    0.238050 ^ _3204_/B (sky130_fd_sc_hd__xor2_2)
     4    0.016655    0.045872    0.061018    0.299067 v _3204_/X (sky130_fd_sc_hd__xor2_2)
                                                         _0972_ (net)
                      0.045872    0.000000    0.299067 v _3300_/A (sky130_fd_sc_hd__nor2_2)
     1    0.002460    0.041894    0.066018    0.365086 ^ _3300_/Y (sky130_fd_sc_hd__nor2_2)
                                                         _1047_ (net)
                      0.041894    0.000000    0.365086 ^ _3302_/B1 (sky130_fd_sc_hd__o221a_2)
     1    0.001748    0.021893    0.084761    0.449847 ^ _3302_/X (sky130_fd_sc_hd__o221a_2)
                                                         _0083_ (net)
                      0.021893    0.000000    0.449847 ^ _3861_/D (sky130_fd_sc_hd__dfxtp_2)
                                              0.449847   data arrival time

                      0.150000    0.000000    0.000000   clock clk_i (rise edge)
                                  0.000000    0.000000   clock network delay (ideal)
                                  0.250000    0.250000   clock uncertainty
                                  0.000000    0.250000   clock reconvergence pessimism
                                              0.250000 ^ _3861_/CLK (sky130_fd_sc_hd__dfxtp_2)
                                 -0.013827    0.236173   library hold time
                                              0.236173   data required time
---------------------------------------------------------------------------------------------
                                              0.236173   data required time
                                             -0.449847   data arrival time
---------------------------------------------------------------------------------------------
                                              0.213673   slack (MET)


Startpoint: _3816_ (rising edge-triggered flip-flop clocked by clk_i)
Endpoint: _3857_ (rising edge-triggered flip-flop clocked by clk_i)
Path Group: clk_i
Path Type: min

Fanout         Cap        Slew       Delay        Time   Description
---------------------------------------------------------------------------------------------
                      0.150000    0.000000    0.000000   clock clk_i (rise edge)
                                  0.000000    0.000000   clock network delay (ideal)
                      0.150000    0.000000    0.000000 ^ _3816_/CLK (sky130_fd_sc_hd__dfxtp_2)
     2    0.010090    0.047035    0.235692    0.235692 ^ _3816_/Q (sky130_fd_sc_hd__dfxtp_2)
                                                         s1_wire[5] (net)
                      0.047035    0.000000    0.235692 ^ _3192_/B (sky130_fd_sc_hd__xnor2_2)
     5    0.016500    0.055327    0.061424    0.297115 v _3192_/Y (sky130_fd_sc_hd__xnor2_2)
                                                         _0964_ (net)
                      0.055327    0.000000    0.297115 v _3285_/A1 (sky130_fd_sc_hd__a21oi_2)
     1    0.002554    0.048792    0.078652    0.375767 ^ _3285_/Y (sky130_fd_sc_hd__a21oi_2)
                                                         _1035_ (net)
                      0.048792    0.000000    0.375767 ^ _3286_/B2 (sky130_fd_sc_hd__a221o_2)
     1    0.001748    0.018826    0.076033    0.451800 ^ _3286_/X (sky130_fd_sc_hd__a221o_2)
                                                         _0079_ (net)
                      0.018826    0.000000    0.451800 ^ _3857_/D (sky130_fd_sc_hd__dfxtp_2)
                                              0.451800   data arrival time

                      0.150000    0.000000    0.000000   clock clk_i (rise edge)
                                  0.000000    0.000000   clock network delay (ideal)
                                  0.250000    0.250000   clock uncertainty
                                  0.000000    0.250000   clock reconvergence pessimism
                                              0.250000 ^ _3857_/CLK (sky130_fd_sc_hd__dfxtp_2)
                                 -0.013613    0.236387   library hold time
                                              0.236387   data required time
---------------------------------------------------------------------------------------------
                                              0.236387   data required time
                                             -0.451800   data arrival time
---------------------------------------------------------------------------------------------
                                              0.215413   slack (MET)


Startpoint: _3812_ (rising edge-triggered flip-flop clocked by clk_i)
Endpoint: _3844_ (rising edge-triggered flip-flop clocked by clk_i)
Path Group: clk_i
Path Type: min

Fanout         Cap        Slew       Delay        Time   Description
---------------------------------------------------------------------------------------------
                      0.150000    0.000000    0.000000   clock clk_i (rise edge)
                                  0.000000    0.000000   clock network delay (ideal)
                      0.150000    0.000000    0.000000 ^ _3812_/CLK (sky130_fd_sc_hd__dfxtp_2)
     2    0.010104    0.047084    0.235729    0.235729 ^ _3812_/Q (sky130_fd_sc_hd__dfxtp_2)
                                                         s1_wire[1] (net)
                      0.047084    0.000000    0.235729 ^ _3180_/B (sky130_fd_sc_hd__xor2_2)
     5    0.013730    0.041146    0.054706    0.290435 v _3180_/X (sky130_fd_sc_hd__xor2_2)
                                                         _0956_ (net)
                      0.041146    0.000000    0.290435 v _3238_/A2 (sky130_fd_sc_hd__a21oi_2)
     1    0.002554    0.055444    0.084889    0.375325 ^ _3238_/Y (sky130_fd_sc_hd__a21oi_2)
                                                         _0996_ (net)
                      0.055444    0.000000    0.375325 ^ _3239_/B2 (sky130_fd_sc_hd__a221o_2)
     1    0.001748    0.018851    0.077545    0.452870 ^ _3239_/X (sky130_fd_sc_hd__a221o_2)
                                                         _0066_ (net)
                      0.018851    0.000000    0.452870 ^ _3844_/D (sky130_fd_sc_hd__dfxtp_2)
                                              0.452870   data arrival time

                      0.150000    0.000000    0.000000   clock clk_i (rise edge)
                                  0.000000    0.000000   clock network delay (ideal)
                                  0.250000    0.250000   clock uncertainty
                                  0.000000    0.250000   clock reconvergence pessimism
                                              0.250000 ^ _3844_/CLK (sky130_fd_sc_hd__dfxtp_2)
                                 -0.013615    0.236385   library hold time
                                              0.236385   data required time
---------------------------------------------------------------------------------------------
                                              0.236385   data required time
                                             -0.452870   data arrival time
---------------------------------------------------------------------------------------------
                                              0.216485   slack (MET)


Startpoint: _3817_ (rising edge-triggered flip-flop clocked by clk_i)
Endpoint: _3849_ (rising edge-triggered flip-flop clocked by clk_i)
Path Group: clk_i
Path Type: min

Fanout         Cap        Slew       Delay        Time   Description
---------------------------------------------------------------------------------------------
                      0.150000    0.000000    0.000000   clock clk_i (rise edge)
                                  0.000000    0.000000   clock network delay (ideal)
                      0.150000    0.000000    0.000000 ^ _3817_/CLK (sky130_fd_sc_hd__dfxtp_2)
     2    0.010104    0.047084    0.235729    0.235729 ^ _3817_/Q (sky130_fd_sc_hd__dfxtp_2)
                                                         s1_wire[6] (net)
                      0.047084    0.000000    0.235729 ^ _3195_/B (sky130_fd_sc_hd__xor2_2)
     5    0.014381    0.042398    0.055940    0.291669 v _3195_/X (sky130_fd_sc_hd__xor2_2)
                                                         _0966_ (net)
                      0.042398    0.000000    0.291669 v _3253_/A2 (sky130_fd_sc_hd__a21oi_2)
     1    0.002554    0.052718    0.085390    0.377060 ^ _3253_/Y (sky130_fd_sc_hd__a21oi_2)
                                                         _1007_ (net)
                      0.052718    0.000000    0.377060 ^ _3254_/B2 (sky130_fd_sc_hd__a221o_2)
     1    0.001748    0.018821    0.076989    0.454049 ^ _3254_/X (sky130_fd_sc_hd__a221o_2)
                                                         _0071_ (net)
                      0.018821    0.000000    0.454049 ^ _3849_/D (sky130_fd_sc_hd__dfxtp_2)
                                              0.454049   data arrival time

                      0.150000    0.000000    0.000000   clock clk_i (rise edge)
                                  0.000000    0.000000   clock network delay (ideal)
                                  0.250000    0.250000   clock uncertainty
                                  0.000000    0.250000   clock reconvergence pessimism
                                              0.250000 ^ _3849_/CLK (sky130_fd_sc_hd__dfxtp_2)
                                 -0.013613    0.236387   library hold time
                                              0.236387   data required time
---------------------------------------------------------------------------------------------
                                              0.236387   data required time
                                             -0.454049   data arrival time
---------------------------------------------------------------------------------------------
                                              0.217662   slack (MET)


Startpoint: _3819_ (rising edge-triggered flip-flop clocked by clk_i)
Endpoint: _3851_ (rising edge-triggered flip-flop clocked by clk_i)
Path Group: clk_i
Path Type: min

Fanout         Cap        Slew       Delay        Time   Description
---------------------------------------------------------------------------------------------
                      0.150000    0.000000    0.000000   clock clk_i (rise edge)
                                  0.000000    0.000000   clock network delay (ideal)
                      0.150000    0.000000    0.000000 ^ _3819_/CLK (sky130_fd_sc_hd__dfxtp_2)
     2    0.010104    0.047084    0.235729    0.235729 ^ _3819_/Q (sky130_fd_sc_hd__dfxtp_2)
                                                         s1_wire[8] (net)
                      0.047084    0.000000    0.235729 ^ _3201_/B (sky130_fd_sc_hd__xor2_2)
     5    0.014453    0.042513    0.056077    0.291806 v _3201_/X (sky130_fd_sc_hd__xor2_2)
                                                         _0970_ (net)
                      0.042513    0.000000    0.291806 v _3259_/A2 (sky130_fd_sc_hd__a21oi_2)
     1    0.002554    0.052459    0.085437    0.377243 ^ _3259_/Y (sky130_fd_sc_hd__a21oi_2)
                                                         _1012_ (net)
                      0.052459    0.000000    0.377243 ^ _3260_/B2 (sky130_fd_sc_hd__a221o_2)
     1    0.001748    0.018822    0.076926    0.454169 ^ _3260_/X (sky130_fd_sc_hd__a221o_2)
                                                         _0073_ (net)
                      0.018822    0.000000    0.454169 ^ _3851_/D (sky130_fd_sc_hd__dfxtp_2)
                                              0.454169   data arrival time

                      0.150000    0.000000    0.000000   clock clk_i (rise edge)
                                  0.000000    0.000000   clock network delay (ideal)
                                  0.250000    0.250000   clock uncertainty
                                  0.000000    0.250000   clock reconvergence pessimism
                                              0.250000 ^ _3851_/CLK (sky130_fd_sc_hd__dfxtp_2)
                                 -0.013613    0.236387   library hold time
                                              0.236387   data required time
---------------------------------------------------------------------------------------------
                                              0.236387   data required time
                                             -0.454169   data arrival time
---------------------------------------------------------------------------------------------
                                              0.217782   slack (MET)


Startpoint: _3813_ (rising edge-triggered flip-flop clocked by clk_i)
Endpoint: _3845_ (rising edge-triggered flip-flop clocked by clk_i)
Path Group: clk_i
Path Type: min

Fanout         Cap        Slew       Delay        Time   Description
---------------------------------------------------------------------------------------------
                      0.150000    0.000000    0.000000   clock clk_i (rise edge)
                                  0.000000    0.000000   clock network delay (ideal)
                      0.150000    0.000000    0.000000 ^ _3813_/CLK (sky130_fd_sc_hd__dfxtp_2)
     2    0.010104    0.047084    0.235729    0.235729 ^ _3813_/Q (sky130_fd_sc_hd__dfxtp_2)
                                                         s1_wire[2] (net)
                      0.047084    0.000000    0.235729 ^ _3183_/B (sky130_fd_sc_hd__xor2_2)
     5    0.014381    0.042398    0.055940    0.291669 v _3183_/X (sky130_fd_sc_hd__xor2_2)
                                                         _0958_ (net)
                      0.042398    0.000000    0.291669 v _3241_/A2 (sky130_fd_sc_hd__a21oi_2)
     1    0.002554    0.056949    0.085390    0.377060 ^ _3241_/Y (sky130_fd_sc_hd__a21oi_2)
                                                         _0998_ (net)
                      0.056949    0.000000    0.377060 ^ _3242_/B2 (sky130_fd_sc_hd__a221o_2)
     1    0.001748    0.018870    0.077842    0.454902 ^ _3242_/X (sky130_fd_sc_hd__a221o_2)
                                                         _0067_ (net)
                      0.018870    0.000000    0.454902 ^ _3845_/D (sky130_fd_sc_hd__dfxtp_2)
                                              0.454902   data arrival time

                      0.150000    0.000000    0.000000   clock clk_i (rise edge)
                                  0.000000    0.000000   clock network delay (ideal)
                                  0.250000    0.250000   clock uncertainty
                                  0.000000    0.250000   clock reconvergence pessimism
                                              0.250000 ^ _3845_/CLK (sky130_fd_sc_hd__dfxtp_2)
                                 -0.013617    0.236383   library hold time
                                              0.236383   data required time
---------------------------------------------------------------------------------------------
                                              0.236383   data required time
                                             -0.454902   data arrival time
---------------------------------------------------------------------------------------------
                                              0.218518   slack (MET)


Startpoint: _3826_ (rising edge-triggered flip-flop clocked by clk_i)
Endpoint: _3867_ (rising edge-triggered flip-flop clocked by clk_i)
Path Group: clk_i
Path Type: min

Fanout         Cap        Slew       Delay        Time   Description
---------------------------------------------------------------------------------------------
                      0.150000    0.000000    0.000000   clock clk_i (rise edge)
                                  0.000000    0.000000   clock network delay (ideal)
                      0.150000    0.000000    0.000000 ^ _3826_/CLK (sky130_fd_sc_hd__dfxtp_2)
     2    0.010090    0.047035    0.235692    0.235692 ^ _3826_/Q (sky130_fd_sc_hd__dfxtp_2)
                                                         s1_wire[15] (net)
                      0.047035    0.000000    0.235692 ^ _3222_/B (sky130_fd_sc_hd__xnor2_2)
     4    0.017727    0.058529    0.063924    0.299616 v _3222_/Y (sky130_fd_sc_hd__xnor2_2)
                                                         _0984_ (net)
                      0.058529    0.000000    0.299616 v _3326_/A1 (sky130_fd_sc_hd__a21oi_2)
     1    0.002554    0.048998    0.079800    0.379416 ^ _3326_/Y (sky130_fd_sc_hd__a21oi_2)
                                                         _1069_ (net)
                      0.048998    0.000000    0.379416 ^ _3327_/B2 (sky130_fd_sc_hd__a221o_2)
     1    0.001748    0.018826    0.076083    0.455499 ^ _3327_/X (sky130_fd_sc_hd__a221o_2)
                                                         _0089_ (net)
                      0.018826    0.000000    0.455499 ^ _3867_/D (sky130_fd_sc_hd__dfxtp_2)
                                              0.455499   data arrival time

                      0.150000    0.000000    0.000000   clock clk_i (rise edge)
                                  0.000000    0.000000   clock network delay (ideal)
                                  0.250000    0.250000   clock uncertainty
                                  0.000000    0.250000   clock reconvergence pessimism
                                              0.250000 ^ _3867_/CLK (sky130_fd_sc_hd__dfxtp_2)
                                 -0.013613    0.236387   library hold time
                                              0.236387   data required time
---------------------------------------------------------------------------------------------
                                              0.236387   data required time
                                             -0.455499   data arrival time
---------------------------------------------------------------------------------------------
                                              0.219112   slack (MET)


Startpoint: _3818_ (rising edge-triggered flip-flop clocked by clk_i)
Endpoint: _3850_ (rising edge-triggered flip-flop clocked by clk_i)
Path Group: clk_i
Path Type: min

Fanout         Cap        Slew       Delay        Time   Description
---------------------------------------------------------------------------------------------
                      0.150000    0.000000    0.000000   clock clk_i (rise edge)
                                  0.000000    0.000000   clock network delay (ideal)
                      0.150000    0.000000    0.000000 ^ _3818_/CLK (sky130_fd_sc_hd__dfxtp_2)
     2    0.010090    0.047035    0.235692    0.235692 ^ _3818_/Q (sky130_fd_sc_hd__dfxtp_2)
                                                         s1_wire[7] (net)
                      0.047035    0.000000    0.235692 ^ _3198_/B (sky130_fd_sc_hd__xnor2_2)
     5    0.015634    0.053066    0.059659    0.295351 v _3198_/Y (sky130_fd_sc_hd__xnor2_2)
                                                         _0968_ (net)
                      0.053066    0.000000    0.295351 v _3256_/A2 (sky130_fd_sc_hd__o21ai_2)
     1    0.002519    0.059338    0.073290    0.368640 ^ _3256_/Y (sky130_fd_sc_hd__o21ai_2)
                                                         _1010_ (net)
                      0.059338    0.000000    0.368640 ^ _3257_/B2 (sky130_fd_sc_hd__o221a_2)
     1    0.001748    0.021900    0.086736    0.455376 ^ _3257_/X (sky130_fd_sc_hd__o221a_2)
                                                         _0072_ (net)
                      0.021900    0.000000    0.455376 ^ _3850_/D (sky130_fd_sc_hd__dfxtp_2)
                                              0.455376   data arrival time

                      0.150000    0.000000    0.000000   clock clk_i (rise edge)
                                  0.000000    0.000000   clock network delay (ideal)
                                  0.250000    0.250000   clock uncertainty
                                  0.000000    0.250000   clock reconvergence pessimism
                                              0.250000 ^ _3850_/CLK (sky130_fd_sc_hd__dfxtp_2)
                                 -0.013827    0.236173   library hold time
                                              0.236173   data required time
---------------------------------------------------------------------------------------------
                                              0.236173   data required time
                                             -0.455376   data arrival time
---------------------------------------------------------------------------------------------
                                              0.219204   slack (MET)


Startpoint: _3811_ (rising edge-triggered flip-flop clocked by clk_i)
Endpoint: _3843_ (rising edge-triggered flip-flop clocked by clk_i)
Path Group: clk_i
Path Type: min

Fanout         Cap        Slew       Delay        Time   Description
---------------------------------------------------------------------------------------------
                      0.150000    0.000000    0.000000   clock clk_i (rise edge)
                                  0.000000    0.000000   clock network delay (ideal)
                      0.150000    0.000000    0.000000 ^ _3811_/CLK (sky130_fd_sc_hd__dfxtp_2)
     2    0.010104    0.047084    0.235729    0.235729 ^ _3811_/Q (sky130_fd_sc_hd__dfxtp_2)
                                                         s1_wire[0] (net)
                      0.047084    0.000000    0.235729 ^ _3177_/B (sky130_fd_sc_hd__xor2_2)
     5    0.014661    0.042847    0.056471    0.292200 v _3177_/X (sky130_fd_sc_hd__xor2_2)
                                                         _0954_ (net)
                      0.042847    0.000000    0.292200 v _3235_/A2 (sky130_fd_sc_hd__a21oi_2)
     1    0.002554    0.057224    0.085570    0.377771 ^ _3235_/Y (sky130_fd_sc_hd__a21oi_2)
                                                         _0994_ (net)
                      0.057224    0.000000    0.377771 ^ _3236_/B2 (sky130_fd_sc_hd__a221o_2)
     1    0.001748    0.018874    0.077896    0.455667 ^ _3236_/X (sky130_fd_sc_hd__a221o_2)
                                                         _0065_ (net)
                      0.018874    0.000000    0.455667 ^ _3843_/D (sky130_fd_sc_hd__dfxtp_2)
                                              0.455667   data arrival time

                      0.150000    0.000000    0.000000   clock clk_i (rise edge)
                                  0.000000    0.000000   clock network delay (ideal)
                                  0.250000    0.250000   clock uncertainty
                                  0.000000    0.250000   clock reconvergence pessimism
                                              0.250000 ^ _3843_/CLK (sky130_fd_sc_hd__dfxtp_2)
                                 -0.013617    0.236383   library hold time
                                              0.236383   data required time
---------------------------------------------------------------------------------------------
                                              0.236383   data required time
                                             -0.455667   data arrival time
---------------------------------------------------------------------------------------------
                                              0.219283   slack (MET)


Startpoint: _3831_ (rising edge-triggered flip-flop clocked by clk_i)
Endpoint: _3872_ (rising edge-triggered flip-flop clocked by clk_i)
Path Group: clk_i
Path Type: min

Fanout         Cap        Slew       Delay        Time   Description
---------------------------------------------------------------------------------------------
                      0.150000    0.000000    0.000000   clock clk_i (rise edge)
                                  0.000000    0.000000   clock network delay (ideal)
                      0.150000    0.000000    0.000000 ^ _3831_/CLK (sky130_fd_sc_hd__dfxtp_2)
     2    0.010972    0.050078    0.238050    0.238050 ^ _3831_/Q (sky130_fd_sc_hd__dfxtp_2)
                                                         s1_wire[20] (net)
                      0.050078    0.000000    0.238050 ^ _3141_/B (sky130_fd_sc_hd__xor2_2)
     4    0.015592    0.044144    0.059005    0.297054 v _3141_/X (sky130_fd_sc_hd__xor2_2)
                                                         _0930_ (net)
                      0.044144    0.000000    0.297054 v _3346_/A (sky130_fd_sc_hd__nor2_2)
     1    0.002523    0.042325    0.065695    0.362749 ^ _3346_/Y (sky130_fd_sc_hd__nor2_2)
                                                         _1086_ (net)
                      0.042325    0.000000    0.362749 ^ _3349_/A2 (sky130_fd_sc_hd__o311a_2)
     1    0.001748    0.019638    0.093033    0.455782 ^ _3349_/X (sky130_fd_sc_hd__o311a_2)
                                                         _0094_ (net)
                      0.019638    0.000000    0.455782 ^ _3872_/D (sky130_fd_sc_hd__dfxtp_2)
                                              0.455782   data arrival time

                      0.150000    0.000000    0.000000   clock clk_i (rise edge)
                                  0.000000    0.000000   clock network delay (ideal)
                                  0.250000    0.250000   clock uncertainty
                                  0.000000    0.250000   clock reconvergence pessimism
                                              0.250000 ^ _3872_/CLK (sky130_fd_sc_hd__dfxtp_2)
                                 -0.013670    0.236330   library hold time
                                              0.236330   data required time
---------------------------------------------------------------------------------------------
                                              0.236330   data required time
                                             -0.455782   data arrival time
---------------------------------------------------------------------------------------------
                                              0.219452   slack (MET)


Startpoint: _3779_ (rising edge-triggered flip-flop clocked by clk_i)
Endpoint: _3779_ (rising edge-triggered flip-flop clocked by clk_i)
Path Group: clk_i
Path Type: min

Fanout         Cap        Slew       Delay        Time   Description
---------------------------------------------------------------------------------------------
                      0.150000    0.000000    0.000000   clock clk_i (rise edge)
                                  0.000000    0.000000   clock network delay (ideal)
                      0.150000    0.000000    0.000000 ^ _3779_/CLK (sky130_fd_sc_hd__dfxtp_2)
     2    0.035111    0.138274    0.300396    0.300396 ^ _3779_/Q (sky130_fd_sc_hd__dfxtp_2)
                                                         random_o[0] (net)
                      0.138274    0.000000    0.300396 ^ _2531_/A (sky130_fd_sc_hd__or2_2)
     1    0.002470    0.023112    0.085868    0.386263 ^ _2531_/X (sky130_fd_sc_hd__or2_2)
                                                         _0353_ (net)
                      0.023112    0.000000    0.386263 ^ _2532_/B1 (sky130_fd_sc_hd__o211a_2)
     1    0.001748    0.022367    0.073497    0.459761 ^ _2532_/X (sky130_fd_sc_hd__o211a_2)
                                                         _0001_ (net)
                      0.022367    0.000000    0.459761 ^ _3779_/D (sky130_fd_sc_hd__dfxtp_2)
                                              0.459761   data arrival time

                      0.150000    0.000000    0.000000   clock clk_i (rise edge)
                                  0.000000    0.000000   clock network delay (ideal)
                                  0.250000    0.250000   clock uncertainty
                                  0.000000    0.250000   clock reconvergence pessimism
                                              0.250000 ^ _3779_/CLK (sky130_fd_sc_hd__dfxtp_2)
                                 -0.013860    0.236140   library hold time
                                              0.236140   data required time
---------------------------------------------------------------------------------------------
                                              0.236140   data required time
                                             -0.459761   data arrival time
---------------------------------------------------------------------------------------------
                                              0.223621   slack (MET)


Startpoint: _3781_ (rising edge-triggered flip-flop clocked by clk_i)
Endpoint: _3781_ (rising edge-triggered flip-flop clocked by clk_i)
Path Group: clk_i
Path Type: min

Fanout         Cap        Slew       Delay        Time   Description
---------------------------------------------------------------------------------------------
                      0.150000    0.000000    0.000000   clock clk_i (rise edge)
                                  0.000000    0.000000   clock network delay (ideal)
                      0.150000    0.000000    0.000000 ^ _3781_/CLK (sky130_fd_sc_hd__dfxtp_2)
     2    0.035111    0.138274    0.300396    0.300396 ^ _3781_/Q (sky130_fd_sc_hd__dfxtp_2)
                                                         random_o[2] (net)
                      0.138274    0.000000    0.300396 ^ _2712_/A (sky130_fd_sc_hd__or2_2)
     1    0.002470    0.023112    0.085868    0.386263 ^ _2712_/X (sky130_fd_sc_hd__or2_2)
                                                         _0532_ (net)
                      0.023112    0.000000    0.386263 ^ _2713_/B1 (sky130_fd_sc_hd__o211a_2)
     1    0.001748    0.022367    0.073497    0.459761 ^ _2713_/X (sky130_fd_sc_hd__o211a_2)
                                                         _0003_ (net)
                      0.022367    0.000000    0.459761 ^ _3781_/D (sky130_fd_sc_hd__dfxtp_2)
                                              0.459761   data arrival time

                      0.150000    0.000000    0.000000   clock clk_i (rise edge)
                                  0.000000    0.000000   clock network delay (ideal)
                                  0.250000    0.250000   clock uncertainty
                                  0.000000    0.250000   clock reconvergence pessimism
                                              0.250000 ^ _3781_/CLK (sky130_fd_sc_hd__dfxtp_2)
                                 -0.013860    0.236140   library hold time
                                              0.236140   data required time
---------------------------------------------------------------------------------------------
                                              0.236140   data required time
                                             -0.459761   data arrival time
---------------------------------------------------------------------------------------------
                                              0.223621   slack (MET)


Startpoint: _3782_ (rising edge-triggered flip-flop clocked by clk_i)
Endpoint: _3782_ (rising edge-triggered flip-flop clocked by clk_i)
Path Group: clk_i
Path Type: min

Fanout         Cap        Slew       Delay        Time   Description
---------------------------------------------------------------------------------------------
                      0.150000    0.000000    0.000000   clock clk_i (rise edge)
                                  0.000000    0.000000   clock network delay (ideal)
                      0.150000    0.000000    0.000000 ^ _3782_/CLK (sky130_fd_sc_hd__dfxtp_2)
     2    0.035111    0.138274    0.300396    0.300396 ^ _3782_/Q (sky130_fd_sc_hd__dfxtp_2)
                                                         random_o[3] (net)
                      0.138274    0.000000    0.300396 ^ _2798_/A (sky130_fd_sc_hd__or2_2)
     1    0.002470    0.023112    0.085868    0.386263 ^ _2798_/X (sky130_fd_sc_hd__or2_2)
                                                         _0617_ (net)
                      0.023112    0.000000    0.386263 ^ _2799_/B1 (sky130_fd_sc_hd__o211a_2)
     1    0.001748    0.022367    0.073497    0.459761 ^ _2799_/X (sky130_fd_sc_hd__o211a_2)
                                                         _0004_ (net)
                      0.022367    0.000000    0.459761 ^ _3782_/D (sky130_fd_sc_hd__dfxtp_2)
                                              0.459761   data arrival time

                      0.150000    0.000000    0.000000   clock clk_i (rise edge)
                                  0.000000    0.000000   clock network delay (ideal)
                                  0.250000    0.250000   clock uncertainty
                                  0.000000    0.250000   clock reconvergence pessimism
                                              0.250000 ^ _3782_/CLK (sky130_fd_sc_hd__dfxtp_2)
                                 -0.013860    0.236140   library hold time
                                              0.236140   data required time
---------------------------------------------------------------------------------------------
                                              0.236140   data required time
                                             -0.459761   data arrival time
---------------------------------------------------------------------------------------------
                                              0.223621   slack (MET)


Startpoint: _3791_ (rising edge-triggered flip-flop clocked by clk_i)
Endpoint: _3791_ (rising edge-triggered flip-flop clocked by clk_i)
Path Group: clk_i
Path Type: min

Fanout         Cap        Slew       Delay        Time   Description
---------------------------------------------------------------------------------------------
                      0.150000    0.000000    0.000000   clock clk_i (rise edge)
                                  0.000000    0.000000   clock network delay (ideal)
                      0.150000    0.000000    0.000000 ^ _3791_/CLK (sky130_fd_sc_hd__dfxtp_2)
     2    0.035111    0.138274    0.300396    0.300396 ^ _3791_/Q (sky130_fd_sc_hd__dfxtp_2)
                                                         random_o[12] (net)
                      0.138274    0.000000    0.300396 ^ _2929_/A (sky130_fd_sc_hd__or2_2)
     1    0.002470    0.023112    0.085868    0.386263 ^ _2929_/X (sky130_fd_sc_hd__or2_2)
                                                         _0739_ (net)
                      0.023112    0.000000    0.386263 ^ _2930_/B1 (sky130_fd_sc_hd__o211a_2)
     1    0.001748    0.022367    0.073497    0.459761 ^ _2930_/X (sky130_fd_sc_hd__o211a_2)
                                                         _0013_ (net)
                      0.022367    0.000000    0.459761 ^ _3791_/D (sky130_fd_sc_hd__dfxtp_2)
                                              0.459761   data arrival time

                      0.150000    0.000000    0.000000   clock clk_i (rise edge)
                                  0.000000    0.000000   clock network delay (ideal)
                                  0.250000    0.250000   clock uncertainty
                                  0.000000    0.250000   clock reconvergence pessimism
                                              0.250000 ^ _3791_/CLK (sky130_fd_sc_hd__dfxtp_2)
                                 -0.013860    0.236140   library hold time
                                              0.236140   data required time
---------------------------------------------------------------------------------------------
                                              0.236140   data required time
                                             -0.459761   data arrival time
---------------------------------------------------------------------------------------------
                                              0.223621   slack (MET)


Startpoint: _3793_ (rising edge-triggered flip-flop clocked by clk_i)
Endpoint: _3793_ (rising edge-triggered flip-flop clocked by clk_i)
Path Group: clk_i
Path Type: min

Fanout         Cap        Slew       Delay        Time   Description
---------------------------------------------------------------------------------------------
                      0.150000    0.000000    0.000000   clock clk_i (rise edge)
                                  0.000000    0.000000   clock network delay (ideal)
                      0.150000    0.000000    0.000000 ^ _3793_/CLK (sky130_fd_sc_hd__dfxtp_2)
     2    0.035111    0.138274    0.300396    0.300396 ^ _3793_/Q (sky130_fd_sc_hd__dfxtp_2)
                                                         random_o[14] (net)
                      0.138274    0.000000    0.300396 ^ _2953_/A (sky130_fd_sc_hd__or2_2)
     1    0.002470    0.023112    0.085868    0.386263 ^ _2953_/X (sky130_fd_sc_hd__or2_2)
                                                         _0761_ (net)
                      0.023112    0.000000    0.386263 ^ _2954_/B1 (sky130_fd_sc_hd__o211a_2)
     1    0.001748    0.022367    0.073497    0.459761 ^ _2954_/X (sky130_fd_sc_hd__o211a_2)
                                                         _0015_ (net)
                      0.022367    0.000000    0.459761 ^ _3793_/D (sky130_fd_sc_hd__dfxtp_2)
                                              0.459761   data arrival time

                      0.150000    0.000000    0.000000   clock clk_i (rise edge)
                                  0.000000    0.000000   clock network delay (ideal)
                                  0.250000    0.250000   clock uncertainty
                                  0.000000    0.250000   clock reconvergence pessimism
                                              0.250000 ^ _3793_/CLK (sky130_fd_sc_hd__dfxtp_2)
                                 -0.013860    0.236140   library hold time
                                              0.236140   data required time
---------------------------------------------------------------------------------------------
                                              0.236140   data required time
                                             -0.459761   data arrival time
---------------------------------------------------------------------------------------------
                                              0.223621   slack (MET)


Startpoint: _3797_ (rising edge-triggered flip-flop clocked by clk_i)
Endpoint: _3797_ (rising edge-triggered flip-flop clocked by clk_i)
Path Group: clk_i
Path Type: min

Fanout         Cap        Slew       Delay        Time   Description
---------------------------------------------------------------------------------------------
                      0.150000    0.000000    0.000000   clock clk_i (rise edge)
                                  0.000000    0.000000   clock network delay (ideal)
                      0.150000    0.000000    0.000000 ^ _3797_/CLK (sky130_fd_sc_hd__dfxtp_2)
     2    0.035111    0.138274    0.300396    0.300396 ^ _3797_/Q (sky130_fd_sc_hd__dfxtp_2)
                                                         random_o[18] (net)
                      0.138274    0.000000    0.300396 ^ _2996_/A (sky130_fd_sc_hd__or2_2)
     1    0.002470    0.023112    0.085868    0.386263 ^ _2996_/X (sky130_fd_sc_hd__or2_2)
                                                         _0800_ (net)
                      0.023112    0.000000    0.386263 ^ _2997_/B1 (sky130_fd_sc_hd__o211a_2)
     1    0.001748    0.022367    0.073497    0.459761 ^ _2997_/X (sky130_fd_sc_hd__o211a_2)
                                                         _0019_ (net)
                      0.022367    0.000000    0.459761 ^ _3797_/D (sky130_fd_sc_hd__dfxtp_2)
                                              0.459761   data arrival time

                      0.150000    0.000000    0.000000   clock clk_i (rise edge)
                                  0.000000    0.000000   clock network delay (ideal)
                                  0.250000    0.250000   clock uncertainty
                                  0.000000    0.250000   clock reconvergence pessimism
                                              0.250000 ^ _3797_/CLK (sky130_fd_sc_hd__dfxtp_2)
                                 -0.013860    0.236140   library hold time
                                              0.236140   data required time
---------------------------------------------------------------------------------------------
                                              0.236140   data required time
                                             -0.459761   data arrival time
---------------------------------------------------------------------------------------------
                                              0.223621   slack (MET)


Startpoint: _3809_ (rising edge-triggered flip-flop clocked by clk_i)
Endpoint: _3809_ (rising edge-triggered flip-flop clocked by clk_i)
Path Group: clk_i
Path Type: min

Fanout         Cap        Slew       Delay        Time   Description
---------------------------------------------------------------------------------------------
                      0.150000    0.000000    0.000000   clock clk_i (rise edge)
                                  0.000000    0.000000   clock network delay (ideal)
                      0.150000    0.000000    0.000000 ^ _3809_/CLK (sky130_fd_sc_hd__dfxtp_2)
     2    0.035111    0.138274    0.300396    0.300396 ^ _3809_/Q (sky130_fd_sc_hd__dfxtp_2)
                                                         random_o[30] (net)
                      0.138274    0.000000    0.300396 ^ _3130_/A (sky130_fd_sc_hd__or2_2)
     1    0.002470    0.023112    0.085868    0.386263 ^ _3130_/X (sky130_fd_sc_hd__or2_2)
                                                         _0922_ (net)
                      0.023112    0.000000    0.386263 ^ _3131_/B1 (sky130_fd_sc_hd__o211a_2)
     1    0.001748    0.022367    0.073497    0.459761 ^ _3131_/X (sky130_fd_sc_hd__o211a_2)
                                                         _0031_ (net)
                      0.022367    0.000000    0.459761 ^ _3809_/D (sky130_fd_sc_hd__dfxtp_2)
                                              0.459761   data arrival time

                      0.150000    0.000000    0.000000   clock clk_i (rise edge)
                                  0.000000    0.000000   clock network delay (ideal)
                                  0.250000    0.250000   clock uncertainty
                                  0.000000    0.250000   clock reconvergence pessimism
                                              0.250000 ^ _3809_/CLK (sky130_fd_sc_hd__dfxtp_2)
                                 -0.013860    0.236140   library hold time
                                              0.236140   data required time
---------------------------------------------------------------------------------------------
                                              0.236140   data required time
                                             -0.459761   data arrival time
---------------------------------------------------------------------------------------------
                                              0.223621   slack (MET)


Startpoint: _3828_ (rising edge-triggered flip-flop clocked by clk_i)
Endpoint: _3869_ (rising edge-triggered flip-flop clocked by clk_i)
Path Group: clk_i
Path Type: min

Fanout         Cap        Slew       Delay        Time   Description
---------------------------------------------------------------------------------------------
                      0.150000    0.000000    0.000000   clock clk_i (rise edge)
                                  0.000000    0.000000   clock network delay (ideal)
                      0.150000    0.000000    0.000000 ^ _3828_/CLK (sky130_fd_sc_hd__dfxtp_2)
     2    0.010104    0.047084    0.235729    0.235729 ^ _3828_/Q (sky130_fd_sc_hd__dfxtp_2)
                                                         s1_wire[17] (net)
                      0.047084    0.000000    0.235729 ^ _3228_/B (sky130_fd_sc_hd__xor2_2)
     4    0.015991    0.044775    0.058993    0.294722 v _3228_/X (sky130_fd_sc_hd__xor2_2)
                                                         _0988_ (net)
                      0.044775    0.000000    0.294722 v _3335_/A1 (sky130_fd_sc_hd__o21ai_2)
     1    0.002519    0.059359    0.084017    0.378738 ^ _3335_/Y (sky130_fd_sc_hd__o21ai_2)
                                                         _1077_ (net)
                      0.059359    0.000000    0.378738 ^ _3336_/B2 (sky130_fd_sc_hd__o221a_2)
     1    0.001748    0.021901    0.086740    0.465479 ^ _3336_/X (sky130_fd_sc_hd__o221a_2)
                                                         _0091_ (net)
                      0.021901    0.000000    0.465479 ^ _3869_/D (sky130_fd_sc_hd__dfxtp_2)
                                              0.465479   data arrival time

                      0.150000    0.000000    0.000000   clock clk_i (rise edge)
                                  0.000000    0.000000   clock network delay (ideal)
                                  0.250000    0.250000   clock uncertainty
                                  0.000000    0.250000   clock reconvergence pessimism
                                              0.250000 ^ _3869_/CLK (sky130_fd_sc_hd__dfxtp_2)
                                 -0.013827    0.236173   library hold time
                                              0.236173   data required time
---------------------------------------------------------------------------------------------
                                              0.236173   data required time
                                             -0.465479   data arrival time
---------------------------------------------------------------------------------------------
                                              0.229306   slack (MET)


Startpoint: _3815_ (rising edge-triggered flip-flop clocked by clk_i)
Endpoint: _3856_ (rising edge-triggered flip-flop clocked by clk_i)
Path Group: clk_i
Path Type: min

Fanout         Cap        Slew       Delay        Time   Description
---------------------------------------------------------------------------------------------
                      0.150000    0.000000    0.000000   clock clk_i (rise edge)
                                  0.000000    0.000000   clock network delay (ideal)
                      0.150000    0.000000    0.000000 ^ _3815_/CLK (sky130_fd_sc_hd__dfxtp_2)
     2    0.010078    0.046994    0.235660    0.235660 ^ _3815_/Q (sky130_fd_sc_hd__dfxtp_2)
                                                         s1_wire[4] (net)
                      0.046994    0.000000    0.235660 ^ _3189_/B (sky130_fd_sc_hd__xor2_2)
     5    0.013942    0.041693    0.055085    0.290745 v _3189_/X (sky130_fd_sc_hd__xor2_2)
                                                         _0962_ (net)
                      0.041693    0.000000    0.290745 v _3279_/A (sky130_fd_sc_hd__nor2_2)
     1    0.001794    0.036900    0.060745    0.351489 ^ _3279_/Y (sky130_fd_sc_hd__nor2_2)
                                                         _1029_ (net)
                      0.036900    0.000000    0.351489 ^ _3281_/B (sky130_fd_sc_hd__or3_2)
     1    0.002470    0.019595    0.065883    0.417372 ^ _3281_/X (sky130_fd_sc_hd__or3_2)
                                                         _1031_ (net)
                      0.019595    0.000000    0.417372 ^ _3282_/B1 (sky130_fd_sc_hd__o211a_2)
     1    0.001748    0.022370    0.072610    0.489982 ^ _3282_/X (sky130_fd_sc_hd__o211a_2)
                                                         _0078_ (net)
                      0.022370    0.000000    0.489982 ^ _3856_/D (sky130_fd_sc_hd__dfxtp_2)
                                              0.489982   data arrival time

                      0.150000    0.000000    0.000000   clock clk_i (rise edge)
                                  0.000000    0.000000   clock network delay (ideal)
                                  0.250000    0.250000   clock uncertainty
                                  0.000000    0.250000   clock reconvergence pessimism
                                              0.250000 ^ _3856_/CLK (sky130_fd_sc_hd__dfxtp_2)
                                 -0.013860    0.236140   library hold time
                                              0.236140   data required time
---------------------------------------------------------------------------------------------
                                              0.236140   data required time
                                             -0.489982   data arrival time
---------------------------------------------------------------------------------------------
                                              0.253842   slack (MET)


Startpoint: _3827_ (rising edge-triggered flip-flop clocked by clk_i)
Endpoint: _3868_ (rising edge-triggered flip-flop clocked by clk_i)
Path Group: clk_i
Path Type: min

Fanout         Cap        Slew       Delay        Time   Description
---------------------------------------------------------------------------------------------
                      0.150000    0.000000    0.000000   clock clk_i (rise edge)
                                  0.000000    0.000000   clock network delay (ideal)
                      0.150000    0.000000    0.000000 ^ _3827_/CLK (sky130_fd_sc_hd__dfxtp_2)
     2    0.010104    0.047084    0.235729    0.235729 ^ _3827_/Q (sky130_fd_sc_hd__dfxtp_2)
                                                         s1_wire[16] (net)
                      0.047084    0.000000    0.235729 ^ _3225_/B (sky130_fd_sc_hd__xor2_2)
     4    0.015872    0.044553    0.058767    0.294496 v _3225_/X (sky130_fd_sc_hd__xor2_2)
                                                         _0986_ (net)
                      0.044553    0.000000    0.294496 v _3330_/A (sky130_fd_sc_hd__nor2_2)
     1    0.001556    0.035100    0.060548    0.355045 ^ _3330_/Y (sky130_fd_sc_hd__nor2_2)
                                                         _1072_ (net)
                      0.035100    0.000000    0.355045 ^ _3331_/C (sky130_fd_sc_hd__or3_2)
     1    0.002470    0.019617    0.063011    0.418055 ^ _3331_/X (sky130_fd_sc_hd__or3_2)
                                                         _1073_ (net)
                      0.019617    0.000000    0.418055 ^ _3332_/B1 (sky130_fd_sc_hd__o211a_2)
     1    0.001748    0.022370    0.072615    0.490671 ^ _3332_/X (sky130_fd_sc_hd__o211a_2)
                                                         _0090_ (net)
                      0.022370    0.000000    0.490671 ^ _3868_/D (sky130_fd_sc_hd__dfxtp_2)
                                              0.490671   data arrival time

                      0.150000    0.000000    0.000000   clock clk_i (rise edge)
                                  0.000000    0.000000   clock network delay (ideal)
                                  0.250000    0.250000   clock uncertainty
                                  0.000000    0.250000   clock reconvergence pessimism
                                              0.250000 ^ _3868_/CLK (sky130_fd_sc_hd__dfxtp_2)
                                 -0.013860    0.236140   library hold time
                                              0.236140   data required time
---------------------------------------------------------------------------------------------
                                              0.236140   data required time
                                             -0.490671   data arrival time
---------------------------------------------------------------------------------------------
                                              0.254531   slack (MET)


Startpoint: _3865_ (rising edge-triggered flip-flop clocked by clk_i)
Endpoint: _3865_ (rising edge-triggered flip-flop clocked by clk_i)
Path Group: clk_i
Path Type: min

Fanout         Cap        Slew       Delay        Time   Description
---------------------------------------------------------------------------------------------
                      0.150000    0.000000    0.000000   clock clk_i (rise edge)
                                  0.000000    0.000000   clock network delay (ideal)
                      0.150000    0.000000    0.000000 ^ _3865_/CLK (sky130_fd_sc_hd__dfxtp_2)
    14    0.069569    0.114069    0.307931    0.307931 v _3865_/Q (sky130_fd_sc_hd__dfxtp_2)
                                                         s0_wire[22] (net)
                      0.114069    0.000000    0.307931 v _3319_/A1 (sky130_fd_sc_hd__o211a_2)
     1    0.001783    0.016575    0.181161    0.489092 v _3319_/X (sky130_fd_sc_hd__o211a_2)
                                                         _0087_ (net)
                      0.016575    0.000000    0.489092 v _3865_/D (sky130_fd_sc_hd__dfxtp_2)
                                              0.489092   data arrival time

                      0.150000    0.000000    0.000000   clock clk_i (rise edge)
                                  0.000000    0.000000   clock network delay (ideal)
                                  0.250000    0.250000   clock uncertainty
                                  0.000000    0.250000   clock reconvergence pessimism
                                              0.250000 ^ _3865_/CLK (sky130_fd_sc_hd__dfxtp_2)
                                 -0.018156    0.231844   library hold time
                                              0.231844   data required time
---------------------------------------------------------------------------------------------
                                              0.231844   data required time
                                             -0.489092   data arrival time
---------------------------------------------------------------------------------------------
                                              0.257248   slack (MET)


Startpoint: _3778_ (rising edge-triggered flip-flop clocked by clk_i)
Endpoint: valid_o (output port clocked by clk_i)
Path Group: clk_i
Path Type: min

Fanout         Cap        Slew       Delay        Time   Description
---------------------------------------------------------------------------------------------
                      0.150000    0.000000    0.000000   clock clk_i (rise edge)
                                  0.000000    0.000000   clock network delay (ideal)
                      0.150000    0.000000    0.000000 ^ _3778_/CLK (sky130_fd_sc_hd__dfxtp_2)
     1    0.033442    0.061636    0.264620    0.264620 v _3778_/Q (sky130_fd_sc_hd__dfxtp_2)
                                                         valid_o (net)
                      0.061636    0.000000    0.264620 v valid_o (out)
                                              0.264620   data arrival time

                      0.150000    0.000000    0.000000   clock clk_i (rise edge)
                                  0.000000    0.000000   clock network delay (ideal)
                                  0.250000    0.250000   clock uncertainty
                                  0.000000    0.250000   clock reconvergence pessimism
                                 -4.000000   -3.750000   output external delay
                                             -3.750000   data required time
---------------------------------------------------------------------------------------------
                                             -3.750000   data required time
                                             -0.264620   data arrival time
---------------------------------------------------------------------------------------------
                                              4.014620   slack (MET)


Startpoint: _3779_ (rising edge-triggered flip-flop clocked by clk_i)
Endpoint: random_o[0] (output port clocked by clk_i)
Path Group: clk_i
Path Type: min

Fanout         Cap        Slew       Delay        Time   Description
---------------------------------------------------------------------------------------------
                      0.150000    0.000000    0.000000   clock clk_i (rise edge)
                                  0.000000    0.000000   clock network delay (ideal)
                      0.150000    0.000000    0.000000 ^ _3779_/CLK (sky130_fd_sc_hd__dfxtp_2)
     2    0.034948    0.063728    0.266583    0.266583 v _3779_/Q (sky130_fd_sc_hd__dfxtp_2)
                                                         random_o[0] (net)
                      0.063728    0.000000    0.266583 v random_o[0] (out)
                                              0.266583   data arrival time

                      0.150000    0.000000    0.000000   clock clk_i (rise edge)
                                  0.000000    0.000000   clock network delay (ideal)
                                  0.250000    0.250000   clock uncertainty
                                  0.000000    0.250000   clock reconvergence pessimism
                                 -4.000000   -3.750000   output external delay
                                             -3.750000   data required time
---------------------------------------------------------------------------------------------
                                             -3.750000   data required time
                                             -0.266583   data arrival time
---------------------------------------------------------------------------------------------
                                              4.016583   slack (MET)


Startpoint: _3791_ (rising edge-triggered flip-flop clocked by clk_i)
Endpoint: random_o[12] (output port clocked by clk_i)
Path Group: clk_i
Path Type: min

Fanout         Cap        Slew       Delay        Time   Description
---------------------------------------------------------------------------------------------
                      0.150000    0.000000    0.000000   clock clk_i (rise edge)
                                  0.000000    0.000000   clock network delay (ideal)
                      0.150000    0.000000    0.000000 ^ _3791_/CLK (sky130_fd_sc_hd__dfxtp_2)
     2    0.034948    0.063728    0.266583    0.266583 v _3791_/Q (sky130_fd_sc_hd__dfxtp_2)
                                                         random_o[12] (net)
                      0.063728    0.000000    0.266583 v random_o[12] (out)
                                              0.266583   data arrival time

                      0.150000    0.000000    0.000000   clock clk_i (rise edge)
                                  0.000000    0.000000   clock network delay (ideal)
                                  0.250000    0.250000   clock uncertainty
                                  0.000000    0.250000   clock reconvergence pessimism
                                 -4.000000   -3.750000   output external delay
                                             -3.750000   data required time
---------------------------------------------------------------------------------------------
                                             -3.750000   data required time
                                             -0.266583   data arrival time
---------------------------------------------------------------------------------------------
                                              4.016583   slack (MET)


Startpoint: _3793_ (rising edge-triggered flip-flop clocked by clk_i)
Endpoint: random_o[14] (output port clocked by clk_i)
Path Group: clk_i
Path Type: min

Fanout         Cap        Slew       Delay        Time   Description
---------------------------------------------------------------------------------------------
                      0.150000    0.000000    0.000000   clock clk_i (rise edge)
                                  0.000000    0.000000   clock network delay (ideal)
                      0.150000    0.000000    0.000000 ^ _3793_/CLK (sky130_fd_sc_hd__dfxtp_2)
     2    0.034948    0.063728    0.266583    0.266583 v _3793_/Q (sky130_fd_sc_hd__dfxtp_2)
                                                         random_o[14] (net)
                      0.063728    0.000000    0.266583 v random_o[14] (out)
                                              0.266583   data arrival time

                      0.150000    0.000000    0.000000   clock clk_i (rise edge)
                                  0.000000    0.000000   clock network delay (ideal)
                                  0.250000    0.250000   clock uncertainty
                                  0.000000    0.250000   clock reconvergence pessimism
                                 -4.000000   -3.750000   output external delay
                                             -3.750000   data required time
---------------------------------------------------------------------------------------------
                                             -3.750000   data required time
                                             -0.266583   data arrival time
---------------------------------------------------------------------------------------------
                                              4.016583   slack (MET)


Startpoint: _3797_ (rising edge-triggered flip-flop clocked by clk_i)
Endpoint: random_o[18] (output port clocked by clk_i)
Path Group: clk_i
Path Type: min

Fanout         Cap        Slew       Delay        Time   Description
---------------------------------------------------------------------------------------------
                      0.150000    0.000000    0.000000   clock clk_i (rise edge)
                                  0.000000    0.000000   clock network delay (ideal)
                      0.150000    0.000000    0.000000 ^ _3797_/CLK (sky130_fd_sc_hd__dfxtp_2)
     2    0.034948    0.063728    0.266583    0.266583 v _3797_/Q (sky130_fd_sc_hd__dfxtp_2)
                                                         random_o[18] (net)
                      0.063728    0.000000    0.266583 v random_o[18] (out)
                                              0.266583   data arrival time

                      0.150000    0.000000    0.000000   clock clk_i (rise edge)
                                  0.000000    0.000000   clock network delay (ideal)
                                  0.250000    0.250000   clock uncertainty
                                  0.000000    0.250000   clock reconvergence pessimism
                                 -4.000000   -3.750000   output external delay
                                             -3.750000   data required time
---------------------------------------------------------------------------------------------
                                             -3.750000   data required time
                                             -0.266583   data arrival time
---------------------------------------------------------------------------------------------
                                              4.016583   slack (MET)


Startpoint: _3781_ (rising edge-triggered flip-flop clocked by clk_i)
Endpoint: random_o[2] (output port clocked by clk_i)
Path Group: clk_i
Path Type: min

Fanout         Cap        Slew       Delay        Time   Description
---------------------------------------------------------------------------------------------
                      0.150000    0.000000    0.000000   clock clk_i (rise edge)
                                  0.000000    0.000000   clock network delay (ideal)
                      0.150000    0.000000    0.000000 ^ _3781_/CLK (sky130_fd_sc_hd__dfxtp_2)
     2    0.034948    0.063728    0.266583    0.266583 v _3781_/Q (sky130_fd_sc_hd__dfxtp_2)
                                                         random_o[2] (net)
                      0.063728    0.000000    0.266583 v random_o[2] (out)
                                              0.266583   data arrival time

                      0.150000    0.000000    0.000000   clock clk_i (rise edge)
                                  0.000000    0.000000   clock network delay (ideal)
                                  0.250000    0.250000   clock uncertainty
                                  0.000000    0.250000   clock reconvergence pessimism
                                 -4.000000   -3.750000   output external delay
                                             -3.750000   data required time
---------------------------------------------------------------------------------------------
                                             -3.750000   data required time
                                             -0.266583   data arrival time
---------------------------------------------------------------------------------------------
                                              4.016583   slack (MET)


Startpoint: _3809_ (rising edge-triggered flip-flop clocked by clk_i)
Endpoint: random_o[30] (output port clocked by clk_i)
Path Group: clk_i
Path Type: min

Fanout         Cap        Slew       Delay        Time   Description
---------------------------------------------------------------------------------------------
                      0.150000    0.000000    0.000000   clock clk_i (rise edge)
                                  0.000000    0.000000   clock network delay (ideal)
                      0.150000    0.000000    0.000000 ^ _3809_/CLK (sky130_fd_sc_hd__dfxtp_2)
     2    0.034948    0.063728    0.266583    0.266583 v _3809_/Q (sky130_fd_sc_hd__dfxtp_2)
                                                         random_o[30] (net)
                      0.063728    0.000000    0.266583 v random_o[30] (out)
                                              0.266583   data arrival time

                      0.150000    0.000000    0.000000   clock clk_i (rise edge)
                                  0.000000    0.000000   clock network delay (ideal)
                                  0.250000    0.250000   clock uncertainty
                                  0.000000    0.250000   clock reconvergence pessimism
                                 -4.000000   -3.750000   output external delay
                                             -3.750000   data required time
---------------------------------------------------------------------------------------------
                                             -3.750000   data required time
                                             -0.266583   data arrival time
---------------------------------------------------------------------------------------------
                                              4.016583   slack (MET)


Startpoint: _3782_ (rising edge-triggered flip-flop clocked by clk_i)
Endpoint: random_o[3] (output port clocked by clk_i)
Path Group: clk_i
Path Type: min

Fanout         Cap        Slew       Delay        Time   Description
---------------------------------------------------------------------------------------------
                      0.150000    0.000000    0.000000   clock clk_i (rise edge)
                                  0.000000    0.000000   clock network delay (ideal)
                      0.150000    0.000000    0.000000 ^ _3782_/CLK (sky130_fd_sc_hd__dfxtp_2)
     2    0.034948    0.063728    0.266583    0.266583 v _3782_/Q (sky130_fd_sc_hd__dfxtp_2)
                                                         random_o[3] (net)
                      0.063728    0.000000    0.266583 v random_o[3] (out)
                                              0.266583   data arrival time

                      0.150000    0.000000    0.000000   clock clk_i (rise edge)
                                  0.000000    0.000000   clock network delay (ideal)
                                  0.250000    0.250000   clock uncertainty
                                  0.000000    0.250000   clock reconvergence pessimism
                                 -4.000000   -3.750000   output external delay
                                             -3.750000   data required time
---------------------------------------------------------------------------------------------
                                             -3.750000   data required time
                                             -0.266583   data arrival time
---------------------------------------------------------------------------------------------
                                              4.016583   slack (MET)


Startpoint: _3810_ (rising edge-triggered flip-flop clocked by clk_i)
Endpoint: random_o[31] (output port clocked by clk_i)
Path Group: clk_i
Path Type: min

Fanout         Cap        Slew       Delay        Time   Description
---------------------------------------------------------------------------------------------
                      0.150000    0.000000    0.000000   clock clk_i (rise edge)
                                  0.000000    0.000000   clock network delay (ideal)
                      0.150000    0.000000    0.000000 ^ _3810_/CLK (sky130_fd_sc_hd__dfxtp_2)
     2    0.035671    0.064733    0.267525    0.267525 v _3810_/Q (sky130_fd_sc_hd__dfxtp_2)
                                                         random_o[31] (net)
                      0.064733    0.000000    0.267525 v random_o[31] (out)
                                              0.267525   data arrival time

                      0.150000    0.000000    0.000000   clock clk_i (rise edge)
                                  0.000000    0.000000   clock network delay (ideal)
                                  0.250000    0.250000   clock uncertainty
                                  0.000000    0.250000   clock reconvergence pessimism
                                 -4.000000   -3.750000   output external delay
                                             -3.750000   data required time
---------------------------------------------------------------------------------------------
                                             -3.750000   data required time
                                             -0.267525   data arrival time
---------------------------------------------------------------------------------------------
                                              4.017525   slack (MET)


Startpoint: _3790_ (rising edge-triggered flip-flop clocked by clk_i)
Endpoint: random_o[11] (output port clocked by clk_i)
Path Group: clk_i
Path Type: min

Fanout         Cap        Slew       Delay        Time   Description
---------------------------------------------------------------------------------------------
                      0.150000    0.000000    0.000000   clock clk_i (rise edge)
                                  0.000000    0.000000   clock network delay (ideal)
                      0.150000    0.000000    0.000000 ^ _3790_/CLK (sky130_fd_sc_hd__dfxtp_2)
     2    0.035706    0.064781    0.267570    0.267570 v _3790_/Q (sky130_fd_sc_hd__dfxtp_2)
                                                         random_o[11] (net)
                      0.064781    0.000000    0.267570 v random_o[11] (out)
                                              0.267570   data arrival time

                      0.150000    0.000000    0.000000   clock clk_i (rise edge)
                                  0.000000    0.000000   clock network delay (ideal)
                                  0.250000    0.250000   clock uncertainty
                                  0.000000    0.250000   clock reconvergence pessimism
                                 -4.000000   -3.750000   output external delay
                                             -3.750000   data required time
---------------------------------------------------------------------------------------------
                                             -3.750000   data required time
                                             -0.267570   data arrival time
---------------------------------------------------------------------------------------------
                                              4.017570   slack (MET)


Startpoint: _3792_ (rising edge-triggered flip-flop clocked by clk_i)
Endpoint: random_o[13] (output port clocked by clk_i)
Path Group: clk_i
Path Type: min

Fanout         Cap        Slew       Delay        Time   Description
---------------------------------------------------------------------------------------------
                      0.150000    0.000000    0.000000   clock clk_i (rise edge)
                                  0.000000    0.000000   clock network delay (ideal)
                      0.150000    0.000000    0.000000 ^ _3792_/CLK (sky130_fd_sc_hd__dfxtp_2)
     2    0.035706    0.064781    0.267570    0.267570 v _3792_/Q (sky130_fd_sc_hd__dfxtp_2)
                                                         random_o[13] (net)
                      0.064781    0.000000    0.267570 v random_o[13] (out)
                                              0.267570   data arrival time

                      0.150000    0.000000    0.000000   clock clk_i (rise edge)
                                  0.000000    0.000000   clock network delay (ideal)
                                  0.250000    0.250000   clock uncertainty
                                  0.000000    0.250000   clock reconvergence pessimism
                                 -4.000000   -3.750000   output external delay
                                             -3.750000   data required time
---------------------------------------------------------------------------------------------
                                             -3.750000   data required time
                                             -0.267570   data arrival time
---------------------------------------------------------------------------------------------
                                              4.017570   slack (MET)


Startpoint: _3798_ (rising edge-triggered flip-flop clocked by clk_i)
Endpoint: random_o[19] (output port clocked by clk_i)
Path Group: clk_i
Path Type: min

Fanout         Cap        Slew       Delay        Time   Description
---------------------------------------------------------------------------------------------
                      0.150000    0.000000    0.000000   clock clk_i (rise edge)
                                  0.000000    0.000000   clock network delay (ideal)
                      0.150000    0.000000    0.000000 ^ _3798_/CLK (sky130_fd_sc_hd__dfxtp_2)
     2    0.035706    0.064781    0.267570    0.267570 v _3798_/Q (sky130_fd_sc_hd__dfxtp_2)
                                                         random_o[19] (net)
                      0.064781    0.000000    0.267570 v random_o[19] (out)
                                              0.267570   data arrival time

                      0.150000    0.000000    0.000000   clock clk_i (rise edge)
                                  0.000000    0.000000   clock network delay (ideal)
                                  0.250000    0.250000   clock uncertainty
                                  0.000000    0.250000   clock reconvergence pessimism
                                 -4.000000   -3.750000   output external delay
                                             -3.750000   data required time
---------------------------------------------------------------------------------------------
                                             -3.750000   data required time
                                             -0.267570   data arrival time
---------------------------------------------------------------------------------------------
                                              4.017570   slack (MET)


Startpoint: _3800_ (rising edge-triggered flip-flop clocked by clk_i)
Endpoint: random_o[21] (output port clocked by clk_i)
Path Group: clk_i
Path Type: min

Fanout         Cap        Slew       Delay        Time   Description
---------------------------------------------------------------------------------------------
                      0.150000    0.000000    0.000000   clock clk_i (rise edge)
                                  0.000000    0.000000   clock network delay (ideal)
                      0.150000    0.000000    0.000000 ^ _3800_/CLK (sky130_fd_sc_hd__dfxtp_2)
     2    0.035706    0.064781    0.267570    0.267570 v _3800_/Q (sky130_fd_sc_hd__dfxtp_2)
                                                         random_o[21] (net)
                      0.064781    0.000000    0.267570 v random_o[21] (out)
                                              0.267570   data arrival time

                      0.150000    0.000000    0.000000   clock clk_i (rise edge)
                                  0.000000    0.000000   clock network delay (ideal)
                                  0.250000    0.250000   clock uncertainty
                                  0.000000    0.250000   clock reconvergence pessimism
                                 -4.000000   -3.750000   output external delay
                                             -3.750000   data required time
---------------------------------------------------------------------------------------------
                                             -3.750000   data required time
                                             -0.267570   data arrival time
---------------------------------------------------------------------------------------------
                                              4.017570   slack (MET)


Startpoint: _3802_ (rising edge-triggered flip-flop clocked by clk_i)
Endpoint: random_o[23] (output port clocked by clk_i)
Path Group: clk_i
Path Type: min

Fanout         Cap        Slew       Delay        Time   Description
---------------------------------------------------------------------------------------------
                      0.150000    0.000000    0.000000   clock clk_i (rise edge)
                                  0.000000    0.000000   clock network delay (ideal)
                      0.150000    0.000000    0.000000 ^ _3802_/CLK (sky130_fd_sc_hd__dfxtp_2)
     2    0.035706    0.064781    0.267570    0.267570 v _3802_/Q (sky130_fd_sc_hd__dfxtp_2)
                                                         random_o[23] (net)
                      0.064781    0.000000    0.267570 v random_o[23] (out)
                                              0.267570   data arrival time

                      0.150000    0.000000    0.000000   clock clk_i (rise edge)
                                  0.000000    0.000000   clock network delay (ideal)
                                  0.250000    0.250000   clock uncertainty
                                  0.000000    0.250000   clock reconvergence pessimism
                                 -4.000000   -3.750000   output external delay
                                             -3.750000   data required time
---------------------------------------------------------------------------------------------
                                             -3.750000   data required time
                                             -0.267570   data arrival time
---------------------------------------------------------------------------------------------
                                              4.017570   slack (MET)


Startpoint: _3804_ (rising edge-triggered flip-flop clocked by clk_i)
Endpoint: random_o[25] (output port clocked by clk_i)
Path Group: clk_i
Path Type: min

Fanout         Cap        Slew       Delay        Time   Description
---------------------------------------------------------------------------------------------
                      0.150000    0.000000    0.000000   clock clk_i (rise edge)
                                  0.000000    0.000000   clock network delay (ideal)
                      0.150000    0.000000    0.000000 ^ _3804_/CLK (sky130_fd_sc_hd__dfxtp_2)
     2    0.035706    0.064781    0.267570    0.267570 v _3804_/Q (sky130_fd_sc_hd__dfxtp_2)
                                                         random_o[25] (net)
                      0.064781    0.000000    0.267570 v random_o[25] (out)
                                              0.267570   data arrival time

                      0.150000    0.000000    0.000000   clock clk_i (rise edge)
                                  0.000000    0.000000   clock network delay (ideal)
                                  0.250000    0.250000   clock uncertainty
                                  0.000000    0.250000   clock reconvergence pessimism
                                 -4.000000   -3.750000   output external delay
                                             -3.750000   data required time
---------------------------------------------------------------------------------------------
                                             -3.750000   data required time
                                             -0.267570   data arrival time
---------------------------------------------------------------------------------------------
                                              4.017570   slack (MET)


Startpoint: _3806_ (rising edge-triggered flip-flop clocked by clk_i)
Endpoint: random_o[27] (output port clocked by clk_i)
Path Group: clk_i
Path Type: min

Fanout         Cap        Slew       Delay        Time   Description
---------------------------------------------------------------------------------------------
                      0.150000    0.000000    0.000000   clock clk_i (rise edge)
                                  0.000000    0.000000   clock network delay (ideal)
                      0.150000    0.000000    0.000000 ^ _3806_/CLK (sky130_fd_sc_hd__dfxtp_2)
     2    0.035706    0.064781    0.267570    0.267570 v _3806_/Q (sky130_fd_sc_hd__dfxtp_2)
                                                         random_o[27] (net)
                      0.064781    0.000000    0.267570 v random_o[27] (out)
                                              0.267570   data arrival time

                      0.150000    0.000000    0.000000   clock clk_i (rise edge)
                                  0.000000    0.000000   clock network delay (ideal)
                                  0.250000    0.250000   clock uncertainty
                                  0.000000    0.250000   clock reconvergence pessimism
                                 -4.000000   -3.750000   output external delay
                                             -3.750000   data required time
---------------------------------------------------------------------------------------------
                                             -3.750000   data required time
                                             -0.267570   data arrival time
---------------------------------------------------------------------------------------------
                                              4.017570   slack (MET)


Startpoint: _3784_ (rising edge-triggered flip-flop clocked by clk_i)
Endpoint: random_o[5] (output port clocked by clk_i)
Path Group: clk_i
Path Type: min

Fanout         Cap        Slew       Delay        Time   Description
---------------------------------------------------------------------------------------------
                      0.150000    0.000000    0.000000   clock clk_i (rise edge)
                                  0.000000    0.000000   clock network delay (ideal)
                      0.150000    0.000000    0.000000 ^ _3784_/CLK (sky130_fd_sc_hd__dfxtp_2)
     2    0.035706    0.064781    0.267570    0.267570 v _3784_/Q (sky130_fd_sc_hd__dfxtp_2)
                                                         random_o[5] (net)
                      0.064781    0.000000    0.267570 v random_o[5] (out)
                                              0.267570   data arrival time

                      0.150000    0.000000    0.000000   clock clk_i (rise edge)
                                  0.000000    0.000000   clock network delay (ideal)
                                  0.250000    0.250000   clock uncertainty
                                  0.000000    0.250000   clock reconvergence pessimism
                                 -4.000000   -3.750000   output external delay
                                             -3.750000   data required time
---------------------------------------------------------------------------------------------
                                             -3.750000   data required time
                                             -0.267570   data arrival time
---------------------------------------------------------------------------------------------
                                              4.017570   slack (MET)


Startpoint: _3786_ (rising edge-triggered flip-flop clocked by clk_i)
Endpoint: random_o[7] (output port clocked by clk_i)
Path Group: clk_i
Path Type: min

Fanout         Cap        Slew       Delay        Time   Description
---------------------------------------------------------------------------------------------
                      0.150000    0.000000    0.000000   clock clk_i (rise edge)
                                  0.000000    0.000000   clock network delay (ideal)
                      0.150000    0.000000    0.000000 ^ _3786_/CLK (sky130_fd_sc_hd__dfxtp_2)
     2    0.035706    0.064781    0.267570    0.267570 v _3786_/Q (sky130_fd_sc_hd__dfxtp_2)
                                                         random_o[7] (net)
                      0.064781    0.000000    0.267570 v random_o[7] (out)
                                              0.267570   data arrival time

                      0.150000    0.000000    0.000000   clock clk_i (rise edge)
                                  0.000000    0.000000   clock network delay (ideal)
                                  0.250000    0.250000   clock uncertainty
                                  0.000000    0.250000   clock reconvergence pessimism
                                 -4.000000   -3.750000   output external delay
                                             -3.750000   data required time
---------------------------------------------------------------------------------------------
                                             -3.750000   data required time
                                             -0.267570   data arrival time
---------------------------------------------------------------------------------------------
                                              4.017570   slack (MET)


Startpoint: _3789_ (rising edge-triggered flip-flop clocked by clk_i)
Endpoint: random_o[10] (output port clocked by clk_i)
Path Group: clk_i
Path Type: min

Fanout         Cap        Slew       Delay        Time   Description
---------------------------------------------------------------------------------------------
                      0.150000    0.000000    0.000000   clock clk_i (rise edge)
                                  0.000000    0.000000   clock network delay (ideal)
                      0.150000    0.000000    0.000000 ^ _3789_/CLK (sky130_fd_sc_hd__dfxtp_2)
     2    0.035743    0.064833    0.267619    0.267619 v _3789_/Q (sky130_fd_sc_hd__dfxtp_2)
                                                         random_o[10] (net)
                      0.064833    0.000000    0.267619 v random_o[10] (out)
                                              0.267619   data arrival time

                      0.150000    0.000000    0.000000   clock clk_i (rise edge)
                                  0.000000    0.000000   clock network delay (ideal)
                                  0.250000    0.250000   clock uncertainty
                                  0.000000    0.250000   clock reconvergence pessimism
                                 -4.000000   -3.750000   output external delay
                                             -3.750000   data required time
---------------------------------------------------------------------------------------------
                                             -3.750000   data required time
                                             -0.267619   data arrival time
---------------------------------------------------------------------------------------------
                                              4.017618   slack (MET)


Startpoint: _3794_ (rising edge-triggered flip-flop clocked by clk_i)
Endpoint: random_o[15] (output port clocked by clk_i)
Path Group: clk_i
Path Type: min

Fanout         Cap        Slew       Delay        Time   Description
---------------------------------------------------------------------------------------------
                      0.150000    0.000000    0.000000   clock clk_i (rise edge)
                                  0.000000    0.000000   clock network delay (ideal)
                      0.150000    0.000000    0.000000 ^ _3794_/CLK (sky130_fd_sc_hd__dfxtp_2)
     2    0.035743    0.064833    0.267619    0.267619 v _3794_/Q (sky130_fd_sc_hd__dfxtp_2)
                                                         random_o[15] (net)
                      0.064833    0.000000    0.267619 v random_o[15] (out)
                                              0.267619   data arrival time

                      0.150000    0.000000    0.000000   clock clk_i (rise edge)
                                  0.000000    0.000000   clock network delay (ideal)
                                  0.250000    0.250000   clock uncertainty
                                  0.000000    0.250000   clock reconvergence pessimism
                                 -4.000000   -3.750000   output external delay
                                             -3.750000   data required time
---------------------------------------------------------------------------------------------
                                             -3.750000   data required time
                                             -0.267619   data arrival time
---------------------------------------------------------------------------------------------
                                              4.017618   slack (MET)


Startpoint: _3795_ (rising edge-triggered flip-flop clocked by clk_i)
Endpoint: random_o[16] (output port clocked by clk_i)
Path Group: clk_i
Path Type: min

Fanout         Cap        Slew       Delay        Time   Description
---------------------------------------------------------------------------------------------
                      0.150000    0.000000    0.000000   clock clk_i (rise edge)
                                  0.000000    0.000000   clock network delay (ideal)
                      0.150000    0.000000    0.000000 ^ _3795_/CLK (sky130_fd_sc_hd__dfxtp_2)
     2    0.035743    0.064833    0.267619    0.267619 v _3795_/Q (sky130_fd_sc_hd__dfxtp_2)
                                                         random_o[16] (net)
                      0.064833    0.000000    0.267619 v random_o[16] (out)
                                              0.267619   data arrival time

                      0.150000    0.000000    0.000000   clock clk_i (rise edge)
                                  0.000000    0.000000   clock network delay (ideal)
                                  0.250000    0.250000   clock uncertainty
                                  0.000000    0.250000   clock reconvergence pessimism
                                 -4.000000   -3.750000   output external delay
                                             -3.750000   data required time
---------------------------------------------------------------------------------------------
                                             -3.750000   data required time
                                             -0.267619   data arrival time
---------------------------------------------------------------------------------------------
                                              4.017618   slack (MET)


Startpoint: _3780_ (rising edge-triggered flip-flop clocked by clk_i)
Endpoint: random_o[1] (output port clocked by clk_i)
Path Group: clk_i
Path Type: min

Fanout         Cap        Slew       Delay        Time   Description
---------------------------------------------------------------------------------------------
                      0.150000    0.000000    0.000000   clock clk_i (rise edge)
                                  0.000000    0.000000   clock network delay (ideal)
                      0.150000    0.000000    0.000000 ^ _3780_/CLK (sky130_fd_sc_hd__dfxtp_2)
     2    0.035743    0.064833    0.267619    0.267619 v _3780_/Q (sky130_fd_sc_hd__dfxtp_2)
                                                         random_o[1] (net)
                      0.064833    0.000000    0.267619 v random_o[1] (out)
                                              0.267619   data arrival time

                      0.150000    0.000000    0.000000   clock clk_i (rise edge)
                                  0.000000    0.000000   clock network delay (ideal)
                                  0.250000    0.250000   clock uncertainty
                                  0.000000    0.250000   clock reconvergence pessimism
                                 -4.000000   -3.750000   output external delay
                                             -3.750000   data required time
---------------------------------------------------------------------------------------------
                                             -3.750000   data required time
                                             -0.267619   data arrival time
---------------------------------------------------------------------------------------------
                                              4.017618   slack (MET)


Startpoint: _3799_ (rising edge-triggered flip-flop clocked by clk_i)
Endpoint: random_o[20] (output port clocked by clk_i)
Path Group: clk_i
Path Type: min

Fanout         Cap        Slew       Delay        Time   Description
---------------------------------------------------------------------------------------------
                      0.150000    0.000000    0.000000   clock clk_i (rise edge)
                                  0.000000    0.000000   clock network delay (ideal)
                      0.150000    0.000000    0.000000 ^ _3799_/CLK (sky130_fd_sc_hd__dfxtp_2)
     2    0.035743    0.064833    0.267619    0.267619 v _3799_/Q (sky130_fd_sc_hd__dfxtp_2)
                                                         random_o[20] (net)
                      0.064833    0.000000    0.267619 v random_o[20] (out)
                                              0.267619   data arrival time

                      0.150000    0.000000    0.000000   clock clk_i (rise edge)
                                  0.000000    0.000000   clock network delay (ideal)
                                  0.250000    0.250000   clock uncertainty
                                  0.000000    0.250000   clock reconvergence pessimism
                                 -4.000000   -3.750000   output external delay
                                             -3.750000   data required time
---------------------------------------------------------------------------------------------
                                             -3.750000   data required time
                                             -0.267619   data arrival time
---------------------------------------------------------------------------------------------
                                              4.017618   slack (MET)


Startpoint: _3801_ (rising edge-triggered flip-flop clocked by clk_i)
Endpoint: random_o[22] (output port clocked by clk_i)
Path Group: clk_i
Path Type: min

Fanout         Cap        Slew       Delay        Time   Description
---------------------------------------------------------------------------------------------
                      0.150000    0.000000    0.000000   clock clk_i (rise edge)
                                  0.000000    0.000000   clock network delay (ideal)
                      0.150000    0.000000    0.000000 ^ _3801_/CLK (sky130_fd_sc_hd__dfxtp_2)
     2    0.035743    0.064833    0.267619    0.267619 v _3801_/Q (sky130_fd_sc_hd__dfxtp_2)
                                                         random_o[22] (net)
                      0.064833    0.000000    0.267619 v random_o[22] (out)
                                              0.267619   data arrival time

                      0.150000    0.000000    0.000000   clock clk_i (rise edge)
                                  0.000000    0.000000   clock network delay (ideal)
                                  0.250000    0.250000   clock uncertainty
                                  0.000000    0.250000   clock reconvergence pessimism
                                 -4.000000   -3.750000   output external delay
                                             -3.750000   data required time
---------------------------------------------------------------------------------------------
                                             -3.750000   data required time
                                             -0.267619   data arrival time
---------------------------------------------------------------------------------------------
                                              4.017618   slack (MET)


Startpoint: _3805_ (rising edge-triggered flip-flop clocked by clk_i)
Endpoint: random_o[26] (output port clocked by clk_i)
Path Group: clk_i
Path Type: min

Fanout         Cap        Slew       Delay        Time   Description
---------------------------------------------------------------------------------------------
                      0.150000    0.000000    0.000000   clock clk_i (rise edge)
                                  0.000000    0.000000   clock network delay (ideal)
                      0.150000    0.000000    0.000000 ^ _3805_/CLK (sky130_fd_sc_hd__dfxtp_2)
     2    0.035743    0.064833    0.267619    0.267619 v _3805_/Q (sky130_fd_sc_hd__dfxtp_2)
                                                         random_o[26] (net)
                      0.064833    0.000000    0.267619 v random_o[26] (out)
                                              0.267619   data arrival time

                      0.150000    0.000000    0.000000   clock clk_i (rise edge)
                                  0.000000    0.000000   clock network delay (ideal)
                                  0.250000    0.250000   clock uncertainty
                                  0.000000    0.250000   clock reconvergence pessimism
                                 -4.000000   -3.750000   output external delay
                                             -3.750000   data required time
---------------------------------------------------------------------------------------------
                                             -3.750000   data required time
                                             -0.267619   data arrival time
---------------------------------------------------------------------------------------------
                                              4.017618   slack (MET)


Startpoint: _3807_ (rising edge-triggered flip-flop clocked by clk_i)
Endpoint: random_o[28] (output port clocked by clk_i)
Path Group: clk_i
Path Type: min

Fanout         Cap        Slew       Delay        Time   Description
---------------------------------------------------------------------------------------------
                      0.150000    0.000000    0.000000   clock clk_i (rise edge)
                                  0.000000    0.000000   clock network delay (ideal)
                      0.150000    0.000000    0.000000 ^ _3807_/CLK (sky130_fd_sc_hd__dfxtp_2)
     2    0.035743    0.064833    0.267619    0.267619 v _3807_/Q (sky130_fd_sc_hd__dfxtp_2)
                                                         random_o[28] (net)
                      0.064833    0.000000    0.267619 v random_o[28] (out)
                                              0.267619   data arrival time

                      0.150000    0.000000    0.000000   clock clk_i (rise edge)
                                  0.000000    0.000000   clock network delay (ideal)
                                  0.250000    0.250000   clock uncertainty
                                  0.000000    0.250000   clock reconvergence pessimism
                                 -4.000000   -3.750000   output external delay
                                             -3.750000   data required time
---------------------------------------------------------------------------------------------
                                             -3.750000   data required time
                                             -0.267619   data arrival time
---------------------------------------------------------------------------------------------
                                              4.017618   slack (MET)


Startpoint: _3783_ (rising edge-triggered flip-flop clocked by clk_i)
Endpoint: random_o[4] (output port clocked by clk_i)
Path Group: clk_i
Path Type: min

Fanout         Cap        Slew       Delay        Time   Description
---------------------------------------------------------------------------------------------
                      0.150000    0.000000    0.000000   clock clk_i (rise edge)
                                  0.000000    0.000000   clock network delay (ideal)
                      0.150000    0.000000    0.000000 ^ _3783_/CLK (sky130_fd_sc_hd__dfxtp_2)
     2    0.035743    0.064833    0.267619    0.267619 v _3783_/Q (sky130_fd_sc_hd__dfxtp_2)
                                                         random_o[4] (net)
                      0.064833    0.000000    0.267619 v random_o[4] (out)
                                              0.267619   data arrival time

                      0.150000    0.000000    0.000000   clock clk_i (rise edge)
                                  0.000000    0.000000   clock network delay (ideal)
                                  0.250000    0.250000   clock uncertainty
                                  0.000000    0.250000   clock reconvergence pessimism
                                 -4.000000   -3.750000   output external delay
                                             -3.750000   data required time
---------------------------------------------------------------------------------------------
                                             -3.750000   data required time
                                             -0.267619   data arrival time
---------------------------------------------------------------------------------------------
                                              4.017618   slack (MET)


Startpoint: _3785_ (rising edge-triggered flip-flop clocked by clk_i)
Endpoint: random_o[6] (output port clocked by clk_i)
Path Group: clk_i
Path Type: min

Fanout         Cap        Slew       Delay        Time   Description
---------------------------------------------------------------------------------------------
                      0.150000    0.000000    0.000000   clock clk_i (rise edge)
                                  0.000000    0.000000   clock network delay (ideal)
                      0.150000    0.000000    0.000000 ^ _3785_/CLK (sky130_fd_sc_hd__dfxtp_2)
     2    0.035743    0.064833    0.267619    0.267619 v _3785_/Q (sky130_fd_sc_hd__dfxtp_2)
                                                         random_o[6] (net)
                      0.064833    0.000000    0.267619 v random_o[6] (out)
                                              0.267619   data arrival time

                      0.150000    0.000000    0.000000   clock clk_i (rise edge)
                                  0.000000    0.000000   clock network delay (ideal)
                                  0.250000    0.250000   clock uncertainty
                                  0.000000    0.250000   clock reconvergence pessimism
                                 -4.000000   -3.750000   output external delay
                                             -3.750000   data required time
---------------------------------------------------------------------------------------------
                                             -3.750000   data required time
                                             -0.267619   data arrival time
---------------------------------------------------------------------------------------------
                                              4.017618   slack (MET)


Startpoint: _3787_ (rising edge-triggered flip-flop clocked by clk_i)
Endpoint: random_o[8] (output port clocked by clk_i)
Path Group: clk_i
Path Type: min

Fanout         Cap        Slew       Delay        Time   Description
---------------------------------------------------------------------------------------------
                      0.150000    0.000000    0.000000   clock clk_i (rise edge)
                                  0.000000    0.000000   clock network delay (ideal)
                      0.150000    0.000000    0.000000 ^ _3787_/CLK (sky130_fd_sc_hd__dfxtp_2)
     2    0.035743    0.064833    0.267619    0.267619 v _3787_/Q (sky130_fd_sc_hd__dfxtp_2)
                                                         random_o[8] (net)
                      0.064833    0.000000    0.267619 v random_o[8] (out)
                                              0.267619   data arrival time

                      0.150000    0.000000    0.000000   clock clk_i (rise edge)
                                  0.000000    0.000000   clock network delay (ideal)
                                  0.250000    0.250000   clock uncertainty
                                  0.000000    0.250000   clock reconvergence pessimism
                                 -4.000000   -3.750000   output external delay
                                             -3.750000   data required time
---------------------------------------------------------------------------------------------
                                             -3.750000   data required time
                                             -0.267619   data arrival time
---------------------------------------------------------------------------------------------
                                              4.017618   slack (MET)


Startpoint: _3788_ (rising edge-triggered flip-flop clocked by clk_i)
Endpoint: random_o[9] (output port clocked by clk_i)
Path Group: clk_i
Path Type: min

Fanout         Cap        Slew       Delay        Time   Description
---------------------------------------------------------------------------------------------
                      0.150000    0.000000    0.000000   clock clk_i (rise edge)
                                  0.000000    0.000000   clock network delay (ideal)
                      0.150000    0.000000    0.000000 ^ _3788_/CLK (sky130_fd_sc_hd__dfxtp_2)
     2    0.035743    0.064833    0.267619    0.267619 v _3788_/Q (sky130_fd_sc_hd__dfxtp_2)
                                                         random_o[9] (net)
                      0.064833    0.000000    0.267619 v random_o[9] (out)
                                              0.267619   data arrival time

                      0.150000    0.000000    0.000000   clock clk_i (rise edge)
                                  0.000000    0.000000   clock network delay (ideal)
                                  0.250000    0.250000   clock uncertainty
                                  0.000000    0.250000   clock reconvergence pessimism
                                 -4.000000   -3.750000   output external delay
                                             -3.750000   data required time
---------------------------------------------------------------------------------------------
                                             -3.750000   data required time
                                             -0.267619   data arrival time
---------------------------------------------------------------------------------------------
                                              4.017618   slack (MET)


Startpoint: _3796_ (rising edge-triggered flip-flop clocked by clk_i)
Endpoint: random_o[17] (output port clocked by clk_i)
Path Group: clk_i
Path Type: min

Fanout         Cap        Slew       Delay        Time   Description
---------------------------------------------------------------------------------------------
                      0.150000    0.000000    0.000000   clock clk_i (rise edge)
                                  0.000000    0.000000   clock network delay (ideal)
                      0.150000    0.000000    0.000000 ^ _3796_/CLK (sky130_fd_sc_hd__dfxtp_2)
     2    0.038040    0.068024    0.270612    0.270612 v _3796_/Q (sky130_fd_sc_hd__dfxtp_2)
                                                         random_o[17] (net)
                      0.068024    0.000000    0.270612 v random_o[17] (out)
                                              0.270612   data arrival time

                      0.150000    0.000000    0.000000   clock clk_i (rise edge)
                                  0.000000    0.000000   clock network delay (ideal)
                                  0.250000    0.250000   clock uncertainty
                                  0.000000    0.250000   clock reconvergence pessimism
                                 -4.000000   -3.750000   output external delay
                                             -3.750000   data required time
---------------------------------------------------------------------------------------------
                                             -3.750000   data required time
                                             -0.270612   data arrival time
---------------------------------------------------------------------------------------------
                                              4.020611   slack (MET)


Startpoint: _3803_ (rising edge-triggered flip-flop clocked by clk_i)
Endpoint: random_o[24] (output port clocked by clk_i)
Path Group: clk_i
Path Type: min

Fanout         Cap        Slew       Delay        Time   Description
---------------------------------------------------------------------------------------------
                      0.150000    0.000000    0.000000   clock clk_i (rise edge)
                                  0.000000    0.000000   clock network delay (ideal)
                      0.150000    0.000000    0.000000 ^ _3803_/CLK (sky130_fd_sc_hd__dfxtp_2)
     2    0.038040    0.068024    0.270612    0.270612 v _3803_/Q (sky130_fd_sc_hd__dfxtp_2)
                                                         random_o[24] (net)
                      0.068024    0.000000    0.270612 v random_o[24] (out)
                                              0.270612   data arrival time

                      0.150000    0.000000    0.000000   clock clk_i (rise edge)
                                  0.000000    0.000000   clock network delay (ideal)
                                  0.250000    0.250000   clock uncertainty
                                  0.000000    0.250000   clock reconvergence pessimism
                                 -4.000000   -3.750000   output external delay
                                             -3.750000   data required time
---------------------------------------------------------------------------------------------
                                             -3.750000   data required time
                                             -0.270612   data arrival time
---------------------------------------------------------------------------------------------
                                              4.020611   slack (MET)


Startpoint: _3808_ (rising edge-triggered flip-flop clocked by clk_i)
Endpoint: random_o[29] (output port clocked by clk_i)
Path Group: clk_i
Path Type: min

Fanout         Cap        Slew       Delay        Time   Description
---------------------------------------------------------------------------------------------
                      0.150000    0.000000    0.000000   clock clk_i (rise edge)
                                  0.000000    0.000000   clock network delay (ideal)
                      0.150000    0.000000    0.000000 ^ _3808_/CLK (sky130_fd_sc_hd__dfxtp_2)
     2    0.038040    0.068024    0.270612    0.270612 v _3808_/Q (sky130_fd_sc_hd__dfxtp_2)
                                                         random_o[29] (net)
                      0.068024    0.000000    0.270612 v random_o[29] (out)
                                              0.270612   data arrival time

                      0.150000    0.000000    0.000000   clock clk_i (rise edge)
                                  0.000000    0.000000   clock network delay (ideal)
                                  0.250000    0.250000   clock uncertainty
                                  0.000000    0.250000   clock reconvergence pessimism
                                 -4.000000   -3.750000   output external delay
                                             -3.750000   data required time
---------------------------------------------------------------------------------------------
                                             -3.750000   data required time
                                             -0.270612   data arrival time
---------------------------------------------------------------------------------------------
                                              4.020611   slack (MET)


Startpoint: rst_ni (input port clocked by clk_i)
Endpoint: _3778_ (rising edge-triggered flip-flop clocked by clk_i)
Path Group: clk_i
Path Type: min

Fanout         Cap        Slew       Delay        Time   Description
---------------------------------------------------------------------------------------------
                      0.150000    0.000000    0.000000   clock clk_i (rise edge)
                                  0.000000    0.000000   clock network delay (ideal)
                                  4.000000    4.000000 v input external delay
    67    0.165031    0.243594    0.183754    4.183754 v rst_ni (in)
                                                         rst_ni (net)
                      0.243594    0.000000    4.183754 v _3366_/A (sky130_fd_sc_hd__nand2_2)
    27    0.078333    0.310048    0.319410    4.503164 ^ _3366_/Y (sky130_fd_sc_hd__nand2_2)
                                                         _1042_ (net)
                      0.310048    0.000000    4.503164 ^ _3367_/A (sky130_fd_sc_hd__inv_2)
     7    0.023718    0.092521    0.065743    4.568907 v _3367_/Y (sky130_fd_sc_hd__inv_2)
                                                         _0000_ (net)
                      0.092521    0.000000    4.568907 v _3778_/D (sky130_fd_sc_hd__dfxtp_2)
                                              4.568907   data arrival time

                      0.150000    0.000000    0.000000   clock clk_i (rise edge)
                                  0.000000    0.000000   clock network delay (ideal)
                                  0.250000    0.250000   clock uncertainty
                                  0.000000    0.250000   clock reconvergence pessimism
                                              0.250000 ^ _3778_/CLK (sky130_fd_sc_hd__dfxtp_2)
                                 -0.043466    0.206534   library hold time
                                              0.206534   data required time
---------------------------------------------------------------------------------------------
                                              0.206534   data required time
                                             -4.568907   data arrival time
---------------------------------------------------------------------------------------------
                                              4.362373   slack (MET)


Startpoint: rst_ni (input port clocked by clk_i)
Endpoint: ready_o (output port clocked by clk_i)
Path Group: clk_i
Path Type: min

Fanout         Cap        Slew       Delay        Time   Description
---------------------------------------------------------------------------------------------
                      0.150000    0.000000    0.000000   clock clk_i (rise edge)
                                  0.000000    0.000000   clock network delay (ideal)
                                  4.000000    4.000000 v input external delay
    67    0.165031    0.243594    0.183754    4.183754 v rst_ni (in)
                                                         rst_ni (net)
                      0.243594    0.000000    4.183754 v _3875_/A (sky130_fd_sc_hd__buf_2)
     1    0.033442    0.065502    0.194409    4.378163 v _3875_/X (sky130_fd_sc_hd__buf_2)
                                                         ready_o (net)
                      0.065502    0.000000    4.378163 v ready_o (out)
                                              4.378163   data arrival time

                      0.150000    0.000000    0.000000   clock clk_i (rise edge)
                                  0.000000    0.000000   clock network delay (ideal)
                                  0.250000    0.250000   clock uncertainty
                                  0.000000    0.250000   clock reconvergence pessimism
                                 -4.000000   -3.750000   output external delay
                                             -3.750000   data required time
---------------------------------------------------------------------------------------------
                                             -3.750000   data required time
                                             -4.378163   data arrival time
---------------------------------------------------------------------------------------------
                                              8.128163   slack (MET)



