
===========================================================================
report_checks -path_delay max (Setup)
============================================================================
======================= nom_ss_100C_1v60 Corner ===================================

Startpoint: _3845_ (rising edge-triggered flip-flop clocked by clk_i)
Endpoint: _3804_ (rising edge-triggered flip-flop clocked by clk_i)
Path Group: clk_i
Path Type: max

Fanout         Cap        Slew       Delay        Time   Description
---------------------------------------------------------------------------------------------
                      0.150000    0.000000    0.000000   clock clk_i (rise edge)
                                  0.000000    0.000000   clock network delay (ideal)
                      0.150000    0.000000    0.000000 ^ _3845_/CLK (sky130_fd_sc_hd__dfxtp_2)
    24    0.098598    0.419198    0.947398    0.947398 v _3845_/Q (sky130_fd_sc_hd__dfxtp_2)
                                                         s0_wire[2] (net)
                      0.419198    0.000000    0.947398 v _1943_/B (sky130_fd_sc_hd__and2_2)
     3    0.007929    0.095580    0.601523    1.548921 v _1943_/X (sky130_fd_sc_hd__and2_2)
                                                         _1557_ (net)
                      0.095580    0.000000    1.548921 v _2163_/B (sky130_fd_sc_hd__or2_2)
     2    0.006074    0.133029    0.659557    2.208477 v _2163_/X (sky130_fd_sc_hd__or2_2)
                                                         _1777_ (net)
                      0.133029    0.000000    2.208477 v _2164_/C (sky130_fd_sc_hd__and3_2)
     6    0.021946    0.156777    0.568229    2.776707 v _2164_/X (sky130_fd_sc_hd__and3_2)
                                                         _1778_ (net)
                      0.156777    0.000000    2.776707 v _2236_/A (sky130_fd_sc_hd__or2_2)
     4    0.020545    0.203436    0.827395    3.604102 v _2236_/X (sky130_fd_sc_hd__or2_2)
                                                         _1850_ (net)
                      0.203436    0.000000    3.604102 v _2428_/A1 (sky130_fd_sc_hd__o21a_2)
     2    0.012203    0.104101    0.490402    4.094504 v _2428_/X (sky130_fd_sc_hd__o21a_2)
                                                         _0250_ (net)
                      0.104101    0.000000    4.094504 v _2430_/B (sky130_fd_sc_hd__xor2_2)
     2    0.012889    0.170897    0.316776    4.411280 v _2430_/X (sky130_fd_sc_hd__xor2_2)
                                                         _0252_ (net)
                      0.170897    0.000000    4.411280 v _2440_/B (sky130_fd_sc_hd__xnor2_2)
     4    0.015444    0.189880    0.349654    4.760934 v _2440_/Y (sky130_fd_sc_hd__xnor2_2)
                                                         _0262_ (net)
                      0.189880    0.000000    4.760934 v _2479_/A_N (sky130_fd_sc_hd__nand4b_2)
     2    0.009270    0.261460    0.535286    5.296220 v _2479_/Y (sky130_fd_sc_hd__nand4b_2)
                                                         _0301_ (net)
                      0.261460    0.000000    5.296220 v _2480_/C (sky130_fd_sc_hd__or3_2)
     2    0.005678    0.187942    1.070257    6.366477 v _2480_/X (sky130_fd_sc_hd__or3_2)
                                                         _0302_ (net)
                      0.187942    0.000000    6.366477 v _2482_/C (sky130_fd_sc_hd__or4_2)
     4    0.016639    0.324784    1.669527    8.036003 v _2482_/X (sky130_fd_sc_hd__or4_2)
                                                         _0304_ (net)
                      0.324784    0.000000    8.036003 v _2499_/A (sky130_fd_sc_hd__and3_2)
     2    0.003462    0.076605    0.486005    8.522008 v _2499_/X (sky130_fd_sc_hd__and3_2)
                                                         _0321_ (net)
                      0.076605    0.000000    8.522008 v _2510_/B1 (sky130_fd_sc_hd__a21o_2)
     2    0.013053    0.105330    0.396447    8.918455 v _2510_/X (sky130_fd_sc_hd__a21o_2)
                                                         _0332_ (net)
                      0.105330    0.000000    8.918455 v _2512_/A1 (sky130_fd_sc_hd__a21oi_2)
     3    0.004616    0.161951    0.218809    9.137264 ^ _2512_/Y (sky130_fd_sc_hd__a21oi_2)
                                                         _0334_ (net)
                      0.161951    0.000000    9.137264 ^ _2515_/A_N (sky130_fd_sc_hd__and4b_2)
     1    0.002206    0.075625    0.490290    9.627555 v _2515_/X (sky130_fd_sc_hd__and4b_2)
                                                         _0337_ (net)
                      0.075625    0.000000    9.627555 v _2516_/B2 (sky130_fd_sc_hd__a22o_2)
     3    0.009913    0.102923    0.454926   10.082481 v _2516_/X (sky130_fd_sc_hd__a22o_2)
                                                         _0338_ (net)
                      0.102923    0.000000   10.082481 v _2520_/A1 (sky130_fd_sc_hd__a211oi_2)
     4    0.011239    0.448469    0.464705   10.547186 ^ _2520_/Y (sky130_fd_sc_hd__a211oi_2)
                                                         _0342_ (net)
                      0.448469    0.000000   10.547186 ^ _2524_/A2 (sky130_fd_sc_hd__o2111a_2)
     4    0.017388    0.201588    0.634739   11.181924 ^ _2524_/X (sky130_fd_sc_hd__o2111a_2)
                                                         _0346_ (net)
                      0.201588    0.000000   11.181924 ^ _2537_/A1 (sky130_fd_sc_hd__o31ai_2)
     3    0.013092    0.174065    0.254628   11.436552 v _2537_/Y (sky130_fd_sc_hd__o31ai_2)
                                                         _0358_ (net)
                      0.174065    0.000000   11.436552 v _2793_/A1 (sky130_fd_sc_hd__a21bo_2)
     2    0.010263    0.096177    0.438372   11.874925 v _2793_/X (sky130_fd_sc_hd__a21bo_2)
                                                         _0612_ (net)
                      0.096177    0.000000   11.874925 v _2800_/A2 (sky130_fd_sc_hd__a21o_2)
     1    0.008431    0.085700    0.419428   12.294353 v _2800_/X (sky130_fd_sc_hd__a21o_2)
                                                         _0618_ (net)
                      0.085700    0.000000   12.294353 v _2850_/A (sky130_fd_sc_hd__xnor2_2)
     4    0.015020    0.186079    0.312718   12.607070 v _2850_/Y (sky130_fd_sc_hd__xnor2_2)
                                                         _0668_ (net)
                      0.186079    0.000000   12.607070 v _2851_/B (sky130_fd_sc_hd__or2_2)
     2    0.004711    0.124780    0.682101   13.289172 v _2851_/X (sky130_fd_sc_hd__or2_2)
                                                         _0669_ (net)
                      0.124780    0.000000   13.289172 v _2868_/C1 (sky130_fd_sc_hd__o211a_2)
     2    0.005415    0.086051    0.248929   13.538101 v _2868_/X (sky130_fd_sc_hd__o211a_2)
                                                         _0684_ (net)
                      0.086051    0.000000   13.538101 v _2869_/C (sky130_fd_sc_hd__or3_2)
     5    0.016209    0.249833    1.116107   14.654208 v _2869_/X (sky130_fd_sc_hd__or3_2)
                                                         _0685_ (net)
                      0.249833    0.000000   14.654208 v _2907_/A1 (sky130_fd_sc_hd__o21ai_2)
     5    0.015366    0.352685    0.439777   15.093986 ^ _2907_/Y (sky130_fd_sc_hd__o21ai_2)
                                                         _0719_ (net)
                      0.352685    0.000000   15.093986 ^ _2993_/A1 (sky130_fd_sc_hd__a21o_2)
     4    0.020138    0.178869    0.442199   15.536184 ^ _2993_/X (sky130_fd_sc_hd__a21o_2)
                                                         _0797_ (net)
                      0.178869    0.000000   15.536184 ^ _3037_/A1 (sky130_fd_sc_hd__a21boi_2)
     3    0.014664    0.150096    0.203068   15.739252 v _3037_/Y (sky130_fd_sc_hd__a21boi_2)
                                                         _0837_ (net)
                      0.150096    0.000000   15.739252 v _3058_/A2 (sky130_fd_sc_hd__o21a_2)
     2    0.003469    0.063734    0.391024   16.130276 v _3058_/X (sky130_fd_sc_hd__o21a_2)
                                                         _0856_ (net)
                      0.063734    0.000000   16.130276 v _3070_/A3 (sky130_fd_sc_hd__o31a_2)
     2    0.005520    0.104286    0.566518   16.696795 v _3070_/X (sky130_fd_sc_hd__o31a_2)
                                                         _0867_ (net)
                      0.104286    0.000000   16.696795 v _3071_/B (sky130_fd_sc_hd__and2_2)
     1    0.002284    0.068506    0.402347   17.099140 v _3071_/X (sky130_fd_sc_hd__and2_2)
                                                         _0868_ (net)
                      0.068506    0.000000   17.099140 v _3073_/B1 (sky130_fd_sc_hd__o221a_2)
     1    0.001577    0.078108    0.445660   17.544800 v _3073_/X (sky130_fd_sc_hd__o221a_2)
                                                         _0026_ (net)
                      0.078108    0.000000   17.544800 v _3804_/D (sky130_fd_sc_hd__dfxtp_2)
                                             17.544800   data arrival time

                      0.150000   20.000000   20.000000   clock clk_i (rise edge)
                                  0.000000   20.000000   clock network delay (ideal)
                                 -0.250000   19.750002   clock uncertainty
                                  0.000000   19.750002   clock reconvergence pessimism
                                             19.750002 ^ _3804_/CLK (sky130_fd_sc_hd__dfxtp_2)
                                 -0.256087   19.493914   library setup time
                                             19.493914   data required time
---------------------------------------------------------------------------------------------
                                             19.493914   data required time
                                            -17.544800   data arrival time
---------------------------------------------------------------------------------------------
                                              1.949115   slack (MET)


Startpoint: _3845_ (rising edge-triggered flip-flop clocked by clk_i)
Endpoint: _3807_ (rising edge-triggered flip-flop clocked by clk_i)
Path Group: clk_i
Path Type: max

Fanout         Cap        Slew       Delay        Time   Description
---------------------------------------------------------------------------------------------
                      0.150000    0.000000    0.000000   clock clk_i (rise edge)
                                  0.000000    0.000000   clock network delay (ideal)
                      0.150000    0.000000    0.000000 ^ _3845_/CLK (sky130_fd_sc_hd__dfxtp_2)
    24    0.098598    0.419198    0.947398    0.947398 v _3845_/Q (sky130_fd_sc_hd__dfxtp_2)
                                                         s0_wire[2] (net)
                      0.419198    0.000000    0.947398 v _1943_/B (sky130_fd_sc_hd__and2_2)
     3    0.007929    0.095580    0.601523    1.548921 v _1943_/X (sky130_fd_sc_hd__and2_2)
                                                         _1557_ (net)
                      0.095580    0.000000    1.548921 v _2163_/B (sky130_fd_sc_hd__or2_2)
     2    0.006074    0.133029    0.659557    2.208477 v _2163_/X (sky130_fd_sc_hd__or2_2)
                                                         _1777_ (net)
                      0.133029    0.000000    2.208477 v _2164_/C (sky130_fd_sc_hd__and3_2)
     6    0.021946    0.156777    0.568229    2.776707 v _2164_/X (sky130_fd_sc_hd__and3_2)
                                                         _1778_ (net)
                      0.156777    0.000000    2.776707 v _2236_/A (sky130_fd_sc_hd__or2_2)
     4    0.020545    0.203436    0.827395    3.604102 v _2236_/X (sky130_fd_sc_hd__or2_2)
                                                         _1850_ (net)
                      0.203436    0.000000    3.604102 v _2428_/A1 (sky130_fd_sc_hd__o21a_2)
     2    0.012203    0.104101    0.490402    4.094504 v _2428_/X (sky130_fd_sc_hd__o21a_2)
                                                         _0250_ (net)
                      0.104101    0.000000    4.094504 v _2430_/B (sky130_fd_sc_hd__xor2_2)
     2    0.012889    0.170897    0.316776    4.411280 v _2430_/X (sky130_fd_sc_hd__xor2_2)
                                                         _0252_ (net)
                      0.170897    0.000000    4.411280 v _2440_/B (sky130_fd_sc_hd__xnor2_2)
     4    0.015444    0.189880    0.349654    4.760934 v _2440_/Y (sky130_fd_sc_hd__xnor2_2)
                                                         _0262_ (net)
                      0.189880    0.000000    4.760934 v _2479_/A_N (sky130_fd_sc_hd__nand4b_2)
     2    0.009270    0.261460    0.535286    5.296220 v _2479_/Y (sky130_fd_sc_hd__nand4b_2)
                                                         _0301_ (net)
                      0.261460    0.000000    5.296220 v _2480_/C (sky130_fd_sc_hd__or3_2)
     2    0.005678    0.187942    1.070257    6.366477 v _2480_/X (sky130_fd_sc_hd__or3_2)
                                                         _0302_ (net)
                      0.187942    0.000000    6.366477 v _2482_/C (sky130_fd_sc_hd__or4_2)
     4    0.016639    0.324784    1.669527    8.036003 v _2482_/X (sky130_fd_sc_hd__or4_2)
                                                         _0304_ (net)
                      0.324784    0.000000    8.036003 v _2499_/A (sky130_fd_sc_hd__and3_2)
     2    0.003462    0.076605    0.486005    8.522008 v _2499_/X (sky130_fd_sc_hd__and3_2)
                                                         _0321_ (net)
                      0.076605    0.000000    8.522008 v _2510_/B1 (sky130_fd_sc_hd__a21o_2)
     2    0.013053    0.105330    0.396447    8.918455 v _2510_/X (sky130_fd_sc_hd__a21o_2)
                                                         _0332_ (net)
                      0.105330    0.000000    8.918455 v _2512_/A1 (sky130_fd_sc_hd__a21oi_2)
     3    0.004616    0.161951    0.218809    9.137264 ^ _2512_/Y (sky130_fd_sc_hd__a21oi_2)
                                                         _0334_ (net)
                      0.161951    0.000000    9.137264 ^ _2515_/A_N (sky130_fd_sc_hd__and4b_2)
     1    0.002206    0.075625    0.490290    9.627555 v _2515_/X (sky130_fd_sc_hd__and4b_2)
                                                         _0337_ (net)
                      0.075625    0.000000    9.627555 v _2516_/B2 (sky130_fd_sc_hd__a22o_2)
     3    0.009913    0.102923    0.454926   10.082481 v _2516_/X (sky130_fd_sc_hd__a22o_2)
                                                         _0338_ (net)
                      0.102923    0.000000   10.082481 v _2520_/A1 (sky130_fd_sc_hd__a211oi_2)
     4    0.011239    0.448469    0.464705   10.547186 ^ _2520_/Y (sky130_fd_sc_hd__a211oi_2)
                                                         _0342_ (net)
                      0.448469    0.000000   10.547186 ^ _2524_/A2 (sky130_fd_sc_hd__o2111a_2)
     4    0.017388    0.201588    0.634739   11.181924 ^ _2524_/X (sky130_fd_sc_hd__o2111a_2)
                                                         _0346_ (net)
                      0.201588    0.000000   11.181924 ^ _2537_/A1 (sky130_fd_sc_hd__o31ai_2)
     3    0.013092    0.174065    0.254628   11.436552 v _2537_/Y (sky130_fd_sc_hd__o31ai_2)
                                                         _0358_ (net)
                      0.174065    0.000000   11.436552 v _2793_/A1 (sky130_fd_sc_hd__a21bo_2)
     2    0.010263    0.096177    0.438372   11.874925 v _2793_/X (sky130_fd_sc_hd__a21bo_2)
                                                         _0612_ (net)
                      0.096177    0.000000   11.874925 v _2800_/A2 (sky130_fd_sc_hd__a21o_2)
     1    0.008431    0.085700    0.419428   12.294353 v _2800_/X (sky130_fd_sc_hd__a21o_2)
                                                         _0618_ (net)
                      0.085700    0.000000   12.294353 v _2850_/A (sky130_fd_sc_hd__xnor2_2)
     4    0.015020    0.186079    0.312718   12.607070 v _2850_/Y (sky130_fd_sc_hd__xnor2_2)
                                                         _0668_ (net)
                      0.186079    0.000000   12.607070 v _2851_/B (sky130_fd_sc_hd__or2_2)
     2    0.004711    0.124780    0.682101   13.289172 v _2851_/X (sky130_fd_sc_hd__or2_2)
                                                         _0669_ (net)
                      0.124780    0.000000   13.289172 v _2868_/C1 (sky130_fd_sc_hd__o211a_2)
     2    0.005415    0.086051    0.248929   13.538101 v _2868_/X (sky130_fd_sc_hd__o211a_2)
                                                         _0684_ (net)
                      0.086051    0.000000   13.538101 v _2869_/C (sky130_fd_sc_hd__or3_2)
     5    0.016209    0.249833    1.116107   14.654208 v _2869_/X (sky130_fd_sc_hd__or3_2)
                                                         _0685_ (net)
                      0.249833    0.000000   14.654208 v _2907_/A1 (sky130_fd_sc_hd__o21ai_2)
     5    0.015366    0.352685    0.439777   15.093986 ^ _2907_/Y (sky130_fd_sc_hd__o21ai_2)
                                                         _0719_ (net)
                      0.352685    0.000000   15.093986 ^ _2993_/A1 (sky130_fd_sc_hd__a21o_2)
     4    0.020138    0.178869    0.442199   15.536184 ^ _2993_/X (sky130_fd_sc_hd__a21o_2)
                                                         _0797_ (net)
                      0.178869    0.000000   15.536184 ^ _3082_/A1 (sky130_fd_sc_hd__a21o_2)
     5    0.019797    0.175544    0.372996   15.909181 ^ _3082_/X (sky130_fd_sc_hd__a21o_2)
                                                         _0878_ (net)
                      0.175544    0.000000   15.909181 ^ _3106_/A1 (sky130_fd_sc_hd__a21oi_2)
     3    0.007806    0.103801    0.164269   16.073448 v _3106_/Y (sky130_fd_sc_hd__a21oi_2)
                                                         _0900_ (net)
                      0.103801    0.000000   16.073448 v _3107_/B (sky130_fd_sc_hd__or2_2)
     1    0.002315    0.108534    0.620036   16.693485 v _3107_/X (sky130_fd_sc_hd__or2_2)
                                                         _0901_ (net)
                      0.108534    0.000000   16.693485 v _3109_/A1 (sky130_fd_sc_hd__a21o_2)
     1    0.002288    0.058698    0.353023   17.046507 v _3109_/X (sky130_fd_sc_hd__a21o_2)
                                                         _0903_ (net)
                      0.058698    0.000000   17.046507 v _3110_/B1 (sky130_fd_sc_hd__o211a_2)
     1    0.001577    0.071586    0.221457   17.267963 v _3110_/X (sky130_fd_sc_hd__o211a_2)
                                                         _0029_ (net)
                      0.071586    0.000000   17.267963 v _3807_/D (sky130_fd_sc_hd__dfxtp_2)
                                             17.267963   data arrival time

                      0.150000   20.000000   20.000000   clock clk_i (rise edge)
                                  0.000000   20.000000   clock network delay (ideal)
                                 -0.250000   19.750002   clock uncertainty
                                  0.000000   19.750002   clock reconvergence pessimism
                                             19.750002 ^ _3807_/CLK (sky130_fd_sc_hd__dfxtp_2)
                                 -0.253379   19.496622   library setup time
                                             19.496622   data required time
---------------------------------------------------------------------------------------------
                                             19.496622   data required time
                                            -17.267963   data arrival time
---------------------------------------------------------------------------------------------
                                              2.228658   slack (MET)


Startpoint: _3845_ (rising edge-triggered flip-flop clocked by clk_i)
Endpoint: _3803_ (rising edge-triggered flip-flop clocked by clk_i)
Path Group: clk_i
Path Type: max

Fanout         Cap        Slew       Delay        Time   Description
---------------------------------------------------------------------------------------------
                      0.150000    0.000000    0.000000   clock clk_i (rise edge)
                                  0.000000    0.000000   clock network delay (ideal)
                      0.150000    0.000000    0.000000 ^ _3845_/CLK (sky130_fd_sc_hd__dfxtp_2)
    24    0.098598    0.419198    0.947398    0.947398 v _3845_/Q (sky130_fd_sc_hd__dfxtp_2)
                                                         s0_wire[2] (net)
                      0.419198    0.000000    0.947398 v _1943_/B (sky130_fd_sc_hd__and2_2)
     3    0.007929    0.095580    0.601523    1.548921 v _1943_/X (sky130_fd_sc_hd__and2_2)
                                                         _1557_ (net)
                      0.095580    0.000000    1.548921 v _2163_/B (sky130_fd_sc_hd__or2_2)
     2    0.006074    0.133029    0.659557    2.208477 v _2163_/X (sky130_fd_sc_hd__or2_2)
                                                         _1777_ (net)
                      0.133029    0.000000    2.208477 v _2164_/C (sky130_fd_sc_hd__and3_2)
     6    0.021946    0.156777    0.568229    2.776707 v _2164_/X (sky130_fd_sc_hd__and3_2)
                                                         _1778_ (net)
                      0.156777    0.000000    2.776707 v _2236_/A (sky130_fd_sc_hd__or2_2)
     4    0.020545    0.203436    0.827395    3.604102 v _2236_/X (sky130_fd_sc_hd__or2_2)
                                                         _1850_ (net)
                      0.203436    0.000000    3.604102 v _2428_/A1 (sky130_fd_sc_hd__o21a_2)
     2    0.012203    0.104101    0.490402    4.094504 v _2428_/X (sky130_fd_sc_hd__o21a_2)
                                                         _0250_ (net)
                      0.104101    0.000000    4.094504 v _2430_/B (sky130_fd_sc_hd__xor2_2)
     2    0.012889    0.170897    0.316776    4.411280 v _2430_/X (sky130_fd_sc_hd__xor2_2)
                                                         _0252_ (net)
                      0.170897    0.000000    4.411280 v _2440_/B (sky130_fd_sc_hd__xnor2_2)
     4    0.015444    0.189880    0.349654    4.760934 v _2440_/Y (sky130_fd_sc_hd__xnor2_2)
                                                         _0262_ (net)
                      0.189880    0.000000    4.760934 v _2479_/A_N (sky130_fd_sc_hd__nand4b_2)
     2    0.009270    0.261460    0.535286    5.296220 v _2479_/Y (sky130_fd_sc_hd__nand4b_2)
                                                         _0301_ (net)
                      0.261460    0.000000    5.296220 v _2480_/C (sky130_fd_sc_hd__or3_2)
     2    0.005678    0.187942    1.070257    6.366477 v _2480_/X (sky130_fd_sc_hd__or3_2)
                                                         _0302_ (net)
                      0.187942    0.000000    6.366477 v _2482_/C (sky130_fd_sc_hd__or4_2)
     4    0.016639    0.324784    1.669527    8.036003 v _2482_/X (sky130_fd_sc_hd__or4_2)
                                                         _0304_ (net)
                      0.324784    0.000000    8.036003 v _2499_/A (sky130_fd_sc_hd__and3_2)
     2    0.003462    0.076605    0.486005    8.522008 v _2499_/X (sky130_fd_sc_hd__and3_2)
                                                         _0321_ (net)
                      0.076605    0.000000    8.522008 v _2510_/B1 (sky130_fd_sc_hd__a21o_2)
     2    0.013053    0.105330    0.396447    8.918455 v _2510_/X (sky130_fd_sc_hd__a21o_2)
                                                         _0332_ (net)
                      0.105330    0.000000    8.918455 v _2512_/A1 (sky130_fd_sc_hd__a21oi_2)
     3    0.004616    0.161951    0.218809    9.137264 ^ _2512_/Y (sky130_fd_sc_hd__a21oi_2)
                                                         _0334_ (net)
                      0.161951    0.000000    9.137264 ^ _2515_/A_N (sky130_fd_sc_hd__and4b_2)
     1    0.002206    0.075625    0.490290    9.627555 v _2515_/X (sky130_fd_sc_hd__and4b_2)
                                                         _0337_ (net)
                      0.075625    0.000000    9.627555 v _2516_/B2 (sky130_fd_sc_hd__a22o_2)
     3    0.009913    0.102923    0.454926   10.082481 v _2516_/X (sky130_fd_sc_hd__a22o_2)
                                                         _0338_ (net)
                      0.102923    0.000000   10.082481 v _2520_/A1 (sky130_fd_sc_hd__a211oi_2)
     4    0.011239    0.448469    0.464705   10.547186 ^ _2520_/Y (sky130_fd_sc_hd__a211oi_2)
                                                         _0342_ (net)
                      0.448469    0.000000   10.547186 ^ _2524_/A2 (sky130_fd_sc_hd__o2111a_2)
     4    0.017388    0.201588    0.634739   11.181924 ^ _2524_/X (sky130_fd_sc_hd__o2111a_2)
                                                         _0346_ (net)
                      0.201588    0.000000   11.181924 ^ _2537_/A1 (sky130_fd_sc_hd__o31ai_2)
     3    0.013092    0.174065    0.254628   11.436552 v _2537_/Y (sky130_fd_sc_hd__o31ai_2)
                                                         _0358_ (net)
                      0.174065    0.000000   11.436552 v _2793_/A1 (sky130_fd_sc_hd__a21bo_2)
     2    0.010263    0.096177    0.438372   11.874925 v _2793_/X (sky130_fd_sc_hd__a21bo_2)
                                                         _0612_ (net)
                      0.096177    0.000000   11.874925 v _2800_/A2 (sky130_fd_sc_hd__a21o_2)
     1    0.008431    0.085700    0.419428   12.294353 v _2800_/X (sky130_fd_sc_hd__a21o_2)
                                                         _0618_ (net)
                      0.085700    0.000000   12.294353 v _2850_/A (sky130_fd_sc_hd__xnor2_2)
     4    0.015020    0.186079    0.312718   12.607070 v _2850_/Y (sky130_fd_sc_hd__xnor2_2)
                                                         _0668_ (net)
                      0.186079    0.000000   12.607070 v _2851_/B (sky130_fd_sc_hd__or2_2)
     2    0.004711    0.124780    0.682101   13.289172 v _2851_/X (sky130_fd_sc_hd__or2_2)
                                                         _0669_ (net)
                      0.124780    0.000000   13.289172 v _2868_/C1 (sky130_fd_sc_hd__o211a_2)
     2    0.005415    0.086051    0.248929   13.538101 v _2868_/X (sky130_fd_sc_hd__o211a_2)
                                                         _0684_ (net)
                      0.086051    0.000000   13.538101 v _2869_/C (sky130_fd_sc_hd__or3_2)
     5    0.016209    0.249833    1.116107   14.654208 v _2869_/X (sky130_fd_sc_hd__or3_2)
                                                         _0685_ (net)
                      0.249833    0.000000   14.654208 v _2907_/A1 (sky130_fd_sc_hd__o21ai_2)
     5    0.015366    0.352685    0.439777   15.093986 ^ _2907_/Y (sky130_fd_sc_hd__o21ai_2)
                                                         _0719_ (net)
                      0.352685    0.000000   15.093986 ^ _2993_/A1 (sky130_fd_sc_hd__a21o_2)
     4    0.020138    0.178869    0.442199   15.536184 ^ _2993_/X (sky130_fd_sc_hd__a21o_2)
                                                         _0797_ (net)
                      0.178869    0.000000   15.536184 ^ _3037_/A1 (sky130_fd_sc_hd__a21boi_2)
     3    0.014664    0.150096    0.203068   15.739252 v _3037_/Y (sky130_fd_sc_hd__a21boi_2)
                                                         _0837_ (net)
                      0.150096    0.000000   15.739252 v _3058_/A2 (sky130_fd_sc_hd__o21a_2)
     2    0.003469    0.063734    0.391024   16.130276 v _3058_/X (sky130_fd_sc_hd__o21a_2)
                                                         _0856_ (net)
                      0.063734    0.000000   16.130276 v _3060_/B (sky130_fd_sc_hd__or2_2)
     1    0.008219    0.143964    0.664285   16.794561 v _3060_/X (sky130_fd_sc_hd__or2_2)
                                                         _0858_ (net)
                      0.143964    0.000000   16.794561 v _3061_/B (sky130_fd_sc_hd__xnor2_2)
     1    0.005053    0.196169    0.237325   17.031885 ^ _3061_/Y (sky130_fd_sc_hd__xnor2_2)
                                                         _0859_ (net)
                      0.196169    0.000000   17.031885 ^ _3063_/A2 (sky130_fd_sc_hd__a21oi_2)
     1    0.001577    0.079051    0.139933   17.171818 v _3063_/Y (sky130_fd_sc_hd__a21oi_2)
                                                         _0025_ (net)
                      0.079051    0.000000   17.171818 v _3803_/D (sky130_fd_sc_hd__dfxtp_2)
                                             17.171818   data arrival time

                      0.150000   20.000000   20.000000   clock clk_i (rise edge)
                                  0.000000   20.000000   clock network delay (ideal)
                                 -0.250000   19.750002   clock uncertainty
                                  0.000000   19.750002   clock reconvergence pessimism
                                             19.750002 ^ _3803_/CLK (sky130_fd_sc_hd__dfxtp_2)
                                 -0.256478   19.493525   library setup time
                                             19.493525   data required time
---------------------------------------------------------------------------------------------
                                             19.493525   data required time
                                            -17.171818   data arrival time
---------------------------------------------------------------------------------------------
                                              2.321706   slack (MET)


Startpoint: _3845_ (rising edge-triggered flip-flop clocked by clk_i)
Endpoint: _3810_ (rising edge-triggered flip-flop clocked by clk_i)
Path Group: clk_i
Path Type: max

Fanout         Cap        Slew       Delay        Time   Description
---------------------------------------------------------------------------------------------
                      0.150000    0.000000    0.000000   clock clk_i (rise edge)
                                  0.000000    0.000000   clock network delay (ideal)
                      0.150000    0.000000    0.000000 ^ _3845_/CLK (sky130_fd_sc_hd__dfxtp_2)
    24    0.098598    0.419198    0.947398    0.947398 v _3845_/Q (sky130_fd_sc_hd__dfxtp_2)
                                                         s0_wire[2] (net)
                      0.419198    0.000000    0.947398 v _1943_/B (sky130_fd_sc_hd__and2_2)
     3    0.007929    0.095580    0.601523    1.548921 v _1943_/X (sky130_fd_sc_hd__and2_2)
                                                         _1557_ (net)
                      0.095580    0.000000    1.548921 v _2163_/B (sky130_fd_sc_hd__or2_2)
     2    0.006074    0.133029    0.659557    2.208477 v _2163_/X (sky130_fd_sc_hd__or2_2)
                                                         _1777_ (net)
                      0.133029    0.000000    2.208477 v _2164_/C (sky130_fd_sc_hd__and3_2)
     6    0.021946    0.156777    0.568229    2.776707 v _2164_/X (sky130_fd_sc_hd__and3_2)
                                                         _1778_ (net)
                      0.156777    0.000000    2.776707 v _2236_/A (sky130_fd_sc_hd__or2_2)
     4    0.020545    0.203436    0.827395    3.604102 v _2236_/X (sky130_fd_sc_hd__or2_2)
                                                         _1850_ (net)
                      0.203436    0.000000    3.604102 v _2428_/A1 (sky130_fd_sc_hd__o21a_2)
     2    0.012203    0.104101    0.490402    4.094504 v _2428_/X (sky130_fd_sc_hd__o21a_2)
                                                         _0250_ (net)
                      0.104101    0.000000    4.094504 v _2430_/B (sky130_fd_sc_hd__xor2_2)
     2    0.012889    0.170897    0.316776    4.411280 v _2430_/X (sky130_fd_sc_hd__xor2_2)
                                                         _0252_ (net)
                      0.170897    0.000000    4.411280 v _2440_/B (sky130_fd_sc_hd__xnor2_2)
     4    0.015444    0.189880    0.349654    4.760934 v _2440_/Y (sky130_fd_sc_hd__xnor2_2)
                                                         _0262_ (net)
                      0.189880    0.000000    4.760934 v _2479_/A_N (sky130_fd_sc_hd__nand4b_2)
     2    0.009270    0.261460    0.535286    5.296220 v _2479_/Y (sky130_fd_sc_hd__nand4b_2)
                                                         _0301_ (net)
                      0.261460    0.000000    5.296220 v _2480_/C (sky130_fd_sc_hd__or3_2)
     2    0.005678    0.187942    1.070257    6.366477 v _2480_/X (sky130_fd_sc_hd__or3_2)
                                                         _0302_ (net)
                      0.187942    0.000000    6.366477 v _2482_/C (sky130_fd_sc_hd__or4_2)
     4    0.016639    0.324784    1.669527    8.036003 v _2482_/X (sky130_fd_sc_hd__or4_2)
                                                         _0304_ (net)
                      0.324784    0.000000    8.036003 v _2499_/A (sky130_fd_sc_hd__and3_2)
     2    0.003462    0.076605    0.486005    8.522008 v _2499_/X (sky130_fd_sc_hd__and3_2)
                                                         _0321_ (net)
                      0.076605    0.000000    8.522008 v _2510_/B1 (sky130_fd_sc_hd__a21o_2)
     2    0.013053    0.105330    0.396447    8.918455 v _2510_/X (sky130_fd_sc_hd__a21o_2)
                                                         _0332_ (net)
                      0.105330    0.000000    8.918455 v _2512_/A1 (sky130_fd_sc_hd__a21oi_2)
     3    0.004616    0.161951    0.218809    9.137264 ^ _2512_/Y (sky130_fd_sc_hd__a21oi_2)
                                                         _0334_ (net)
                      0.161951    0.000000    9.137264 ^ _2515_/A_N (sky130_fd_sc_hd__and4b_2)
     1    0.002206    0.075625    0.490290    9.627555 v _2515_/X (sky130_fd_sc_hd__and4b_2)
                                                         _0337_ (net)
                      0.075625    0.000000    9.627555 v _2516_/B2 (sky130_fd_sc_hd__a22o_2)
     3    0.009913    0.102923    0.454926   10.082481 v _2516_/X (sky130_fd_sc_hd__a22o_2)
                                                         _0338_ (net)
                      0.102923    0.000000   10.082481 v _2520_/A1 (sky130_fd_sc_hd__a211oi_2)
     4    0.011239    0.448469    0.464705   10.547186 ^ _2520_/Y (sky130_fd_sc_hd__a211oi_2)
                                                         _0342_ (net)
                      0.448469    0.000000   10.547186 ^ _2524_/A2 (sky130_fd_sc_hd__o2111a_2)
     4    0.017388    0.201588    0.634739   11.181924 ^ _2524_/X (sky130_fd_sc_hd__o2111a_2)
                                                         _0346_ (net)
                      0.201588    0.000000   11.181924 ^ _2537_/A1 (sky130_fd_sc_hd__o31ai_2)
     3    0.013092    0.174065    0.254628   11.436552 v _2537_/Y (sky130_fd_sc_hd__o31ai_2)
                                                         _0358_ (net)
                      0.174065    0.000000   11.436552 v _2793_/A1 (sky130_fd_sc_hd__a21bo_2)
     2    0.010263    0.096177    0.438372   11.874925 v _2793_/X (sky130_fd_sc_hd__a21bo_2)
                                                         _0612_ (net)
                      0.096177    0.000000   11.874925 v _2800_/A2 (sky130_fd_sc_hd__a21o_2)
     1    0.008431    0.085700    0.419428   12.294353 v _2800_/X (sky130_fd_sc_hd__a21o_2)
                                                         _0618_ (net)
                      0.085700    0.000000   12.294353 v _2850_/A (sky130_fd_sc_hd__xnor2_2)
     4    0.015020    0.186079    0.312718   12.607070 v _2850_/Y (sky130_fd_sc_hd__xnor2_2)
                                                         _0668_ (net)
                      0.186079    0.000000   12.607070 v _2851_/B (sky130_fd_sc_hd__or2_2)
     2    0.004711    0.124780    0.682101   13.289172 v _2851_/X (sky130_fd_sc_hd__or2_2)
                                                         _0669_ (net)
                      0.124780    0.000000   13.289172 v _2868_/C1 (sky130_fd_sc_hd__o211a_2)
     2    0.005415    0.086051    0.248929   13.538101 v _2868_/X (sky130_fd_sc_hd__o211a_2)
                                                         _0684_ (net)
                      0.086051    0.000000   13.538101 v _2869_/C (sky130_fd_sc_hd__or3_2)
     5    0.016209    0.249833    1.116107   14.654208 v _2869_/X (sky130_fd_sc_hd__or3_2)
                                                         _0685_ (net)
                      0.249833    0.000000   14.654208 v _2907_/A1 (sky130_fd_sc_hd__o21ai_2)
     5    0.015366    0.352685    0.439777   15.093986 ^ _2907_/Y (sky130_fd_sc_hd__o21ai_2)
                                                         _0719_ (net)
                      0.352685    0.000000   15.093986 ^ _2993_/A1 (sky130_fd_sc_hd__a21o_2)
     4    0.020138    0.178869    0.442199   15.536184 ^ _2993_/X (sky130_fd_sc_hd__a21o_2)
                                                         _0797_ (net)
                      0.178869    0.000000   15.536184 ^ _3082_/A1 (sky130_fd_sc_hd__a21o_2)
     5    0.019797    0.175544    0.372996   15.909181 ^ _3082_/X (sky130_fd_sc_hd__a21o_2)
                                                         _0878_ (net)
                      0.175544    0.000000   15.909181 ^ _3128_/A1 (sky130_fd_sc_hd__a31oi_2)
     2    0.012386    0.234992    0.279275   16.188456 v _3128_/Y (sky130_fd_sc_hd__a31oi_2)
                                                         _0920_ (net)
                      0.234992    0.000000   16.188456 v _3132_/A2 (sky130_fd_sc_hd__o21ai_2)
     1    0.009061    0.245796    0.318177   16.506634 ^ _3132_/Y (sky130_fd_sc_hd__o21ai_2)
                                                         _0923_ (net)
                      0.245796    0.000000   16.506634 ^ _3135_/A (sky130_fd_sc_hd__xnor2_2)
     1    0.002285    0.081143    0.182656   16.689289 v _3135_/Y (sky130_fd_sc_hd__xnor2_2)
                                                         _0926_ (net)
                      0.081143    0.000000   16.689289 v _3137_/A2 (sky130_fd_sc_hd__o21a_2)
     1    0.001577    0.054873    0.346166   17.035454 v _3137_/X (sky130_fd_sc_hd__o21a_2)
                                                         _0032_ (net)
                      0.054873    0.000000   17.035454 v _3810_/D (sky130_fd_sc_hd__dfxtp_2)
                                             17.035454   data arrival time

                      0.150000   20.000000   20.000000   clock clk_i (rise edge)
                                  0.000000   20.000000   clock network delay (ideal)
                                 -0.250000   19.750002   clock uncertainty
                                  0.000000   19.750002   clock reconvergence pessimism
                                             19.750002 ^ _3810_/CLK (sky130_fd_sc_hd__dfxtp_2)
                                 -0.246440   19.503563   library setup time
                                             19.503563   data required time
---------------------------------------------------------------------------------------------
                                             19.503563   data required time
                                            -17.035454   data arrival time
---------------------------------------------------------------------------------------------
                                              2.468107   slack (MET)


Startpoint: _3845_ (rising edge-triggered flip-flop clocked by clk_i)
Endpoint: _3808_ (rising edge-triggered flip-flop clocked by clk_i)
Path Group: clk_i
Path Type: max

Fanout         Cap        Slew       Delay        Time   Description
---------------------------------------------------------------------------------------------
                      0.150000    0.000000    0.000000   clock clk_i (rise edge)
                                  0.000000    0.000000   clock network delay (ideal)
                      0.150000    0.000000    0.000000 ^ _3845_/CLK (sky130_fd_sc_hd__dfxtp_2)
    24    0.098598    0.419198    0.947398    0.947398 v _3845_/Q (sky130_fd_sc_hd__dfxtp_2)
                                                         s0_wire[2] (net)
                      0.419198    0.000000    0.947398 v _1943_/B (sky130_fd_sc_hd__and2_2)
     3    0.007929    0.095580    0.601523    1.548921 v _1943_/X (sky130_fd_sc_hd__and2_2)
                                                         _1557_ (net)
                      0.095580    0.000000    1.548921 v _2163_/B (sky130_fd_sc_hd__or2_2)
     2    0.006074    0.133029    0.659557    2.208477 v _2163_/X (sky130_fd_sc_hd__or2_2)
                                                         _1777_ (net)
                      0.133029    0.000000    2.208477 v _2164_/C (sky130_fd_sc_hd__and3_2)
     6    0.021946    0.156777    0.568229    2.776707 v _2164_/X (sky130_fd_sc_hd__and3_2)
                                                         _1778_ (net)
                      0.156777    0.000000    2.776707 v _2236_/A (sky130_fd_sc_hd__or2_2)
     4    0.020545    0.203436    0.827395    3.604102 v _2236_/X (sky130_fd_sc_hd__or2_2)
                                                         _1850_ (net)
                      0.203436    0.000000    3.604102 v _2428_/A1 (sky130_fd_sc_hd__o21a_2)
     2    0.012203    0.104101    0.490402    4.094504 v _2428_/X (sky130_fd_sc_hd__o21a_2)
                                                         _0250_ (net)
                      0.104101    0.000000    4.094504 v _2430_/B (sky130_fd_sc_hd__xor2_2)
     2    0.012889    0.170897    0.316776    4.411280 v _2430_/X (sky130_fd_sc_hd__xor2_2)
                                                         _0252_ (net)
                      0.170897    0.000000    4.411280 v _2440_/B (sky130_fd_sc_hd__xnor2_2)
     4    0.015444    0.189880    0.349654    4.760934 v _2440_/Y (sky130_fd_sc_hd__xnor2_2)
                                                         _0262_ (net)
                      0.189880    0.000000    4.760934 v _2479_/A_N (sky130_fd_sc_hd__nand4b_2)
     2    0.009270    0.261460    0.535286    5.296220 v _2479_/Y (sky130_fd_sc_hd__nand4b_2)
                                                         _0301_ (net)
                      0.261460    0.000000    5.296220 v _2480_/C (sky130_fd_sc_hd__or3_2)
     2    0.005678    0.187942    1.070257    6.366477 v _2480_/X (sky130_fd_sc_hd__or3_2)
                                                         _0302_ (net)
                      0.187942    0.000000    6.366477 v _2482_/C (sky130_fd_sc_hd__or4_2)
     4    0.016639    0.324784    1.669527    8.036003 v _2482_/X (sky130_fd_sc_hd__or4_2)
                                                         _0304_ (net)
                      0.324784    0.000000    8.036003 v _2499_/A (sky130_fd_sc_hd__and3_2)
     2    0.003462    0.076605    0.486005    8.522008 v _2499_/X (sky130_fd_sc_hd__and3_2)
                                                         _0321_ (net)
                      0.076605    0.000000    8.522008 v _2510_/B1 (sky130_fd_sc_hd__a21o_2)
     2    0.013053    0.105330    0.396447    8.918455 v _2510_/X (sky130_fd_sc_hd__a21o_2)
                                                         _0332_ (net)
                      0.105330    0.000000    8.918455 v _2512_/A1 (sky130_fd_sc_hd__a21oi_2)
     3    0.004616    0.161951    0.218809    9.137264 ^ _2512_/Y (sky130_fd_sc_hd__a21oi_2)
                                                         _0334_ (net)
                      0.161951    0.000000    9.137264 ^ _2515_/A_N (sky130_fd_sc_hd__and4b_2)
     1    0.002206    0.075625    0.490290    9.627555 v _2515_/X (sky130_fd_sc_hd__and4b_2)
                                                         _0337_ (net)
                      0.075625    0.000000    9.627555 v _2516_/B2 (sky130_fd_sc_hd__a22o_2)
     3    0.009913    0.102923    0.454926   10.082481 v _2516_/X (sky130_fd_sc_hd__a22o_2)
                                                         _0338_ (net)
                      0.102923    0.000000   10.082481 v _2520_/A1 (sky130_fd_sc_hd__a211oi_2)
     4    0.011239    0.448469    0.464705   10.547186 ^ _2520_/Y (sky130_fd_sc_hd__a211oi_2)
                                                         _0342_ (net)
                      0.448469    0.000000   10.547186 ^ _2524_/A2 (sky130_fd_sc_hd__o2111a_2)
     4    0.017388    0.201588    0.634739   11.181924 ^ _2524_/X (sky130_fd_sc_hd__o2111a_2)
                                                         _0346_ (net)
                      0.201588    0.000000   11.181924 ^ _2537_/A1 (sky130_fd_sc_hd__o31ai_2)
     3    0.013092    0.174065    0.254628   11.436552 v _2537_/Y (sky130_fd_sc_hd__o31ai_2)
                                                         _0358_ (net)
                      0.174065    0.000000   11.436552 v _2793_/A1 (sky130_fd_sc_hd__a21bo_2)
     2    0.010263    0.096177    0.438372   11.874925 v _2793_/X (sky130_fd_sc_hd__a21bo_2)
                                                         _0612_ (net)
                      0.096177    0.000000   11.874925 v _2800_/A2 (sky130_fd_sc_hd__a21o_2)
     1    0.008431    0.085700    0.419428   12.294353 v _2800_/X (sky130_fd_sc_hd__a21o_2)
                                                         _0618_ (net)
                      0.085700    0.000000   12.294353 v _2850_/A (sky130_fd_sc_hd__xnor2_2)
     4    0.015020    0.186079    0.312718   12.607070 v _2850_/Y (sky130_fd_sc_hd__xnor2_2)
                                                         _0668_ (net)
                      0.186079    0.000000   12.607070 v _2851_/B (sky130_fd_sc_hd__or2_2)
     2    0.004711    0.124780    0.682101   13.289172 v _2851_/X (sky130_fd_sc_hd__or2_2)
                                                         _0669_ (net)
                      0.124780    0.000000   13.289172 v _2868_/C1 (sky130_fd_sc_hd__o211a_2)
     2    0.005415    0.086051    0.248929   13.538101 v _2868_/X (sky130_fd_sc_hd__o211a_2)
                                                         _0684_ (net)
                      0.086051    0.000000   13.538101 v _2869_/C (sky130_fd_sc_hd__or3_2)
     5    0.016209    0.249833    1.116107   14.654208 v _2869_/X (sky130_fd_sc_hd__or3_2)
                                                         _0685_ (net)
                      0.249833    0.000000   14.654208 v _2907_/A1 (sky130_fd_sc_hd__o21ai_2)
     5    0.015366    0.352685    0.439777   15.093986 ^ _2907_/Y (sky130_fd_sc_hd__o21ai_2)
                                                         _0719_ (net)
                      0.352685    0.000000   15.093986 ^ _2993_/A1 (sky130_fd_sc_hd__a21o_2)
     4    0.020138    0.178869    0.442199   15.536184 ^ _2993_/X (sky130_fd_sc_hd__a21o_2)
                                                         _0797_ (net)
                      0.178869    0.000000   15.536184 ^ _3082_/A1 (sky130_fd_sc_hd__a21o_2)
     5    0.019797    0.175544    0.372996   15.909181 ^ _3082_/X (sky130_fd_sc_hd__a21o_2)
                                                         _0878_ (net)
                      0.175544    0.000000   15.909181 ^ _3106_/A1 (sky130_fd_sc_hd__a21oi_2)
     3    0.007806    0.103801    0.164269   16.073448 v _3106_/Y (sky130_fd_sc_hd__a21oi_2)
                                                         _0900_ (net)
                      0.103801    0.000000   16.073448 v _3116_/A2 (sky130_fd_sc_hd__o21a_2)
     1    0.008219    0.086688    0.401885   16.475334 v _3116_/X (sky130_fd_sc_hd__o21a_2)
                                                         _0909_ (net)
                      0.086688    0.000000   16.475334 v _3117_/B (sky130_fd_sc_hd__xnor2_2)
     1    0.005053    0.196162    0.214042   16.689375 ^ _3117_/Y (sky130_fd_sc_hd__xnor2_2)
                                                         _0910_ (net)
                      0.196162    0.000000   16.689375 ^ _3119_/A2 (sky130_fd_sc_hd__a21oi_2)
     1    0.001577    0.262848    0.139931   16.829306 v _3119_/Y (sky130_fd_sc_hd__a21oi_2)
                                                         _0030_ (net)
                      0.262848    0.000000   16.829306 v _3808_/D (sky130_fd_sc_hd__dfxtp_2)
                                             16.829306   data arrival time

                      0.150000   20.000000   20.000000   clock clk_i (rise edge)
                                  0.000000   20.000000   clock network delay (ideal)
                                 -0.250000   19.750002   clock uncertainty
                                  0.000000   19.750002   clock reconvergence pessimism
                                             19.750002 ^ _3808_/CLK (sky130_fd_sc_hd__dfxtp_2)
                                 -0.332787   19.417215   library setup time
                                             19.417215   data required time
---------------------------------------------------------------------------------------------
                                             19.417215   data required time
                                            -16.829306   data arrival time
---------------------------------------------------------------------------------------------
                                              2.587909   slack (MET)


Startpoint: _3845_ (rising edge-triggered flip-flop clocked by clk_i)
Endpoint: _3809_ (rising edge-triggered flip-flop clocked by clk_i)
Path Group: clk_i
Path Type: max

Fanout         Cap        Slew       Delay        Time   Description
---------------------------------------------------------------------------------------------
                      0.150000    0.000000    0.000000   clock clk_i (rise edge)
                                  0.000000    0.000000   clock network delay (ideal)
                      0.150000    0.000000    0.000000 ^ _3845_/CLK (sky130_fd_sc_hd__dfxtp_2)
    24    0.098598    0.419198    0.947398    0.947398 v _3845_/Q (sky130_fd_sc_hd__dfxtp_2)
                                                         s0_wire[2] (net)
                      0.419198    0.000000    0.947398 v _1943_/B (sky130_fd_sc_hd__and2_2)
     3    0.007929    0.095580    0.601523    1.548921 v _1943_/X (sky130_fd_sc_hd__and2_2)
                                                         _1557_ (net)
                      0.095580    0.000000    1.548921 v _2163_/B (sky130_fd_sc_hd__or2_2)
     2    0.006074    0.133029    0.659557    2.208477 v _2163_/X (sky130_fd_sc_hd__or2_2)
                                                         _1777_ (net)
                      0.133029    0.000000    2.208477 v _2164_/C (sky130_fd_sc_hd__and3_2)
     6    0.021946    0.156777    0.568229    2.776707 v _2164_/X (sky130_fd_sc_hd__and3_2)
                                                         _1778_ (net)
                      0.156777    0.000000    2.776707 v _2236_/A (sky130_fd_sc_hd__or2_2)
     4    0.020545    0.203436    0.827395    3.604102 v _2236_/X (sky130_fd_sc_hd__or2_2)
                                                         _1850_ (net)
                      0.203436    0.000000    3.604102 v _2428_/A1 (sky130_fd_sc_hd__o21a_2)
     2    0.012203    0.104101    0.490402    4.094504 v _2428_/X (sky130_fd_sc_hd__o21a_2)
                                                         _0250_ (net)
                      0.104101    0.000000    4.094504 v _2430_/B (sky130_fd_sc_hd__xor2_2)
     2    0.012889    0.170897    0.316776    4.411280 v _2430_/X (sky130_fd_sc_hd__xor2_2)
                                                         _0252_ (net)
                      0.170897    0.000000    4.411280 v _2440_/B (sky130_fd_sc_hd__xnor2_2)
     4    0.015444    0.189880    0.349654    4.760934 v _2440_/Y (sky130_fd_sc_hd__xnor2_2)
                                                         _0262_ (net)
                      0.189880    0.000000    4.760934 v _2479_/A_N (sky130_fd_sc_hd__nand4b_2)
     2    0.009270    0.261460    0.535286    5.296220 v _2479_/Y (sky130_fd_sc_hd__nand4b_2)
                                                         _0301_ (net)
                      0.261460    0.000000    5.296220 v _2480_/C (sky130_fd_sc_hd__or3_2)
     2    0.005678    0.187942    1.070257    6.366477 v _2480_/X (sky130_fd_sc_hd__or3_2)
                                                         _0302_ (net)
                      0.187942    0.000000    6.366477 v _2482_/C (sky130_fd_sc_hd__or4_2)
     4    0.016639    0.324784    1.669527    8.036003 v _2482_/X (sky130_fd_sc_hd__or4_2)
                                                         _0304_ (net)
                      0.324784    0.000000    8.036003 v _2499_/A (sky130_fd_sc_hd__and3_2)
     2    0.003462    0.076605    0.486005    8.522008 v _2499_/X (sky130_fd_sc_hd__and3_2)
                                                         _0321_ (net)
                      0.076605    0.000000    8.522008 v _2510_/B1 (sky130_fd_sc_hd__a21o_2)
     2    0.013053    0.105330    0.396447    8.918455 v _2510_/X (sky130_fd_sc_hd__a21o_2)
                                                         _0332_ (net)
                      0.105330    0.000000    8.918455 v _2512_/A1 (sky130_fd_sc_hd__a21oi_2)
     3    0.004616    0.161951    0.218809    9.137264 ^ _2512_/Y (sky130_fd_sc_hd__a21oi_2)
                                                         _0334_ (net)
                      0.161951    0.000000    9.137264 ^ _2515_/A_N (sky130_fd_sc_hd__and4b_2)
     1    0.002206    0.075625    0.490290    9.627555 v _2515_/X (sky130_fd_sc_hd__and4b_2)
                                                         _0337_ (net)
                      0.075625    0.000000    9.627555 v _2516_/B2 (sky130_fd_sc_hd__a22o_2)
     3    0.009913    0.102923    0.454926   10.082481 v _2516_/X (sky130_fd_sc_hd__a22o_2)
                                                         _0338_ (net)
                      0.102923    0.000000   10.082481 v _2520_/A1 (sky130_fd_sc_hd__a211oi_2)
     4    0.011239    0.448469    0.464705   10.547186 ^ _2520_/Y (sky130_fd_sc_hd__a211oi_2)
                                                         _0342_ (net)
                      0.448469    0.000000   10.547186 ^ _2524_/A2 (sky130_fd_sc_hd__o2111a_2)
     4    0.017388    0.201588    0.634739   11.181924 ^ _2524_/X (sky130_fd_sc_hd__o2111a_2)
                                                         _0346_ (net)
                      0.201588    0.000000   11.181924 ^ _2537_/A1 (sky130_fd_sc_hd__o31ai_2)
     3    0.013092    0.174065    0.254628   11.436552 v _2537_/Y (sky130_fd_sc_hd__o31ai_2)
                                                         _0358_ (net)
                      0.174065    0.000000   11.436552 v _2793_/A1 (sky130_fd_sc_hd__a21bo_2)
     2    0.010263    0.096177    0.438372   11.874925 v _2793_/X (sky130_fd_sc_hd__a21bo_2)
                                                         _0612_ (net)
                      0.096177    0.000000   11.874925 v _2800_/A2 (sky130_fd_sc_hd__a21o_2)
     1    0.008431    0.085700    0.419428   12.294353 v _2800_/X (sky130_fd_sc_hd__a21o_2)
                                                         _0618_ (net)
                      0.085700    0.000000   12.294353 v _2850_/A (sky130_fd_sc_hd__xnor2_2)
     4    0.015020    0.186079    0.312718   12.607070 v _2850_/Y (sky130_fd_sc_hd__xnor2_2)
                                                         _0668_ (net)
                      0.186079    0.000000   12.607070 v _2851_/B (sky130_fd_sc_hd__or2_2)
     2    0.004711    0.124780    0.682101   13.289172 v _2851_/X (sky130_fd_sc_hd__or2_2)
                                                         _0669_ (net)
                      0.124780    0.000000   13.289172 v _2868_/C1 (sky130_fd_sc_hd__o211a_2)
     2    0.005415    0.086051    0.248929   13.538101 v _2868_/X (sky130_fd_sc_hd__o211a_2)
                                                         _0684_ (net)
                      0.086051    0.000000   13.538101 v _2869_/C (sky130_fd_sc_hd__or3_2)
     5    0.016209    0.249833    1.116107   14.654208 v _2869_/X (sky130_fd_sc_hd__or3_2)
                                                         _0685_ (net)
                      0.249833    0.000000   14.654208 v _2907_/A1 (sky130_fd_sc_hd__o21ai_2)
     5    0.015366    0.352685    0.439777   15.093986 ^ _2907_/Y (sky130_fd_sc_hd__o21ai_2)
                                                         _0719_ (net)
                      0.352685    0.000000   15.093986 ^ _2993_/A1 (sky130_fd_sc_hd__a21o_2)
     4    0.020138    0.178869    0.442199   15.536184 ^ _2993_/X (sky130_fd_sc_hd__a21o_2)
                                                         _0797_ (net)
                      0.178869    0.000000   15.536184 ^ _3082_/A1 (sky130_fd_sc_hd__a21o_2)
     5    0.019797    0.175544    0.372996   15.909181 ^ _3082_/X (sky130_fd_sc_hd__a21o_2)
                                                         _0878_ (net)
                      0.175544    0.000000   15.909181 ^ _3128_/A1 (sky130_fd_sc_hd__a31oi_2)
     2    0.012386    0.234992    0.279275   16.188456 v _3128_/Y (sky130_fd_sc_hd__a31oi_2)
                                                         _0920_ (net)
                      0.234992    0.000000   16.188456 v _3129_/B (sky130_fd_sc_hd__xnor2_2)
     1    0.002203    0.078928    0.288850   16.477304 v _3129_/Y (sky130_fd_sc_hd__xnor2_2)
                                                         _0921_ (net)
                      0.078928    0.000000   16.477304 v _3131_/A2 (sky130_fd_sc_hd__o211a_2)
     1    0.001577    0.064850    0.431994   16.909300 v _3131_/X (sky130_fd_sc_hd__o211a_2)
                                                         _0031_ (net)
                      0.064850    0.000000   16.909300 v _3809_/D (sky130_fd_sc_hd__dfxtp_2)
                                             16.909300   data arrival time

                      0.150000   20.000000   20.000000   clock clk_i (rise edge)
                                  0.000000   20.000000   clock network delay (ideal)
                                 -0.250000   19.750002   clock uncertainty
                                  0.000000   19.750002   clock reconvergence pessimism
                                             19.750002 ^ _3809_/CLK (sky130_fd_sc_hd__dfxtp_2)
                                 -0.250582   19.499420   library setup time
                                             19.499420   data required time
---------------------------------------------------------------------------------------------
                                             19.499420   data required time
                                            -16.909300   data arrival time
---------------------------------------------------------------------------------------------
                                              2.590120   slack (MET)


Startpoint: _3845_ (rising edge-triggered flip-flop clocked by clk_i)
Endpoint: _3800_ (rising edge-triggered flip-flop clocked by clk_i)
Path Group: clk_i
Path Type: max

Fanout         Cap        Slew       Delay        Time   Description
---------------------------------------------------------------------------------------------
                      0.150000    0.000000    0.000000   clock clk_i (rise edge)
                                  0.000000    0.000000   clock network delay (ideal)
                      0.150000    0.000000    0.000000 ^ _3845_/CLK (sky130_fd_sc_hd__dfxtp_2)
    24    0.098598    0.419198    0.947398    0.947398 v _3845_/Q (sky130_fd_sc_hd__dfxtp_2)
                                                         s0_wire[2] (net)
                      0.419198    0.000000    0.947398 v _1943_/B (sky130_fd_sc_hd__and2_2)
     3    0.007929    0.095580    0.601523    1.548921 v _1943_/X (sky130_fd_sc_hd__and2_2)
                                                         _1557_ (net)
                      0.095580    0.000000    1.548921 v _2163_/B (sky130_fd_sc_hd__or2_2)
     2    0.006074    0.133029    0.659557    2.208477 v _2163_/X (sky130_fd_sc_hd__or2_2)
                                                         _1777_ (net)
                      0.133029    0.000000    2.208477 v _2164_/C (sky130_fd_sc_hd__and3_2)
     6    0.021946    0.156777    0.568229    2.776707 v _2164_/X (sky130_fd_sc_hd__and3_2)
                                                         _1778_ (net)
                      0.156777    0.000000    2.776707 v _2236_/A (sky130_fd_sc_hd__or2_2)
     4    0.020545    0.203436    0.827395    3.604102 v _2236_/X (sky130_fd_sc_hd__or2_2)
                                                         _1850_ (net)
                      0.203436    0.000000    3.604102 v _2428_/A1 (sky130_fd_sc_hd__o21a_2)
     2    0.012203    0.104101    0.490402    4.094504 v _2428_/X (sky130_fd_sc_hd__o21a_2)
                                                         _0250_ (net)
                      0.104101    0.000000    4.094504 v _2430_/B (sky130_fd_sc_hd__xor2_2)
     2    0.012889    0.170897    0.316776    4.411280 v _2430_/X (sky130_fd_sc_hd__xor2_2)
                                                         _0252_ (net)
                      0.170897    0.000000    4.411280 v _2440_/B (sky130_fd_sc_hd__xnor2_2)
     4    0.015444    0.189880    0.349654    4.760934 v _2440_/Y (sky130_fd_sc_hd__xnor2_2)
                                                         _0262_ (net)
                      0.189880    0.000000    4.760934 v _2479_/A_N (sky130_fd_sc_hd__nand4b_2)
     2    0.009270    0.261460    0.535286    5.296220 v _2479_/Y (sky130_fd_sc_hd__nand4b_2)
                                                         _0301_ (net)
                      0.261460    0.000000    5.296220 v _2480_/C (sky130_fd_sc_hd__or3_2)
     2    0.005678    0.187942    1.070257    6.366477 v _2480_/X (sky130_fd_sc_hd__or3_2)
                                                         _0302_ (net)
                      0.187942    0.000000    6.366477 v _2482_/C (sky130_fd_sc_hd__or4_2)
     4    0.016639    0.324784    1.669527    8.036003 v _2482_/X (sky130_fd_sc_hd__or4_2)
                                                         _0304_ (net)
                      0.324784    0.000000    8.036003 v _2499_/A (sky130_fd_sc_hd__and3_2)
     2    0.003462    0.076605    0.486005    8.522008 v _2499_/X (sky130_fd_sc_hd__and3_2)
                                                         _0321_ (net)
                      0.076605    0.000000    8.522008 v _2510_/B1 (sky130_fd_sc_hd__a21o_2)
     2    0.013053    0.105330    0.396447    8.918455 v _2510_/X (sky130_fd_sc_hd__a21o_2)
                                                         _0332_ (net)
                      0.105330    0.000000    8.918455 v _2512_/A1 (sky130_fd_sc_hd__a21oi_2)
     3    0.004616    0.161951    0.218809    9.137264 ^ _2512_/Y (sky130_fd_sc_hd__a21oi_2)
                                                         _0334_ (net)
                      0.161951    0.000000    9.137264 ^ _2515_/A_N (sky130_fd_sc_hd__and4b_2)
     1    0.002206    0.075625    0.490290    9.627555 v _2515_/X (sky130_fd_sc_hd__and4b_2)
                                                         _0337_ (net)
                      0.075625    0.000000    9.627555 v _2516_/B2 (sky130_fd_sc_hd__a22o_2)
     3    0.009913    0.102923    0.454926   10.082481 v _2516_/X (sky130_fd_sc_hd__a22o_2)
                                                         _0338_ (net)
                      0.102923    0.000000   10.082481 v _2520_/A1 (sky130_fd_sc_hd__a211oi_2)
     4    0.011239    0.448469    0.464705   10.547186 ^ _2520_/Y (sky130_fd_sc_hd__a211oi_2)
                                                         _0342_ (net)
                      0.448469    0.000000   10.547186 ^ _2524_/A2 (sky130_fd_sc_hd__o2111a_2)
     4    0.017388    0.201588    0.634739   11.181924 ^ _2524_/X (sky130_fd_sc_hd__o2111a_2)
                                                         _0346_ (net)
                      0.201588    0.000000   11.181924 ^ _2537_/A1 (sky130_fd_sc_hd__o31ai_2)
     3    0.013092    0.174065    0.254628   11.436552 v _2537_/Y (sky130_fd_sc_hd__o31ai_2)
                                                         _0358_ (net)
                      0.174065    0.000000   11.436552 v _2793_/A1 (sky130_fd_sc_hd__a21bo_2)
     2    0.010263    0.096177    0.438372   11.874925 v _2793_/X (sky130_fd_sc_hd__a21bo_2)
                                                         _0612_ (net)
                      0.096177    0.000000   11.874925 v _2800_/A2 (sky130_fd_sc_hd__a21o_2)
     1    0.008431    0.085700    0.419428   12.294353 v _2800_/X (sky130_fd_sc_hd__a21o_2)
                                                         _0618_ (net)
                      0.085700    0.000000   12.294353 v _2850_/A (sky130_fd_sc_hd__xnor2_2)
     4    0.015020    0.186079    0.312718   12.607070 v _2850_/Y (sky130_fd_sc_hd__xnor2_2)
                                                         _0668_ (net)
                      0.186079    0.000000   12.607070 v _2851_/B (sky130_fd_sc_hd__or2_2)
     2    0.004711    0.124780    0.682101   13.289172 v _2851_/X (sky130_fd_sc_hd__or2_2)
                                                         _0669_ (net)
                      0.124780    0.000000   13.289172 v _2868_/C1 (sky130_fd_sc_hd__o211a_2)
     2    0.005415    0.086051    0.248929   13.538101 v _2868_/X (sky130_fd_sc_hd__o211a_2)
                                                         _0684_ (net)
                      0.086051    0.000000   13.538101 v _2869_/C (sky130_fd_sc_hd__or3_2)
     5    0.016209    0.249833    1.116107   14.654208 v _2869_/X (sky130_fd_sc_hd__or3_2)
                                                         _0685_ (net)
                      0.249833    0.000000   14.654208 v _2907_/A1 (sky130_fd_sc_hd__o21ai_2)
     5    0.015366    0.352685    0.439777   15.093986 ^ _2907_/Y (sky130_fd_sc_hd__o21ai_2)
                                                         _0719_ (net)
                      0.352685    0.000000   15.093986 ^ _2993_/A1 (sky130_fd_sc_hd__a21o_2)
     4    0.020138    0.178869    0.442199   15.536184 ^ _2993_/X (sky130_fd_sc_hd__a21o_2)
                                                         _0797_ (net)
                      0.178869    0.000000   15.536184 ^ _2994_/B (sky130_fd_sc_hd__nand2b_2)
     2    0.008891    0.123006    0.171543   15.707727 v _2994_/Y (sky130_fd_sc_hd__nand2b_2)
                                                         _0798_ (net)
                      0.123006    0.000000   15.707727 v _3014_/A1 (sky130_fd_sc_hd__o21ai_2)
     2    0.010970    0.276814    0.331433   16.039160 ^ _3014_/Y (sky130_fd_sc_hd__o21ai_2)
                                                         _0816_ (net)
                      0.276814    0.000000   16.039160 ^ _3022_/A2 (sky130_fd_sc_hd__a21bo_2)
     2    0.007114    0.093360    0.353037   16.392197 ^ _3022_/X (sky130_fd_sc_hd__a21bo_2)
                                                         _0823_ (net)
                      0.093360    0.000000   16.392197 ^ _3023_/B (sky130_fd_sc_hd__nor2_2)
     1    0.002284    0.059882    0.064029   16.456224 v _3023_/Y (sky130_fd_sc_hd__nor2_2)
                                                         _0824_ (net)
                      0.059882    0.000000   16.456224 v _3025_/B1 (sky130_fd_sc_hd__o221a_2)
     1    0.001577    0.078108    0.441645   16.897871 v _3025_/X (sky130_fd_sc_hd__o221a_2)
                                                         _0022_ (net)
                      0.078108    0.000000   16.897871 v _3800_/D (sky130_fd_sc_hd__dfxtp_2)
                                             16.897871   data arrival time

                      0.150000   20.000000   20.000000   clock clk_i (rise edge)
                                  0.000000   20.000000   clock network delay (ideal)
                                 -0.250000   19.750002   clock uncertainty
                                  0.000000   19.750002   clock reconvergence pessimism
                                             19.750002 ^ _3800_/CLK (sky130_fd_sc_hd__dfxtp_2)
                                 -0.256087   19.493914   library setup time
                                             19.493914   data required time
---------------------------------------------------------------------------------------------
                                             19.493914   data required time
                                            -16.897871   data arrival time
---------------------------------------------------------------------------------------------
                                              2.596044   slack (MET)


Startpoint: _3845_ (rising edge-triggered flip-flop clocked by clk_i)
Endpoint: _3806_ (rising edge-triggered flip-flop clocked by clk_i)
Path Group: clk_i
Path Type: max

Fanout         Cap        Slew       Delay        Time   Description
---------------------------------------------------------------------------------------------
                      0.150000    0.000000    0.000000   clock clk_i (rise edge)
                                  0.000000    0.000000   clock network delay (ideal)
                      0.150000    0.000000    0.000000 ^ _3845_/CLK (sky130_fd_sc_hd__dfxtp_2)
    24    0.098598    0.419198    0.947398    0.947398 v _3845_/Q (sky130_fd_sc_hd__dfxtp_2)
                                                         s0_wire[2] (net)
                      0.419198    0.000000    0.947398 v _1943_/B (sky130_fd_sc_hd__and2_2)
     3    0.007929    0.095580    0.601523    1.548921 v _1943_/X (sky130_fd_sc_hd__and2_2)
                                                         _1557_ (net)
                      0.095580    0.000000    1.548921 v _2163_/B (sky130_fd_sc_hd__or2_2)
     2    0.006074    0.133029    0.659557    2.208477 v _2163_/X (sky130_fd_sc_hd__or2_2)
                                                         _1777_ (net)
                      0.133029    0.000000    2.208477 v _2164_/C (sky130_fd_sc_hd__and3_2)
     6    0.021946    0.156777    0.568229    2.776707 v _2164_/X (sky130_fd_sc_hd__and3_2)
                                                         _1778_ (net)
                      0.156777    0.000000    2.776707 v _2236_/A (sky130_fd_sc_hd__or2_2)
     4    0.020545    0.203436    0.827395    3.604102 v _2236_/X (sky130_fd_sc_hd__or2_2)
                                                         _1850_ (net)
                      0.203436    0.000000    3.604102 v _2428_/A1 (sky130_fd_sc_hd__o21a_2)
     2    0.012203    0.104101    0.490402    4.094504 v _2428_/X (sky130_fd_sc_hd__o21a_2)
                                                         _0250_ (net)
                      0.104101    0.000000    4.094504 v _2430_/B (sky130_fd_sc_hd__xor2_2)
     2    0.012889    0.170897    0.316776    4.411280 v _2430_/X (sky130_fd_sc_hd__xor2_2)
                                                         _0252_ (net)
                      0.170897    0.000000    4.411280 v _2440_/B (sky130_fd_sc_hd__xnor2_2)
     4    0.015444    0.189880    0.349654    4.760934 v _2440_/Y (sky130_fd_sc_hd__xnor2_2)
                                                         _0262_ (net)
                      0.189880    0.000000    4.760934 v _2479_/A_N (sky130_fd_sc_hd__nand4b_2)
     2    0.009270    0.261460    0.535286    5.296220 v _2479_/Y (sky130_fd_sc_hd__nand4b_2)
                                                         _0301_ (net)
                      0.261460    0.000000    5.296220 v _2480_/C (sky130_fd_sc_hd__or3_2)
     2    0.005678    0.187942    1.070257    6.366477 v _2480_/X (sky130_fd_sc_hd__or3_2)
                                                         _0302_ (net)
                      0.187942    0.000000    6.366477 v _2482_/C (sky130_fd_sc_hd__or4_2)
     4    0.016639    0.324784    1.669527    8.036003 v _2482_/X (sky130_fd_sc_hd__or4_2)
                                                         _0304_ (net)
                      0.324784    0.000000    8.036003 v _2499_/A (sky130_fd_sc_hd__and3_2)
     2    0.003462    0.076605    0.486005    8.522008 v _2499_/X (sky130_fd_sc_hd__and3_2)
                                                         _0321_ (net)
                      0.076605    0.000000    8.522008 v _2510_/B1 (sky130_fd_sc_hd__a21o_2)
     2    0.013053    0.105330    0.396447    8.918455 v _2510_/X (sky130_fd_sc_hd__a21o_2)
                                                         _0332_ (net)
                      0.105330    0.000000    8.918455 v _2512_/A1 (sky130_fd_sc_hd__a21oi_2)
     3    0.004616    0.161951    0.218809    9.137264 ^ _2512_/Y (sky130_fd_sc_hd__a21oi_2)
                                                         _0334_ (net)
                      0.161951    0.000000    9.137264 ^ _2515_/A_N (sky130_fd_sc_hd__and4b_2)
     1    0.002206    0.075625    0.490290    9.627555 v _2515_/X (sky130_fd_sc_hd__and4b_2)
                                                         _0337_ (net)
                      0.075625    0.000000    9.627555 v _2516_/B2 (sky130_fd_sc_hd__a22o_2)
     3    0.009913    0.102923    0.454926   10.082481 v _2516_/X (sky130_fd_sc_hd__a22o_2)
                                                         _0338_ (net)
                      0.102923    0.000000   10.082481 v _2520_/A1 (sky130_fd_sc_hd__a211oi_2)
     4    0.011239    0.448469    0.464705   10.547186 ^ _2520_/Y (sky130_fd_sc_hd__a211oi_2)
                                                         _0342_ (net)
                      0.448469    0.000000   10.547186 ^ _2524_/A2 (sky130_fd_sc_hd__o2111a_2)
     4    0.017388    0.201588    0.634739   11.181924 ^ _2524_/X (sky130_fd_sc_hd__o2111a_2)
                                                         _0346_ (net)
                      0.201588    0.000000   11.181924 ^ _2537_/A1 (sky130_fd_sc_hd__o31ai_2)
     3    0.013092    0.174065    0.254628   11.436552 v _2537_/Y (sky130_fd_sc_hd__o31ai_2)
                                                         _0358_ (net)
                      0.174065    0.000000   11.436552 v _2793_/A1 (sky130_fd_sc_hd__a21bo_2)
     2    0.010263    0.096177    0.438372   11.874925 v _2793_/X (sky130_fd_sc_hd__a21bo_2)
                                                         _0612_ (net)
                      0.096177    0.000000   11.874925 v _2800_/A2 (sky130_fd_sc_hd__a21o_2)
     1    0.008431    0.085700    0.419428   12.294353 v _2800_/X (sky130_fd_sc_hd__a21o_2)
                                                         _0618_ (net)
                      0.085700    0.000000   12.294353 v _2850_/A (sky130_fd_sc_hd__xnor2_2)
     4    0.015020    0.186079    0.312718   12.607070 v _2850_/Y (sky130_fd_sc_hd__xnor2_2)
                                                         _0668_ (net)
                      0.186079    0.000000   12.607070 v _2851_/B (sky130_fd_sc_hd__or2_2)
     2    0.004711    0.124780    0.682101   13.289172 v _2851_/X (sky130_fd_sc_hd__or2_2)
                                                         _0669_ (net)
                      0.124780    0.000000   13.289172 v _2868_/C1 (sky130_fd_sc_hd__o211a_2)
     2    0.005415    0.086051    0.248929   13.538101 v _2868_/X (sky130_fd_sc_hd__o211a_2)
                                                         _0684_ (net)
                      0.086051    0.000000   13.538101 v _2869_/C (sky130_fd_sc_hd__or3_2)
     5    0.016209    0.249833    1.116107   14.654208 v _2869_/X (sky130_fd_sc_hd__or3_2)
                                                         _0685_ (net)
                      0.249833    0.000000   14.654208 v _2907_/A1 (sky130_fd_sc_hd__o21ai_2)
     5    0.015366    0.352685    0.439777   15.093986 ^ _2907_/Y (sky130_fd_sc_hd__o21ai_2)
                                                         _0719_ (net)
                      0.352685    0.000000   15.093986 ^ _2993_/A1 (sky130_fd_sc_hd__a21o_2)
     4    0.020138    0.178869    0.442199   15.536184 ^ _2993_/X (sky130_fd_sc_hd__a21o_2)
                                                         _0797_ (net)
                      0.178869    0.000000   15.536184 ^ _3082_/A1 (sky130_fd_sc_hd__a21o_2)
     5    0.019797    0.175544    0.372996   15.909181 ^ _3082_/X (sky130_fd_sc_hd__a21o_2)
                                                         _0878_ (net)
                      0.175544    0.000000   15.909181 ^ _3094_/B2 (sky130_fd_sc_hd__a22oi_2)
     2    0.006422    0.170517    0.161055   16.070236 v _3094_/Y (sky130_fd_sc_hd__a22oi_2)
                                                         _0889_ (net)
                      0.170517    0.000000   16.070236 v _3096_/A2 (sky130_fd_sc_hd__a21o_2)
     1    0.002251    0.058498    0.409637   16.479872 v _3096_/X (sky130_fd_sc_hd__a21o_2)
                                                         _0891_ (net)
                      0.058498    0.000000   16.479872 v _3097_/B2 (sky130_fd_sc_hd__o221a_2)
     1    0.001577    0.078108    0.411774   16.891645 v _3097_/X (sky130_fd_sc_hd__o221a_2)
                                                         _0028_ (net)
                      0.078108    0.000000   16.891645 v _3806_/D (sky130_fd_sc_hd__dfxtp_2)
                                             16.891645   data arrival time

                      0.150000   20.000000   20.000000   clock clk_i (rise edge)
                                  0.000000   20.000000   clock network delay (ideal)
                                 -0.250000   19.750002   clock uncertainty
                                  0.000000   19.750002   clock reconvergence pessimism
                                             19.750002 ^ _3806_/CLK (sky130_fd_sc_hd__dfxtp_2)
                                 -0.256087   19.493914   library setup time
                                             19.493914   data required time
---------------------------------------------------------------------------------------------
                                             19.493914   data required time
                                            -16.891645   data arrival time
---------------------------------------------------------------------------------------------
                                              2.602269   slack (MET)


Startpoint: _3845_ (rising edge-triggered flip-flop clocked by clk_i)
Endpoint: _3796_ (rising edge-triggered flip-flop clocked by clk_i)
Path Group: clk_i
Path Type: max

Fanout         Cap        Slew       Delay        Time   Description
---------------------------------------------------------------------------------------------
                      0.150000    0.000000    0.000000   clock clk_i (rise edge)
                                  0.000000    0.000000   clock network delay (ideal)
                      0.150000    0.000000    0.000000 ^ _3845_/CLK (sky130_fd_sc_hd__dfxtp_2)
    24    0.098598    0.419198    0.947398    0.947398 v _3845_/Q (sky130_fd_sc_hd__dfxtp_2)
                                                         s0_wire[2] (net)
                      0.419198    0.000000    0.947398 v _1943_/B (sky130_fd_sc_hd__and2_2)
     3    0.007929    0.095580    0.601523    1.548921 v _1943_/X (sky130_fd_sc_hd__and2_2)
                                                         _1557_ (net)
                      0.095580    0.000000    1.548921 v _2163_/B (sky130_fd_sc_hd__or2_2)
     2    0.006074    0.133029    0.659557    2.208477 v _2163_/X (sky130_fd_sc_hd__or2_2)
                                                         _1777_ (net)
                      0.133029    0.000000    2.208477 v _2164_/C (sky130_fd_sc_hd__and3_2)
     6    0.021946    0.156777    0.568229    2.776707 v _2164_/X (sky130_fd_sc_hd__and3_2)
                                                         _1778_ (net)
                      0.156777    0.000000    2.776707 v _2236_/A (sky130_fd_sc_hd__or2_2)
     4    0.020545    0.203436    0.827395    3.604102 v _2236_/X (sky130_fd_sc_hd__or2_2)
                                                         _1850_ (net)
                      0.203436    0.000000    3.604102 v _2428_/A1 (sky130_fd_sc_hd__o21a_2)
     2    0.012203    0.104101    0.490402    4.094504 v _2428_/X (sky130_fd_sc_hd__o21a_2)
                                                         _0250_ (net)
                      0.104101    0.000000    4.094504 v _2430_/B (sky130_fd_sc_hd__xor2_2)
     2    0.012889    0.170897    0.316776    4.411280 v _2430_/X (sky130_fd_sc_hd__xor2_2)
                                                         _0252_ (net)
                      0.170897    0.000000    4.411280 v _2440_/B (sky130_fd_sc_hd__xnor2_2)
     4    0.015444    0.189880    0.349654    4.760934 v _2440_/Y (sky130_fd_sc_hd__xnor2_2)
                                                         _0262_ (net)
                      0.189880    0.000000    4.760934 v _2479_/A_N (sky130_fd_sc_hd__nand4b_2)
     2    0.009270    0.261460    0.535286    5.296220 v _2479_/Y (sky130_fd_sc_hd__nand4b_2)
                                                         _0301_ (net)
                      0.261460    0.000000    5.296220 v _2480_/C (sky130_fd_sc_hd__or3_2)
     2    0.005678    0.187942    1.070257    6.366477 v _2480_/X (sky130_fd_sc_hd__or3_2)
                                                         _0302_ (net)
                      0.187942    0.000000    6.366477 v _2482_/C (sky130_fd_sc_hd__or4_2)
     4    0.016639    0.324784    1.669527    8.036003 v _2482_/X (sky130_fd_sc_hd__or4_2)
                                                         _0304_ (net)
                      0.324784    0.000000    8.036003 v _2499_/A (sky130_fd_sc_hd__and3_2)
     2    0.003462    0.076605    0.486005    8.522008 v _2499_/X (sky130_fd_sc_hd__and3_2)
                                                         _0321_ (net)
                      0.076605    0.000000    8.522008 v _2510_/B1 (sky130_fd_sc_hd__a21o_2)
     2    0.013053    0.105330    0.396447    8.918455 v _2510_/X (sky130_fd_sc_hd__a21o_2)
                                                         _0332_ (net)
                      0.105330    0.000000    8.918455 v _2512_/A1 (sky130_fd_sc_hd__a21oi_2)
     3    0.004616    0.161951    0.218809    9.137264 ^ _2512_/Y (sky130_fd_sc_hd__a21oi_2)
                                                         _0334_ (net)
                      0.161951    0.000000    9.137264 ^ _2515_/A_N (sky130_fd_sc_hd__and4b_2)
     1    0.002206    0.075625    0.490290    9.627555 v _2515_/X (sky130_fd_sc_hd__and4b_2)
                                                         _0337_ (net)
                      0.075625    0.000000    9.627555 v _2516_/B2 (sky130_fd_sc_hd__a22o_2)
     3    0.009913    0.102923    0.454926   10.082481 v _2516_/X (sky130_fd_sc_hd__a22o_2)
                                                         _0338_ (net)
                      0.102923    0.000000   10.082481 v _2520_/A1 (sky130_fd_sc_hd__a211oi_2)
     4    0.011239    0.448469    0.464705   10.547186 ^ _2520_/Y (sky130_fd_sc_hd__a211oi_2)
                                                         _0342_ (net)
                      0.448469    0.000000   10.547186 ^ _2524_/A2 (sky130_fd_sc_hd__o2111a_2)
     4    0.017388    0.201588    0.634739   11.181924 ^ _2524_/X (sky130_fd_sc_hd__o2111a_2)
                                                         _0346_ (net)
                      0.201588    0.000000   11.181924 ^ _2537_/A1 (sky130_fd_sc_hd__o31ai_2)
     3    0.013092    0.174065    0.254628   11.436552 v _2537_/Y (sky130_fd_sc_hd__o31ai_2)
                                                         _0358_ (net)
                      0.174065    0.000000   11.436552 v _2793_/A1 (sky130_fd_sc_hd__a21bo_2)
     2    0.010263    0.096177    0.438372   11.874925 v _2793_/X (sky130_fd_sc_hd__a21bo_2)
                                                         _0612_ (net)
                      0.096177    0.000000   11.874925 v _2800_/A2 (sky130_fd_sc_hd__a21o_2)
     1    0.008431    0.085700    0.419428   12.294353 v _2800_/X (sky130_fd_sc_hd__a21o_2)
                                                         _0618_ (net)
                      0.085700    0.000000   12.294353 v _2850_/A (sky130_fd_sc_hd__xnor2_2)
     4    0.015020    0.186079    0.312718   12.607070 v _2850_/Y (sky130_fd_sc_hd__xnor2_2)
                                                         _0668_ (net)
                      0.186079    0.000000   12.607070 v _2851_/B (sky130_fd_sc_hd__or2_2)
     2    0.004711    0.124780    0.682101   13.289172 v _2851_/X (sky130_fd_sc_hd__or2_2)
                                                         _0669_ (net)
                      0.124780    0.000000   13.289172 v _2868_/C1 (sky130_fd_sc_hd__o211a_2)
     2    0.005415    0.086051    0.248929   13.538101 v _2868_/X (sky130_fd_sc_hd__o211a_2)
                                                         _0684_ (net)
                      0.086051    0.000000   13.538101 v _2869_/C (sky130_fd_sc_hd__or3_2)
     5    0.016209    0.249833    1.116107   14.654208 v _2869_/X (sky130_fd_sc_hd__or3_2)
                                                         _0685_ (net)
                      0.249833    0.000000   14.654208 v _2907_/A1 (sky130_fd_sc_hd__o21ai_2)
     5    0.015366    0.352685    0.439777   15.093986 ^ _2907_/Y (sky130_fd_sc_hd__o21ai_2)
                                                         _0719_ (net)
                      0.352685    0.000000   15.093986 ^ _2950_/A1 (sky130_fd_sc_hd__a31o_2)
     2    0.013097    0.155202    0.481437   15.575422 ^ _2950_/X (sky130_fd_sc_hd__a31o_2)
                                                         _0758_ (net)
                      0.155202    0.000000   15.575422 ^ _2951_/B (sky130_fd_sc_hd__nand2b_2)
     3    0.008855    0.122800    0.163373   15.738795 v _2951_/Y (sky130_fd_sc_hd__nand2b_2)
                                                         _0759_ (net)
                      0.122800    0.000000   15.738795 v _2968_/A1 (sky130_fd_sc_hd__a211o_2)
     1    0.004241    0.091846    0.588612   16.327408 v _2968_/X (sky130_fd_sc_hd__a211o_2)
                                                         _0774_ (net)
                      0.091846    0.000000   16.327408 v _2977_/B (sky130_fd_sc_hd__nand2_2)
     2    0.007171    0.091690    0.127294   16.454700 ^ _2977_/Y (sky130_fd_sc_hd__nand2_2)
                                                         _0782_ (net)
                      0.091690    0.000000   16.454700 ^ _2979_/A2 (sky130_fd_sc_hd__o21a_2)
     1    0.005053    0.077379    0.243741   16.698442 ^ _2979_/X (sky130_fd_sc_hd__o21a_2)
                                                         _0784_ (net)
                      0.077379    0.000000   16.698442 ^ _2981_/A2 (sky130_fd_sc_hd__a21oi_2)
     1    0.001577    0.073854    0.096636   16.795078 v _2981_/Y (sky130_fd_sc_hd__a21oi_2)
                                                         _0018_ (net)
                      0.073854    0.000000   16.795078 v _3796_/D (sky130_fd_sc_hd__dfxtp_2)
                                             16.795078   data arrival time

                      0.150000   20.000000   20.000000   clock clk_i (rise edge)
                                  0.000000   20.000000   clock network delay (ideal)
                                 -0.250000   19.750002   clock uncertainty
                                  0.000000   19.750002   clock reconvergence pessimism
                                             19.750002 ^ _3796_/CLK (sky130_fd_sc_hd__dfxtp_2)
                                 -0.254320   19.495680   library setup time
                                             19.495680   data required time
---------------------------------------------------------------------------------------------
                                             19.495680   data required time
                                            -16.795078   data arrival time
---------------------------------------------------------------------------------------------
                                              2.700603   slack (MET)


Startpoint: _3845_ (rising edge-triggered flip-flop clocked by clk_i)
Endpoint: _3799_ (rising edge-triggered flip-flop clocked by clk_i)
Path Group: clk_i
Path Type: max

Fanout         Cap        Slew       Delay        Time   Description
---------------------------------------------------------------------------------------------
                      0.150000    0.000000    0.000000   clock clk_i (rise edge)
                                  0.000000    0.000000   clock network delay (ideal)
                      0.150000    0.000000    0.000000 ^ _3845_/CLK (sky130_fd_sc_hd__dfxtp_2)
    24    0.098598    0.419198    0.947398    0.947398 v _3845_/Q (sky130_fd_sc_hd__dfxtp_2)
                                                         s0_wire[2] (net)
                      0.419198    0.000000    0.947398 v _1943_/B (sky130_fd_sc_hd__and2_2)
     3    0.007929    0.095580    0.601523    1.548921 v _1943_/X (sky130_fd_sc_hd__and2_2)
                                                         _1557_ (net)
                      0.095580    0.000000    1.548921 v _2163_/B (sky130_fd_sc_hd__or2_2)
     2    0.006074    0.133029    0.659557    2.208477 v _2163_/X (sky130_fd_sc_hd__or2_2)
                                                         _1777_ (net)
                      0.133029    0.000000    2.208477 v _2164_/C (sky130_fd_sc_hd__and3_2)
     6    0.021946    0.156777    0.568229    2.776707 v _2164_/X (sky130_fd_sc_hd__and3_2)
                                                         _1778_ (net)
                      0.156777    0.000000    2.776707 v _2236_/A (sky130_fd_sc_hd__or2_2)
     4    0.020545    0.203436    0.827395    3.604102 v _2236_/X (sky130_fd_sc_hd__or2_2)
                                                         _1850_ (net)
                      0.203436    0.000000    3.604102 v _2428_/A1 (sky130_fd_sc_hd__o21a_2)
     2    0.012203    0.104101    0.490402    4.094504 v _2428_/X (sky130_fd_sc_hd__o21a_2)
                                                         _0250_ (net)
                      0.104101    0.000000    4.094504 v _2430_/B (sky130_fd_sc_hd__xor2_2)
     2    0.012889    0.170897    0.316776    4.411280 v _2430_/X (sky130_fd_sc_hd__xor2_2)
                                                         _0252_ (net)
                      0.170897    0.000000    4.411280 v _2440_/B (sky130_fd_sc_hd__xnor2_2)
     4    0.015444    0.189880    0.349654    4.760934 v _2440_/Y (sky130_fd_sc_hd__xnor2_2)
                                                         _0262_ (net)
                      0.189880    0.000000    4.760934 v _2479_/A_N (sky130_fd_sc_hd__nand4b_2)
     2    0.009270    0.261460    0.535286    5.296220 v _2479_/Y (sky130_fd_sc_hd__nand4b_2)
                                                         _0301_ (net)
                      0.261460    0.000000    5.296220 v _2480_/C (sky130_fd_sc_hd__or3_2)
     2    0.005678    0.187942    1.070257    6.366477 v _2480_/X (sky130_fd_sc_hd__or3_2)
                                                         _0302_ (net)
                      0.187942    0.000000    6.366477 v _2482_/C (sky130_fd_sc_hd__or4_2)
     4    0.016639    0.324784    1.669527    8.036003 v _2482_/X (sky130_fd_sc_hd__or4_2)
                                                         _0304_ (net)
                      0.324784    0.000000    8.036003 v _2499_/A (sky130_fd_sc_hd__and3_2)
     2    0.003462    0.076605    0.486005    8.522008 v _2499_/X (sky130_fd_sc_hd__and3_2)
                                                         _0321_ (net)
                      0.076605    0.000000    8.522008 v _2510_/B1 (sky130_fd_sc_hd__a21o_2)
     2    0.013053    0.105330    0.396447    8.918455 v _2510_/X (sky130_fd_sc_hd__a21o_2)
                                                         _0332_ (net)
                      0.105330    0.000000    8.918455 v _2512_/A1 (sky130_fd_sc_hd__a21oi_2)
     3    0.004616    0.161951    0.218809    9.137264 ^ _2512_/Y (sky130_fd_sc_hd__a21oi_2)
                                                         _0334_ (net)
                      0.161951    0.000000    9.137264 ^ _2515_/A_N (sky130_fd_sc_hd__and4b_2)
     1    0.002206    0.075625    0.490290    9.627555 v _2515_/X (sky130_fd_sc_hd__and4b_2)
                                                         _0337_ (net)
                      0.075625    0.000000    9.627555 v _2516_/B2 (sky130_fd_sc_hd__a22o_2)
     3    0.009913    0.102923    0.454926   10.082481 v _2516_/X (sky130_fd_sc_hd__a22o_2)
                                                         _0338_ (net)
                      0.102923    0.000000   10.082481 v _2520_/A1 (sky130_fd_sc_hd__a211oi_2)
     4    0.011239    0.448469    0.464705   10.547186 ^ _2520_/Y (sky130_fd_sc_hd__a211oi_2)
                                                         _0342_ (net)
                      0.448469    0.000000   10.547186 ^ _2524_/A2 (sky130_fd_sc_hd__o2111a_2)
     4    0.017388    0.201588    0.634739   11.181924 ^ _2524_/X (sky130_fd_sc_hd__o2111a_2)
                                                         _0346_ (net)
                      0.201588    0.000000   11.181924 ^ _2537_/A1 (sky130_fd_sc_hd__o31ai_2)
     3    0.013092    0.174065    0.254628   11.436552 v _2537_/Y (sky130_fd_sc_hd__o31ai_2)
                                                         _0358_ (net)
                      0.174065    0.000000   11.436552 v _2793_/A1 (sky130_fd_sc_hd__a21bo_2)
     2    0.010263    0.096177    0.438372   11.874925 v _2793_/X (sky130_fd_sc_hd__a21bo_2)
                                                         _0612_ (net)
                      0.096177    0.000000   11.874925 v _2800_/A2 (sky130_fd_sc_hd__a21o_2)
     1    0.008431    0.085700    0.419428   12.294353 v _2800_/X (sky130_fd_sc_hd__a21o_2)
                                                         _0618_ (net)
                      0.085700    0.000000   12.294353 v _2850_/A (sky130_fd_sc_hd__xnor2_2)
     4    0.015020    0.186079    0.312718   12.607070 v _2850_/Y (sky130_fd_sc_hd__xnor2_2)
                                                         _0668_ (net)
                      0.186079    0.000000   12.607070 v _2851_/B (sky130_fd_sc_hd__or2_2)
     2    0.004711    0.124780    0.682101   13.289172 v _2851_/X (sky130_fd_sc_hd__or2_2)
                                                         _0669_ (net)
                      0.124780    0.000000   13.289172 v _2868_/C1 (sky130_fd_sc_hd__o211a_2)
     2    0.005415    0.086051    0.248929   13.538101 v _2868_/X (sky130_fd_sc_hd__o211a_2)
                                                         _0684_ (net)
                      0.086051    0.000000   13.538101 v _2869_/C (sky130_fd_sc_hd__or3_2)
     5    0.016209    0.249833    1.116107   14.654208 v _2869_/X (sky130_fd_sc_hd__or3_2)
                                                         _0685_ (net)
                      0.249833    0.000000   14.654208 v _2907_/A1 (sky130_fd_sc_hd__o21ai_2)
     5    0.015366    0.352685    0.439777   15.093986 ^ _2907_/Y (sky130_fd_sc_hd__o21ai_2)
                                                         _0719_ (net)
                      0.352685    0.000000   15.093986 ^ _2993_/A1 (sky130_fd_sc_hd__a21o_2)
     4    0.020138    0.178869    0.442199   15.536184 ^ _2993_/X (sky130_fd_sc_hd__a21o_2)
                                                         _0797_ (net)
                      0.178869    0.000000   15.536184 ^ _2994_/B (sky130_fd_sc_hd__nand2b_2)
     2    0.008891    0.123006    0.171543   15.707727 v _2994_/Y (sky130_fd_sc_hd__nand2b_2)
                                                         _0798_ (net)
                      0.123006    0.000000   15.707727 v _3014_/A1 (sky130_fd_sc_hd__o21ai_2)
     2    0.010970    0.276814    0.331433   16.039160 ^ _3014_/Y (sky130_fd_sc_hd__o21ai_2)
                                                         _0816_ (net)
                      0.276814    0.000000   16.039160 ^ _3015_/B (sky130_fd_sc_hd__xnor2_2)
     1    0.004617    0.188188    0.269695   16.308855 ^ _3015_/Y (sky130_fd_sc_hd__xnor2_2)
                                                         _0817_ (net)
                      0.188188    0.000000   16.308855 ^ _3016_/B (sky130_fd_sc_hd__nand2_2)
     1    0.002288    0.273789    0.126667   16.435522 v _3016_/Y (sky130_fd_sc_hd__nand2_2)
                                                         _0818_ (net)
                      0.273789    0.000000   16.435522 v _3017_/B1 (sky130_fd_sc_hd__o211a_2)
     1    0.001577    0.071586    0.325587   16.761108 v _3017_/X (sky130_fd_sc_hd__o211a_2)
                                                         _0021_ (net)
                      0.071586    0.000000   16.761108 v _3799_/D (sky130_fd_sc_hd__dfxtp_2)
                                             16.761108   data arrival time

                      0.150000   20.000000   20.000000   clock clk_i (rise edge)
                                  0.000000   20.000000   clock network delay (ideal)
                                 -0.250000   19.750002   clock uncertainty
                                  0.000000   19.750002   clock reconvergence pessimism
                                             19.750002 ^ _3799_/CLK (sky130_fd_sc_hd__dfxtp_2)
                                 -0.253379   19.496622   library setup time
                                             19.496622   data required time
---------------------------------------------------------------------------------------------
                                             19.496622   data required time
                                            -16.761108   data arrival time
---------------------------------------------------------------------------------------------
                                              2.735513   slack (MET)


Startpoint: _3845_ (rising edge-triggered flip-flop clocked by clk_i)
Endpoint: _3795_ (rising edge-triggered flip-flop clocked by clk_i)
Path Group: clk_i
Path Type: max

Fanout         Cap        Slew       Delay        Time   Description
---------------------------------------------------------------------------------------------
                      0.150000    0.000000    0.000000   clock clk_i (rise edge)
                                  0.000000    0.000000   clock network delay (ideal)
                      0.150000    0.000000    0.000000 ^ _3845_/CLK (sky130_fd_sc_hd__dfxtp_2)
    24    0.098598    0.419198    0.947398    0.947398 v _3845_/Q (sky130_fd_sc_hd__dfxtp_2)
                                                         s0_wire[2] (net)
                      0.419198    0.000000    0.947398 v _1943_/B (sky130_fd_sc_hd__and2_2)
     3    0.007929    0.095580    0.601523    1.548921 v _1943_/X (sky130_fd_sc_hd__and2_2)
                                                         _1557_ (net)
                      0.095580    0.000000    1.548921 v _2163_/B (sky130_fd_sc_hd__or2_2)
     2    0.006074    0.133029    0.659557    2.208477 v _2163_/X (sky130_fd_sc_hd__or2_2)
                                                         _1777_ (net)
                      0.133029    0.000000    2.208477 v _2164_/C (sky130_fd_sc_hd__and3_2)
     6    0.021946    0.156777    0.568229    2.776707 v _2164_/X (sky130_fd_sc_hd__and3_2)
                                                         _1778_ (net)
                      0.156777    0.000000    2.776707 v _2236_/A (sky130_fd_sc_hd__or2_2)
     4    0.020545    0.203436    0.827395    3.604102 v _2236_/X (sky130_fd_sc_hd__or2_2)
                                                         _1850_ (net)
                      0.203436    0.000000    3.604102 v _2428_/A1 (sky130_fd_sc_hd__o21a_2)
     2    0.012203    0.104101    0.490402    4.094504 v _2428_/X (sky130_fd_sc_hd__o21a_2)
                                                         _0250_ (net)
                      0.104101    0.000000    4.094504 v _2430_/B (sky130_fd_sc_hd__xor2_2)
     2    0.012889    0.170897    0.316776    4.411280 v _2430_/X (sky130_fd_sc_hd__xor2_2)
                                                         _0252_ (net)
                      0.170897    0.000000    4.411280 v _2440_/B (sky130_fd_sc_hd__xnor2_2)
     4    0.015444    0.189880    0.349654    4.760934 v _2440_/Y (sky130_fd_sc_hd__xnor2_2)
                                                         _0262_ (net)
                      0.189880    0.000000    4.760934 v _2479_/A_N (sky130_fd_sc_hd__nand4b_2)
     2    0.009270    0.261460    0.535286    5.296220 v _2479_/Y (sky130_fd_sc_hd__nand4b_2)
                                                         _0301_ (net)
                      0.261460    0.000000    5.296220 v _2480_/C (sky130_fd_sc_hd__or3_2)
     2    0.005678    0.187942    1.070257    6.366477 v _2480_/X (sky130_fd_sc_hd__or3_2)
                                                         _0302_ (net)
                      0.187942    0.000000    6.366477 v _2482_/C (sky130_fd_sc_hd__or4_2)
     4    0.016639    0.324784    1.669527    8.036003 v _2482_/X (sky130_fd_sc_hd__or4_2)
                                                         _0304_ (net)
                      0.324784    0.000000    8.036003 v _2499_/A (sky130_fd_sc_hd__and3_2)
     2    0.003462    0.076605    0.486005    8.522008 v _2499_/X (sky130_fd_sc_hd__and3_2)
                                                         _0321_ (net)
                      0.076605    0.000000    8.522008 v _2510_/B1 (sky130_fd_sc_hd__a21o_2)
     2    0.013053    0.105330    0.396447    8.918455 v _2510_/X (sky130_fd_sc_hd__a21o_2)
                                                         _0332_ (net)
                      0.105330    0.000000    8.918455 v _2512_/A1 (sky130_fd_sc_hd__a21oi_2)
     3    0.004616    0.161951    0.218809    9.137264 ^ _2512_/Y (sky130_fd_sc_hd__a21oi_2)
                                                         _0334_ (net)
                      0.161951    0.000000    9.137264 ^ _2515_/A_N (sky130_fd_sc_hd__and4b_2)
     1    0.002206    0.075625    0.490290    9.627555 v _2515_/X (sky130_fd_sc_hd__and4b_2)
                                                         _0337_ (net)
                      0.075625    0.000000    9.627555 v _2516_/B2 (sky130_fd_sc_hd__a22o_2)
     3    0.009913    0.102923    0.454926   10.082481 v _2516_/X (sky130_fd_sc_hd__a22o_2)
                                                         _0338_ (net)
                      0.102923    0.000000   10.082481 v _2520_/A1 (sky130_fd_sc_hd__a211oi_2)
     4    0.011239    0.448469    0.464705   10.547186 ^ _2520_/Y (sky130_fd_sc_hd__a211oi_2)
                                                         _0342_ (net)
                      0.448469    0.000000   10.547186 ^ _2524_/A2 (sky130_fd_sc_hd__o2111a_2)
     4    0.017388    0.201588    0.634739   11.181924 ^ _2524_/X (sky130_fd_sc_hd__o2111a_2)
                                                         _0346_ (net)
                      0.201588    0.000000   11.181924 ^ _2537_/A1 (sky130_fd_sc_hd__o31ai_2)
     3    0.013092    0.174065    0.254628   11.436552 v _2537_/Y (sky130_fd_sc_hd__o31ai_2)
                                                         _0358_ (net)
                      0.174065    0.000000   11.436552 v _2793_/A1 (sky130_fd_sc_hd__a21bo_2)
     2    0.010263    0.096177    0.438372   11.874925 v _2793_/X (sky130_fd_sc_hd__a21bo_2)
                                                         _0612_ (net)
                      0.096177    0.000000   11.874925 v _2800_/A2 (sky130_fd_sc_hd__a21o_2)
     1    0.008431    0.085700    0.419428   12.294353 v _2800_/X (sky130_fd_sc_hd__a21o_2)
                                                         _0618_ (net)
                      0.085700    0.000000   12.294353 v _2850_/A (sky130_fd_sc_hd__xnor2_2)
     4    0.015020    0.186079    0.312718   12.607070 v _2850_/Y (sky130_fd_sc_hd__xnor2_2)
                                                         _0668_ (net)
                      0.186079    0.000000   12.607070 v _2851_/B (sky130_fd_sc_hd__or2_2)
     2    0.004711    0.124780    0.682101   13.289172 v _2851_/X (sky130_fd_sc_hd__or2_2)
                                                         _0669_ (net)
                      0.124780    0.000000   13.289172 v _2868_/C1 (sky130_fd_sc_hd__o211a_2)
     2    0.005415    0.086051    0.248929   13.538101 v _2868_/X (sky130_fd_sc_hd__o211a_2)
                                                         _0684_ (net)
                      0.086051    0.000000   13.538101 v _2869_/C (sky130_fd_sc_hd__or3_2)
     5    0.016209    0.249833    1.116107   14.654208 v _2869_/X (sky130_fd_sc_hd__or3_2)
                                                         _0685_ (net)
                      0.249833    0.000000   14.654208 v _2907_/A1 (sky130_fd_sc_hd__o21ai_2)
     5    0.015366    0.352685    0.439777   15.093986 ^ _2907_/Y (sky130_fd_sc_hd__o21ai_2)
                                                         _0719_ (net)
                      0.352685    0.000000   15.093986 ^ _2950_/A1 (sky130_fd_sc_hd__a31o_2)
     2    0.013097    0.155202    0.481437   15.575422 ^ _2950_/X (sky130_fd_sc_hd__a31o_2)
                                                         _0758_ (net)
                      0.155202    0.000000   15.575422 ^ _2951_/B (sky130_fd_sc_hd__nand2b_2)
     3    0.008855    0.122800    0.163373   15.738795 v _2951_/Y (sky130_fd_sc_hd__nand2b_2)
                                                         _0759_ (net)
                      0.122800    0.000000   15.738795 v _2967_/A1 (sky130_fd_sc_hd__a21o_2)
     1    0.008219    0.084763    0.398225   16.137022 v _2967_/X (sky130_fd_sc_hd__a21o_2)
                                                         _0773_ (net)
                      0.084763    0.000000   16.137022 v _2969_/B (sky130_fd_sc_hd__xnor2_2)
     1    0.004617    0.188174    0.207276   16.344297 ^ _2969_/Y (sky130_fd_sc_hd__xnor2_2)
                                                         _0775_ (net)
                      0.188174    0.000000   16.344297 ^ _2970_/B (sky130_fd_sc_hd__nand2_2)
     1    0.002288    0.078861    0.126663   16.470961 v _2970_/Y (sky130_fd_sc_hd__nand2_2)
                                                         _0776_ (net)
                      0.078861    0.000000   16.470961 v _2971_/B1 (sky130_fd_sc_hd__o211a_2)
     1    0.001577    0.071586    0.231204   16.702164 v _2971_/X (sky130_fd_sc_hd__o211a_2)
                                                         _0017_ (net)
                      0.071586    0.000000   16.702164 v _3795_/D (sky130_fd_sc_hd__dfxtp_2)
                                             16.702164   data arrival time

                      0.150000   20.000000   20.000000   clock clk_i (rise edge)
                                  0.000000   20.000000   clock network delay (ideal)
                                 -0.250000   19.750002   clock uncertainty
                                  0.000000   19.750002   clock reconvergence pessimism
                                             19.750002 ^ _3795_/CLK (sky130_fd_sc_hd__dfxtp_2)
                                 -0.253379   19.496622   library setup time
                                             19.496622   data required time
---------------------------------------------------------------------------------------------
                                             19.496622   data required time
                                            -16.702164   data arrival time
---------------------------------------------------------------------------------------------
                                              2.794458   slack (MET)


Startpoint: _3845_ (rising edge-triggered flip-flop clocked by clk_i)
Endpoint: _3805_ (rising edge-triggered flip-flop clocked by clk_i)
Path Group: clk_i
Path Type: max

Fanout         Cap        Slew       Delay        Time   Description
---------------------------------------------------------------------------------------------
                      0.150000    0.000000    0.000000   clock clk_i (rise edge)
                                  0.000000    0.000000   clock network delay (ideal)
                      0.150000    0.000000    0.000000 ^ _3845_/CLK (sky130_fd_sc_hd__dfxtp_2)
    24    0.098598    0.419198    0.947398    0.947398 v _3845_/Q (sky130_fd_sc_hd__dfxtp_2)
                                                         s0_wire[2] (net)
                      0.419198    0.000000    0.947398 v _1943_/B (sky130_fd_sc_hd__and2_2)
     3    0.007929    0.095580    0.601523    1.548921 v _1943_/X (sky130_fd_sc_hd__and2_2)
                                                         _1557_ (net)
                      0.095580    0.000000    1.548921 v _2163_/B (sky130_fd_sc_hd__or2_2)
     2    0.006074    0.133029    0.659557    2.208477 v _2163_/X (sky130_fd_sc_hd__or2_2)
                                                         _1777_ (net)
                      0.133029    0.000000    2.208477 v _2164_/C (sky130_fd_sc_hd__and3_2)
     6    0.021946    0.156777    0.568229    2.776707 v _2164_/X (sky130_fd_sc_hd__and3_2)
                                                         _1778_ (net)
                      0.156777    0.000000    2.776707 v _2236_/A (sky130_fd_sc_hd__or2_2)
     4    0.020545    0.203436    0.827395    3.604102 v _2236_/X (sky130_fd_sc_hd__or2_2)
                                                         _1850_ (net)
                      0.203436    0.000000    3.604102 v _2428_/A1 (sky130_fd_sc_hd__o21a_2)
     2    0.012203    0.104101    0.490402    4.094504 v _2428_/X (sky130_fd_sc_hd__o21a_2)
                                                         _0250_ (net)
                      0.104101    0.000000    4.094504 v _2430_/B (sky130_fd_sc_hd__xor2_2)
     2    0.012889    0.170897    0.316776    4.411280 v _2430_/X (sky130_fd_sc_hd__xor2_2)
                                                         _0252_ (net)
                      0.170897    0.000000    4.411280 v _2440_/B (sky130_fd_sc_hd__xnor2_2)
     4    0.015444    0.189880    0.349654    4.760934 v _2440_/Y (sky130_fd_sc_hd__xnor2_2)
                                                         _0262_ (net)
                      0.189880    0.000000    4.760934 v _2479_/A_N (sky130_fd_sc_hd__nand4b_2)
     2    0.009270    0.261460    0.535286    5.296220 v _2479_/Y (sky130_fd_sc_hd__nand4b_2)
                                                         _0301_ (net)
                      0.261460    0.000000    5.296220 v _2480_/C (sky130_fd_sc_hd__or3_2)
     2    0.005678    0.187942    1.070257    6.366477 v _2480_/X (sky130_fd_sc_hd__or3_2)
                                                         _0302_ (net)
                      0.187942    0.000000    6.366477 v _2482_/C (sky130_fd_sc_hd__or4_2)
     4    0.016639    0.324784    1.669527    8.036003 v _2482_/X (sky130_fd_sc_hd__or4_2)
                                                         _0304_ (net)
                      0.324784    0.000000    8.036003 v _2499_/A (sky130_fd_sc_hd__and3_2)
     2    0.003462    0.076605    0.486005    8.522008 v _2499_/X (sky130_fd_sc_hd__and3_2)
                                                         _0321_ (net)
                      0.076605    0.000000    8.522008 v _2510_/B1 (sky130_fd_sc_hd__a21o_2)
     2    0.013053    0.105330    0.396447    8.918455 v _2510_/X (sky130_fd_sc_hd__a21o_2)
                                                         _0332_ (net)
                      0.105330    0.000000    8.918455 v _2512_/A1 (sky130_fd_sc_hd__a21oi_2)
     3    0.004616    0.161951    0.218809    9.137264 ^ _2512_/Y (sky130_fd_sc_hd__a21oi_2)
                                                         _0334_ (net)
                      0.161951    0.000000    9.137264 ^ _2515_/A_N (sky130_fd_sc_hd__and4b_2)
     1    0.002206    0.075625    0.490290    9.627555 v _2515_/X (sky130_fd_sc_hd__and4b_2)
                                                         _0337_ (net)
                      0.075625    0.000000    9.627555 v _2516_/B2 (sky130_fd_sc_hd__a22o_2)
     3    0.009913    0.102923    0.454926   10.082481 v _2516_/X (sky130_fd_sc_hd__a22o_2)
                                                         _0338_ (net)
                      0.102923    0.000000   10.082481 v _2520_/A1 (sky130_fd_sc_hd__a211oi_2)
     4    0.011239    0.448469    0.464705   10.547186 ^ _2520_/Y (sky130_fd_sc_hd__a211oi_2)
                                                         _0342_ (net)
                      0.448469    0.000000   10.547186 ^ _2524_/A2 (sky130_fd_sc_hd__o2111a_2)
     4    0.017388    0.201588    0.634739   11.181924 ^ _2524_/X (sky130_fd_sc_hd__o2111a_2)
                                                         _0346_ (net)
                      0.201588    0.000000   11.181924 ^ _2537_/A1 (sky130_fd_sc_hd__o31ai_2)
     3    0.013092    0.174065    0.254628   11.436552 v _2537_/Y (sky130_fd_sc_hd__o31ai_2)
                                                         _0358_ (net)
                      0.174065    0.000000   11.436552 v _2793_/A1 (sky130_fd_sc_hd__a21bo_2)
     2    0.010263    0.096177    0.438372   11.874925 v _2793_/X (sky130_fd_sc_hd__a21bo_2)
                                                         _0612_ (net)
                      0.096177    0.000000   11.874925 v _2800_/A2 (sky130_fd_sc_hd__a21o_2)
     1    0.008431    0.085700    0.419428   12.294353 v _2800_/X (sky130_fd_sc_hd__a21o_2)
                                                         _0618_ (net)
                      0.085700    0.000000   12.294353 v _2850_/A (sky130_fd_sc_hd__xnor2_2)
     4    0.015020    0.186079    0.312718   12.607070 v _2850_/Y (sky130_fd_sc_hd__xnor2_2)
                                                         _0668_ (net)
                      0.186079    0.000000   12.607070 v _2851_/B (sky130_fd_sc_hd__or2_2)
     2    0.004711    0.124780    0.682101   13.289172 v _2851_/X (sky130_fd_sc_hd__or2_2)
                                                         _0669_ (net)
                      0.124780    0.000000   13.289172 v _2868_/C1 (sky130_fd_sc_hd__o211a_2)
     2    0.005415    0.086051    0.248929   13.538101 v _2868_/X (sky130_fd_sc_hd__o211a_2)
                                                         _0684_ (net)
                      0.086051    0.000000   13.538101 v _2869_/C (sky130_fd_sc_hd__or3_2)
     5    0.016209    0.249833    1.116107   14.654208 v _2869_/X (sky130_fd_sc_hd__or3_2)
                                                         _0685_ (net)
                      0.249833    0.000000   14.654208 v _2907_/A1 (sky130_fd_sc_hd__o21ai_2)
     5    0.015366    0.352685    0.439777   15.093986 ^ _2907_/Y (sky130_fd_sc_hd__o21ai_2)
                                                         _0719_ (net)
                      0.352685    0.000000   15.093986 ^ _2993_/A1 (sky130_fd_sc_hd__a21o_2)
     4    0.020138    0.178869    0.442199   15.536184 ^ _2993_/X (sky130_fd_sc_hd__a21o_2)
                                                         _0797_ (net)
                      0.178869    0.000000   15.536184 ^ _3082_/A1 (sky130_fd_sc_hd__a21o_2)
     5    0.019797    0.175544    0.372996   15.909181 ^ _3082_/X (sky130_fd_sc_hd__a21o_2)
                                                         _0878_ (net)
                      0.175544    0.000000   15.909181 ^ _3083_/B (sky130_fd_sc_hd__nand2_2)
     1    0.002315    0.079892    0.122649   16.031828 v _3083_/Y (sky130_fd_sc_hd__nand2_2)
                                                         _0879_ (net)
                      0.079892    0.000000   16.031828 v _3085_/A1 (sky130_fd_sc_hd__a21o_2)
     1    0.002288    0.058698    0.340732   16.372561 v _3085_/X (sky130_fd_sc_hd__a21o_2)
                                                         _0881_ (net)
                      0.058698    0.000000   16.372561 v _3086_/B1 (sky130_fd_sc_hd__o211a_2)
     1    0.001577    0.071586    0.221457   16.594017 v _3086_/X (sky130_fd_sc_hd__o211a_2)
                                                         _0027_ (net)
                      0.071586    0.000000   16.594017 v _3805_/D (sky130_fd_sc_hd__dfxtp_2)
                                             16.594017   data arrival time

                      0.150000   20.000000   20.000000   clock clk_i (rise edge)
                                  0.000000   20.000000   clock network delay (ideal)
                                 -0.250000   19.750002   clock uncertainty
                                  0.000000   19.750002   clock reconvergence pessimism
                                             19.750002 ^ _3805_/CLK (sky130_fd_sc_hd__dfxtp_2)
                                 -0.253379   19.496622   library setup time
                                             19.496622   data required time
---------------------------------------------------------------------------------------------
                                             19.496622   data required time
                                            -16.594017   data arrival time
---------------------------------------------------------------------------------------------
                                              2.902605   slack (MET)


Startpoint: _3845_ (rising edge-triggered flip-flop clocked by clk_i)
Endpoint: _3802_ (rising edge-triggered flip-flop clocked by clk_i)
Path Group: clk_i
Path Type: max

Fanout         Cap        Slew       Delay        Time   Description
---------------------------------------------------------------------------------------------
                      0.150000    0.000000    0.000000   clock clk_i (rise edge)
                                  0.000000    0.000000   clock network delay (ideal)
                      0.150000    0.000000    0.000000 ^ _3845_/CLK (sky130_fd_sc_hd__dfxtp_2)
    24    0.098598    0.419198    0.947398    0.947398 v _3845_/Q (sky130_fd_sc_hd__dfxtp_2)
                                                         s0_wire[2] (net)
                      0.419198    0.000000    0.947398 v _1943_/B (sky130_fd_sc_hd__and2_2)
     3    0.007929    0.095580    0.601523    1.548921 v _1943_/X (sky130_fd_sc_hd__and2_2)
                                                         _1557_ (net)
                      0.095580    0.000000    1.548921 v _2163_/B (sky130_fd_sc_hd__or2_2)
     2    0.006074    0.133029    0.659557    2.208477 v _2163_/X (sky130_fd_sc_hd__or2_2)
                                                         _1777_ (net)
                      0.133029    0.000000    2.208477 v _2164_/C (sky130_fd_sc_hd__and3_2)
     6    0.021946    0.156777    0.568229    2.776707 v _2164_/X (sky130_fd_sc_hd__and3_2)
                                                         _1778_ (net)
                      0.156777    0.000000    2.776707 v _2236_/A (sky130_fd_sc_hd__or2_2)
     4    0.020545    0.203436    0.827395    3.604102 v _2236_/X (sky130_fd_sc_hd__or2_2)
                                                         _1850_ (net)
                      0.203436    0.000000    3.604102 v _2428_/A1 (sky130_fd_sc_hd__o21a_2)
     2    0.012203    0.104101    0.490402    4.094504 v _2428_/X (sky130_fd_sc_hd__o21a_2)
                                                         _0250_ (net)
                      0.104101    0.000000    4.094504 v _2430_/B (sky130_fd_sc_hd__xor2_2)
     2    0.012889    0.170897    0.316776    4.411280 v _2430_/X (sky130_fd_sc_hd__xor2_2)
                                                         _0252_ (net)
                      0.170897    0.000000    4.411280 v _2440_/B (sky130_fd_sc_hd__xnor2_2)
     4    0.015444    0.189880    0.349654    4.760934 v _2440_/Y (sky130_fd_sc_hd__xnor2_2)
                                                         _0262_ (net)
                      0.189880    0.000000    4.760934 v _2479_/A_N (sky130_fd_sc_hd__nand4b_2)
     2    0.009270    0.261460    0.535286    5.296220 v _2479_/Y (sky130_fd_sc_hd__nand4b_2)
                                                         _0301_ (net)
                      0.261460    0.000000    5.296220 v _2480_/C (sky130_fd_sc_hd__or3_2)
     2    0.005678    0.187942    1.070257    6.366477 v _2480_/X (sky130_fd_sc_hd__or3_2)
                                                         _0302_ (net)
                      0.187942    0.000000    6.366477 v _2482_/C (sky130_fd_sc_hd__or4_2)
     4    0.016639    0.324784    1.669527    8.036003 v _2482_/X (sky130_fd_sc_hd__or4_2)
                                                         _0304_ (net)
                      0.324784    0.000000    8.036003 v _2499_/A (sky130_fd_sc_hd__and3_2)
     2    0.003462    0.076605    0.486005    8.522008 v _2499_/X (sky130_fd_sc_hd__and3_2)
                                                         _0321_ (net)
                      0.076605    0.000000    8.522008 v _2510_/B1 (sky130_fd_sc_hd__a21o_2)
     2    0.013053    0.105330    0.396447    8.918455 v _2510_/X (sky130_fd_sc_hd__a21o_2)
                                                         _0332_ (net)
                      0.105330    0.000000    8.918455 v _2512_/A1 (sky130_fd_sc_hd__a21oi_2)
     3    0.004616    0.161951    0.218809    9.137264 ^ _2512_/Y (sky130_fd_sc_hd__a21oi_2)
                                                         _0334_ (net)
                      0.161951    0.000000    9.137264 ^ _2515_/A_N (sky130_fd_sc_hd__and4b_2)
     1    0.002206    0.075625    0.490290    9.627555 v _2515_/X (sky130_fd_sc_hd__and4b_2)
                                                         _0337_ (net)
                      0.075625    0.000000    9.627555 v _2516_/B2 (sky130_fd_sc_hd__a22o_2)
     3    0.009913    0.102923    0.454926   10.082481 v _2516_/X (sky130_fd_sc_hd__a22o_2)
                                                         _0338_ (net)
                      0.102923    0.000000   10.082481 v _2520_/A1 (sky130_fd_sc_hd__a211oi_2)
     4    0.011239    0.448469    0.464705   10.547186 ^ _2520_/Y (sky130_fd_sc_hd__a211oi_2)
                                                         _0342_ (net)
                      0.448469    0.000000   10.547186 ^ _2524_/A2 (sky130_fd_sc_hd__o2111a_2)
     4    0.017388    0.201588    0.634739   11.181924 ^ _2524_/X (sky130_fd_sc_hd__o2111a_2)
                                                         _0346_ (net)
                      0.201588    0.000000   11.181924 ^ _2537_/A1 (sky130_fd_sc_hd__o31ai_2)
     3    0.013092    0.174065    0.254628   11.436552 v _2537_/Y (sky130_fd_sc_hd__o31ai_2)
                                                         _0358_ (net)
                      0.174065    0.000000   11.436552 v _2793_/A1 (sky130_fd_sc_hd__a21bo_2)
     2    0.010263    0.096177    0.438372   11.874925 v _2793_/X (sky130_fd_sc_hd__a21bo_2)
                                                         _0612_ (net)
                      0.096177    0.000000   11.874925 v _2800_/A2 (sky130_fd_sc_hd__a21o_2)
     1    0.008431    0.085700    0.419428   12.294353 v _2800_/X (sky130_fd_sc_hd__a21o_2)
                                                         _0618_ (net)
                      0.085700    0.000000   12.294353 v _2850_/A (sky130_fd_sc_hd__xnor2_2)
     4    0.015020    0.186079    0.312718   12.607070 v _2850_/Y (sky130_fd_sc_hd__xnor2_2)
                                                         _0668_ (net)
                      0.186079    0.000000   12.607070 v _2851_/B (sky130_fd_sc_hd__or2_2)
     2    0.004711    0.124780    0.682101   13.289172 v _2851_/X (sky130_fd_sc_hd__or2_2)
                                                         _0669_ (net)
                      0.124780    0.000000   13.289172 v _2868_/C1 (sky130_fd_sc_hd__o211a_2)
     2    0.005415    0.086051    0.248929   13.538101 v _2868_/X (sky130_fd_sc_hd__o211a_2)
                                                         _0684_ (net)
                      0.086051    0.000000   13.538101 v _2869_/C (sky130_fd_sc_hd__or3_2)
     5    0.016209    0.249833    1.116107   14.654208 v _2869_/X (sky130_fd_sc_hd__or3_2)
                                                         _0685_ (net)
                      0.249833    0.000000   14.654208 v _2907_/A1 (sky130_fd_sc_hd__o21ai_2)
     5    0.015366    0.352685    0.439777   15.093986 ^ _2907_/Y (sky130_fd_sc_hd__o21ai_2)
                                                         _0719_ (net)
                      0.352685    0.000000   15.093986 ^ _2993_/A1 (sky130_fd_sc_hd__a21o_2)
     4    0.020138    0.178869    0.442199   15.536184 ^ _2993_/X (sky130_fd_sc_hd__a21o_2)
                                                         _0797_ (net)
                      0.178869    0.000000   15.536184 ^ _3037_/A1 (sky130_fd_sc_hd__a21boi_2)
     3    0.014664    0.150096    0.203068   15.739252 v _3037_/Y (sky130_fd_sc_hd__a21boi_2)
                                                         _0837_ (net)
                      0.150096    0.000000   15.739252 v _3041_/A2 (sky130_fd_sc_hd__o21bai_2)
     2    0.007034    0.212060    0.250054   15.989306 ^ _3041_/Y (sky130_fd_sc_hd__o21bai_2)
                                                         _0840_ (net)
                      0.212060    0.000000   15.989306 ^ _3049_/A (sky130_fd_sc_hd__nor2_2)
     1    0.002284    0.053604    0.118080   16.107386 v _3049_/Y (sky130_fd_sc_hd__nor2_2)
                                                         _0848_ (net)
                      0.053604    0.000000   16.107386 v _3051_/B1 (sky130_fd_sc_hd__o221a_2)
     1    0.001577    0.078108    0.438723   16.546108 v _3051_/X (sky130_fd_sc_hd__o221a_2)
                                                         _0024_ (net)
                      0.078108    0.000000   16.546108 v _3802_/D (sky130_fd_sc_hd__dfxtp_2)
                                             16.546108   data arrival time

                      0.150000   20.000000   20.000000   clock clk_i (rise edge)
                                  0.000000   20.000000   clock network delay (ideal)
                                 -0.250000   19.750002   clock uncertainty
                                  0.000000   19.750002   clock reconvergence pessimism
                                             19.750002 ^ _3802_/CLK (sky130_fd_sc_hd__dfxtp_2)
                                 -0.256087   19.493914   library setup time
                                             19.493914   data required time
---------------------------------------------------------------------------------------------
                                             19.493914   data required time
                                            -16.546108   data arrival time
---------------------------------------------------------------------------------------------
                                              2.947806   slack (MET)


Startpoint: _3845_ (rising edge-triggered flip-flop clocked by clk_i)
Endpoint: _3801_ (rising edge-triggered flip-flop clocked by clk_i)
Path Group: clk_i
Path Type: max

Fanout         Cap        Slew       Delay        Time   Description
---------------------------------------------------------------------------------------------
                      0.150000    0.000000    0.000000   clock clk_i (rise edge)
                                  0.000000    0.000000   clock network delay (ideal)
                      0.150000    0.000000    0.000000 ^ _3845_/CLK (sky130_fd_sc_hd__dfxtp_2)
    24    0.098598    0.419198    0.947398    0.947398 v _3845_/Q (sky130_fd_sc_hd__dfxtp_2)
                                                         s0_wire[2] (net)
                      0.419198    0.000000    0.947398 v _1943_/B (sky130_fd_sc_hd__and2_2)
     3    0.007929    0.095580    0.601523    1.548921 v _1943_/X (sky130_fd_sc_hd__and2_2)
                                                         _1557_ (net)
                      0.095580    0.000000    1.548921 v _2163_/B (sky130_fd_sc_hd__or2_2)
     2    0.006074    0.133029    0.659557    2.208477 v _2163_/X (sky130_fd_sc_hd__or2_2)
                                                         _1777_ (net)
                      0.133029    0.000000    2.208477 v _2164_/C (sky130_fd_sc_hd__and3_2)
     6    0.021946    0.156777    0.568229    2.776707 v _2164_/X (sky130_fd_sc_hd__and3_2)
                                                         _1778_ (net)
                      0.156777    0.000000    2.776707 v _2236_/A (sky130_fd_sc_hd__or2_2)
     4    0.020545    0.203436    0.827395    3.604102 v _2236_/X (sky130_fd_sc_hd__or2_2)
                                                         _1850_ (net)
                      0.203436    0.000000    3.604102 v _2428_/A1 (sky130_fd_sc_hd__o21a_2)
     2    0.012203    0.104101    0.490402    4.094504 v _2428_/X (sky130_fd_sc_hd__o21a_2)
                                                         _0250_ (net)
                      0.104101    0.000000    4.094504 v _2430_/B (sky130_fd_sc_hd__xor2_2)
     2    0.012889    0.170897    0.316776    4.411280 v _2430_/X (sky130_fd_sc_hd__xor2_2)
                                                         _0252_ (net)
                      0.170897    0.000000    4.411280 v _2440_/B (sky130_fd_sc_hd__xnor2_2)
     4    0.015444    0.189880    0.349654    4.760934 v _2440_/Y (sky130_fd_sc_hd__xnor2_2)
                                                         _0262_ (net)
                      0.189880    0.000000    4.760934 v _2479_/A_N (sky130_fd_sc_hd__nand4b_2)
     2    0.009270    0.261460    0.535286    5.296220 v _2479_/Y (sky130_fd_sc_hd__nand4b_2)
                                                         _0301_ (net)
                      0.261460    0.000000    5.296220 v _2480_/C (sky130_fd_sc_hd__or3_2)
     2    0.005678    0.187942    1.070257    6.366477 v _2480_/X (sky130_fd_sc_hd__or3_2)
                                                         _0302_ (net)
                      0.187942    0.000000    6.366477 v _2482_/C (sky130_fd_sc_hd__or4_2)
     4    0.016639    0.324784    1.669527    8.036003 v _2482_/X (sky130_fd_sc_hd__or4_2)
                                                         _0304_ (net)
                      0.324784    0.000000    8.036003 v _2499_/A (sky130_fd_sc_hd__and3_2)
     2    0.003462    0.076605    0.486005    8.522008 v _2499_/X (sky130_fd_sc_hd__and3_2)
                                                         _0321_ (net)
                      0.076605    0.000000    8.522008 v _2510_/B1 (sky130_fd_sc_hd__a21o_2)
     2    0.013053    0.105330    0.396447    8.918455 v _2510_/X (sky130_fd_sc_hd__a21o_2)
                                                         _0332_ (net)
                      0.105330    0.000000    8.918455 v _2512_/A1 (sky130_fd_sc_hd__a21oi_2)
     3    0.004616    0.161951    0.218809    9.137264 ^ _2512_/Y (sky130_fd_sc_hd__a21oi_2)
                                                         _0334_ (net)
                      0.161951    0.000000    9.137264 ^ _2515_/A_N (sky130_fd_sc_hd__and4b_2)
     1    0.002206    0.075625    0.490290    9.627555 v _2515_/X (sky130_fd_sc_hd__and4b_2)
                                                         _0337_ (net)
                      0.075625    0.000000    9.627555 v _2516_/B2 (sky130_fd_sc_hd__a22o_2)
     3    0.009913    0.102923    0.454926   10.082481 v _2516_/X (sky130_fd_sc_hd__a22o_2)
                                                         _0338_ (net)
                      0.102923    0.000000   10.082481 v _2520_/A1 (sky130_fd_sc_hd__a211oi_2)
     4    0.011239    0.448469    0.464705   10.547186 ^ _2520_/Y (sky130_fd_sc_hd__a211oi_2)
                                                         _0342_ (net)
                      0.448469    0.000000   10.547186 ^ _2524_/A2 (sky130_fd_sc_hd__o2111a_2)
     4    0.017388    0.201588    0.634739   11.181924 ^ _2524_/X (sky130_fd_sc_hd__o2111a_2)
                                                         _0346_ (net)
                      0.201588    0.000000   11.181924 ^ _2537_/A1 (sky130_fd_sc_hd__o31ai_2)
     3    0.013092    0.174065    0.254628   11.436552 v _2537_/Y (sky130_fd_sc_hd__o31ai_2)
                                                         _0358_ (net)
                      0.174065    0.000000   11.436552 v _2793_/A1 (sky130_fd_sc_hd__a21bo_2)
     2    0.010263    0.096177    0.438372   11.874925 v _2793_/X (sky130_fd_sc_hd__a21bo_2)
                                                         _0612_ (net)
                      0.096177    0.000000   11.874925 v _2800_/A2 (sky130_fd_sc_hd__a21o_2)
     1    0.008431    0.085700    0.419428   12.294353 v _2800_/X (sky130_fd_sc_hd__a21o_2)
                                                         _0618_ (net)
                      0.085700    0.000000   12.294353 v _2850_/A (sky130_fd_sc_hd__xnor2_2)
     4    0.015020    0.186079    0.312718   12.607070 v _2850_/Y (sky130_fd_sc_hd__xnor2_2)
                                                         _0668_ (net)
                      0.186079    0.000000   12.607070 v _2851_/B (sky130_fd_sc_hd__or2_2)
     2    0.004711    0.124780    0.682101   13.289172 v _2851_/X (sky130_fd_sc_hd__or2_2)
                                                         _0669_ (net)
                      0.124780    0.000000   13.289172 v _2868_/C1 (sky130_fd_sc_hd__o211a_2)
     2    0.005415    0.086051    0.248929   13.538101 v _2868_/X (sky130_fd_sc_hd__o211a_2)
                                                         _0684_ (net)
                      0.086051    0.000000   13.538101 v _2869_/C (sky130_fd_sc_hd__or3_2)
     5    0.016209    0.249833    1.116107   14.654208 v _2869_/X (sky130_fd_sc_hd__or3_2)
                                                         _0685_ (net)
                      0.249833    0.000000   14.654208 v _2907_/A1 (sky130_fd_sc_hd__o21ai_2)
     5    0.015366    0.352685    0.439777   15.093986 ^ _2907_/Y (sky130_fd_sc_hd__o21ai_2)
                                                         _0719_ (net)
                      0.352685    0.000000   15.093986 ^ _2993_/A1 (sky130_fd_sc_hd__a21o_2)
     4    0.020138    0.178869    0.442199   15.536184 ^ _2993_/X (sky130_fd_sc_hd__a21o_2)
                                                         _0797_ (net)
                      0.178869    0.000000   15.536184 ^ _3037_/A1 (sky130_fd_sc_hd__a21boi_2)
     3    0.014664    0.150096    0.203068   15.739252 v _3037_/Y (sky130_fd_sc_hd__a21boi_2)
                                                         _0837_ (net)
                      0.150096    0.000000   15.739252 v _3038_/B (sky130_fd_sc_hd__xnor2_2)
     1    0.004617    0.188175    0.233831   15.973083 ^ _3038_/Y (sky130_fd_sc_hd__xnor2_2)
                                                         _0838_ (net)
                      0.188175    0.000000   15.973083 ^ _3039_/B (sky130_fd_sc_hd__nand2_2)
     1    0.002288    0.273789    0.126663   16.099747 v _3039_/Y (sky130_fd_sc_hd__nand2_2)
                                                         _0839_ (net)
                      0.273789    0.000000   16.099747 v _3040_/B1 (sky130_fd_sc_hd__o211a_2)
     1    0.001577    0.071586    0.325587   16.425333 v _3040_/X (sky130_fd_sc_hd__o211a_2)
                                                         _0023_ (net)
                      0.071586    0.000000   16.425333 v _3801_/D (sky130_fd_sc_hd__dfxtp_2)
                                             16.425333   data arrival time

                      0.150000   20.000000   20.000000   clock clk_i (rise edge)
                                  0.000000   20.000000   clock network delay (ideal)
                                 -0.250000   19.750002   clock uncertainty
                                  0.000000   19.750002   clock reconvergence pessimism
                                             19.750002 ^ _3801_/CLK (sky130_fd_sc_hd__dfxtp_2)
                                 -0.253379   19.496622   library setup time
                                             19.496622   data required time
---------------------------------------------------------------------------------------------
                                             19.496622   data required time
                                            -16.425333   data arrival time
---------------------------------------------------------------------------------------------
                                              3.071289   slack (MET)


Startpoint: _3845_ (rising edge-triggered flip-flop clocked by clk_i)
Endpoint: _3794_ (rising edge-triggered flip-flop clocked by clk_i)
Path Group: clk_i
Path Type: max

Fanout         Cap        Slew       Delay        Time   Description
---------------------------------------------------------------------------------------------
                      0.150000    0.000000    0.000000   clock clk_i (rise edge)
                                  0.000000    0.000000   clock network delay (ideal)
                      0.150000    0.000000    0.000000 ^ _3845_/CLK (sky130_fd_sc_hd__dfxtp_2)
    24    0.098598    0.419198    0.947398    0.947398 v _3845_/Q (sky130_fd_sc_hd__dfxtp_2)
                                                         s0_wire[2] (net)
                      0.419198    0.000000    0.947398 v _1943_/B (sky130_fd_sc_hd__and2_2)
     3    0.007929    0.095580    0.601523    1.548921 v _1943_/X (sky130_fd_sc_hd__and2_2)
                                                         _1557_ (net)
                      0.095580    0.000000    1.548921 v _2163_/B (sky130_fd_sc_hd__or2_2)
     2    0.006074    0.133029    0.659557    2.208477 v _2163_/X (sky130_fd_sc_hd__or2_2)
                                                         _1777_ (net)
                      0.133029    0.000000    2.208477 v _2164_/C (sky130_fd_sc_hd__and3_2)
     6    0.021946    0.156777    0.568229    2.776707 v _2164_/X (sky130_fd_sc_hd__and3_2)
                                                         _1778_ (net)
                      0.156777    0.000000    2.776707 v _2236_/A (sky130_fd_sc_hd__or2_2)
     4    0.020545    0.203436    0.827395    3.604102 v _2236_/X (sky130_fd_sc_hd__or2_2)
                                                         _1850_ (net)
                      0.203436    0.000000    3.604102 v _2428_/A1 (sky130_fd_sc_hd__o21a_2)
     2    0.012203    0.104101    0.490402    4.094504 v _2428_/X (sky130_fd_sc_hd__o21a_2)
                                                         _0250_ (net)
                      0.104101    0.000000    4.094504 v _2430_/B (sky130_fd_sc_hd__xor2_2)
     2    0.012889    0.170897    0.316776    4.411280 v _2430_/X (sky130_fd_sc_hd__xor2_2)
                                                         _0252_ (net)
                      0.170897    0.000000    4.411280 v _2440_/B (sky130_fd_sc_hd__xnor2_2)
     4    0.015444    0.189880    0.349654    4.760934 v _2440_/Y (sky130_fd_sc_hd__xnor2_2)
                                                         _0262_ (net)
                      0.189880    0.000000    4.760934 v _2479_/A_N (sky130_fd_sc_hd__nand4b_2)
     2    0.009270    0.261460    0.535286    5.296220 v _2479_/Y (sky130_fd_sc_hd__nand4b_2)
                                                         _0301_ (net)
                      0.261460    0.000000    5.296220 v _2480_/C (sky130_fd_sc_hd__or3_2)
     2    0.005678    0.187942    1.070257    6.366477 v _2480_/X (sky130_fd_sc_hd__or3_2)
                                                         _0302_ (net)
                      0.187942    0.000000    6.366477 v _2482_/C (sky130_fd_sc_hd__or4_2)
     4    0.016639    0.324784    1.669527    8.036003 v _2482_/X (sky130_fd_sc_hd__or4_2)
                                                         _0304_ (net)
                      0.324784    0.000000    8.036003 v _2499_/A (sky130_fd_sc_hd__and3_2)
     2    0.003462    0.076605    0.486005    8.522008 v _2499_/X (sky130_fd_sc_hd__and3_2)
                                                         _0321_ (net)
                      0.076605    0.000000    8.522008 v _2510_/B1 (sky130_fd_sc_hd__a21o_2)
     2    0.013053    0.105330    0.396447    8.918455 v _2510_/X (sky130_fd_sc_hd__a21o_2)
                                                         _0332_ (net)
                      0.105330    0.000000    8.918455 v _2512_/A1 (sky130_fd_sc_hd__a21oi_2)
     3    0.004616    0.161951    0.218809    9.137264 ^ _2512_/Y (sky130_fd_sc_hd__a21oi_2)
                                                         _0334_ (net)
                      0.161951    0.000000    9.137264 ^ _2515_/A_N (sky130_fd_sc_hd__and4b_2)
     1    0.002206    0.075625    0.490290    9.627555 v _2515_/X (sky130_fd_sc_hd__and4b_2)
                                                         _0337_ (net)
                      0.075625    0.000000    9.627555 v _2516_/B2 (sky130_fd_sc_hd__a22o_2)
     3    0.009913    0.102923    0.454926   10.082481 v _2516_/X (sky130_fd_sc_hd__a22o_2)
                                                         _0338_ (net)
                      0.102923    0.000000   10.082481 v _2520_/A1 (sky130_fd_sc_hd__a211oi_2)
     4    0.011239    0.448469    0.464705   10.547186 ^ _2520_/Y (sky130_fd_sc_hd__a211oi_2)
                                                         _0342_ (net)
                      0.448469    0.000000   10.547186 ^ _2524_/A2 (sky130_fd_sc_hd__o2111a_2)
     4    0.017388    0.201588    0.634739   11.181924 ^ _2524_/X (sky130_fd_sc_hd__o2111a_2)
                                                         _0346_ (net)
                      0.201588    0.000000   11.181924 ^ _2537_/A1 (sky130_fd_sc_hd__o31ai_2)
     3    0.013092    0.174065    0.254628   11.436552 v _2537_/Y (sky130_fd_sc_hd__o31ai_2)
                                                         _0358_ (net)
                      0.174065    0.000000   11.436552 v _2793_/A1 (sky130_fd_sc_hd__a21bo_2)
     2    0.010263    0.096177    0.438372   11.874925 v _2793_/X (sky130_fd_sc_hd__a21bo_2)
                                                         _0612_ (net)
                      0.096177    0.000000   11.874925 v _2800_/A2 (sky130_fd_sc_hd__a21o_2)
     1    0.008431    0.085700    0.419428   12.294353 v _2800_/X (sky130_fd_sc_hd__a21o_2)
                                                         _0618_ (net)
                      0.085700    0.000000   12.294353 v _2850_/A (sky130_fd_sc_hd__xnor2_2)
     4    0.015020    0.186079    0.312718   12.607070 v _2850_/Y (sky130_fd_sc_hd__xnor2_2)
                                                         _0668_ (net)
                      0.186079    0.000000   12.607070 v _2851_/B (sky130_fd_sc_hd__or2_2)
     2    0.004711    0.124780    0.682101   13.289172 v _2851_/X (sky130_fd_sc_hd__or2_2)
                                                         _0669_ (net)
                      0.124780    0.000000   13.289172 v _2868_/C1 (sky130_fd_sc_hd__o211a_2)
     2    0.005415    0.086051    0.248929   13.538101 v _2868_/X (sky130_fd_sc_hd__o211a_2)
                                                         _0684_ (net)
                      0.086051    0.000000   13.538101 v _2869_/C (sky130_fd_sc_hd__or3_2)
     5    0.016209    0.249833    1.116107   14.654208 v _2869_/X (sky130_fd_sc_hd__or3_2)
                                                         _0685_ (net)
                      0.249833    0.000000   14.654208 v _2907_/A1 (sky130_fd_sc_hd__o21ai_2)
     5    0.015366    0.352685    0.439777   15.093986 ^ _2907_/Y (sky130_fd_sc_hd__o21ai_2)
                                                         _0719_ (net)
                      0.352685    0.000000   15.093986 ^ _2950_/A1 (sky130_fd_sc_hd__a31o_2)
     2    0.013097    0.155202    0.481437   15.575422 ^ _2950_/X (sky130_fd_sc_hd__a31o_2)
                                                         _0758_ (net)
                      0.155202    0.000000   15.575422 ^ _2951_/B (sky130_fd_sc_hd__nand2b_2)
     3    0.008855    0.122800    0.163373   15.738795 v _2951_/Y (sky130_fd_sc_hd__nand2b_2)
                                                         _0759_ (net)
                      0.122800    0.000000   15.738795 v _2955_/B (sky130_fd_sc_hd__nand2b_2)
     2    0.009644    0.113252    0.153761   15.892557 ^ _2955_/Y (sky130_fd_sc_hd__nand2b_2)
                                                         _0762_ (net)
                      0.113252    0.000000   15.892557 ^ _2961_/A1 (sky130_fd_sc_hd__a21oi_2)
     1    0.004270    0.154386    0.117792   16.010349 v _2961_/Y (sky130_fd_sc_hd__a21oi_2)
                                                         _0768_ (net)
                      0.154386    0.000000   16.010349 v _2962_/B1 (sky130_fd_sc_hd__o21ai_2)
     1    0.002427    0.132114    0.111744   16.122093 ^ _2962_/Y (sky130_fd_sc_hd__o21ai_2)
                                                         _0769_ (net)
                      0.132114    0.000000   16.122093 ^ _2963_/B1 (sky130_fd_sc_hd__o211a_2)
     1    0.001537    0.087641    0.367523   16.489616 ^ _2963_/X (sky130_fd_sc_hd__o211a_2)
                                                         _0016_ (net)
                      0.087641    0.000000   16.489616 ^ _3794_/D (sky130_fd_sc_hd__dfxtp_2)
                                             16.489616   data arrival time

                      0.150000   20.000000   20.000000   clock clk_i (rise edge)
                                  0.000000   20.000000   clock network delay (ideal)
                                 -0.250000   19.750002   clock uncertainty
                                  0.000000   19.750002   clock reconvergence pessimism
                                             19.750002 ^ _3794_/CLK (sky130_fd_sc_hd__dfxtp_2)
                                 -0.131786   19.618216   library setup time
                                             19.618216   data required time
---------------------------------------------------------------------------------------------
                                             19.618216   data required time
                                            -16.489616   data arrival time
---------------------------------------------------------------------------------------------
                                              3.128600   slack (MET)


Startpoint: _3845_ (rising edge-triggered flip-flop clocked by clk_i)
Endpoint: _3798_ (rising edge-triggered flip-flop clocked by clk_i)
Path Group: clk_i
Path Type: max

Fanout         Cap        Slew       Delay        Time   Description
---------------------------------------------------------------------------------------------
                      0.150000    0.000000    0.000000   clock clk_i (rise edge)
                                  0.000000    0.000000   clock network delay (ideal)
                      0.150000    0.000000    0.000000 ^ _3845_/CLK (sky130_fd_sc_hd__dfxtp_2)
    24    0.098598    0.419198    0.947398    0.947398 v _3845_/Q (sky130_fd_sc_hd__dfxtp_2)
                                                         s0_wire[2] (net)
                      0.419198    0.000000    0.947398 v _1943_/B (sky130_fd_sc_hd__and2_2)
     3    0.007929    0.095580    0.601523    1.548921 v _1943_/X (sky130_fd_sc_hd__and2_2)
                                                         _1557_ (net)
                      0.095580    0.000000    1.548921 v _2163_/B (sky130_fd_sc_hd__or2_2)
     2    0.006074    0.133029    0.659557    2.208477 v _2163_/X (sky130_fd_sc_hd__or2_2)
                                                         _1777_ (net)
                      0.133029    0.000000    2.208477 v _2164_/C (sky130_fd_sc_hd__and3_2)
     6    0.021946    0.156777    0.568229    2.776707 v _2164_/X (sky130_fd_sc_hd__and3_2)
                                                         _1778_ (net)
                      0.156777    0.000000    2.776707 v _2236_/A (sky130_fd_sc_hd__or2_2)
     4    0.020545    0.203436    0.827395    3.604102 v _2236_/X (sky130_fd_sc_hd__or2_2)
                                                         _1850_ (net)
                      0.203436    0.000000    3.604102 v _2428_/A1 (sky130_fd_sc_hd__o21a_2)
     2    0.012203    0.104101    0.490402    4.094504 v _2428_/X (sky130_fd_sc_hd__o21a_2)
                                                         _0250_ (net)
                      0.104101    0.000000    4.094504 v _2430_/B (sky130_fd_sc_hd__xor2_2)
     2    0.012889    0.170897    0.316776    4.411280 v _2430_/X (sky130_fd_sc_hd__xor2_2)
                                                         _0252_ (net)
                      0.170897    0.000000    4.411280 v _2440_/B (sky130_fd_sc_hd__xnor2_2)
     4    0.015444    0.189880    0.349654    4.760934 v _2440_/Y (sky130_fd_sc_hd__xnor2_2)
                                                         _0262_ (net)
                      0.189880    0.000000    4.760934 v _2479_/A_N (sky130_fd_sc_hd__nand4b_2)
     2    0.009270    0.261460    0.535286    5.296220 v _2479_/Y (sky130_fd_sc_hd__nand4b_2)
                                                         _0301_ (net)
                      0.261460    0.000000    5.296220 v _2480_/C (sky130_fd_sc_hd__or3_2)
     2    0.005678    0.187942    1.070257    6.366477 v _2480_/X (sky130_fd_sc_hd__or3_2)
                                                         _0302_ (net)
                      0.187942    0.000000    6.366477 v _2482_/C (sky130_fd_sc_hd__or4_2)
     4    0.016639    0.324784    1.669527    8.036003 v _2482_/X (sky130_fd_sc_hd__or4_2)
                                                         _0304_ (net)
                      0.324784    0.000000    8.036003 v _2499_/A (sky130_fd_sc_hd__and3_2)
     2    0.003462    0.076605    0.486005    8.522008 v _2499_/X (sky130_fd_sc_hd__and3_2)
                                                         _0321_ (net)
                      0.076605    0.000000    8.522008 v _2510_/B1 (sky130_fd_sc_hd__a21o_2)
     2    0.013053    0.105330    0.396447    8.918455 v _2510_/X (sky130_fd_sc_hd__a21o_2)
                                                         _0332_ (net)
                      0.105330    0.000000    8.918455 v _2512_/A1 (sky130_fd_sc_hd__a21oi_2)
     3    0.004616    0.161951    0.218809    9.137264 ^ _2512_/Y (sky130_fd_sc_hd__a21oi_2)
                                                         _0334_ (net)
                      0.161951    0.000000    9.137264 ^ _2515_/A_N (sky130_fd_sc_hd__and4b_2)
     1    0.002206    0.075625    0.490290    9.627555 v _2515_/X (sky130_fd_sc_hd__and4b_2)
                                                         _0337_ (net)
                      0.075625    0.000000    9.627555 v _2516_/B2 (sky130_fd_sc_hd__a22o_2)
     3    0.009913    0.102923    0.454926   10.082481 v _2516_/X (sky130_fd_sc_hd__a22o_2)
                                                         _0338_ (net)
                      0.102923    0.000000   10.082481 v _2520_/A1 (sky130_fd_sc_hd__a211oi_2)
     4    0.011239    0.448469    0.464705   10.547186 ^ _2520_/Y (sky130_fd_sc_hd__a211oi_2)
                                                         _0342_ (net)
                      0.448469    0.000000   10.547186 ^ _2524_/A2 (sky130_fd_sc_hd__o2111a_2)
     4    0.017388    0.201588    0.634739   11.181924 ^ _2524_/X (sky130_fd_sc_hd__o2111a_2)
                                                         _0346_ (net)
                      0.201588    0.000000   11.181924 ^ _2537_/A1 (sky130_fd_sc_hd__o31ai_2)
     3    0.013092    0.174065    0.254628   11.436552 v _2537_/Y (sky130_fd_sc_hd__o31ai_2)
                                                         _0358_ (net)
                      0.174065    0.000000   11.436552 v _2793_/A1 (sky130_fd_sc_hd__a21bo_2)
     2    0.010263    0.096177    0.438372   11.874925 v _2793_/X (sky130_fd_sc_hd__a21bo_2)
                                                         _0612_ (net)
                      0.096177    0.000000   11.874925 v _2800_/A2 (sky130_fd_sc_hd__a21o_2)
     1    0.008431    0.085700    0.419428   12.294353 v _2800_/X (sky130_fd_sc_hd__a21o_2)
                                                         _0618_ (net)
                      0.085700    0.000000   12.294353 v _2850_/A (sky130_fd_sc_hd__xnor2_2)
     4    0.015020    0.186079    0.312718   12.607070 v _2850_/Y (sky130_fd_sc_hd__xnor2_2)
                                                         _0668_ (net)
                      0.186079    0.000000   12.607070 v _2851_/B (sky130_fd_sc_hd__or2_2)
     2    0.004711    0.124780    0.682101   13.289172 v _2851_/X (sky130_fd_sc_hd__or2_2)
                                                         _0669_ (net)
                      0.124780    0.000000   13.289172 v _2868_/C1 (sky130_fd_sc_hd__o211a_2)
     2    0.005415    0.086051    0.248929   13.538101 v _2868_/X (sky130_fd_sc_hd__o211a_2)
                                                         _0684_ (net)
                      0.086051    0.000000   13.538101 v _2869_/C (sky130_fd_sc_hd__or3_2)
     5    0.016209    0.249833    1.116107   14.654208 v _2869_/X (sky130_fd_sc_hd__or3_2)
                                                         _0685_ (net)
                      0.249833    0.000000   14.654208 v _2907_/A1 (sky130_fd_sc_hd__o21ai_2)
     5    0.015366    0.352685    0.439777   15.093986 ^ _2907_/Y (sky130_fd_sc_hd__o21ai_2)
                                                         _0719_ (net)
                      0.352685    0.000000   15.093986 ^ _2993_/A1 (sky130_fd_sc_hd__a21o_2)
     4    0.020138    0.178869    0.442199   15.536184 ^ _2993_/X (sky130_fd_sc_hd__a21o_2)
                                                         _0797_ (net)
                      0.178869    0.000000   15.536184 ^ _2994_/B (sky130_fd_sc_hd__nand2b_2)
     2    0.008891    0.123006    0.171543   15.707727 v _2994_/Y (sky130_fd_sc_hd__nand2b_2)
                                                         _0798_ (net)
                      0.123006    0.000000   15.707727 v _3004_/B (sky130_fd_sc_hd__nand2_2)
     2    0.007114    0.094019    0.141997   15.849724 ^ _3004_/Y (sky130_fd_sc_hd__nand2_2)
                                                         _0807_ (net)
                      0.094019    0.000000   15.849724 ^ _3005_/B (sky130_fd_sc_hd__nor2_2)
     1    0.002284    0.039898    0.064221   15.913944 v _3005_/Y (sky130_fd_sc_hd__nor2_2)
                                                         _0808_ (net)
                      0.039898    0.000000   15.913944 v _3007_/B1 (sky130_fd_sc_hd__o221a_2)
     1    0.001577    0.078108    0.432344   16.346289 v _3007_/X (sky130_fd_sc_hd__o221a_2)
                                                         _0020_ (net)
                      0.078108    0.000000   16.346289 v _3798_/D (sky130_fd_sc_hd__dfxtp_2)
                                             16.346289   data arrival time

                      0.150000   20.000000   20.000000   clock clk_i (rise edge)
                                  0.000000   20.000000   clock network delay (ideal)
                                 -0.250000   19.750002   clock uncertainty
                                  0.000000   19.750002   clock reconvergence pessimism
                                             19.750002 ^ _3798_/CLK (sky130_fd_sc_hd__dfxtp_2)
                                 -0.256087   19.493914   library setup time
                                             19.493914   data required time
---------------------------------------------------------------------------------------------
                                             19.493914   data required time
                                            -16.346289   data arrival time
---------------------------------------------------------------------------------------------
                                              3.147626   slack (MET)


Startpoint: _3845_ (rising edge-triggered flip-flop clocked by clk_i)
Endpoint: _3788_ (rising edge-triggered flip-flop clocked by clk_i)
Path Group: clk_i
Path Type: max

Fanout         Cap        Slew       Delay        Time   Description
---------------------------------------------------------------------------------------------
                      0.150000    0.000000    0.000000   clock clk_i (rise edge)
                                  0.000000    0.000000   clock network delay (ideal)
                      0.150000    0.000000    0.000000 ^ _3845_/CLK (sky130_fd_sc_hd__dfxtp_2)
    24    0.098598    0.419198    0.947398    0.947398 v _3845_/Q (sky130_fd_sc_hd__dfxtp_2)
                                                         s0_wire[2] (net)
                      0.419198    0.000000    0.947398 v _1943_/B (sky130_fd_sc_hd__and2_2)
     3    0.007929    0.095580    0.601523    1.548921 v _1943_/X (sky130_fd_sc_hd__and2_2)
                                                         _1557_ (net)
                      0.095580    0.000000    1.548921 v _2163_/B (sky130_fd_sc_hd__or2_2)
     2    0.006074    0.133029    0.659557    2.208477 v _2163_/X (sky130_fd_sc_hd__or2_2)
                                                         _1777_ (net)
                      0.133029    0.000000    2.208477 v _2164_/C (sky130_fd_sc_hd__and3_2)
     6    0.021946    0.156777    0.568229    2.776707 v _2164_/X (sky130_fd_sc_hd__and3_2)
                                                         _1778_ (net)
                      0.156777    0.000000    2.776707 v _2236_/A (sky130_fd_sc_hd__or2_2)
     4    0.020545    0.203436    0.827395    3.604102 v _2236_/X (sky130_fd_sc_hd__or2_2)
                                                         _1850_ (net)
                      0.203436    0.000000    3.604102 v _2428_/A1 (sky130_fd_sc_hd__o21a_2)
     2    0.012203    0.104101    0.490402    4.094504 v _2428_/X (sky130_fd_sc_hd__o21a_2)
                                                         _0250_ (net)
                      0.104101    0.000000    4.094504 v _2430_/B (sky130_fd_sc_hd__xor2_2)
     2    0.012889    0.170897    0.316776    4.411280 v _2430_/X (sky130_fd_sc_hd__xor2_2)
                                                         _0252_ (net)
                      0.170897    0.000000    4.411280 v _2440_/B (sky130_fd_sc_hd__xnor2_2)
     4    0.015444    0.189880    0.349654    4.760934 v _2440_/Y (sky130_fd_sc_hd__xnor2_2)
                                                         _0262_ (net)
                      0.189880    0.000000    4.760934 v _2479_/A_N (sky130_fd_sc_hd__nand4b_2)
     2    0.009270    0.261460    0.535286    5.296220 v _2479_/Y (sky130_fd_sc_hd__nand4b_2)
                                                         _0301_ (net)
                      0.261460    0.000000    5.296220 v _2480_/C (sky130_fd_sc_hd__or3_2)
     2    0.005678    0.187942    1.070257    6.366477 v _2480_/X (sky130_fd_sc_hd__or3_2)
                                                         _0302_ (net)
                      0.187942    0.000000    6.366477 v _2482_/C (sky130_fd_sc_hd__or4_2)
     4    0.016639    0.324784    1.669527    8.036003 v _2482_/X (sky130_fd_sc_hd__or4_2)
                                                         _0304_ (net)
                      0.324784    0.000000    8.036003 v _2499_/A (sky130_fd_sc_hd__and3_2)
     2    0.003462    0.076605    0.486005    8.522008 v _2499_/X (sky130_fd_sc_hd__and3_2)
                                                         _0321_ (net)
                      0.076605    0.000000    8.522008 v _2510_/B1 (sky130_fd_sc_hd__a21o_2)
     2    0.013053    0.105330    0.396447    8.918455 v _2510_/X (sky130_fd_sc_hd__a21o_2)
                                                         _0332_ (net)
                      0.105330    0.000000    8.918455 v _2512_/A1 (sky130_fd_sc_hd__a21oi_2)
     3    0.004616    0.161951    0.218809    9.137264 ^ _2512_/Y (sky130_fd_sc_hd__a21oi_2)
                                                         _0334_ (net)
                      0.161951    0.000000    9.137264 ^ _2515_/A_N (sky130_fd_sc_hd__and4b_2)
     1    0.002206    0.075625    0.490290    9.627555 v _2515_/X (sky130_fd_sc_hd__and4b_2)
                                                         _0337_ (net)
                      0.075625    0.000000    9.627555 v _2516_/B2 (sky130_fd_sc_hd__a22o_2)
     3    0.009913    0.102923    0.454926   10.082481 v _2516_/X (sky130_fd_sc_hd__a22o_2)
                                                         _0338_ (net)
                      0.102923    0.000000   10.082481 v _2520_/A1 (sky130_fd_sc_hd__a211oi_2)
     4    0.011239    0.448469    0.464705   10.547186 ^ _2520_/Y (sky130_fd_sc_hd__a211oi_2)
                                                         _0342_ (net)
                      0.448469    0.000000   10.547186 ^ _2524_/A2 (sky130_fd_sc_hd__o2111a_2)
     4    0.017388    0.201588    0.634739   11.181924 ^ _2524_/X (sky130_fd_sc_hd__o2111a_2)
                                                         _0346_ (net)
                      0.201588    0.000000   11.181924 ^ _2537_/A1 (sky130_fd_sc_hd__o31ai_2)
     3    0.013092    0.174065    0.254628   11.436552 v _2537_/Y (sky130_fd_sc_hd__o31ai_2)
                                                         _0358_ (net)
                      0.174065    0.000000   11.436552 v _2793_/A1 (sky130_fd_sc_hd__a21bo_2)
     2    0.010263    0.096177    0.438372   11.874925 v _2793_/X (sky130_fd_sc_hd__a21bo_2)
                                                         _0612_ (net)
                      0.096177    0.000000   11.874925 v _2800_/A2 (sky130_fd_sc_hd__a21o_2)
     1    0.008431    0.085700    0.419428   12.294353 v _2800_/X (sky130_fd_sc_hd__a21o_2)
                                                         _0618_ (net)
                      0.085700    0.000000   12.294353 v _2850_/A (sky130_fd_sc_hd__xnor2_2)
     4    0.015020    0.186079    0.312718   12.607070 v _2850_/Y (sky130_fd_sc_hd__xnor2_2)
                                                         _0668_ (net)
                      0.186079    0.000000   12.607070 v _2851_/B (sky130_fd_sc_hd__or2_2)
     2    0.004711    0.124780    0.682101   13.289172 v _2851_/X (sky130_fd_sc_hd__or2_2)
                                                         _0669_ (net)
                      0.124780    0.000000   13.289172 v _2868_/C1 (sky130_fd_sc_hd__o211a_2)
     2    0.005415    0.086051    0.248929   13.538101 v _2868_/X (sky130_fd_sc_hd__o211a_2)
                                                         _0684_ (net)
                      0.086051    0.000000   13.538101 v _2869_/C (sky130_fd_sc_hd__or3_2)
     5    0.016209    0.249833    1.116107   14.654208 v _2869_/X (sky130_fd_sc_hd__or3_2)
                                                         _0685_ (net)
                      0.249833    0.000000   14.654208 v _2881_/A3 (sky130_fd_sc_hd__a31o_2)
     2    0.010473    0.100407    0.565197   15.219405 v _2881_/X (sky130_fd_sc_hd__a31o_2)
                                                         _0695_ (net)
                      0.100407    0.000000   15.219405 v _2890_/A2 (sky130_fd_sc_hd__o21ba_2)
     1    0.008219    0.087154    0.405837   15.625242 v _2890_/X (sky130_fd_sc_hd__o21ba_2)
                                                         _0703_ (net)
                      0.087154    0.000000   15.625242 v _2891_/B (sky130_fd_sc_hd__xnor2_2)
     1    0.004617    0.188225    0.208248   15.833489 ^ _2891_/Y (sky130_fd_sc_hd__xnor2_2)
                                                         _0704_ (net)
                      0.188225    0.000000   15.833489 ^ _2892_/B (sky130_fd_sc_hd__nand2_2)
     1    0.002288    0.078861    0.126679   15.960169 v _2892_/Y (sky130_fd_sc_hd__nand2_2)
                                                         _0705_ (net)
                      0.078861    0.000000   15.960169 v _2893_/B1 (sky130_fd_sc_hd__o211a_2)
     1    0.001577    0.071586    0.231204   16.191372 v _2893_/X (sky130_fd_sc_hd__o211a_2)
                                                         _0010_ (net)
                      0.071586    0.000000   16.191372 v _3788_/D (sky130_fd_sc_hd__dfxtp_2)
                                             16.191372   data arrival time

                      0.150000   20.000000   20.000000   clock clk_i (rise edge)
                                  0.000000   20.000000   clock network delay (ideal)
                                 -0.250000   19.750002   clock uncertainty
                                  0.000000   19.750002   clock reconvergence pessimism
                                             19.750002 ^ _3788_/CLK (sky130_fd_sc_hd__dfxtp_2)
                                 -0.253379   19.496622   library setup time
                                             19.496622   data required time
---------------------------------------------------------------------------------------------
                                             19.496622   data required time
                                            -16.191372   data arrival time
---------------------------------------------------------------------------------------------
                                              3.305249   slack (MET)


Startpoint: _3845_ (rising edge-triggered flip-flop clocked by clk_i)
Endpoint: _3790_ (rising edge-triggered flip-flop clocked by clk_i)
Path Group: clk_i
Path Type: max

Fanout         Cap        Slew       Delay        Time   Description
---------------------------------------------------------------------------------------------
                      0.150000    0.000000    0.000000   clock clk_i (rise edge)
                                  0.000000    0.000000   clock network delay (ideal)
                      0.150000    0.000000    0.000000 ^ _3845_/CLK (sky130_fd_sc_hd__dfxtp_2)
    24    0.098598    0.419198    0.947398    0.947398 v _3845_/Q (sky130_fd_sc_hd__dfxtp_2)
                                                         s0_wire[2] (net)
                      0.419198    0.000000    0.947398 v _1943_/B (sky130_fd_sc_hd__and2_2)
     3    0.007929    0.095580    0.601523    1.548921 v _1943_/X (sky130_fd_sc_hd__and2_2)
                                                         _1557_ (net)
                      0.095580    0.000000    1.548921 v _2163_/B (sky130_fd_sc_hd__or2_2)
     2    0.006074    0.133029    0.659557    2.208477 v _2163_/X (sky130_fd_sc_hd__or2_2)
                                                         _1777_ (net)
                      0.133029    0.000000    2.208477 v _2164_/C (sky130_fd_sc_hd__and3_2)
     6    0.021946    0.156777    0.568229    2.776707 v _2164_/X (sky130_fd_sc_hd__and3_2)
                                                         _1778_ (net)
                      0.156777    0.000000    2.776707 v _2236_/A (sky130_fd_sc_hd__or2_2)
     4    0.020545    0.203436    0.827395    3.604102 v _2236_/X (sky130_fd_sc_hd__or2_2)
                                                         _1850_ (net)
                      0.203436    0.000000    3.604102 v _2428_/A1 (sky130_fd_sc_hd__o21a_2)
     2    0.012203    0.104101    0.490402    4.094504 v _2428_/X (sky130_fd_sc_hd__o21a_2)
                                                         _0250_ (net)
                      0.104101    0.000000    4.094504 v _2430_/B (sky130_fd_sc_hd__xor2_2)
     2    0.012889    0.170897    0.316776    4.411280 v _2430_/X (sky130_fd_sc_hd__xor2_2)
                                                         _0252_ (net)
                      0.170897    0.000000    4.411280 v _2440_/B (sky130_fd_sc_hd__xnor2_2)
     4    0.015444    0.189880    0.349654    4.760934 v _2440_/Y (sky130_fd_sc_hd__xnor2_2)
                                                         _0262_ (net)
                      0.189880    0.000000    4.760934 v _2479_/A_N (sky130_fd_sc_hd__nand4b_2)
     2    0.009270    0.261460    0.535286    5.296220 v _2479_/Y (sky130_fd_sc_hd__nand4b_2)
                                                         _0301_ (net)
                      0.261460    0.000000    5.296220 v _2480_/C (sky130_fd_sc_hd__or3_2)
     2    0.005678    0.187942    1.070257    6.366477 v _2480_/X (sky130_fd_sc_hd__or3_2)
                                                         _0302_ (net)
                      0.187942    0.000000    6.366477 v _2482_/C (sky130_fd_sc_hd__or4_2)
     4    0.016639    0.324784    1.669527    8.036003 v _2482_/X (sky130_fd_sc_hd__or4_2)
                                                         _0304_ (net)
                      0.324784    0.000000    8.036003 v _2499_/A (sky130_fd_sc_hd__and3_2)
     2    0.003462    0.076605    0.486005    8.522008 v _2499_/X (sky130_fd_sc_hd__and3_2)
                                                         _0321_ (net)
                      0.076605    0.000000    8.522008 v _2510_/B1 (sky130_fd_sc_hd__a21o_2)
     2    0.013053    0.105330    0.396447    8.918455 v _2510_/X (sky130_fd_sc_hd__a21o_2)
                                                         _0332_ (net)
                      0.105330    0.000000    8.918455 v _2512_/A1 (sky130_fd_sc_hd__a21oi_2)
     3    0.004616    0.161951    0.218809    9.137264 ^ _2512_/Y (sky130_fd_sc_hd__a21oi_2)
                                                         _0334_ (net)
                      0.161951    0.000000    9.137264 ^ _2515_/A_N (sky130_fd_sc_hd__and4b_2)
     1    0.002206    0.075625    0.490290    9.627555 v _2515_/X (sky130_fd_sc_hd__and4b_2)
                                                         _0337_ (net)
                      0.075625    0.000000    9.627555 v _2516_/B2 (sky130_fd_sc_hd__a22o_2)
     3    0.009913    0.102923    0.454926   10.082481 v _2516_/X (sky130_fd_sc_hd__a22o_2)
                                                         _0338_ (net)
                      0.102923    0.000000   10.082481 v _2520_/A1 (sky130_fd_sc_hd__a211oi_2)
     4    0.011239    0.448469    0.464705   10.547186 ^ _2520_/Y (sky130_fd_sc_hd__a211oi_2)
                                                         _0342_ (net)
                      0.448469    0.000000   10.547186 ^ _2524_/A2 (sky130_fd_sc_hd__o2111a_2)
     4    0.017388    0.201588    0.634739   11.181924 ^ _2524_/X (sky130_fd_sc_hd__o2111a_2)
                                                         _0346_ (net)
                      0.201588    0.000000   11.181924 ^ _2537_/A1 (sky130_fd_sc_hd__o31ai_2)
     3    0.013092    0.174065    0.254628   11.436552 v _2537_/Y (sky130_fd_sc_hd__o31ai_2)
                                                         _0358_ (net)
                      0.174065    0.000000   11.436552 v _2793_/A1 (sky130_fd_sc_hd__a21bo_2)
     2    0.010263    0.096177    0.438372   11.874925 v _2793_/X (sky130_fd_sc_hd__a21bo_2)
                                                         _0612_ (net)
                      0.096177    0.000000   11.874925 v _2800_/A2 (sky130_fd_sc_hd__a21o_2)
     1    0.008431    0.085700    0.419428   12.294353 v _2800_/X (sky130_fd_sc_hd__a21o_2)
                                                         _0618_ (net)
                      0.085700    0.000000   12.294353 v _2850_/A (sky130_fd_sc_hd__xnor2_2)
     4    0.015020    0.186079    0.312718   12.607070 v _2850_/Y (sky130_fd_sc_hd__xnor2_2)
                                                         _0668_ (net)
                      0.186079    0.000000   12.607070 v _2851_/B (sky130_fd_sc_hd__or2_2)
     2    0.004711    0.124780    0.682101   13.289172 v _2851_/X (sky130_fd_sc_hd__or2_2)
                                                         _0669_ (net)
                      0.124780    0.000000   13.289172 v _2868_/C1 (sky130_fd_sc_hd__o211a_2)
     2    0.005415    0.086051    0.248929   13.538101 v _2868_/X (sky130_fd_sc_hd__o211a_2)
                                                         _0684_ (net)
                      0.086051    0.000000   13.538101 v _2869_/C (sky130_fd_sc_hd__or3_2)
     5    0.016209    0.249833    1.116107   14.654208 v _2869_/X (sky130_fd_sc_hd__or3_2)
                                                         _0685_ (net)
                      0.249833    0.000000   14.654208 v _2907_/A1 (sky130_fd_sc_hd__o21ai_2)
     5    0.015366    0.352685    0.439777   15.093986 ^ _2907_/Y (sky130_fd_sc_hd__o21ai_2)
                                                         _0719_ (net)
                      0.352685    0.000000   15.093986 ^ _2908_/B (sky130_fd_sc_hd__nand2b_2)
     3    0.009276    0.125583    0.224135   15.318121 v _2908_/Y (sky130_fd_sc_hd__nand2b_2)
                                                         _0720_ (net)
                      0.125583    0.000000   15.318121 v _2917_/A2 (sky130_fd_sc_hd__a31o_2)
     1    0.002251    0.062542    0.432770   15.750891 v _2917_/X (sky130_fd_sc_hd__a31o_2)
                                                         _0728_ (net)
                      0.062542    0.000000   15.750891 v _2918_/B2 (sky130_fd_sc_hd__o221a_2)
     1    0.001577    0.078108    0.413344   16.164234 v _2918_/X (sky130_fd_sc_hd__o221a_2)
                                                         _0012_ (net)
                      0.078108    0.000000   16.164234 v _3790_/D (sky130_fd_sc_hd__dfxtp_2)
                                             16.164234   data arrival time

                      0.150000   20.000000   20.000000   clock clk_i (rise edge)
                                  0.000000   20.000000   clock network delay (ideal)
                                 -0.250000   19.750002   clock uncertainty
                                  0.000000   19.750002   clock reconvergence pessimism
                                             19.750002 ^ _3790_/CLK (sky130_fd_sc_hd__dfxtp_2)
                                 -0.256087   19.493914   library setup time
                                             19.493914   data required time
---------------------------------------------------------------------------------------------
                                             19.493914   data required time
                                            -16.164234   data arrival time
---------------------------------------------------------------------------------------------
                                              3.329680   slack (MET)


Startpoint: _3845_ (rising edge-triggered flip-flop clocked by clk_i)
Endpoint: _3792_ (rising edge-triggered flip-flop clocked by clk_i)
Path Group: clk_i
Path Type: max

Fanout         Cap        Slew       Delay        Time   Description
---------------------------------------------------------------------------------------------
                      0.150000    0.000000    0.000000   clock clk_i (rise edge)
                                  0.000000    0.000000   clock network delay (ideal)
                      0.150000    0.000000    0.000000 ^ _3845_/CLK (sky130_fd_sc_hd__dfxtp_2)
    24    0.098598    0.419198    0.947398    0.947398 v _3845_/Q (sky130_fd_sc_hd__dfxtp_2)
                                                         s0_wire[2] (net)
                      0.419198    0.000000    0.947398 v _1943_/B (sky130_fd_sc_hd__and2_2)
     3    0.007929    0.095580    0.601523    1.548921 v _1943_/X (sky130_fd_sc_hd__and2_2)
                                                         _1557_ (net)
                      0.095580    0.000000    1.548921 v _2163_/B (sky130_fd_sc_hd__or2_2)
     2    0.006074    0.133029    0.659557    2.208477 v _2163_/X (sky130_fd_sc_hd__or2_2)
                                                         _1777_ (net)
                      0.133029    0.000000    2.208477 v _2164_/C (sky130_fd_sc_hd__and3_2)
     6    0.021946    0.156777    0.568229    2.776707 v _2164_/X (sky130_fd_sc_hd__and3_2)
                                                         _1778_ (net)
                      0.156777    0.000000    2.776707 v _2236_/A (sky130_fd_sc_hd__or2_2)
     4    0.020545    0.203436    0.827395    3.604102 v _2236_/X (sky130_fd_sc_hd__or2_2)
                                                         _1850_ (net)
                      0.203436    0.000000    3.604102 v _2428_/A1 (sky130_fd_sc_hd__o21a_2)
     2    0.012203    0.104101    0.490402    4.094504 v _2428_/X (sky130_fd_sc_hd__o21a_2)
                                                         _0250_ (net)
                      0.104101    0.000000    4.094504 v _2430_/B (sky130_fd_sc_hd__xor2_2)
     2    0.012889    0.170897    0.316776    4.411280 v _2430_/X (sky130_fd_sc_hd__xor2_2)
                                                         _0252_ (net)
                      0.170897    0.000000    4.411280 v _2440_/B (sky130_fd_sc_hd__xnor2_2)
     4    0.015444    0.189880    0.349654    4.760934 v _2440_/Y (sky130_fd_sc_hd__xnor2_2)
                                                         _0262_ (net)
                      0.189880    0.000000    4.760934 v _2479_/A_N (sky130_fd_sc_hd__nand4b_2)
     2    0.009270    0.261460    0.535286    5.296220 v _2479_/Y (sky130_fd_sc_hd__nand4b_2)
                                                         _0301_ (net)
                      0.261460    0.000000    5.296220 v _2480_/C (sky130_fd_sc_hd__or3_2)
     2    0.005678    0.187942    1.070257    6.366477 v _2480_/X (sky130_fd_sc_hd__or3_2)
                                                         _0302_ (net)
                      0.187942    0.000000    6.366477 v _2482_/C (sky130_fd_sc_hd__or4_2)
     4    0.016639    0.324784    1.669527    8.036003 v _2482_/X (sky130_fd_sc_hd__or4_2)
                                                         _0304_ (net)
                      0.324784    0.000000    8.036003 v _2499_/A (sky130_fd_sc_hd__and3_2)
     2    0.003462    0.076605    0.486005    8.522008 v _2499_/X (sky130_fd_sc_hd__and3_2)
                                                         _0321_ (net)
                      0.076605    0.000000    8.522008 v _2510_/B1 (sky130_fd_sc_hd__a21o_2)
     2    0.013053    0.105330    0.396447    8.918455 v _2510_/X (sky130_fd_sc_hd__a21o_2)
                                                         _0332_ (net)
                      0.105330    0.000000    8.918455 v _2512_/A1 (sky130_fd_sc_hd__a21oi_2)
     3    0.004616    0.161951    0.218809    9.137264 ^ _2512_/Y (sky130_fd_sc_hd__a21oi_2)
                                                         _0334_ (net)
                      0.161951    0.000000    9.137264 ^ _2515_/A_N (sky130_fd_sc_hd__and4b_2)
     1    0.002206    0.075625    0.490290    9.627555 v _2515_/X (sky130_fd_sc_hd__and4b_2)
                                                         _0337_ (net)
                      0.075625    0.000000    9.627555 v _2516_/B2 (sky130_fd_sc_hd__a22o_2)
     3    0.009913    0.102923    0.454926   10.082481 v _2516_/X (sky130_fd_sc_hd__a22o_2)
                                                         _0338_ (net)
                      0.102923    0.000000   10.082481 v _2520_/A1 (sky130_fd_sc_hd__a211oi_2)
     4    0.011239    0.448469    0.464705   10.547186 ^ _2520_/Y (sky130_fd_sc_hd__a211oi_2)
                                                         _0342_ (net)
                      0.448469    0.000000   10.547186 ^ _2524_/A2 (sky130_fd_sc_hd__o2111a_2)
     4    0.017388    0.201588    0.634739   11.181924 ^ _2524_/X (sky130_fd_sc_hd__o2111a_2)
                                                         _0346_ (net)
                      0.201588    0.000000   11.181924 ^ _2537_/A1 (sky130_fd_sc_hd__o31ai_2)
     3    0.013092    0.174065    0.254628   11.436552 v _2537_/Y (sky130_fd_sc_hd__o31ai_2)
                                                         _0358_ (net)
                      0.174065    0.000000   11.436552 v _2793_/A1 (sky130_fd_sc_hd__a21bo_2)
     2    0.010263    0.096177    0.438372   11.874925 v _2793_/X (sky130_fd_sc_hd__a21bo_2)
                                                         _0612_ (net)
                      0.096177    0.000000   11.874925 v _2800_/A2 (sky130_fd_sc_hd__a21o_2)
     1    0.008431    0.085700    0.419428   12.294353 v _2800_/X (sky130_fd_sc_hd__a21o_2)
                                                         _0618_ (net)
                      0.085700    0.000000   12.294353 v _2850_/A (sky130_fd_sc_hd__xnor2_2)
     4    0.015020    0.186079    0.312718   12.607070 v _2850_/Y (sky130_fd_sc_hd__xnor2_2)
                                                         _0668_ (net)
                      0.186079    0.000000   12.607070 v _2851_/B (sky130_fd_sc_hd__or2_2)
     2    0.004711    0.124780    0.682101   13.289172 v _2851_/X (sky130_fd_sc_hd__or2_2)
                                                         _0669_ (net)
                      0.124780    0.000000   13.289172 v _2868_/C1 (sky130_fd_sc_hd__o211a_2)
     2    0.005415    0.086051    0.248929   13.538101 v _2868_/X (sky130_fd_sc_hd__o211a_2)
                                                         _0684_ (net)
                      0.086051    0.000000   13.538101 v _2869_/C (sky130_fd_sc_hd__or3_2)
     5    0.016209    0.249833    1.116107   14.654208 v _2869_/X (sky130_fd_sc_hd__or3_2)
                                                         _0685_ (net)
                      0.249833    0.000000   14.654208 v _2907_/A1 (sky130_fd_sc_hd__o21ai_2)
     5    0.015366    0.352685    0.439777   15.093986 ^ _2907_/Y (sky130_fd_sc_hd__o21ai_2)
                                                         _0719_ (net)
                      0.352685    0.000000   15.093986 ^ _2927_/A1 (sky130_fd_sc_hd__a21boi_2)
     2    0.012182    0.158541    0.254342   15.348328 v _2927_/Y (sky130_fd_sc_hd__a21boi_2)
                                                         _0737_ (net)
                      0.158541    0.000000   15.348328 v _2936_/A2 (sky130_fd_sc_hd__o21bai_2)
     2    0.007114    0.213383    0.254447   15.602775 ^ _2936_/Y (sky130_fd_sc_hd__o21bai_2)
                                                         _0745_ (net)
                      0.213383    0.000000   15.602775 ^ _2937_/B (sky130_fd_sc_hd__nor2_2)
     1    0.002284    0.049157    0.098908   15.701682 v _2937_/Y (sky130_fd_sc_hd__nor2_2)
                                                         _0746_ (net)
                      0.049157    0.000000   15.701682 v _2939_/B1 (sky130_fd_sc_hd__o221a_2)
     1    0.001577    0.078108    0.436653   16.138336 v _2939_/X (sky130_fd_sc_hd__o221a_2)
                                                         _0014_ (net)
                      0.078108    0.000000   16.138336 v _3792_/D (sky130_fd_sc_hd__dfxtp_2)
                                             16.138336   data arrival time

                      0.150000   20.000000   20.000000   clock clk_i (rise edge)
                                  0.000000   20.000000   clock network delay (ideal)
                                 -0.250000   19.750002   clock uncertainty
                                  0.000000   19.750002   clock reconvergence pessimism
                                             19.750002 ^ _3792_/CLK (sky130_fd_sc_hd__dfxtp_2)
                                 -0.256087   19.493914   library setup time
                                             19.493914   data required time
---------------------------------------------------------------------------------------------
                                             19.493914   data required time
                                            -16.138336   data arrival time
---------------------------------------------------------------------------------------------
                                              3.355579   slack (MET)


Startpoint: _3845_ (rising edge-triggered flip-flop clocked by clk_i)
Endpoint: _3793_ (rising edge-triggered flip-flop clocked by clk_i)
Path Group: clk_i
Path Type: max

Fanout         Cap        Slew       Delay        Time   Description
---------------------------------------------------------------------------------------------
                      0.150000    0.000000    0.000000   clock clk_i (rise edge)
                                  0.000000    0.000000   clock network delay (ideal)
                      0.150000    0.000000    0.000000 ^ _3845_/CLK (sky130_fd_sc_hd__dfxtp_2)
    24    0.098598    0.419198    0.947398    0.947398 v _3845_/Q (sky130_fd_sc_hd__dfxtp_2)
                                                         s0_wire[2] (net)
                      0.419198    0.000000    0.947398 v _1943_/B (sky130_fd_sc_hd__and2_2)
     3    0.007929    0.095580    0.601523    1.548921 v _1943_/X (sky130_fd_sc_hd__and2_2)
                                                         _1557_ (net)
                      0.095580    0.000000    1.548921 v _2163_/B (sky130_fd_sc_hd__or2_2)
     2    0.006074    0.133029    0.659557    2.208477 v _2163_/X (sky130_fd_sc_hd__or2_2)
                                                         _1777_ (net)
                      0.133029    0.000000    2.208477 v _2164_/C (sky130_fd_sc_hd__and3_2)
     6    0.021946    0.156777    0.568229    2.776707 v _2164_/X (sky130_fd_sc_hd__and3_2)
                                                         _1778_ (net)
                      0.156777    0.000000    2.776707 v _2236_/A (sky130_fd_sc_hd__or2_2)
     4    0.020545    0.203436    0.827395    3.604102 v _2236_/X (sky130_fd_sc_hd__or2_2)
                                                         _1850_ (net)
                      0.203436    0.000000    3.604102 v _2428_/A1 (sky130_fd_sc_hd__o21a_2)
     2    0.012203    0.104101    0.490402    4.094504 v _2428_/X (sky130_fd_sc_hd__o21a_2)
                                                         _0250_ (net)
                      0.104101    0.000000    4.094504 v _2430_/B (sky130_fd_sc_hd__xor2_2)
     2    0.012889    0.170897    0.316776    4.411280 v _2430_/X (sky130_fd_sc_hd__xor2_2)
                                                         _0252_ (net)
                      0.170897    0.000000    4.411280 v _2440_/B (sky130_fd_sc_hd__xnor2_2)
     4    0.015444    0.189880    0.349654    4.760934 v _2440_/Y (sky130_fd_sc_hd__xnor2_2)
                                                         _0262_ (net)
                      0.189880    0.000000    4.760934 v _2479_/A_N (sky130_fd_sc_hd__nand4b_2)
     2    0.009270    0.261460    0.535286    5.296220 v _2479_/Y (sky130_fd_sc_hd__nand4b_2)
                                                         _0301_ (net)
                      0.261460    0.000000    5.296220 v _2480_/C (sky130_fd_sc_hd__or3_2)
     2    0.005678    0.187942    1.070257    6.366477 v _2480_/X (sky130_fd_sc_hd__or3_2)
                                                         _0302_ (net)
                      0.187942    0.000000    6.366477 v _2482_/C (sky130_fd_sc_hd__or4_2)
     4    0.016639    0.324784    1.669527    8.036003 v _2482_/X (sky130_fd_sc_hd__or4_2)
                                                         _0304_ (net)
                      0.324784    0.000000    8.036003 v _2499_/A (sky130_fd_sc_hd__and3_2)
     2    0.003462    0.076605    0.486005    8.522008 v _2499_/X (sky130_fd_sc_hd__and3_2)
                                                         _0321_ (net)
                      0.076605    0.000000    8.522008 v _2510_/B1 (sky130_fd_sc_hd__a21o_2)
     2    0.013053    0.105330    0.396447    8.918455 v _2510_/X (sky130_fd_sc_hd__a21o_2)
                                                         _0332_ (net)
                      0.105330    0.000000    8.918455 v _2512_/A1 (sky130_fd_sc_hd__a21oi_2)
     3    0.004616    0.161951    0.218809    9.137264 ^ _2512_/Y (sky130_fd_sc_hd__a21oi_2)
                                                         _0334_ (net)
                      0.161951    0.000000    9.137264 ^ _2515_/A_N (sky130_fd_sc_hd__and4b_2)
     1    0.002206    0.075625    0.490290    9.627555 v _2515_/X (sky130_fd_sc_hd__and4b_2)
                                                         _0337_ (net)
                      0.075625    0.000000    9.627555 v _2516_/B2 (sky130_fd_sc_hd__a22o_2)
     3    0.009913    0.102923    0.454926   10.082481 v _2516_/X (sky130_fd_sc_hd__a22o_2)
                                                         _0338_ (net)
                      0.102923    0.000000   10.082481 v _2520_/A1 (sky130_fd_sc_hd__a211oi_2)
     4    0.011239    0.448469    0.464705   10.547186 ^ _2520_/Y (sky130_fd_sc_hd__a211oi_2)
                                                         _0342_ (net)
                      0.448469    0.000000   10.547186 ^ _2524_/A2 (sky130_fd_sc_hd__o2111a_2)
     4    0.017388    0.201588    0.634739   11.181924 ^ _2524_/X (sky130_fd_sc_hd__o2111a_2)
                                                         _0346_ (net)
                      0.201588    0.000000   11.181924 ^ _2537_/A1 (sky130_fd_sc_hd__o31ai_2)
     3    0.013092    0.174065    0.254628   11.436552 v _2537_/Y (sky130_fd_sc_hd__o31ai_2)
                                                         _0358_ (net)
                      0.174065    0.000000   11.436552 v _2793_/A1 (sky130_fd_sc_hd__a21bo_2)
     2    0.010263    0.096177    0.438372   11.874925 v _2793_/X (sky130_fd_sc_hd__a21bo_2)
                                                         _0612_ (net)
                      0.096177    0.000000   11.874925 v _2800_/A2 (sky130_fd_sc_hd__a21o_2)
     1    0.008431    0.085700    0.419428   12.294353 v _2800_/X (sky130_fd_sc_hd__a21o_2)
                                                         _0618_ (net)
                      0.085700    0.000000   12.294353 v _2850_/A (sky130_fd_sc_hd__xnor2_2)
     4    0.015020    0.186079    0.312718   12.607070 v _2850_/Y (sky130_fd_sc_hd__xnor2_2)
                                                         _0668_ (net)
                      0.186079    0.000000   12.607070 v _2851_/B (sky130_fd_sc_hd__or2_2)
     2    0.004711    0.124780    0.682101   13.289172 v _2851_/X (sky130_fd_sc_hd__or2_2)
                                                         _0669_ (net)
                      0.124780    0.000000   13.289172 v _2868_/C1 (sky130_fd_sc_hd__o211a_2)
     2    0.005415    0.086051    0.248929   13.538101 v _2868_/X (sky130_fd_sc_hd__o211a_2)
                                                         _0684_ (net)
                      0.086051    0.000000   13.538101 v _2869_/C (sky130_fd_sc_hd__or3_2)
     5    0.016209    0.249833    1.116107   14.654208 v _2869_/X (sky130_fd_sc_hd__or3_2)
                                                         _0685_ (net)
                      0.249833    0.000000   14.654208 v _2907_/A1 (sky130_fd_sc_hd__o21ai_2)
     5    0.015366    0.352685    0.439777   15.093986 ^ _2907_/Y (sky130_fd_sc_hd__o21ai_2)
                                                         _0719_ (net)
                      0.352685    0.000000   15.093986 ^ _2950_/A1 (sky130_fd_sc_hd__a31o_2)
     2    0.013097    0.155202    0.481437   15.575422 ^ _2950_/X (sky130_fd_sc_hd__a31o_2)
                                                         _0758_ (net)
                      0.155202    0.000000   15.575422 ^ _2952_/B (sky130_fd_sc_hd__xnor2_2)
     1    0.002203    0.078448    0.129450   15.704872 v _2952_/Y (sky130_fd_sc_hd__xnor2_2)
                                                         _0760_ (net)
                      0.078448    0.000000   15.704872 v _2954_/A2 (sky130_fd_sc_hd__o211a_2)
     1    0.001577    0.064850    0.431815   16.136686 v _2954_/X (sky130_fd_sc_hd__o211a_2)
                                                         _0015_ (net)
                      0.064850    0.000000   16.136686 v _3793_/D (sky130_fd_sc_hd__dfxtp_2)
                                             16.136686   data arrival time

                      0.150000   20.000000   20.000000   clock clk_i (rise edge)
                                  0.000000   20.000000   clock network delay (ideal)
                                 -0.250000   19.750002   clock uncertainty
                                  0.000000   19.750002   clock reconvergence pessimism
                                             19.750002 ^ _3793_/CLK (sky130_fd_sc_hd__dfxtp_2)
                                 -0.250582   19.499420   library setup time
                                             19.499420   data required time
---------------------------------------------------------------------------------------------
                                             19.499420   data required time
                                            -16.136686   data arrival time
---------------------------------------------------------------------------------------------
                                              3.362732   slack (MET)


Startpoint: _3845_ (rising edge-triggered flip-flop clocked by clk_i)
Endpoint: _3797_ (rising edge-triggered flip-flop clocked by clk_i)
Path Group: clk_i
Path Type: max

Fanout         Cap        Slew       Delay        Time   Description
---------------------------------------------------------------------------------------------
                      0.150000    0.000000    0.000000   clock clk_i (rise edge)
                                  0.000000    0.000000   clock network delay (ideal)
                      0.150000    0.000000    0.000000 ^ _3845_/CLK (sky130_fd_sc_hd__dfxtp_2)
    24    0.098598    0.419198    0.947398    0.947398 v _3845_/Q (sky130_fd_sc_hd__dfxtp_2)
                                                         s0_wire[2] (net)
                      0.419198    0.000000    0.947398 v _1943_/B (sky130_fd_sc_hd__and2_2)
     3    0.007929    0.095580    0.601523    1.548921 v _1943_/X (sky130_fd_sc_hd__and2_2)
                                                         _1557_ (net)
                      0.095580    0.000000    1.548921 v _2163_/B (sky130_fd_sc_hd__or2_2)
     2    0.006074    0.133029    0.659557    2.208477 v _2163_/X (sky130_fd_sc_hd__or2_2)
                                                         _1777_ (net)
                      0.133029    0.000000    2.208477 v _2164_/C (sky130_fd_sc_hd__and3_2)
     6    0.021946    0.156777    0.568229    2.776707 v _2164_/X (sky130_fd_sc_hd__and3_2)
                                                         _1778_ (net)
                      0.156777    0.000000    2.776707 v _2236_/A (sky130_fd_sc_hd__or2_2)
     4    0.020545    0.203436    0.827395    3.604102 v _2236_/X (sky130_fd_sc_hd__or2_2)
                                                         _1850_ (net)
                      0.203436    0.000000    3.604102 v _2428_/A1 (sky130_fd_sc_hd__o21a_2)
     2    0.012203    0.104101    0.490402    4.094504 v _2428_/X (sky130_fd_sc_hd__o21a_2)
                                                         _0250_ (net)
                      0.104101    0.000000    4.094504 v _2430_/B (sky130_fd_sc_hd__xor2_2)
     2    0.012889    0.170897    0.316776    4.411280 v _2430_/X (sky130_fd_sc_hd__xor2_2)
                                                         _0252_ (net)
                      0.170897    0.000000    4.411280 v _2440_/B (sky130_fd_sc_hd__xnor2_2)
     4    0.015444    0.189880    0.349654    4.760934 v _2440_/Y (sky130_fd_sc_hd__xnor2_2)
                                                         _0262_ (net)
                      0.189880    0.000000    4.760934 v _2479_/A_N (sky130_fd_sc_hd__nand4b_2)
     2    0.009270    0.261460    0.535286    5.296220 v _2479_/Y (sky130_fd_sc_hd__nand4b_2)
                                                         _0301_ (net)
                      0.261460    0.000000    5.296220 v _2480_/C (sky130_fd_sc_hd__or3_2)
     2    0.005678    0.187942    1.070257    6.366477 v _2480_/X (sky130_fd_sc_hd__or3_2)
                                                         _0302_ (net)
                      0.187942    0.000000    6.366477 v _2482_/C (sky130_fd_sc_hd__or4_2)
     4    0.016639    0.324784    1.669527    8.036003 v _2482_/X (sky130_fd_sc_hd__or4_2)
                                                         _0304_ (net)
                      0.324784    0.000000    8.036003 v _2499_/A (sky130_fd_sc_hd__and3_2)
     2    0.003462    0.076605    0.486005    8.522008 v _2499_/X (sky130_fd_sc_hd__and3_2)
                                                         _0321_ (net)
                      0.076605    0.000000    8.522008 v _2510_/B1 (sky130_fd_sc_hd__a21o_2)
     2    0.013053    0.105330    0.396447    8.918455 v _2510_/X (sky130_fd_sc_hd__a21o_2)
                                                         _0332_ (net)
                      0.105330    0.000000    8.918455 v _2512_/A1 (sky130_fd_sc_hd__a21oi_2)
     3    0.004616    0.161951    0.218809    9.137264 ^ _2512_/Y (sky130_fd_sc_hd__a21oi_2)
                                                         _0334_ (net)
                      0.161951    0.000000    9.137264 ^ _2515_/A_N (sky130_fd_sc_hd__and4b_2)
     1    0.002206    0.075625    0.490290    9.627555 v _2515_/X (sky130_fd_sc_hd__and4b_2)
                                                         _0337_ (net)
                      0.075625    0.000000    9.627555 v _2516_/B2 (sky130_fd_sc_hd__a22o_2)
     3    0.009913    0.102923    0.454926   10.082481 v _2516_/X (sky130_fd_sc_hd__a22o_2)
                                                         _0338_ (net)
                      0.102923    0.000000   10.082481 v _2520_/A1 (sky130_fd_sc_hd__a211oi_2)
     4    0.011239    0.448469    0.464705   10.547186 ^ _2520_/Y (sky130_fd_sc_hd__a211oi_2)
                                                         _0342_ (net)
                      0.448469    0.000000   10.547186 ^ _2524_/A2 (sky130_fd_sc_hd__o2111a_2)
     4    0.017388    0.201588    0.634739   11.181924 ^ _2524_/X (sky130_fd_sc_hd__o2111a_2)
                                                         _0346_ (net)
                      0.201588    0.000000   11.181924 ^ _2537_/A1 (sky130_fd_sc_hd__o31ai_2)
     3    0.013092    0.174065    0.254628   11.436552 v _2537_/Y (sky130_fd_sc_hd__o31ai_2)
                                                         _0358_ (net)
                      0.174065    0.000000   11.436552 v _2793_/A1 (sky130_fd_sc_hd__a21bo_2)
     2    0.010263    0.096177    0.438372   11.874925 v _2793_/X (sky130_fd_sc_hd__a21bo_2)
                                                         _0612_ (net)
                      0.096177    0.000000   11.874925 v _2800_/A2 (sky130_fd_sc_hd__a21o_2)
     1    0.008431    0.085700    0.419428   12.294353 v _2800_/X (sky130_fd_sc_hd__a21o_2)
                                                         _0618_ (net)
                      0.085700    0.000000   12.294353 v _2850_/A (sky130_fd_sc_hd__xnor2_2)
     4    0.015020    0.186079    0.312718   12.607070 v _2850_/Y (sky130_fd_sc_hd__xnor2_2)
                                                         _0668_ (net)
                      0.186079    0.000000   12.607070 v _2851_/B (sky130_fd_sc_hd__or2_2)
     2    0.004711    0.124780    0.682101   13.289172 v _2851_/X (sky130_fd_sc_hd__or2_2)
                                                         _0669_ (net)
                      0.124780    0.000000   13.289172 v _2868_/C1 (sky130_fd_sc_hd__o211a_2)
     2    0.005415    0.086051    0.248929   13.538101 v _2868_/X (sky130_fd_sc_hd__o211a_2)
                                                         _0684_ (net)
                      0.086051    0.000000   13.538101 v _2869_/C (sky130_fd_sc_hd__or3_2)
     5    0.016209    0.249833    1.116107   14.654208 v _2869_/X (sky130_fd_sc_hd__or3_2)
                                                         _0685_ (net)
                      0.249833    0.000000   14.654208 v _2907_/A1 (sky130_fd_sc_hd__o21ai_2)
     5    0.015366    0.352685    0.439777   15.093986 ^ _2907_/Y (sky130_fd_sc_hd__o21ai_2)
                                                         _0719_ (net)
                      0.352685    0.000000   15.093986 ^ _2993_/A1 (sky130_fd_sc_hd__a21o_2)
     4    0.020138    0.178869    0.442199   15.536184 ^ _2993_/X (sky130_fd_sc_hd__a21o_2)
                                                         _0797_ (net)
                      0.178869    0.000000   15.536184 ^ _2995_/B (sky130_fd_sc_hd__xnor2_2)
     1    0.002203    0.078538    0.137110   15.673294 v _2995_/Y (sky130_fd_sc_hd__xnor2_2)
                                                         _0799_ (net)
                      0.078538    0.000000   15.673294 v _2997_/A2 (sky130_fd_sc_hd__o211a_2)
     1    0.001577    0.064850    0.431848   16.105143 v _2997_/X (sky130_fd_sc_hd__o211a_2)
                                                         _0019_ (net)
                      0.064850    0.000000   16.105143 v _3797_/D (sky130_fd_sc_hd__dfxtp_2)
                                             16.105143   data arrival time

                      0.150000   20.000000   20.000000   clock clk_i (rise edge)
                                  0.000000   20.000000   clock network delay (ideal)
                                 -0.250000   19.750002   clock uncertainty
                                  0.000000   19.750002   clock reconvergence pessimism
                                             19.750002 ^ _3797_/CLK (sky130_fd_sc_hd__dfxtp_2)
                                 -0.250582   19.499420   library setup time
                                             19.499420   data required time
---------------------------------------------------------------------------------------------
                                             19.499420   data required time
                                            -16.105143   data arrival time
---------------------------------------------------------------------------------------------
                                              3.394277   slack (MET)


Startpoint: _3845_ (rising edge-triggered flip-flop clocked by clk_i)
Endpoint: _3791_ (rising edge-triggered flip-flop clocked by clk_i)
Path Group: clk_i
Path Type: max

Fanout         Cap        Slew       Delay        Time   Description
---------------------------------------------------------------------------------------------
                      0.150000    0.000000    0.000000   clock clk_i (rise edge)
                                  0.000000    0.000000   clock network delay (ideal)
                      0.150000    0.000000    0.000000 ^ _3845_/CLK (sky130_fd_sc_hd__dfxtp_2)
    24    0.098598    0.419198    0.947398    0.947398 v _3845_/Q (sky130_fd_sc_hd__dfxtp_2)
                                                         s0_wire[2] (net)
                      0.419198    0.000000    0.947398 v _1943_/B (sky130_fd_sc_hd__and2_2)
     3    0.007929    0.095580    0.601523    1.548921 v _1943_/X (sky130_fd_sc_hd__and2_2)
                                                         _1557_ (net)
                      0.095580    0.000000    1.548921 v _2163_/B (sky130_fd_sc_hd__or2_2)
     2    0.006074    0.133029    0.659557    2.208477 v _2163_/X (sky130_fd_sc_hd__or2_2)
                                                         _1777_ (net)
                      0.133029    0.000000    2.208477 v _2164_/C (sky130_fd_sc_hd__and3_2)
     6    0.021946    0.156777    0.568229    2.776707 v _2164_/X (sky130_fd_sc_hd__and3_2)
                                                         _1778_ (net)
                      0.156777    0.000000    2.776707 v _2236_/A (sky130_fd_sc_hd__or2_2)
     4    0.020545    0.203436    0.827395    3.604102 v _2236_/X (sky130_fd_sc_hd__or2_2)
                                                         _1850_ (net)
                      0.203436    0.000000    3.604102 v _2428_/A1 (sky130_fd_sc_hd__o21a_2)
     2    0.012203    0.104101    0.490402    4.094504 v _2428_/X (sky130_fd_sc_hd__o21a_2)
                                                         _0250_ (net)
                      0.104101    0.000000    4.094504 v _2430_/B (sky130_fd_sc_hd__xor2_2)
     2    0.012889    0.170897    0.316776    4.411280 v _2430_/X (sky130_fd_sc_hd__xor2_2)
                                                         _0252_ (net)
                      0.170897    0.000000    4.411280 v _2440_/B (sky130_fd_sc_hd__xnor2_2)
     4    0.015444    0.189880    0.349654    4.760934 v _2440_/Y (sky130_fd_sc_hd__xnor2_2)
                                                         _0262_ (net)
                      0.189880    0.000000    4.760934 v _2479_/A_N (sky130_fd_sc_hd__nand4b_2)
     2    0.009270    0.261460    0.535286    5.296220 v _2479_/Y (sky130_fd_sc_hd__nand4b_2)
                                                         _0301_ (net)
                      0.261460    0.000000    5.296220 v _2480_/C (sky130_fd_sc_hd__or3_2)
     2    0.005678    0.187942    1.070257    6.366477 v _2480_/X (sky130_fd_sc_hd__or3_2)
                                                         _0302_ (net)
                      0.187942    0.000000    6.366477 v _2482_/C (sky130_fd_sc_hd__or4_2)
     4    0.016639    0.324784    1.669527    8.036003 v _2482_/X (sky130_fd_sc_hd__or4_2)
                                                         _0304_ (net)
                      0.324784    0.000000    8.036003 v _2499_/A (sky130_fd_sc_hd__and3_2)
     2    0.003462    0.076605    0.486005    8.522008 v _2499_/X (sky130_fd_sc_hd__and3_2)
                                                         _0321_ (net)
                      0.076605    0.000000    8.522008 v _2510_/B1 (sky130_fd_sc_hd__a21o_2)
     2    0.013053    0.105330    0.396447    8.918455 v _2510_/X (sky130_fd_sc_hd__a21o_2)
                                                         _0332_ (net)
                      0.105330    0.000000    8.918455 v _2512_/A1 (sky130_fd_sc_hd__a21oi_2)
     3    0.004616    0.161951    0.218809    9.137264 ^ _2512_/Y (sky130_fd_sc_hd__a21oi_2)
                                                         _0334_ (net)
                      0.161951    0.000000    9.137264 ^ _2515_/A_N (sky130_fd_sc_hd__and4b_2)
     1    0.002206    0.075625    0.490290    9.627555 v _2515_/X (sky130_fd_sc_hd__and4b_2)
                                                         _0337_ (net)
                      0.075625    0.000000    9.627555 v _2516_/B2 (sky130_fd_sc_hd__a22o_2)
     3    0.009913    0.102923    0.454926   10.082481 v _2516_/X (sky130_fd_sc_hd__a22o_2)
                                                         _0338_ (net)
                      0.102923    0.000000   10.082481 v _2520_/A1 (sky130_fd_sc_hd__a211oi_2)
     4    0.011239    0.448469    0.464705   10.547186 ^ _2520_/Y (sky130_fd_sc_hd__a211oi_2)
                                                         _0342_ (net)
                      0.448469    0.000000   10.547186 ^ _2524_/A2 (sky130_fd_sc_hd__o2111a_2)
     4    0.017388    0.201588    0.634739   11.181924 ^ _2524_/X (sky130_fd_sc_hd__o2111a_2)
                                                         _0346_ (net)
                      0.201588    0.000000   11.181924 ^ _2537_/A1 (sky130_fd_sc_hd__o31ai_2)
     3    0.013092    0.174065    0.254628   11.436552 v _2537_/Y (sky130_fd_sc_hd__o31ai_2)
                                                         _0358_ (net)
                      0.174065    0.000000   11.436552 v _2793_/A1 (sky130_fd_sc_hd__a21bo_2)
     2    0.010263    0.096177    0.438372   11.874925 v _2793_/X (sky130_fd_sc_hd__a21bo_2)
                                                         _0612_ (net)
                      0.096177    0.000000   11.874925 v _2800_/A2 (sky130_fd_sc_hd__a21o_2)
     1    0.008431    0.085700    0.419428   12.294353 v _2800_/X (sky130_fd_sc_hd__a21o_2)
                                                         _0618_ (net)
                      0.085700    0.000000   12.294353 v _2850_/A (sky130_fd_sc_hd__xnor2_2)
     4    0.015020    0.186079    0.312718   12.607070 v _2850_/Y (sky130_fd_sc_hd__xnor2_2)
                                                         _0668_ (net)
                      0.186079    0.000000   12.607070 v _2851_/B (sky130_fd_sc_hd__or2_2)
     2    0.004711    0.124780    0.682101   13.289172 v _2851_/X (sky130_fd_sc_hd__or2_2)
                                                         _0669_ (net)
                      0.124780    0.000000   13.289172 v _2868_/C1 (sky130_fd_sc_hd__o211a_2)
     2    0.005415    0.086051    0.248929   13.538101 v _2868_/X (sky130_fd_sc_hd__o211a_2)
                                                         _0684_ (net)
                      0.086051    0.000000   13.538101 v _2869_/C (sky130_fd_sc_hd__or3_2)
     5    0.016209    0.249833    1.116107   14.654208 v _2869_/X (sky130_fd_sc_hd__or3_2)
                                                         _0685_ (net)
                      0.249833    0.000000   14.654208 v _2907_/A1 (sky130_fd_sc_hd__o21ai_2)
     5    0.015366    0.352685    0.439777   15.093986 ^ _2907_/Y (sky130_fd_sc_hd__o21ai_2)
                                                         _0719_ (net)
                      0.352685    0.000000   15.093986 ^ _2927_/A1 (sky130_fd_sc_hd__a21boi_2)
     2    0.012182    0.158541    0.254342   15.348328 v _2927_/Y (sky130_fd_sc_hd__a21boi_2)
                                                         _0737_ (net)
                      0.158541    0.000000   15.348328 v _2928_/B (sky130_fd_sc_hd__xor2_2)
     1    0.002203    0.094928    0.281263   15.629590 v _2928_/X (sky130_fd_sc_hd__xor2_2)
                                                         _0738_ (net)
                      0.094928    0.000000   15.629590 v _2930_/A2 (sky130_fd_sc_hd__o211a_2)
     1    0.001577    0.064850    0.438854   16.068445 v _2930_/X (sky130_fd_sc_hd__o211a_2)
                                                         _0013_ (net)
                      0.064850    0.000000   16.068445 v _3791_/D (sky130_fd_sc_hd__dfxtp_2)
                                             16.068445   data arrival time

                      0.150000   20.000000   20.000000   clock clk_i (rise edge)
                                  0.000000   20.000000   clock network delay (ideal)
                                 -0.250000   19.750002   clock uncertainty
                                  0.000000   19.750002   clock reconvergence pessimism
                                             19.750002 ^ _3791_/CLK (sky130_fd_sc_hd__dfxtp_2)
                                 -0.250582   19.499420   library setup time
                                             19.499420   data required time
---------------------------------------------------------------------------------------------
                                             19.499420   data required time
                                            -16.068445   data arrival time
---------------------------------------------------------------------------------------------
                                              3.430975   slack (MET)


Startpoint: _3845_ (rising edge-triggered flip-flop clocked by clk_i)
Endpoint: _3789_ (rising edge-triggered flip-flop clocked by clk_i)
Path Group: clk_i
Path Type: max

Fanout         Cap        Slew       Delay        Time   Description
---------------------------------------------------------------------------------------------
                      0.150000    0.000000    0.000000   clock clk_i (rise edge)
                                  0.000000    0.000000   clock network delay (ideal)
                      0.150000    0.000000    0.000000 ^ _3845_/CLK (sky130_fd_sc_hd__dfxtp_2)
    24    0.098598    0.419198    0.947398    0.947398 v _3845_/Q (sky130_fd_sc_hd__dfxtp_2)
                                                         s0_wire[2] (net)
                      0.419198    0.000000    0.947398 v _1943_/B (sky130_fd_sc_hd__and2_2)
     3    0.007929    0.095580    0.601523    1.548921 v _1943_/X (sky130_fd_sc_hd__and2_2)
                                                         _1557_ (net)
                      0.095580    0.000000    1.548921 v _2163_/B (sky130_fd_sc_hd__or2_2)
     2    0.006074    0.133029    0.659557    2.208477 v _2163_/X (sky130_fd_sc_hd__or2_2)
                                                         _1777_ (net)
                      0.133029    0.000000    2.208477 v _2164_/C (sky130_fd_sc_hd__and3_2)
     6    0.021946    0.156777    0.568229    2.776707 v _2164_/X (sky130_fd_sc_hd__and3_2)
                                                         _1778_ (net)
                      0.156777    0.000000    2.776707 v _2236_/A (sky130_fd_sc_hd__or2_2)
     4    0.020545    0.203436    0.827395    3.604102 v _2236_/X (sky130_fd_sc_hd__or2_2)
                                                         _1850_ (net)
                      0.203436    0.000000    3.604102 v _2428_/A1 (sky130_fd_sc_hd__o21a_2)
     2    0.012203    0.104101    0.490402    4.094504 v _2428_/X (sky130_fd_sc_hd__o21a_2)
                                                         _0250_ (net)
                      0.104101    0.000000    4.094504 v _2430_/B (sky130_fd_sc_hd__xor2_2)
     2    0.012889    0.170897    0.316776    4.411280 v _2430_/X (sky130_fd_sc_hd__xor2_2)
                                                         _0252_ (net)
                      0.170897    0.000000    4.411280 v _2440_/B (sky130_fd_sc_hd__xnor2_2)
     4    0.015444    0.189880    0.349654    4.760934 v _2440_/Y (sky130_fd_sc_hd__xnor2_2)
                                                         _0262_ (net)
                      0.189880    0.000000    4.760934 v _2479_/A_N (sky130_fd_sc_hd__nand4b_2)
     2    0.009270    0.261460    0.535286    5.296220 v _2479_/Y (sky130_fd_sc_hd__nand4b_2)
                                                         _0301_ (net)
                      0.261460    0.000000    5.296220 v _2480_/C (sky130_fd_sc_hd__or3_2)
     2    0.005678    0.187942    1.070257    6.366477 v _2480_/X (sky130_fd_sc_hd__or3_2)
                                                         _0302_ (net)
                      0.187942    0.000000    6.366477 v _2482_/C (sky130_fd_sc_hd__or4_2)
     4    0.016639    0.324784    1.669527    8.036003 v _2482_/X (sky130_fd_sc_hd__or4_2)
                                                         _0304_ (net)
                      0.324784    0.000000    8.036003 v _2499_/A (sky130_fd_sc_hd__and3_2)
     2    0.003462    0.076605    0.486005    8.522008 v _2499_/X (sky130_fd_sc_hd__and3_2)
                                                         _0321_ (net)
                      0.076605    0.000000    8.522008 v _2510_/B1 (sky130_fd_sc_hd__a21o_2)
     2    0.013053    0.105330    0.396447    8.918455 v _2510_/X (sky130_fd_sc_hd__a21o_2)
                                                         _0332_ (net)
                      0.105330    0.000000    8.918455 v _2512_/A1 (sky130_fd_sc_hd__a21oi_2)
     3    0.004616    0.161951    0.218809    9.137264 ^ _2512_/Y (sky130_fd_sc_hd__a21oi_2)
                                                         _0334_ (net)
                      0.161951    0.000000    9.137264 ^ _2515_/A_N (sky130_fd_sc_hd__and4b_2)
     1    0.002206    0.075625    0.490290    9.627555 v _2515_/X (sky130_fd_sc_hd__and4b_2)
                                                         _0337_ (net)
                      0.075625    0.000000    9.627555 v _2516_/B2 (sky130_fd_sc_hd__a22o_2)
     3    0.009913    0.102923    0.454926   10.082481 v _2516_/X (sky130_fd_sc_hd__a22o_2)
                                                         _0338_ (net)
                      0.102923    0.000000   10.082481 v _2520_/A1 (sky130_fd_sc_hd__a211oi_2)
     4    0.011239    0.448469    0.464705   10.547186 ^ _2520_/Y (sky130_fd_sc_hd__a211oi_2)
                                                         _0342_ (net)
                      0.448469    0.000000   10.547186 ^ _2524_/A2 (sky130_fd_sc_hd__o2111a_2)
     4    0.017388    0.201588    0.634739   11.181924 ^ _2524_/X (sky130_fd_sc_hd__o2111a_2)
                                                         _0346_ (net)
                      0.201588    0.000000   11.181924 ^ _2537_/A1 (sky130_fd_sc_hd__o31ai_2)
     3    0.013092    0.174065    0.254628   11.436552 v _2537_/Y (sky130_fd_sc_hd__o31ai_2)
                                                         _0358_ (net)
                      0.174065    0.000000   11.436552 v _2793_/A1 (sky130_fd_sc_hd__a21bo_2)
     2    0.010263    0.096177    0.438372   11.874925 v _2793_/X (sky130_fd_sc_hd__a21bo_2)
                                                         _0612_ (net)
                      0.096177    0.000000   11.874925 v _2800_/A2 (sky130_fd_sc_hd__a21o_2)
     1    0.008431    0.085700    0.419428   12.294353 v _2800_/X (sky130_fd_sc_hd__a21o_2)
                                                         _0618_ (net)
                      0.085700    0.000000   12.294353 v _2850_/A (sky130_fd_sc_hd__xnor2_2)
     4    0.015020    0.186079    0.312718   12.607070 v _2850_/Y (sky130_fd_sc_hd__xnor2_2)
                                                         _0668_ (net)
                      0.186079    0.000000   12.607070 v _2851_/B (sky130_fd_sc_hd__or2_2)
     2    0.004711    0.124780    0.682101   13.289172 v _2851_/X (sky130_fd_sc_hd__or2_2)
                                                         _0669_ (net)
                      0.124780    0.000000   13.289172 v _2868_/C1 (sky130_fd_sc_hd__o211a_2)
     2    0.005415    0.086051    0.248929   13.538101 v _2868_/X (sky130_fd_sc_hd__o211a_2)
                                                         _0684_ (net)
                      0.086051    0.000000   13.538101 v _2869_/C (sky130_fd_sc_hd__or3_2)
     5    0.016209    0.249833    1.116107   14.654208 v _2869_/X (sky130_fd_sc_hd__or3_2)
                                                         _0685_ (net)
                      0.249833    0.000000   14.654208 v _2907_/A1 (sky130_fd_sc_hd__o21ai_2)
     5    0.015366    0.352685    0.439777   15.093986 ^ _2907_/Y (sky130_fd_sc_hd__o21ai_2)
                                                         _0719_ (net)
                      0.352685    0.000000   15.093986 ^ _2908_/B (sky130_fd_sc_hd__nand2b_2)
     3    0.009276    0.125583    0.224135   15.318121 v _2908_/Y (sky130_fd_sc_hd__nand2b_2)
                                                         _0720_ (net)
                      0.125583    0.000000   15.318121 v _2910_/A1 (sky130_fd_sc_hd__a21o_2)
     1    0.002288    0.058209    0.360339   15.678460 v _2910_/X (sky130_fd_sc_hd__a21o_2)
                                                         _0722_ (net)
                      0.058209    0.000000   15.678460 v _2911_/B1 (sky130_fd_sc_hd__o211a_2)
     1    0.001577    0.071586    0.221220   15.899680 v _2911_/X (sky130_fd_sc_hd__o211a_2)
                                                         _0011_ (net)
                      0.071586    0.000000   15.899680 v _3789_/D (sky130_fd_sc_hd__dfxtp_2)
                                             15.899680   data arrival time

                      0.150000   20.000000   20.000000   clock clk_i (rise edge)
                                  0.000000   20.000000   clock network delay (ideal)
                                 -0.250000   19.750002   clock uncertainty
                                  0.000000   19.750002   clock reconvergence pessimism
                                             19.750002 ^ _3789_/CLK (sky130_fd_sc_hd__dfxtp_2)
                                 -0.253379   19.496622   library setup time
                                             19.496622   data required time
---------------------------------------------------------------------------------------------
                                             19.496622   data required time
                                            -15.899680   data arrival time
---------------------------------------------------------------------------------------------
                                              3.596941   slack (MET)


Startpoint: _3845_ (rising edge-triggered flip-flop clocked by clk_i)
Endpoint: _3787_ (rising edge-triggered flip-flop clocked by clk_i)
Path Group: clk_i
Path Type: max

Fanout         Cap        Slew       Delay        Time   Description
---------------------------------------------------------------------------------------------
                      0.150000    0.000000    0.000000   clock clk_i (rise edge)
                                  0.000000    0.000000   clock network delay (ideal)
                      0.150000    0.000000    0.000000 ^ _3845_/CLK (sky130_fd_sc_hd__dfxtp_2)
    24    0.098598    0.419198    0.947398    0.947398 v _3845_/Q (sky130_fd_sc_hd__dfxtp_2)
                                                         s0_wire[2] (net)
                      0.419198    0.000000    0.947398 v _1943_/B (sky130_fd_sc_hd__and2_2)
     3    0.007929    0.095580    0.601523    1.548921 v _1943_/X (sky130_fd_sc_hd__and2_2)
                                                         _1557_ (net)
                      0.095580    0.000000    1.548921 v _2163_/B (sky130_fd_sc_hd__or2_2)
     2    0.006074    0.133029    0.659557    2.208477 v _2163_/X (sky130_fd_sc_hd__or2_2)
                                                         _1777_ (net)
                      0.133029    0.000000    2.208477 v _2164_/C (sky130_fd_sc_hd__and3_2)
     6    0.021946    0.156777    0.568229    2.776707 v _2164_/X (sky130_fd_sc_hd__and3_2)
                                                         _1778_ (net)
                      0.156777    0.000000    2.776707 v _2236_/A (sky130_fd_sc_hd__or2_2)
     4    0.020545    0.203436    0.827395    3.604102 v _2236_/X (sky130_fd_sc_hd__or2_2)
                                                         _1850_ (net)
                      0.203436    0.000000    3.604102 v _2428_/A1 (sky130_fd_sc_hd__o21a_2)
     2    0.012203    0.104101    0.490402    4.094504 v _2428_/X (sky130_fd_sc_hd__o21a_2)
                                                         _0250_ (net)
                      0.104101    0.000000    4.094504 v _2430_/B (sky130_fd_sc_hd__xor2_2)
     2    0.012889    0.170897    0.316776    4.411280 v _2430_/X (sky130_fd_sc_hd__xor2_2)
                                                         _0252_ (net)
                      0.170897    0.000000    4.411280 v _2440_/B (sky130_fd_sc_hd__xnor2_2)
     4    0.015444    0.189880    0.349654    4.760934 v _2440_/Y (sky130_fd_sc_hd__xnor2_2)
                                                         _0262_ (net)
                      0.189880    0.000000    4.760934 v _2479_/A_N (sky130_fd_sc_hd__nand4b_2)
     2    0.009270    0.261460    0.535286    5.296220 v _2479_/Y (sky130_fd_sc_hd__nand4b_2)
                                                         _0301_ (net)
                      0.261460    0.000000    5.296220 v _2480_/C (sky130_fd_sc_hd__or3_2)
     2    0.005678    0.187942    1.070257    6.366477 v _2480_/X (sky130_fd_sc_hd__or3_2)
                                                         _0302_ (net)
                      0.187942    0.000000    6.366477 v _2482_/C (sky130_fd_sc_hd__or4_2)
     4    0.016639    0.324784    1.669527    8.036003 v _2482_/X (sky130_fd_sc_hd__or4_2)
                                                         _0304_ (net)
                      0.324784    0.000000    8.036003 v _2499_/A (sky130_fd_sc_hd__and3_2)
     2    0.003462    0.076605    0.486005    8.522008 v _2499_/X (sky130_fd_sc_hd__and3_2)
                                                         _0321_ (net)
                      0.076605    0.000000    8.522008 v _2510_/B1 (sky130_fd_sc_hd__a21o_2)
     2    0.013053    0.105330    0.396447    8.918455 v _2510_/X (sky130_fd_sc_hd__a21o_2)
                                                         _0332_ (net)
                      0.105330    0.000000    8.918455 v _2512_/A1 (sky130_fd_sc_hd__a21oi_2)
     3    0.004616    0.161951    0.218809    9.137264 ^ _2512_/Y (sky130_fd_sc_hd__a21oi_2)
                                                         _0334_ (net)
                      0.161951    0.000000    9.137264 ^ _2515_/A_N (sky130_fd_sc_hd__and4b_2)
     1    0.002206    0.075625    0.490290    9.627555 v _2515_/X (sky130_fd_sc_hd__and4b_2)
                                                         _0337_ (net)
                      0.075625    0.000000    9.627555 v _2516_/B2 (sky130_fd_sc_hd__a22o_2)
     3    0.009913    0.102923    0.454926   10.082481 v _2516_/X (sky130_fd_sc_hd__a22o_2)
                                                         _0338_ (net)
                      0.102923    0.000000   10.082481 v _2520_/A1 (sky130_fd_sc_hd__a211oi_2)
     4    0.011239    0.448469    0.464705   10.547186 ^ _2520_/Y (sky130_fd_sc_hd__a211oi_2)
                                                         _0342_ (net)
                      0.448469    0.000000   10.547186 ^ _2524_/A2 (sky130_fd_sc_hd__o2111a_2)
     4    0.017388    0.201588    0.634739   11.181924 ^ _2524_/X (sky130_fd_sc_hd__o2111a_2)
                                                         _0346_ (net)
                      0.201588    0.000000   11.181924 ^ _2537_/A1 (sky130_fd_sc_hd__o31ai_2)
     3    0.013092    0.174065    0.254628   11.436552 v _2537_/Y (sky130_fd_sc_hd__o31ai_2)
                                                         _0358_ (net)
                      0.174065    0.000000   11.436552 v _2793_/A1 (sky130_fd_sc_hd__a21bo_2)
     2    0.010263    0.096177    0.438372   11.874925 v _2793_/X (sky130_fd_sc_hd__a21bo_2)
                                                         _0612_ (net)
                      0.096177    0.000000   11.874925 v _2800_/A2 (sky130_fd_sc_hd__a21o_2)
     1    0.008431    0.085700    0.419428   12.294353 v _2800_/X (sky130_fd_sc_hd__a21o_2)
                                                         _0618_ (net)
                      0.085700    0.000000   12.294353 v _2850_/A (sky130_fd_sc_hd__xnor2_2)
     4    0.015020    0.186079    0.312718   12.607070 v _2850_/Y (sky130_fd_sc_hd__xnor2_2)
                                                         _0668_ (net)
                      0.186079    0.000000   12.607070 v _2851_/B (sky130_fd_sc_hd__or2_2)
     2    0.004711    0.124780    0.682101   13.289172 v _2851_/X (sky130_fd_sc_hd__or2_2)
                                                         _0669_ (net)
                      0.124780    0.000000   13.289172 v _2868_/C1 (sky130_fd_sc_hd__o211a_2)
     2    0.005415    0.086051    0.248929   13.538101 v _2868_/X (sky130_fd_sc_hd__o211a_2)
                                                         _0684_ (net)
                      0.086051    0.000000   13.538101 v _2869_/C (sky130_fd_sc_hd__or3_2)
     5    0.016209    0.249833    1.116107   14.654208 v _2869_/X (sky130_fd_sc_hd__or3_2)
                                                         _0685_ (net)
                      0.249833    0.000000   14.654208 v _2881_/A3 (sky130_fd_sc_hd__a31o_2)
     2    0.010473    0.100407    0.565197   15.219405 v _2881_/X (sky130_fd_sc_hd__a31o_2)
                                                         _0695_ (net)
                      0.100407    0.000000   15.219405 v _2882_/B (sky130_fd_sc_hd__xnor2_2)
     1    0.004617    0.188300    0.213635   15.433041 ^ _2882_/Y (sky130_fd_sc_hd__xnor2_2)
                                                         _0696_ (net)
                      0.188300    0.000000   15.433041 ^ _2883_/B (sky130_fd_sc_hd__nand2_2)
     1    0.002288    0.273789    0.126704   15.559744 v _2883_/Y (sky130_fd_sc_hd__nand2_2)
                                                         _0697_ (net)
                      0.273789    0.000000   15.559744 v _2884_/B1 (sky130_fd_sc_hd__o211a_2)
     1    0.001577    0.071586    0.325587   15.885331 v _2884_/X (sky130_fd_sc_hd__o211a_2)
                                                         _0009_ (net)
                      0.071586    0.000000   15.885331 v _3787_/D (sky130_fd_sc_hd__dfxtp_2)
                                             15.885331   data arrival time

                      0.150000   20.000000   20.000000   clock clk_i (rise edge)
                                  0.000000   20.000000   clock network delay (ideal)
                                 -0.250000   19.750002   clock uncertainty
                                  0.000000   19.750002   clock reconvergence pessimism
                                             19.750002 ^ _3787_/CLK (sky130_fd_sc_hd__dfxtp_2)
                                 -0.253379   19.496622   library setup time
                                             19.496622   data required time
---------------------------------------------------------------------------------------------
                                             19.496622   data required time
                                            -15.885331   data arrival time
---------------------------------------------------------------------------------------------
                                              3.611291   slack (MET)


Startpoint: _3845_ (rising edge-triggered flip-flop clocked by clk_i)
Endpoint: _3786_ (rising edge-triggered flip-flop clocked by clk_i)
Path Group: clk_i
Path Type: max

Fanout         Cap        Slew       Delay        Time   Description
---------------------------------------------------------------------------------------------
                      0.150000    0.000000    0.000000   clock clk_i (rise edge)
                                  0.000000    0.000000   clock network delay (ideal)
                      0.150000    0.000000    0.000000 ^ _3845_/CLK (sky130_fd_sc_hd__dfxtp_2)
    24    0.098598    0.419198    0.947398    0.947398 v _3845_/Q (sky130_fd_sc_hd__dfxtp_2)
                                                         s0_wire[2] (net)
                      0.419198    0.000000    0.947398 v _1943_/B (sky130_fd_sc_hd__and2_2)
     3    0.007929    0.095580    0.601523    1.548921 v _1943_/X (sky130_fd_sc_hd__and2_2)
                                                         _1557_ (net)
                      0.095580    0.000000    1.548921 v _2163_/B (sky130_fd_sc_hd__or2_2)
     2    0.006074    0.133029    0.659557    2.208477 v _2163_/X (sky130_fd_sc_hd__or2_2)
                                                         _1777_ (net)
                      0.133029    0.000000    2.208477 v _2164_/C (sky130_fd_sc_hd__and3_2)
     6    0.021946    0.156777    0.568229    2.776707 v _2164_/X (sky130_fd_sc_hd__and3_2)
                                                         _1778_ (net)
                      0.156777    0.000000    2.776707 v _2236_/A (sky130_fd_sc_hd__or2_2)
     4    0.020545    0.203436    0.827395    3.604102 v _2236_/X (sky130_fd_sc_hd__or2_2)
                                                         _1850_ (net)
                      0.203436    0.000000    3.604102 v _2428_/A1 (sky130_fd_sc_hd__o21a_2)
     2    0.012203    0.104101    0.490402    4.094504 v _2428_/X (sky130_fd_sc_hd__o21a_2)
                                                         _0250_ (net)
                      0.104101    0.000000    4.094504 v _2430_/B (sky130_fd_sc_hd__xor2_2)
     2    0.012889    0.170897    0.316776    4.411280 v _2430_/X (sky130_fd_sc_hd__xor2_2)
                                                         _0252_ (net)
                      0.170897    0.000000    4.411280 v _2440_/B (sky130_fd_sc_hd__xnor2_2)
     4    0.015444    0.189880    0.349654    4.760934 v _2440_/Y (sky130_fd_sc_hd__xnor2_2)
                                                         _0262_ (net)
                      0.189880    0.000000    4.760934 v _2479_/A_N (sky130_fd_sc_hd__nand4b_2)
     2    0.009270    0.261460    0.535286    5.296220 v _2479_/Y (sky130_fd_sc_hd__nand4b_2)
                                                         _0301_ (net)
                      0.261460    0.000000    5.296220 v _2480_/C (sky130_fd_sc_hd__or3_2)
     2    0.005678    0.187942    1.070257    6.366477 v _2480_/X (sky130_fd_sc_hd__or3_2)
                                                         _0302_ (net)
                      0.187942    0.000000    6.366477 v _2482_/C (sky130_fd_sc_hd__or4_2)
     4    0.016639    0.324784    1.669527    8.036003 v _2482_/X (sky130_fd_sc_hd__or4_2)
                                                         _0304_ (net)
                      0.324784    0.000000    8.036003 v _2499_/A (sky130_fd_sc_hd__and3_2)
     2    0.003462    0.076605    0.486005    8.522008 v _2499_/X (sky130_fd_sc_hd__and3_2)
                                                         _0321_ (net)
                      0.076605    0.000000    8.522008 v _2510_/B1 (sky130_fd_sc_hd__a21o_2)
     2    0.013053    0.105330    0.396447    8.918455 v _2510_/X (sky130_fd_sc_hd__a21o_2)
                                                         _0332_ (net)
                      0.105330    0.000000    8.918455 v _2512_/A1 (sky130_fd_sc_hd__a21oi_2)
     3    0.004616    0.161951    0.218809    9.137264 ^ _2512_/Y (sky130_fd_sc_hd__a21oi_2)
                                                         _0334_ (net)
                      0.161951    0.000000    9.137264 ^ _2515_/A_N (sky130_fd_sc_hd__and4b_2)
     1    0.002206    0.075625    0.490290    9.627555 v _2515_/X (sky130_fd_sc_hd__and4b_2)
                                                         _0337_ (net)
                      0.075625    0.000000    9.627555 v _2516_/B2 (sky130_fd_sc_hd__a22o_2)
     3    0.009913    0.102923    0.454926   10.082481 v _2516_/X (sky130_fd_sc_hd__a22o_2)
                                                         _0338_ (net)
                      0.102923    0.000000   10.082481 v _2520_/A1 (sky130_fd_sc_hd__a211oi_2)
     4    0.011239    0.448469    0.464705   10.547186 ^ _2520_/Y (sky130_fd_sc_hd__a211oi_2)
                                                         _0342_ (net)
                      0.448469    0.000000   10.547186 ^ _2524_/A2 (sky130_fd_sc_hd__o2111a_2)
     4    0.017388    0.201588    0.634739   11.181924 ^ _2524_/X (sky130_fd_sc_hd__o2111a_2)
                                                         _0346_ (net)
                      0.201588    0.000000   11.181924 ^ _2537_/A1 (sky130_fd_sc_hd__o31ai_2)
     3    0.013092    0.174065    0.254628   11.436552 v _2537_/Y (sky130_fd_sc_hd__o31ai_2)
                                                         _0358_ (net)
                      0.174065    0.000000   11.436552 v _2793_/A1 (sky130_fd_sc_hd__a21bo_2)
     2    0.010263    0.096177    0.438372   11.874925 v _2793_/X (sky130_fd_sc_hd__a21bo_2)
                                                         _0612_ (net)
                      0.096177    0.000000   11.874925 v _2800_/A2 (sky130_fd_sc_hd__a21o_2)
     1    0.008431    0.085700    0.419428   12.294353 v _2800_/X (sky130_fd_sc_hd__a21o_2)
                                                         _0618_ (net)
                      0.085700    0.000000   12.294353 v _2850_/A (sky130_fd_sc_hd__xnor2_2)
     4    0.015020    0.186079    0.312718   12.607070 v _2850_/Y (sky130_fd_sc_hd__xnor2_2)
                                                         _0668_ (net)
                      0.186079    0.000000   12.607070 v _2851_/B (sky130_fd_sc_hd__or2_2)
     2    0.004711    0.124780    0.682101   13.289172 v _2851_/X (sky130_fd_sc_hd__or2_2)
                                                         _0669_ (net)
                      0.124780    0.000000   13.289172 v _2868_/C1 (sky130_fd_sc_hd__o211a_2)
     2    0.005415    0.086051    0.248929   13.538101 v _2868_/X (sky130_fd_sc_hd__o211a_2)
                                                         _0684_ (net)
                      0.086051    0.000000   13.538101 v _2869_/C (sky130_fd_sc_hd__or3_2)
     5    0.016209    0.249833    1.116107   14.654208 v _2869_/X (sky130_fd_sc_hd__or3_2)
                                                         _0685_ (net)
                      0.249833    0.000000   14.654208 v _2876_/A2 (sky130_fd_sc_hd__a31o_2)
     1    0.002251    0.062542    0.488080   15.142288 v _2876_/X (sky130_fd_sc_hd__a31o_2)
                                                         _0691_ (net)
                      0.062542    0.000000   15.142288 v _2877_/B2 (sky130_fd_sc_hd__o221a_2)
     1    0.001577    0.078108    0.413344   15.555632 v _2877_/X (sky130_fd_sc_hd__o221a_2)
                                                         _0008_ (net)
                      0.078108    0.000000   15.555632 v _3786_/D (sky130_fd_sc_hd__dfxtp_2)
                                             15.555632   data arrival time

                      0.150000   20.000000   20.000000   clock clk_i (rise edge)
                                  0.000000   20.000000   clock network delay (ideal)
                                 -0.250000   19.750002   clock uncertainty
                                  0.000000   19.750002   clock reconvergence pessimism
                                             19.750002 ^ _3786_/CLK (sky130_fd_sc_hd__dfxtp_2)
                                 -0.256087   19.493914   library setup time
                                             19.493914   data required time
---------------------------------------------------------------------------------------------
                                             19.493914   data required time
                                            -15.555632   data arrival time
---------------------------------------------------------------------------------------------
                                              3.938283   slack (MET)


Startpoint: _3845_ (rising edge-triggered flip-flop clocked by clk_i)
Endpoint: _3785_ (rising edge-triggered flip-flop clocked by clk_i)
Path Group: clk_i
Path Type: max

Fanout         Cap        Slew       Delay        Time   Description
---------------------------------------------------------------------------------------------
                      0.150000    0.000000    0.000000   clock clk_i (rise edge)
                                  0.000000    0.000000   clock network delay (ideal)
                      0.150000    0.000000    0.000000 ^ _3845_/CLK (sky130_fd_sc_hd__dfxtp_2)
    24    0.098598    0.419198    0.947398    0.947398 v _3845_/Q (sky130_fd_sc_hd__dfxtp_2)
                                                         s0_wire[2] (net)
                      0.419198    0.000000    0.947398 v _1943_/B (sky130_fd_sc_hd__and2_2)
     3    0.007929    0.095580    0.601523    1.548921 v _1943_/X (sky130_fd_sc_hd__and2_2)
                                                         _1557_ (net)
                      0.095580    0.000000    1.548921 v _2163_/B (sky130_fd_sc_hd__or2_2)
     2    0.006074    0.133029    0.659557    2.208477 v _2163_/X (sky130_fd_sc_hd__or2_2)
                                                         _1777_ (net)
                      0.133029    0.000000    2.208477 v _2164_/C (sky130_fd_sc_hd__and3_2)
     6    0.021946    0.156777    0.568229    2.776707 v _2164_/X (sky130_fd_sc_hd__and3_2)
                                                         _1778_ (net)
                      0.156777    0.000000    2.776707 v _2236_/A (sky130_fd_sc_hd__or2_2)
     4    0.020545    0.203436    0.827395    3.604102 v _2236_/X (sky130_fd_sc_hd__or2_2)
                                                         _1850_ (net)
                      0.203436    0.000000    3.604102 v _2428_/A1 (sky130_fd_sc_hd__o21a_2)
     2    0.012203    0.104101    0.490402    4.094504 v _2428_/X (sky130_fd_sc_hd__o21a_2)
                                                         _0250_ (net)
                      0.104101    0.000000    4.094504 v _2430_/B (sky130_fd_sc_hd__xor2_2)
     2    0.012889    0.170897    0.316776    4.411280 v _2430_/X (sky130_fd_sc_hd__xor2_2)
                                                         _0252_ (net)
                      0.170897    0.000000    4.411280 v _2440_/B (sky130_fd_sc_hd__xnor2_2)
     4    0.015444    0.189880    0.349654    4.760934 v _2440_/Y (sky130_fd_sc_hd__xnor2_2)
                                                         _0262_ (net)
                      0.189880    0.000000    4.760934 v _2479_/A_N (sky130_fd_sc_hd__nand4b_2)
     2    0.009270    0.261460    0.535286    5.296220 v _2479_/Y (sky130_fd_sc_hd__nand4b_2)
                                                         _0301_ (net)
                      0.261460    0.000000    5.296220 v _2480_/C (sky130_fd_sc_hd__or3_2)
     2    0.005678    0.187942    1.070257    6.366477 v _2480_/X (sky130_fd_sc_hd__or3_2)
                                                         _0302_ (net)
                      0.187942    0.000000    6.366477 v _2482_/C (sky130_fd_sc_hd__or4_2)
     4    0.016639    0.324784    1.669527    8.036003 v _2482_/X (sky130_fd_sc_hd__or4_2)
                                                         _0304_ (net)
                      0.324784    0.000000    8.036003 v _2499_/A (sky130_fd_sc_hd__and3_2)
     2    0.003462    0.076605    0.486005    8.522008 v _2499_/X (sky130_fd_sc_hd__and3_2)
                                                         _0321_ (net)
                      0.076605    0.000000    8.522008 v _2510_/B1 (sky130_fd_sc_hd__a21o_2)
     2    0.013053    0.105330    0.396447    8.918455 v _2510_/X (sky130_fd_sc_hd__a21o_2)
                                                         _0332_ (net)
                      0.105330    0.000000    8.918455 v _2512_/A1 (sky130_fd_sc_hd__a21oi_2)
     3    0.004616    0.161951    0.218809    9.137264 ^ _2512_/Y (sky130_fd_sc_hd__a21oi_2)
                                                         _0334_ (net)
                      0.161951    0.000000    9.137264 ^ _2515_/A_N (sky130_fd_sc_hd__and4b_2)
     1    0.002206    0.075625    0.490290    9.627555 v _2515_/X (sky130_fd_sc_hd__and4b_2)
                                                         _0337_ (net)
                      0.075625    0.000000    9.627555 v _2516_/B2 (sky130_fd_sc_hd__a22o_2)
     3    0.009913    0.102923    0.454926   10.082481 v _2516_/X (sky130_fd_sc_hd__a22o_2)
                                                         _0338_ (net)
                      0.102923    0.000000   10.082481 v _2520_/A1 (sky130_fd_sc_hd__a211oi_2)
     4    0.011239    0.448469    0.464705   10.547186 ^ _2520_/Y (sky130_fd_sc_hd__a211oi_2)
                                                         _0342_ (net)
                      0.448469    0.000000   10.547186 ^ _2524_/A2 (sky130_fd_sc_hd__o2111a_2)
     4    0.017388    0.201588    0.634739   11.181924 ^ _2524_/X (sky130_fd_sc_hd__o2111a_2)
                                                         _0346_ (net)
                      0.201588    0.000000   11.181924 ^ _2537_/A1 (sky130_fd_sc_hd__o31ai_2)
     3    0.013092    0.174065    0.254628   11.436552 v _2537_/Y (sky130_fd_sc_hd__o31ai_2)
                                                         _0358_ (net)
                      0.174065    0.000000   11.436552 v _2793_/A1 (sky130_fd_sc_hd__a21bo_2)
     2    0.010263    0.096177    0.438372   11.874925 v _2793_/X (sky130_fd_sc_hd__a21bo_2)
                                                         _0612_ (net)
                      0.096177    0.000000   11.874925 v _2800_/A2 (sky130_fd_sc_hd__a21o_2)
     1    0.008431    0.085700    0.419428   12.294353 v _2800_/X (sky130_fd_sc_hd__a21o_2)
                                                         _0618_ (net)
                      0.085700    0.000000   12.294353 v _2850_/A (sky130_fd_sc_hd__xnor2_2)
     4    0.015020    0.186079    0.312718   12.607070 v _2850_/Y (sky130_fd_sc_hd__xnor2_2)
                                                         _0668_ (net)
                      0.186079    0.000000   12.607070 v _2851_/B (sky130_fd_sc_hd__or2_2)
     2    0.004711    0.124780    0.682101   13.289172 v _2851_/X (sky130_fd_sc_hd__or2_2)
                                                         _0669_ (net)
                      0.124780    0.000000   13.289172 v _2868_/C1 (sky130_fd_sc_hd__o211a_2)
     2    0.005415    0.086051    0.248929   13.538101 v _2868_/X (sky130_fd_sc_hd__o211a_2)
                                                         _0684_ (net)
                      0.086051    0.000000   13.538101 v _2869_/C (sky130_fd_sc_hd__or3_2)
     5    0.016209    0.249833    1.116107   14.654208 v _2869_/X (sky130_fd_sc_hd__or3_2)
                                                         _0685_ (net)
                      0.249833    0.000000   14.654208 v _2871_/A1 (sky130_fd_sc_hd__a21o_2)
     1    0.002288    0.058698    0.412920   15.067128 v _2871_/X (sky130_fd_sc_hd__a21o_2)
                                                         _0687_ (net)
                      0.058698    0.000000   15.067128 v _2872_/B1 (sky130_fd_sc_hd__o211a_2)
     1    0.001577    0.071586    0.221457   15.288585 v _2872_/X (sky130_fd_sc_hd__o211a_2)
                                                         _0007_ (net)
                      0.071586    0.000000   15.288585 v _3785_/D (sky130_fd_sc_hd__dfxtp_2)
                                             15.288585   data arrival time

                      0.150000   20.000000   20.000000   clock clk_i (rise edge)
                                  0.000000   20.000000   clock network delay (ideal)
                                 -0.250000   19.750002   clock uncertainty
                                  0.000000   19.750002   clock reconvergence pessimism
                                             19.750002 ^ _3785_/CLK (sky130_fd_sc_hd__dfxtp_2)
                                 -0.253379   19.496622   library setup time
                                             19.496622   data required time
---------------------------------------------------------------------------------------------
                                             19.496622   data required time
                                            -15.288585   data arrival time
---------------------------------------------------------------------------------------------
                                              4.208037   slack (MET)


Startpoint: _3845_ (rising edge-triggered flip-flop clocked by clk_i)
Endpoint: _3784_ (rising edge-triggered flip-flop clocked by clk_i)
Path Group: clk_i
Path Type: max

Fanout         Cap        Slew       Delay        Time   Description
---------------------------------------------------------------------------------------------
                      0.150000    0.000000    0.000000   clock clk_i (rise edge)
                                  0.000000    0.000000   clock network delay (ideal)
                      0.150000    0.000000    0.000000 ^ _3845_/CLK (sky130_fd_sc_hd__dfxtp_2)
    24    0.098598    0.419198    0.947398    0.947398 v _3845_/Q (sky130_fd_sc_hd__dfxtp_2)
                                                         s0_wire[2] (net)
                      0.419198    0.000000    0.947398 v _1943_/B (sky130_fd_sc_hd__and2_2)
     3    0.007929    0.095580    0.601523    1.548921 v _1943_/X (sky130_fd_sc_hd__and2_2)
                                                         _1557_ (net)
                      0.095580    0.000000    1.548921 v _2163_/B (sky130_fd_sc_hd__or2_2)
     2    0.006074    0.133029    0.659557    2.208477 v _2163_/X (sky130_fd_sc_hd__or2_2)
                                                         _1777_ (net)
                      0.133029    0.000000    2.208477 v _2164_/C (sky130_fd_sc_hd__and3_2)
     6    0.021946    0.156777    0.568229    2.776707 v _2164_/X (sky130_fd_sc_hd__and3_2)
                                                         _1778_ (net)
                      0.156777    0.000000    2.776707 v _2236_/A (sky130_fd_sc_hd__or2_2)
     4    0.020545    0.203436    0.827395    3.604102 v _2236_/X (sky130_fd_sc_hd__or2_2)
                                                         _1850_ (net)
                      0.203436    0.000000    3.604102 v _2428_/A1 (sky130_fd_sc_hd__o21a_2)
     2    0.012203    0.104101    0.490402    4.094504 v _2428_/X (sky130_fd_sc_hd__o21a_2)
                                                         _0250_ (net)
                      0.104101    0.000000    4.094504 v _2430_/B (sky130_fd_sc_hd__xor2_2)
     2    0.012889    0.170897    0.316776    4.411280 v _2430_/X (sky130_fd_sc_hd__xor2_2)
                                                         _0252_ (net)
                      0.170897    0.000000    4.411280 v _2440_/B (sky130_fd_sc_hd__xnor2_2)
     4    0.015444    0.189880    0.349654    4.760934 v _2440_/Y (sky130_fd_sc_hd__xnor2_2)
                                                         _0262_ (net)
                      0.189880    0.000000    4.760934 v _2479_/A_N (sky130_fd_sc_hd__nand4b_2)
     2    0.009270    0.261460    0.535286    5.296220 v _2479_/Y (sky130_fd_sc_hd__nand4b_2)
                                                         _0301_ (net)
                      0.261460    0.000000    5.296220 v _2480_/C (sky130_fd_sc_hd__or3_2)
     2    0.005678    0.187942    1.070257    6.366477 v _2480_/X (sky130_fd_sc_hd__or3_2)
                                                         _0302_ (net)
                      0.187942    0.000000    6.366477 v _2482_/C (sky130_fd_sc_hd__or4_2)
     4    0.016639    0.324784    1.669527    8.036003 v _2482_/X (sky130_fd_sc_hd__or4_2)
                                                         _0304_ (net)
                      0.324784    0.000000    8.036003 v _2499_/A (sky130_fd_sc_hd__and3_2)
     2    0.003462    0.076605    0.486005    8.522008 v _2499_/X (sky130_fd_sc_hd__and3_2)
                                                         _0321_ (net)
                      0.076605    0.000000    8.522008 v _2510_/B1 (sky130_fd_sc_hd__a21o_2)
     2    0.013053    0.105330    0.396447    8.918455 v _2510_/X (sky130_fd_sc_hd__a21o_2)
                                                         _0332_ (net)
                      0.105330    0.000000    8.918455 v _2512_/A1 (sky130_fd_sc_hd__a21oi_2)
     3    0.004616    0.161951    0.218809    9.137264 ^ _2512_/Y (sky130_fd_sc_hd__a21oi_2)
                                                         _0334_ (net)
                      0.161951    0.000000    9.137264 ^ _2515_/A_N (sky130_fd_sc_hd__and4b_2)
     1    0.002206    0.075625    0.490290    9.627555 v _2515_/X (sky130_fd_sc_hd__and4b_2)
                                                         _0337_ (net)
                      0.075625    0.000000    9.627555 v _2516_/B2 (sky130_fd_sc_hd__a22o_2)
     3    0.009913    0.102923    0.454926   10.082481 v _2516_/X (sky130_fd_sc_hd__a22o_2)
                                                         _0338_ (net)
                      0.102923    0.000000   10.082481 v _2520_/A1 (sky130_fd_sc_hd__a211oi_2)
     4    0.011239    0.448469    0.464705   10.547186 ^ _2520_/Y (sky130_fd_sc_hd__a211oi_2)
                                                         _0342_ (net)
                      0.448469    0.000000   10.547186 ^ _2524_/A2 (sky130_fd_sc_hd__o2111a_2)
     4    0.017388    0.201588    0.634739   11.181924 ^ _2524_/X (sky130_fd_sc_hd__o2111a_2)
                                                         _0346_ (net)
                      0.201588    0.000000   11.181924 ^ _2537_/A1 (sky130_fd_sc_hd__o31ai_2)
     3    0.013092    0.174065    0.254628   11.436552 v _2537_/Y (sky130_fd_sc_hd__o31ai_2)
                                                         _0358_ (net)
                      0.174065    0.000000   11.436552 v _2793_/A1 (sky130_fd_sc_hd__a21bo_2)
     2    0.010263    0.096177    0.438372   11.874925 v _2793_/X (sky130_fd_sc_hd__a21bo_2)
                                                         _0612_ (net)
                      0.096177    0.000000   11.874925 v _2800_/A2 (sky130_fd_sc_hd__a21o_2)
     1    0.008431    0.085700    0.419428   12.294353 v _2800_/X (sky130_fd_sc_hd__a21o_2)
                                                         _0618_ (net)
                      0.085700    0.000000   12.294353 v _2850_/A (sky130_fd_sc_hd__xnor2_2)
     4    0.015020    0.186079    0.312718   12.607070 v _2850_/Y (sky130_fd_sc_hd__xnor2_2)
                                                         _0668_ (net)
                      0.186079    0.000000   12.607070 v _2851_/B (sky130_fd_sc_hd__or2_2)
     2    0.004711    0.124780    0.682101   13.289172 v _2851_/X (sky130_fd_sc_hd__or2_2)
                                                         _0669_ (net)
                      0.124780    0.000000   13.289172 v _2861_/B1 (sky130_fd_sc_hd__o21a_2)
     2    0.006468    0.079074    0.254420   13.543591 v _2861_/X (sky130_fd_sc_hd__o21a_2)
                                                         _0678_ (net)
                      0.079074    0.000000   13.543591 v _2863_/A3 (sky130_fd_sc_hd__a31o_2)
     1    0.002251    0.062542    0.434478   13.978069 v _2863_/X (sky130_fd_sc_hd__a31o_2)
                                                         _0680_ (net)
                      0.062542    0.000000   13.978069 v _2864_/B2 (sky130_fd_sc_hd__o221a_2)
     1    0.001577    0.078108    0.413345   14.391415 v _2864_/X (sky130_fd_sc_hd__o221a_2)
                                                         _0006_ (net)
                      0.078108    0.000000   14.391415 v _3784_/D (sky130_fd_sc_hd__dfxtp_2)
                                             14.391415   data arrival time

                      0.150000   20.000000   20.000000   clock clk_i (rise edge)
                                  0.000000   20.000000   clock network delay (ideal)
                                 -0.250000   19.750002   clock uncertainty
                                  0.000000   19.750002   clock reconvergence pessimism
                                             19.750002 ^ _3784_/CLK (sky130_fd_sc_hd__dfxtp_2)
                                 -0.256087   19.493914   library setup time
                                             19.493914   data required time
---------------------------------------------------------------------------------------------
                                             19.493914   data required time
                                            -14.391415   data arrival time
---------------------------------------------------------------------------------------------
                                              5.102500   slack (MET)


Startpoint: _3845_ (rising edge-triggered flip-flop clocked by clk_i)
Endpoint: _3783_ (rising edge-triggered flip-flop clocked by clk_i)
Path Group: clk_i
Path Type: max

Fanout         Cap        Slew       Delay        Time   Description
---------------------------------------------------------------------------------------------
                      0.150000    0.000000    0.000000   clock clk_i (rise edge)
                                  0.000000    0.000000   clock network delay (ideal)
                      0.150000    0.000000    0.000000 ^ _3845_/CLK (sky130_fd_sc_hd__dfxtp_2)
    24    0.098598    0.419198    0.947398    0.947398 v _3845_/Q (sky130_fd_sc_hd__dfxtp_2)
                                                         s0_wire[2] (net)
                      0.419198    0.000000    0.947398 v _1943_/B (sky130_fd_sc_hd__and2_2)
     3    0.007929    0.095580    0.601523    1.548921 v _1943_/X (sky130_fd_sc_hd__and2_2)
                                                         _1557_ (net)
                      0.095580    0.000000    1.548921 v _2163_/B (sky130_fd_sc_hd__or2_2)
     2    0.006074    0.133029    0.659557    2.208477 v _2163_/X (sky130_fd_sc_hd__or2_2)
                                                         _1777_ (net)
                      0.133029    0.000000    2.208477 v _2164_/C (sky130_fd_sc_hd__and3_2)
     6    0.021946    0.156777    0.568229    2.776707 v _2164_/X (sky130_fd_sc_hd__and3_2)
                                                         _1778_ (net)
                      0.156777    0.000000    2.776707 v _2236_/A (sky130_fd_sc_hd__or2_2)
     4    0.020545    0.203436    0.827395    3.604102 v _2236_/X (sky130_fd_sc_hd__or2_2)
                                                         _1850_ (net)
                      0.203436    0.000000    3.604102 v _2428_/A1 (sky130_fd_sc_hd__o21a_2)
     2    0.012203    0.104101    0.490402    4.094504 v _2428_/X (sky130_fd_sc_hd__o21a_2)
                                                         _0250_ (net)
                      0.104101    0.000000    4.094504 v _2430_/B (sky130_fd_sc_hd__xor2_2)
     2    0.012889    0.170897    0.316776    4.411280 v _2430_/X (sky130_fd_sc_hd__xor2_2)
                                                         _0252_ (net)
                      0.170897    0.000000    4.411280 v _2440_/B (sky130_fd_sc_hd__xnor2_2)
     4    0.015444    0.189880    0.349654    4.760934 v _2440_/Y (sky130_fd_sc_hd__xnor2_2)
                                                         _0262_ (net)
                      0.189880    0.000000    4.760934 v _2479_/A_N (sky130_fd_sc_hd__nand4b_2)
     2    0.009270    0.261460    0.535286    5.296220 v _2479_/Y (sky130_fd_sc_hd__nand4b_2)
                                                         _0301_ (net)
                      0.261460    0.000000    5.296220 v _2480_/C (sky130_fd_sc_hd__or3_2)
     2    0.005678    0.187942    1.070257    6.366477 v _2480_/X (sky130_fd_sc_hd__or3_2)
                                                         _0302_ (net)
                      0.187942    0.000000    6.366477 v _2482_/C (sky130_fd_sc_hd__or4_2)
     4    0.016639    0.324784    1.669527    8.036003 v _2482_/X (sky130_fd_sc_hd__or4_2)
                                                         _0304_ (net)
                      0.324784    0.000000    8.036003 v _2499_/A (sky130_fd_sc_hd__and3_2)
     2    0.003462    0.076605    0.486005    8.522008 v _2499_/X (sky130_fd_sc_hd__and3_2)
                                                         _0321_ (net)
                      0.076605    0.000000    8.522008 v _2510_/B1 (sky130_fd_sc_hd__a21o_2)
     2    0.013053    0.105330    0.396447    8.918455 v _2510_/X (sky130_fd_sc_hd__a21o_2)
                                                         _0332_ (net)
                      0.105330    0.000000    8.918455 v _2512_/A1 (sky130_fd_sc_hd__a21oi_2)
     3    0.004616    0.161951    0.218809    9.137264 ^ _2512_/Y (sky130_fd_sc_hd__a21oi_2)
                                                         _0334_ (net)
                      0.161951    0.000000    9.137264 ^ _2515_/A_N (sky130_fd_sc_hd__and4b_2)
     1    0.002206    0.075625    0.490290    9.627555 v _2515_/X (sky130_fd_sc_hd__and4b_2)
                                                         _0337_ (net)
                      0.075625    0.000000    9.627555 v _2516_/B2 (sky130_fd_sc_hd__a22o_2)
     3    0.009913    0.102923    0.454926   10.082481 v _2516_/X (sky130_fd_sc_hd__a22o_2)
                                                         _0338_ (net)
                      0.102923    0.000000   10.082481 v _2520_/A1 (sky130_fd_sc_hd__a211oi_2)
     4    0.011239    0.448469    0.464705   10.547186 ^ _2520_/Y (sky130_fd_sc_hd__a211oi_2)
                                                         _0342_ (net)
                      0.448469    0.000000   10.547186 ^ _2524_/A2 (sky130_fd_sc_hd__o2111a_2)
     4    0.017388    0.201588    0.634739   11.181924 ^ _2524_/X (sky130_fd_sc_hd__o2111a_2)
                                                         _0346_ (net)
                      0.201588    0.000000   11.181924 ^ _2537_/A1 (sky130_fd_sc_hd__o31ai_2)
     3    0.013092    0.174065    0.254628   11.436552 v _2537_/Y (sky130_fd_sc_hd__o31ai_2)
                                                         _0358_ (net)
                      0.174065    0.000000   11.436552 v _2793_/A1 (sky130_fd_sc_hd__a21bo_2)
     2    0.010263    0.096177    0.438372   11.874925 v _2793_/X (sky130_fd_sc_hd__a21bo_2)
                                                         _0612_ (net)
                      0.096177    0.000000   11.874925 v _2794_/B (sky130_fd_sc_hd__xor2_2)
     4    0.019395    0.427068    0.404699   12.279624 ^ _2794_/X (sky130_fd_sc_hd__xor2_2)
                                                         _0613_ (net)
                      0.427068    0.000000   12.279624 ^ _2796_/B (sky130_fd_sc_hd__xnor2_2)
     2    0.013141    0.342576    0.365254   12.644877 ^ _2796_/Y (sky130_fd_sc_hd__xnor2_2)
                                                         _0615_ (net)
                      0.342576    0.000000   12.644877 ^ _2853_/A3 (sky130_fd_sc_hd__a31oi_2)
     4    0.010009    0.220652    0.338146   12.983023 v _2853_/Y (sky130_fd_sc_hd__a31oi_2)
                                                         _0671_ (net)
                      0.220652    0.000000   12.983023 v _2854_/B (sky130_fd_sc_hd__or2_2)
     1    0.002315    0.108533    0.666663   13.649686 v _2854_/X (sky130_fd_sc_hd__or2_2)
                                                         _0672_ (net)
                      0.108533    0.000000   13.649686 v _2856_/A1 (sky130_fd_sc_hd__a21o_2)
     1    0.002288    0.058698    0.353022   14.002707 v _2856_/X (sky130_fd_sc_hd__a21o_2)
                                                         _0674_ (net)
                      0.058698    0.000000   14.002707 v _2857_/B1 (sky130_fd_sc_hd__o211a_2)
     1    0.001577    0.071586    0.221458   14.224165 v _2857_/X (sky130_fd_sc_hd__o211a_2)
                                                         _0005_ (net)
                      0.071586    0.000000   14.224165 v _3783_/D (sky130_fd_sc_hd__dfxtp_2)
                                             14.224165   data arrival time

                      0.150000   20.000000   20.000000   clock clk_i (rise edge)
                                  0.000000   20.000000   clock network delay (ideal)
                                 -0.250000   19.750002   clock uncertainty
                                  0.000000   19.750002   clock reconvergence pessimism
                                             19.750002 ^ _3783_/CLK (sky130_fd_sc_hd__dfxtp_2)
                                 -0.253379   19.496622   library setup time
                                             19.496622   data required time
---------------------------------------------------------------------------------------------
                                             19.496622   data required time
                                            -14.224165   data arrival time
---------------------------------------------------------------------------------------------
                                              5.272456   slack (MET)


Startpoint: _3845_ (rising edge-triggered flip-flop clocked by clk_i)
Endpoint: _3781_ (rising edge-triggered flip-flop clocked by clk_i)
Path Group: clk_i
Path Type: max

Fanout         Cap        Slew       Delay        Time   Description
---------------------------------------------------------------------------------------------
                      0.150000    0.000000    0.000000   clock clk_i (rise edge)
                                  0.000000    0.000000   clock network delay (ideal)
                      0.150000    0.000000    0.000000 ^ _3845_/CLK (sky130_fd_sc_hd__dfxtp_2)
    24    0.098598    0.419198    0.947398    0.947398 v _3845_/Q (sky130_fd_sc_hd__dfxtp_2)
                                                         s0_wire[2] (net)
                      0.419198    0.000000    0.947398 v _1943_/B (sky130_fd_sc_hd__and2_2)
     3    0.007929    0.095580    0.601523    1.548921 v _1943_/X (sky130_fd_sc_hd__and2_2)
                                                         _1557_ (net)
                      0.095580    0.000000    1.548921 v _2163_/B (sky130_fd_sc_hd__or2_2)
     2    0.006074    0.133029    0.659557    2.208477 v _2163_/X (sky130_fd_sc_hd__or2_2)
                                                         _1777_ (net)
                      0.133029    0.000000    2.208477 v _2164_/C (sky130_fd_sc_hd__and3_2)
     6    0.021946    0.156777    0.568229    2.776707 v _2164_/X (sky130_fd_sc_hd__and3_2)
                                                         _1778_ (net)
                      0.156777    0.000000    2.776707 v _2236_/A (sky130_fd_sc_hd__or2_2)
     4    0.020545    0.203436    0.827395    3.604102 v _2236_/X (sky130_fd_sc_hd__or2_2)
                                                         _1850_ (net)
                      0.203436    0.000000    3.604102 v _2428_/A1 (sky130_fd_sc_hd__o21a_2)
     2    0.012203    0.104101    0.490402    4.094504 v _2428_/X (sky130_fd_sc_hd__o21a_2)
                                                         _0250_ (net)
                      0.104101    0.000000    4.094504 v _2430_/B (sky130_fd_sc_hd__xor2_2)
     2    0.012889    0.170897    0.316776    4.411280 v _2430_/X (sky130_fd_sc_hd__xor2_2)
                                                         _0252_ (net)
                      0.170897    0.000000    4.411280 v _2440_/B (sky130_fd_sc_hd__xnor2_2)
     4    0.015444    0.189880    0.349654    4.760934 v _2440_/Y (sky130_fd_sc_hd__xnor2_2)
                                                         _0262_ (net)
                      0.189880    0.000000    4.760934 v _2479_/A_N (sky130_fd_sc_hd__nand4b_2)
     2    0.009270    0.261460    0.535286    5.296220 v _2479_/Y (sky130_fd_sc_hd__nand4b_2)
                                                         _0301_ (net)
                      0.261460    0.000000    5.296220 v _2480_/C (sky130_fd_sc_hd__or3_2)
     2    0.005678    0.187942    1.070257    6.366477 v _2480_/X (sky130_fd_sc_hd__or3_2)
                                                         _0302_ (net)
                      0.187942    0.000000    6.366477 v _2482_/C (sky130_fd_sc_hd__or4_2)
     4    0.016639    0.324784    1.669527    8.036003 v _2482_/X (sky130_fd_sc_hd__or4_2)
                                                         _0304_ (net)
                      0.324784    0.000000    8.036003 v _2499_/A (sky130_fd_sc_hd__and3_2)
     2    0.003462    0.076605    0.486005    8.522008 v _2499_/X (sky130_fd_sc_hd__and3_2)
                                                         _0321_ (net)
                      0.076605    0.000000    8.522008 v _2510_/B1 (sky130_fd_sc_hd__a21o_2)
     2    0.013053    0.105330    0.396447    8.918455 v _2510_/X (sky130_fd_sc_hd__a21o_2)
                                                         _0332_ (net)
                      0.105330    0.000000    8.918455 v _2512_/A1 (sky130_fd_sc_hd__a21oi_2)
     3    0.004616    0.161951    0.218809    9.137264 ^ _2512_/Y (sky130_fd_sc_hd__a21oi_2)
                                                         _0334_ (net)
                      0.161951    0.000000    9.137264 ^ _2515_/A_N (sky130_fd_sc_hd__and4b_2)
     1    0.002206    0.075625    0.490290    9.627555 v _2515_/X (sky130_fd_sc_hd__and4b_2)
                                                         _0337_ (net)
                      0.075625    0.000000    9.627555 v _2516_/B2 (sky130_fd_sc_hd__a22o_2)
     3    0.009913    0.102923    0.454926   10.082481 v _2516_/X (sky130_fd_sc_hd__a22o_2)
                                                         _0338_ (net)
                      0.102923    0.000000   10.082481 v _2520_/A1 (sky130_fd_sc_hd__a211oi_2)
     4    0.011239    0.448469    0.464705   10.547186 ^ _2520_/Y (sky130_fd_sc_hd__a211oi_2)
                                                         _0342_ (net)
                      0.448469    0.000000   10.547186 ^ _2524_/A2 (sky130_fd_sc_hd__o2111a_2)
     4    0.017388    0.201588    0.634739   11.181924 ^ _2524_/X (sky130_fd_sc_hd__o2111a_2)
                                                         _0346_ (net)
                      0.201588    0.000000   11.181924 ^ _2527_/B (sky130_fd_sc_hd__or3_2)
     1    0.004605    0.066042    0.254317   11.436241 ^ _2527_/X (sky130_fd_sc_hd__or3_2)
                                                         _0349_ (net)
                      0.066042    0.000000   11.436241 ^ _2528_/B (sky130_fd_sc_hd__nand2b_2)
     2    0.012692    0.148688    0.155829   11.592070 v _2528_/Y (sky130_fd_sc_hd__nand2b_2)
                                                         _0350_ (net)
                      0.148688    0.000000   11.592070 v _2529_/A2 (sky130_fd_sc_hd__a21oi_2)
     1    0.008492    0.228881    0.313441   11.905511 ^ _2529_/Y (sky130_fd_sc_hd__a21oi_2)
                                                         _0351_ (net)
                      0.228881    0.000000   11.905511 ^ _2530_/B (sky130_fd_sc_hd__xnor2_2)
     4    0.012303    0.173124    0.227082   12.132593 v _2530_/Y (sky130_fd_sc_hd__xnor2_2)
                                                         _0352_ (net)
                      0.173124    0.000000   12.132593 v _2710_/A (sky130_fd_sc_hd__or2_2)
     1    0.001353    0.101179    0.677446   12.810039 v _2710_/X (sky130_fd_sc_hd__or2_2)
                                                         _0530_ (net)
                      0.101179    0.000000   12.810039 v _2711_/B (sky130_fd_sc_hd__and2_2)
     1    0.002203    0.068075    0.400166   13.210205 v _2711_/X (sky130_fd_sc_hd__and2_2)
                                                         _0531_ (net)
                      0.068075    0.000000   13.210205 v _2713_/A2 (sky130_fd_sc_hd__o211a_2)
     1    0.001577    0.064850    0.427922   13.638126 v _2713_/X (sky130_fd_sc_hd__o211a_2)
                                                         _0003_ (net)
                      0.064850    0.000000   13.638126 v _3781_/D (sky130_fd_sc_hd__dfxtp_2)
                                             13.638126   data arrival time

                      0.150000   20.000000   20.000000   clock clk_i (rise edge)
                                  0.000000   20.000000   clock network delay (ideal)
                                 -0.250000   19.750002   clock uncertainty
                                  0.000000   19.750002   clock reconvergence pessimism
                                             19.750002 ^ _3781_/CLK (sky130_fd_sc_hd__dfxtp_2)
                                 -0.250582   19.499420   library setup time
                                             19.499420   data required time
---------------------------------------------------------------------------------------------
                                             19.499420   data required time
                                            -13.638126   data arrival time
---------------------------------------------------------------------------------------------
                                              5.861293   slack (MET)


Startpoint: _3845_ (rising edge-triggered flip-flop clocked by clk_i)
Endpoint: _3782_ (rising edge-triggered flip-flop clocked by clk_i)
Path Group: clk_i
Path Type: max

Fanout         Cap        Slew       Delay        Time   Description
---------------------------------------------------------------------------------------------
                      0.150000    0.000000    0.000000   clock clk_i (rise edge)
                                  0.000000    0.000000   clock network delay (ideal)
                      0.150000    0.000000    0.000000 ^ _3845_/CLK (sky130_fd_sc_hd__dfxtp_2)
    24    0.098598    0.419198    0.947398    0.947398 v _3845_/Q (sky130_fd_sc_hd__dfxtp_2)
                                                         s0_wire[2] (net)
                      0.419198    0.000000    0.947398 v _1943_/B (sky130_fd_sc_hd__and2_2)
     3    0.007929    0.095580    0.601523    1.548921 v _1943_/X (sky130_fd_sc_hd__and2_2)
                                                         _1557_ (net)
                      0.095580    0.000000    1.548921 v _2163_/B (sky130_fd_sc_hd__or2_2)
     2    0.006074    0.133029    0.659557    2.208477 v _2163_/X (sky130_fd_sc_hd__or2_2)
                                                         _1777_ (net)
                      0.133029    0.000000    2.208477 v _2164_/C (sky130_fd_sc_hd__and3_2)
     6    0.021946    0.156777    0.568229    2.776707 v _2164_/X (sky130_fd_sc_hd__and3_2)
                                                         _1778_ (net)
                      0.156777    0.000000    2.776707 v _2236_/A (sky130_fd_sc_hd__or2_2)
     4    0.020545    0.203436    0.827395    3.604102 v _2236_/X (sky130_fd_sc_hd__or2_2)
                                                         _1850_ (net)
                      0.203436    0.000000    3.604102 v _2428_/A1 (sky130_fd_sc_hd__o21a_2)
     2    0.012203    0.104101    0.490402    4.094504 v _2428_/X (sky130_fd_sc_hd__o21a_2)
                                                         _0250_ (net)
                      0.104101    0.000000    4.094504 v _2430_/B (sky130_fd_sc_hd__xor2_2)
     2    0.012889    0.170897    0.316776    4.411280 v _2430_/X (sky130_fd_sc_hd__xor2_2)
                                                         _0252_ (net)
                      0.170897    0.000000    4.411280 v _2440_/B (sky130_fd_sc_hd__xnor2_2)
     4    0.015444    0.189880    0.349654    4.760934 v _2440_/Y (sky130_fd_sc_hd__xnor2_2)
                                                         _0262_ (net)
                      0.189880    0.000000    4.760934 v _2479_/A_N (sky130_fd_sc_hd__nand4b_2)
     2    0.009270    0.261460    0.535286    5.296220 v _2479_/Y (sky130_fd_sc_hd__nand4b_2)
                                                         _0301_ (net)
                      0.261460    0.000000    5.296220 v _2480_/C (sky130_fd_sc_hd__or3_2)
     2    0.005678    0.187942    1.070257    6.366477 v _2480_/X (sky130_fd_sc_hd__or3_2)
                                                         _0302_ (net)
                      0.187942    0.000000    6.366477 v _2482_/C (sky130_fd_sc_hd__or4_2)
     4    0.016639    0.324784    1.669527    8.036003 v _2482_/X (sky130_fd_sc_hd__or4_2)
                                                         _0304_ (net)
                      0.324784    0.000000    8.036003 v _2499_/A (sky130_fd_sc_hd__and3_2)
     2    0.003462    0.076605    0.486005    8.522008 v _2499_/X (sky130_fd_sc_hd__and3_2)
                                                         _0321_ (net)
                      0.076605    0.000000    8.522008 v _2510_/B1 (sky130_fd_sc_hd__a21o_2)
     2    0.013053    0.105330    0.396447    8.918455 v _2510_/X (sky130_fd_sc_hd__a21o_2)
                                                         _0332_ (net)
                      0.105330    0.000000    8.918455 v _2512_/A1 (sky130_fd_sc_hd__a21oi_2)
     3    0.004616    0.161951    0.218809    9.137264 ^ _2512_/Y (sky130_fd_sc_hd__a21oi_2)
                                                         _0334_ (net)
                      0.161951    0.000000    9.137264 ^ _2515_/A_N (sky130_fd_sc_hd__and4b_2)
     1    0.002206    0.075625    0.490290    9.627555 v _2515_/X (sky130_fd_sc_hd__and4b_2)
                                                         _0337_ (net)
                      0.075625    0.000000    9.627555 v _2516_/B2 (sky130_fd_sc_hd__a22o_2)
     3    0.009913    0.102923    0.454926   10.082481 v _2516_/X (sky130_fd_sc_hd__a22o_2)
                                                         _0338_ (net)
                      0.102923    0.000000   10.082481 v _2520_/A1 (sky130_fd_sc_hd__a211oi_2)
     4    0.011239    0.448469    0.464705   10.547186 ^ _2520_/Y (sky130_fd_sc_hd__a211oi_2)
                                                         _0342_ (net)
                      0.448469    0.000000   10.547186 ^ _2524_/A2 (sky130_fd_sc_hd__o2111a_2)
     4    0.017388    0.201588    0.634739   11.181924 ^ _2524_/X (sky130_fd_sc_hd__o2111a_2)
                                                         _0346_ (net)
                      0.201588    0.000000   11.181924 ^ _2537_/A1 (sky130_fd_sc_hd__o31ai_2)
     3    0.013092    0.174065    0.254628   11.436552 v _2537_/Y (sky130_fd_sc_hd__o31ai_2)
                                                         _0358_ (net)
                      0.174065    0.000000   11.436552 v _2793_/A1 (sky130_fd_sc_hd__a21bo_2)
     2    0.010263    0.096177    0.438372   11.874925 v _2793_/X (sky130_fd_sc_hd__a21bo_2)
                                                         _0612_ (net)
                      0.096177    0.000000   11.874925 v _2794_/B (sky130_fd_sc_hd__xor2_2)
     4    0.019395    0.427068    0.404699   12.279624 ^ _2794_/X (sky130_fd_sc_hd__xor2_2)
                                                         _0613_ (net)
                      0.427068    0.000000   12.279624 ^ _2796_/B (sky130_fd_sc_hd__xnor2_2)
     2    0.012441    0.176228    0.287995   12.567619 v _2796_/Y (sky130_fd_sc_hd__xnor2_2)
                                                         _0615_ (net)
                      0.176228    0.000000   12.567619 v _2797_/B (sky130_fd_sc_hd__xnor2_2)
     1    0.002203    0.078729    0.263497   12.831116 v _2797_/Y (sky130_fd_sc_hd__xnor2_2)
                                                         _0616_ (net)
                      0.078729    0.000000   12.831116 v _2799_/A2 (sky130_fd_sc_hd__o211a_2)
     1    0.001577    0.064850    0.431919   13.263036 v _2799_/X (sky130_fd_sc_hd__o211a_2)
                                                         _0004_ (net)
                      0.064850    0.000000   13.263036 v _3782_/D (sky130_fd_sc_hd__dfxtp_2)
                                             13.263036   data arrival time

                      0.150000   20.000000   20.000000   clock clk_i (rise edge)
                                  0.000000   20.000000   clock network delay (ideal)
                                 -0.250000   19.750002   clock uncertainty
                                  0.000000   19.750002   clock reconvergence pessimism
                                             19.750002 ^ _3782_/CLK (sky130_fd_sc_hd__dfxtp_2)
                                 -0.250582   19.499420   library setup time
                                             19.499420   data required time
---------------------------------------------------------------------------------------------
                                             19.499420   data required time
                                            -13.263036   data arrival time
---------------------------------------------------------------------------------------------
                                              6.236384   slack (MET)


Startpoint: _3845_ (rising edge-triggered flip-flop clocked by clk_i)
Endpoint: _3779_ (rising edge-triggered flip-flop clocked by clk_i)
Path Group: clk_i
Path Type: max

Fanout         Cap        Slew       Delay        Time   Description
---------------------------------------------------------------------------------------------
                      0.150000    0.000000    0.000000   clock clk_i (rise edge)
                                  0.000000    0.000000   clock network delay (ideal)
                      0.150000    0.000000    0.000000 ^ _3845_/CLK (sky130_fd_sc_hd__dfxtp_2)
    24    0.098598    0.419198    0.947398    0.947398 v _3845_/Q (sky130_fd_sc_hd__dfxtp_2)
                                                         s0_wire[2] (net)
                      0.419198    0.000000    0.947398 v _1943_/B (sky130_fd_sc_hd__and2_2)
     3    0.007929    0.095580    0.601523    1.548921 v _1943_/X (sky130_fd_sc_hd__and2_2)
                                                         _1557_ (net)
                      0.095580    0.000000    1.548921 v _2163_/B (sky130_fd_sc_hd__or2_2)
     2    0.006074    0.133029    0.659557    2.208477 v _2163_/X (sky130_fd_sc_hd__or2_2)
                                                         _1777_ (net)
                      0.133029    0.000000    2.208477 v _2164_/C (sky130_fd_sc_hd__and3_2)
     6    0.021946    0.156777    0.568229    2.776707 v _2164_/X (sky130_fd_sc_hd__and3_2)
                                                         _1778_ (net)
                      0.156777    0.000000    2.776707 v _2236_/A (sky130_fd_sc_hd__or2_2)
     4    0.020545    0.203436    0.827395    3.604102 v _2236_/X (sky130_fd_sc_hd__or2_2)
                                                         _1850_ (net)
                      0.203436    0.000000    3.604102 v _2428_/A1 (sky130_fd_sc_hd__o21a_2)
     2    0.012203    0.104101    0.490402    4.094504 v _2428_/X (sky130_fd_sc_hd__o21a_2)
                                                         _0250_ (net)
                      0.104101    0.000000    4.094504 v _2430_/B (sky130_fd_sc_hd__xor2_2)
     2    0.012889    0.170897    0.316776    4.411280 v _2430_/X (sky130_fd_sc_hd__xor2_2)
                                                         _0252_ (net)
                      0.170897    0.000000    4.411280 v _2440_/B (sky130_fd_sc_hd__xnor2_2)
     4    0.015444    0.189880    0.349654    4.760934 v _2440_/Y (sky130_fd_sc_hd__xnor2_2)
                                                         _0262_ (net)
                      0.189880    0.000000    4.760934 v _2479_/A_N (sky130_fd_sc_hd__nand4b_2)
     2    0.009270    0.261460    0.535286    5.296220 v _2479_/Y (sky130_fd_sc_hd__nand4b_2)
                                                         _0301_ (net)
                      0.261460    0.000000    5.296220 v _2480_/C (sky130_fd_sc_hd__or3_2)
     2    0.005678    0.187942    1.070257    6.366477 v _2480_/X (sky130_fd_sc_hd__or3_2)
                                                         _0302_ (net)
                      0.187942    0.000000    6.366477 v _2482_/C (sky130_fd_sc_hd__or4_2)
     4    0.016639    0.324784    1.669527    8.036003 v _2482_/X (sky130_fd_sc_hd__or4_2)
                                                         _0304_ (net)
                      0.324784    0.000000    8.036003 v _2499_/A (sky130_fd_sc_hd__and3_2)
     2    0.003462    0.076605    0.486005    8.522008 v _2499_/X (sky130_fd_sc_hd__and3_2)
                                                         _0321_ (net)
                      0.076605    0.000000    8.522008 v _2510_/B1 (sky130_fd_sc_hd__a21o_2)
     2    0.013053    0.105330    0.396447    8.918455 v _2510_/X (sky130_fd_sc_hd__a21o_2)
                                                         _0332_ (net)
                      0.105330    0.000000    8.918455 v _2512_/A1 (sky130_fd_sc_hd__a21oi_2)
     3    0.004616    0.161951    0.218809    9.137264 ^ _2512_/Y (sky130_fd_sc_hd__a21oi_2)
                                                         _0334_ (net)
                      0.161951    0.000000    9.137264 ^ _2515_/A_N (sky130_fd_sc_hd__and4b_2)
     1    0.002206    0.075625    0.490290    9.627555 v _2515_/X (sky130_fd_sc_hd__and4b_2)
                                                         _0337_ (net)
                      0.075625    0.000000    9.627555 v _2516_/B2 (sky130_fd_sc_hd__a22o_2)
     3    0.009913    0.102923    0.454926   10.082481 v _2516_/X (sky130_fd_sc_hd__a22o_2)
                                                         _0338_ (net)
                      0.102923    0.000000   10.082481 v _2520_/A1 (sky130_fd_sc_hd__a211oi_2)
     4    0.011239    0.448469    0.464705   10.547186 ^ _2520_/Y (sky130_fd_sc_hd__a211oi_2)
                                                         _0342_ (net)
                      0.448469    0.000000   10.547186 ^ _2524_/A2 (sky130_fd_sc_hd__o2111a_2)
     4    0.017388    0.201588    0.634739   11.181924 ^ _2524_/X (sky130_fd_sc_hd__o2111a_2)
                                                         _0346_ (net)
                      0.201588    0.000000   11.181924 ^ _2527_/B (sky130_fd_sc_hd__or3_2)
     1    0.004605    0.066042    0.254317   11.436241 ^ _2527_/X (sky130_fd_sc_hd__or3_2)
                                                         _0349_ (net)
                      0.066042    0.000000   11.436241 ^ _2528_/B (sky130_fd_sc_hd__nand2b_2)
     2    0.012692    0.148688    0.155829   11.592070 v _2528_/Y (sky130_fd_sc_hd__nand2b_2)
                                                         _0350_ (net)
                      0.148688    0.000000   11.592070 v _2529_/A2 (sky130_fd_sc_hd__a21oi_2)
     1    0.008492    0.228881    0.313441   11.905511 ^ _2529_/Y (sky130_fd_sc_hd__a21oi_2)
                                                         _0351_ (net)
                      0.228881    0.000000   11.905511 ^ _2530_/B (sky130_fd_sc_hd__xnor2_2)
     4    0.012303    0.173124    0.227082   12.132593 v _2530_/Y (sky130_fd_sc_hd__xnor2_2)
                                                         _0352_ (net)
                      0.173124    0.000000   12.132593 v _2532_/A2 (sky130_fd_sc_hd__o211a_2)
     1    0.001577    0.064850    0.472496   12.605089 v _2532_/X (sky130_fd_sc_hd__o211a_2)
                                                         _0001_ (net)
                      0.064850    0.000000   12.605089 v _3779_/D (sky130_fd_sc_hd__dfxtp_2)
                                             12.605089   data arrival time

                      0.150000   20.000000   20.000000   clock clk_i (rise edge)
                                  0.000000   20.000000   clock network delay (ideal)
                                 -0.250000   19.750002   clock uncertainty
                                  0.000000   19.750002   clock reconvergence pessimism
                                             19.750002 ^ _3779_/CLK (sky130_fd_sc_hd__dfxtp_2)
                                 -0.250582   19.499420   library setup time
                                             19.499420   data required time
---------------------------------------------------------------------------------------------
                                             19.499420   data required time
                                            -12.605089   data arrival time
---------------------------------------------------------------------------------------------
                                              6.894331   slack (MET)


Startpoint: _3845_ (rising edge-triggered flip-flop clocked by clk_i)
Endpoint: _3780_ (rising edge-triggered flip-flop clocked by clk_i)
Path Group: clk_i
Path Type: max

Fanout         Cap        Slew       Delay        Time   Description
---------------------------------------------------------------------------------------------
                      0.150000    0.000000    0.000000   clock clk_i (rise edge)
                                  0.000000    0.000000   clock network delay (ideal)
                      0.150000    0.000000    0.000000 ^ _3845_/CLK (sky130_fd_sc_hd__dfxtp_2)
    24    0.098598    0.419198    0.947398    0.947398 v _3845_/Q (sky130_fd_sc_hd__dfxtp_2)
                                                         s0_wire[2] (net)
                      0.419198    0.000000    0.947398 v _1943_/B (sky130_fd_sc_hd__and2_2)
     3    0.007929    0.095580    0.601523    1.548921 v _1943_/X (sky130_fd_sc_hd__and2_2)
                                                         _1557_ (net)
                      0.095580    0.000000    1.548921 v _2163_/B (sky130_fd_sc_hd__or2_2)
     2    0.006074    0.133029    0.659557    2.208477 v _2163_/X (sky130_fd_sc_hd__or2_2)
                                                         _1777_ (net)
                      0.133029    0.000000    2.208477 v _2164_/C (sky130_fd_sc_hd__and3_2)
     6    0.021946    0.156777    0.568229    2.776707 v _2164_/X (sky130_fd_sc_hd__and3_2)
                                                         _1778_ (net)
                      0.156777    0.000000    2.776707 v _2236_/A (sky130_fd_sc_hd__or2_2)
     4    0.020545    0.203436    0.827395    3.604102 v _2236_/X (sky130_fd_sc_hd__or2_2)
                                                         _1850_ (net)
                      0.203436    0.000000    3.604102 v _2428_/A1 (sky130_fd_sc_hd__o21a_2)
     2    0.012203    0.104101    0.490402    4.094504 v _2428_/X (sky130_fd_sc_hd__o21a_2)
                                                         _0250_ (net)
                      0.104101    0.000000    4.094504 v _2430_/B (sky130_fd_sc_hd__xor2_2)
     2    0.012889    0.170897    0.316776    4.411280 v _2430_/X (sky130_fd_sc_hd__xor2_2)
                                                         _0252_ (net)
                      0.170897    0.000000    4.411280 v _2440_/B (sky130_fd_sc_hd__xnor2_2)
     4    0.015444    0.189880    0.349654    4.760934 v _2440_/Y (sky130_fd_sc_hd__xnor2_2)
                                                         _0262_ (net)
                      0.189880    0.000000    4.760934 v _2479_/A_N (sky130_fd_sc_hd__nand4b_2)
     2    0.009270    0.261460    0.535286    5.296220 v _2479_/Y (sky130_fd_sc_hd__nand4b_2)
                                                         _0301_ (net)
                      0.261460    0.000000    5.296220 v _2480_/C (sky130_fd_sc_hd__or3_2)
     2    0.005678    0.187942    1.070257    6.366477 v _2480_/X (sky130_fd_sc_hd__or3_2)
                                                         _0302_ (net)
                      0.187942    0.000000    6.366477 v _2482_/C (sky130_fd_sc_hd__or4_2)
     4    0.016639    0.324784    1.669527    8.036003 v _2482_/X (sky130_fd_sc_hd__or4_2)
                                                         _0304_ (net)
                      0.324784    0.000000    8.036003 v _2499_/A (sky130_fd_sc_hd__and3_2)
     2    0.003462    0.076605    0.486005    8.522008 v _2499_/X (sky130_fd_sc_hd__and3_2)
                                                         _0321_ (net)
                      0.076605    0.000000    8.522008 v _2510_/B1 (sky130_fd_sc_hd__a21o_2)
     2    0.013053    0.105330    0.396447    8.918455 v _2510_/X (sky130_fd_sc_hd__a21o_2)
                                                         _0332_ (net)
                      0.105330    0.000000    8.918455 v _2512_/A1 (sky130_fd_sc_hd__a21oi_2)
     3    0.004616    0.161951    0.218809    9.137264 ^ _2512_/Y (sky130_fd_sc_hd__a21oi_2)
                                                         _0334_ (net)
                      0.161951    0.000000    9.137264 ^ _2515_/A_N (sky130_fd_sc_hd__and4b_2)
     1    0.002206    0.075625    0.490290    9.627555 v _2515_/X (sky130_fd_sc_hd__and4b_2)
                                                         _0337_ (net)
                      0.075625    0.000000    9.627555 v _2516_/B2 (sky130_fd_sc_hd__a22o_2)
     3    0.009913    0.102923    0.454926   10.082481 v _2516_/X (sky130_fd_sc_hd__a22o_2)
                                                         _0338_ (net)
                      0.102923    0.000000   10.082481 v _2520_/A1 (sky130_fd_sc_hd__a211oi_2)
     4    0.011239    0.448469    0.464705   10.547186 ^ _2520_/Y (sky130_fd_sc_hd__a211oi_2)
                                                         _0342_ (net)
                      0.448469    0.000000   10.547186 ^ _2524_/A2 (sky130_fd_sc_hd__o2111a_2)
     4    0.017388    0.201588    0.634739   11.181924 ^ _2524_/X (sky130_fd_sc_hd__o2111a_2)
                                                         _0346_ (net)
                      0.201588    0.000000   11.181924 ^ _2537_/A1 (sky130_fd_sc_hd__o31ai_2)
     3    0.013092    0.174065    0.254628   11.436552 v _2537_/Y (sky130_fd_sc_hd__o31ai_2)
                                                         _0358_ (net)
                      0.174065    0.000000   11.436552 v _2623_/A (sky130_fd_sc_hd__xnor2_2)
     3    0.015196    0.379810    0.430479   11.867031 ^ _2623_/Y (sky130_fd_sc_hd__xnor2_2)
                                                         _0444_ (net)
                      0.379810    0.000000   11.867031 ^ _2624_/B (sky130_fd_sc_hd__nand2_2)
     1    0.002288    0.273789    0.173788   12.040819 v _2624_/Y (sky130_fd_sc_hd__nand2_2)
                                                         _0445_ (net)
                      0.273789    0.000000   12.040819 v _2625_/B1 (sky130_fd_sc_hd__o211a_2)
     1    0.001577    0.071586    0.325587   12.366406 v _2625_/X (sky130_fd_sc_hd__o211a_2)
                                                         _0002_ (net)
                      0.071586    0.000000   12.366406 v _3780_/D (sky130_fd_sc_hd__dfxtp_2)
                                             12.366406   data arrival time

                      0.150000   20.000000   20.000000   clock clk_i (rise edge)
                                  0.000000   20.000000   clock network delay (ideal)
                                 -0.250000   19.750002   clock uncertainty
                                  0.000000   19.750002   clock reconvergence pessimism
                                             19.750002 ^ _3780_/CLK (sky130_fd_sc_hd__dfxtp_2)
                                 -0.253379   19.496622   library setup time
                                             19.496622   data required time
---------------------------------------------------------------------------------------------
                                             19.496622   data required time
                                            -12.366406   data arrival time
---------------------------------------------------------------------------------------------
                                              7.130216   slack (MET)


Startpoint: rst_ni (input port clocked by clk_i)
Endpoint: ready_o (output port clocked by clk_i)
Path Group: clk_i
Path Type: max

Fanout         Cap        Slew       Delay        Time   Description
---------------------------------------------------------------------------------------------
                      0.150000    0.000000    0.000000   clock clk_i (rise edge)
                                  0.000000    0.000000   clock network delay (ideal)
                                  4.000000    4.000000 ^ input external delay
    67    0.171459    1.231604    0.860416    4.860416 ^ rst_ni (in)
                                                         rst_ni (net)
                      1.231604    0.000000    4.860416 ^ _3875_/A (sky130_fd_sc_hd__buf_2)
     1    0.033442    0.279814    0.721860    5.582276 ^ _3875_/X (sky130_fd_sc_hd__buf_2)
                                                         ready_o (net)
                      0.279814    0.000000    5.582276 ^ ready_o (out)
                                              5.582276   data arrival time

                      0.150000   20.000000   20.000000   clock clk_i (rise edge)
                                  0.000000   20.000000   clock network delay (ideal)
                                 -0.250000   19.750002   clock uncertainty
                                  0.000000   19.750002   clock reconvergence pessimism
                                 -4.000000   15.750001   output external delay
                                             15.750001   data required time
---------------------------------------------------------------------------------------------
                                             15.750001   data required time
                                             -5.582276   data arrival time
---------------------------------------------------------------------------------------------
                                             10.167725   slack (MET)


Startpoint: next_i (input port clocked by clk_i)
Endpoint: _3868_ (rising edge-triggered flip-flop clocked by clk_i)
Path Group: clk_i
Path Type: max

Fanout         Cap        Slew       Delay        Time   Description
---------------------------------------------------------------------------------------------
                      0.150000    0.000000    0.000000   clock clk_i (rise edge)
                                  0.000000    0.000000   clock network delay (ideal)
                                  4.000000    4.000000 ^ input external delay
   100    0.284430    2.027454    1.423172    5.423172 ^ next_i (in)
                                                         next_i (net)
                      2.027454    0.000000    5.423172 ^ _3366_/B (sky130_fd_sc_hd__nand2_2)
    27    0.068045    0.743705    1.148813    6.571986 v _3366_/Y (sky130_fd_sc_hd__nand2_2)
                                                         _1042_ (net)
                      0.743705    0.000000    6.571986 v _3331_/A (sky130_fd_sc_hd__or3_2)
     1    0.002288    0.158742    1.331920    7.903905 v _3331_/X (sky130_fd_sc_hd__or3_2)
                                                         _1073_ (net)
                      0.158742    0.000000    7.903905 v _3332_/B1 (sky130_fd_sc_hd__o211a_2)
     1    0.001577    0.071586    0.270024    8.173929 v _3332_/X (sky130_fd_sc_hd__o211a_2)
                                                         _0090_ (net)
                      0.071586    0.000000    8.173929 v _3868_/D (sky130_fd_sc_hd__dfxtp_2)
                                              8.173929   data arrival time

                      0.150000   20.000000   20.000000   clock clk_i (rise edge)
                                  0.000000   20.000000   clock network delay (ideal)
                                 -0.250000   19.750002   clock uncertainty
                                  0.000000   19.750002   clock reconvergence pessimism
                                             19.750002 ^ _3868_/CLK (sky130_fd_sc_hd__dfxtp_2)
                                 -0.253379   19.496622   library setup time
                                             19.496622   data required time
---------------------------------------------------------------------------------------------
                                             19.496622   data required time
                                             -8.173929   data arrival time
---------------------------------------------------------------------------------------------
                                             11.322693   slack (MET)


Startpoint: next_i (input port clocked by clk_i)
Endpoint: _3856_ (rising edge-triggered flip-flop clocked by clk_i)
Path Group: clk_i
Path Type: max

Fanout         Cap        Slew       Delay        Time   Description
---------------------------------------------------------------------------------------------
                      0.150000    0.000000    0.000000   clock clk_i (rise edge)
                                  0.000000    0.000000   clock network delay (ideal)
                                  4.000000    4.000000 ^ input external delay
   100    0.284430    2.027454    1.423172    5.423172 ^ next_i (in)
                                                         next_i (net)
                      2.027454    0.000000    5.423172 ^ _3366_/B (sky130_fd_sc_hd__nand2_2)
    27    0.068045    0.743705    1.148813    6.571986 v _3366_/Y (sky130_fd_sc_hd__nand2_2)
                                                         _1042_ (net)
                      0.743705    0.000000    6.571986 v _3281_/A (sky130_fd_sc_hd__or3_2)
     1    0.002288    0.158675    1.331920    7.903905 v _3281_/X (sky130_fd_sc_hd__or3_2)
                                                         _1031_ (net)
                      0.158675    0.000000    7.903905 v _3282_/B1 (sky130_fd_sc_hd__o211a_2)
     1    0.001577    0.071586    0.269991    8.173897 v _3282_/X (sky130_fd_sc_hd__o211a_2)
                                                         _0078_ (net)
                      0.071586    0.000000    8.173897 v _3856_/D (sky130_fd_sc_hd__dfxtp_2)
                                              8.173897   data arrival time

                      0.150000   20.000000   20.000000   clock clk_i (rise edge)
                                  0.000000   20.000000   clock network delay (ideal)
                                 -0.250000   19.750002   clock uncertainty
                                  0.000000   19.750002   clock reconvergence pessimism
                                             19.750002 ^ _3856_/CLK (sky130_fd_sc_hd__dfxtp_2)
                                 -0.253379   19.496622   library setup time
                                             19.496622   data required time
---------------------------------------------------------------------------------------------
                                             19.496622   data required time
                                             -8.173897   data arrival time
---------------------------------------------------------------------------------------------
                                             11.322725   slack (MET)


Startpoint: next_i (input port clocked by clk_i)
Endpoint: _3865_ (rising edge-triggered flip-flop clocked by clk_i)
Path Group: clk_i
Path Type: max

Fanout         Cap        Slew       Delay        Time   Description
---------------------------------------------------------------------------------------------
                      0.150000    0.000000    0.000000   clock clk_i (rise edge)
                                  0.000000    0.000000   clock network delay (ideal)
                                  4.000000    4.000000 ^ input external delay
   100    0.284430    2.027454    1.423172    5.423172 ^ next_i (in)
                                                         next_i (net)
                      2.027454    0.000000    5.423172 ^ _3366_/B (sky130_fd_sc_hd__nand2_2)
    27    0.068045    0.743705    1.148813    6.571986 v _3366_/Y (sky130_fd_sc_hd__nand2_2)
                                                         _1042_ (net)
                      0.743705    0.000000    6.571986 v _3318_/A (sky130_fd_sc_hd__or3_2)
     1    0.002288    0.158674    1.331920    7.903905 v _3318_/X (sky130_fd_sc_hd__or3_2)
                                                         _1062_ (net)
                      0.158674    0.000000    7.903905 v _3319_/B1 (sky130_fd_sc_hd__o211a_2)
     1    0.001577    0.071586    0.269991    8.173897 v _3319_/X (sky130_fd_sc_hd__o211a_2)
                                                         _0087_ (net)
                      0.071586    0.000000    8.173897 v _3865_/D (sky130_fd_sc_hd__dfxtp_2)
                                              8.173897   data arrival time

                      0.150000   20.000000   20.000000   clock clk_i (rise edge)
                                  0.000000   20.000000   clock network delay (ideal)
                                 -0.250000   19.750002   clock uncertainty
                                  0.000000   19.750002   clock reconvergence pessimism
                                             19.750002 ^ _3865_/CLK (sky130_fd_sc_hd__dfxtp_2)
                                 -0.253379   19.496622   library setup time
                                             19.496622   data required time
---------------------------------------------------------------------------------------------
                                             19.496622   data required time
                                             -8.173897   data arrival time
---------------------------------------------------------------------------------------------
                                             11.322725   slack (MET)


Startpoint: next_i (input port clocked by clk_i)
Endpoint: _3846_ (rising edge-triggered flip-flop clocked by clk_i)
Path Group: clk_i
Path Type: max

Fanout         Cap        Slew       Delay        Time   Description
---------------------------------------------------------------------------------------------
                      0.150000    0.000000    0.000000   clock clk_i (rise edge)
                                  0.000000    0.000000   clock network delay (ideal)
                                  4.000000    4.000000 ^ input external delay
   100    0.284430    2.027454    1.423172    5.423172 ^ next_i (in)
                                                         next_i (net)
                      2.027454    0.000000    5.423172 ^ _3365_/A (sky130_fd_sc_hd__inv_2)
    42    0.107183    0.721525    1.167328    6.590501 v _3365_/Y (sky130_fd_sc_hd__inv_2)
                                                         _1034_ (net)
                      0.721525    0.000000    6.590501 v _3244_/B1 (sky130_fd_sc_hd__a21o_2)
     1    0.002251    0.058008    0.589953    7.180454 v _3244_/X (sky130_fd_sc_hd__a21o_2)
                                                         _1000_ (net)
                      0.058008    0.000000    7.180454 v _3245_/B2 (sky130_fd_sc_hd__o221a_2)
     1    0.001577    0.078108    0.411584    7.592038 v _3245_/X (sky130_fd_sc_hd__o221a_2)
                                                         _0068_ (net)
                      0.078108    0.000000    7.592038 v _3846_/D (sky130_fd_sc_hd__dfxtp_2)
                                              7.592038   data arrival time

                      0.150000   20.000000   20.000000   clock clk_i (rise edge)
                                  0.000000   20.000000   clock network delay (ideal)
                                 -0.250000   19.750002   clock uncertainty
                                  0.000000   19.750002   clock reconvergence pessimism
                                             19.750002 ^ _3846_/CLK (sky130_fd_sc_hd__dfxtp_2)
                                 -0.256087   19.493914   library setup time
                                             19.493914   data required time
---------------------------------------------------------------------------------------------
                                             19.493914   data required time
                                             -7.592038   data arrival time
---------------------------------------------------------------------------------------------
                                             11.901876   slack (MET)


Startpoint: next_i (input port clocked by clk_i)
Endpoint: _3847_ (rising edge-triggered flip-flop clocked by clk_i)
Path Group: clk_i
Path Type: max

Fanout         Cap        Slew       Delay        Time   Description
---------------------------------------------------------------------------------------------
                      0.150000    0.000000    0.000000   clock clk_i (rise edge)
                                  0.000000    0.000000   clock network delay (ideal)
                                  4.000000    4.000000 ^ input external delay
   100    0.284430    2.027454    1.423172    5.423172 ^ next_i (in)
                                                         next_i (net)
                      2.027454    0.000000    5.423172 ^ _3365_/A (sky130_fd_sc_hd__inv_2)
    42    0.107183    0.721525    1.167328    6.590501 v _3365_/Y (sky130_fd_sc_hd__inv_2)
                                                         _1034_ (net)
                      0.721525    0.000000    6.590501 v _3247_/B1 (sky130_fd_sc_hd__a21o_2)
     1    0.002251    0.058008    0.589953    7.180454 v _3247_/X (sky130_fd_sc_hd__a21o_2)
                                                         _1003_ (net)
                      0.058008    0.000000    7.180454 v _3248_/B2 (sky130_fd_sc_hd__o221a_2)
     1    0.001577    0.078108    0.411584    7.592038 v _3248_/X (sky130_fd_sc_hd__o221a_2)
                                                         _0069_ (net)
                      0.078108    0.000000    7.592038 v _3847_/D (sky130_fd_sc_hd__dfxtp_2)
                                              7.592038   data arrival time

                      0.150000   20.000000   20.000000   clock clk_i (rise edge)
                                  0.000000   20.000000   clock network delay (ideal)
                                 -0.250000   19.750002   clock uncertainty
                                  0.000000   19.750002   clock reconvergence pessimism
                                             19.750002 ^ _3847_/CLK (sky130_fd_sc_hd__dfxtp_2)
                                 -0.256087   19.493914   library setup time
                                             19.493914   data required time
---------------------------------------------------------------------------------------------
                                             19.493914   data required time
                                             -7.592038   data arrival time
---------------------------------------------------------------------------------------------
                                             11.901876   slack (MET)


Startpoint: next_i (input port clocked by clk_i)
Endpoint: _3862_ (rising edge-triggered flip-flop clocked by clk_i)
Path Group: clk_i
Path Type: max

Fanout         Cap        Slew       Delay        Time   Description
---------------------------------------------------------------------------------------------
                      0.150000    0.000000    0.000000   clock clk_i (rise edge)
                                  0.000000    0.000000   clock network delay (ideal)
                                  4.000000    4.000000 ^ input external delay
   100    0.284430    2.027454    1.423172    5.423172 ^ next_i (in)
                                                         next_i (net)
                      2.027454    0.000000    5.423172 ^ _3365_/A (sky130_fd_sc_hd__inv_2)
    42    0.107183    0.721525    1.167328    6.590501 v _3365_/Y (sky130_fd_sc_hd__inv_2)
                                                         _1034_ (net)
                      0.721525    0.000000    6.590501 v _3305_/B1 (sky130_fd_sc_hd__a21o_2)
     1    0.002251    0.058008    0.589953    7.180454 v _3305_/X (sky130_fd_sc_hd__a21o_2)
                                                         _1051_ (net)
                      0.058008    0.000000    7.180454 v _3306_/B2 (sky130_fd_sc_hd__o221a_2)
     1    0.001577    0.078108    0.411584    7.592038 v _3306_/X (sky130_fd_sc_hd__o221a_2)
                                                         _0084_ (net)
                      0.078108    0.000000    7.592038 v _3862_/D (sky130_fd_sc_hd__dfxtp_2)
                                              7.592038   data arrival time

                      0.150000   20.000000   20.000000   clock clk_i (rise edge)
                                  0.000000   20.000000   clock network delay (ideal)
                                 -0.250000   19.750002   clock uncertainty
                                  0.000000   19.750002   clock reconvergence pessimism
                                             19.750002 ^ _3862_/CLK (sky130_fd_sc_hd__dfxtp_2)
                                 -0.256087   19.493914   library setup time
                                             19.493914   data required time
---------------------------------------------------------------------------------------------
                                             19.493914   data required time
                                             -7.592038   data arrival time
---------------------------------------------------------------------------------------------
                                             11.901876   slack (MET)


Startpoint: next_i (input port clocked by clk_i)
Endpoint: _3866_ (rising edge-triggered flip-flop clocked by clk_i)
Path Group: clk_i
Path Type: max

Fanout         Cap        Slew       Delay        Time   Description
---------------------------------------------------------------------------------------------
                      0.150000    0.000000    0.000000   clock clk_i (rise edge)
                                  0.000000    0.000000   clock network delay (ideal)
                                  4.000000    4.000000 ^ input external delay
   100    0.284430    2.027454    1.423172    5.423172 ^ next_i (in)
                                                         next_i (net)
                      2.027454    0.000000    5.423172 ^ _3365_/A (sky130_fd_sc_hd__inv_2)
    42    0.107183    0.721525    1.167328    6.590501 v _3365_/Y (sky130_fd_sc_hd__inv_2)
                                                         _1034_ (net)
                      0.721525    0.000000    6.590501 v _3322_/B1 (sky130_fd_sc_hd__a21o_2)
     1    0.002251    0.058008    0.589953    7.180454 v _3322_/X (sky130_fd_sc_hd__a21o_2)
                                                         _1065_ (net)
                      0.058008    0.000000    7.180454 v _3323_/B2 (sky130_fd_sc_hd__o221a_2)
     1    0.001577    0.078108    0.411584    7.592038 v _3323_/X (sky130_fd_sc_hd__o221a_2)
                                                         _0088_ (net)
                      0.078108    0.000000    7.592038 v _3866_/D (sky130_fd_sc_hd__dfxtp_2)
                                              7.592038   data arrival time

                      0.150000   20.000000   20.000000   clock clk_i (rise edge)
                                  0.000000   20.000000   clock network delay (ideal)
                                 -0.250000   19.750002   clock uncertainty
                                  0.000000   19.750002   clock reconvergence pessimism
                                             19.750002 ^ _3866_/CLK (sky130_fd_sc_hd__dfxtp_2)
                                 -0.256087   19.493914   library setup time
                                             19.493914   data required time
---------------------------------------------------------------------------------------------
                                             19.493914   data required time
                                             -7.592038   data arrival time
---------------------------------------------------------------------------------------------
                                             11.901876   slack (MET)


Startpoint: next_i (input port clocked by clk_i)
Endpoint: _3870_ (rising edge-triggered flip-flop clocked by clk_i)
Path Group: clk_i
Path Type: max

Fanout         Cap        Slew       Delay        Time   Description
---------------------------------------------------------------------------------------------
                      0.150000    0.000000    0.000000   clock clk_i (rise edge)
                                  0.000000    0.000000   clock network delay (ideal)
                                  4.000000    4.000000 ^ input external delay
   100    0.284430    2.027454    1.423172    5.423172 ^ next_i (in)
                                                         next_i (net)
                      2.027454    0.000000    5.423172 ^ _3365_/A (sky130_fd_sc_hd__inv_2)
    42    0.107183    0.721525    1.167328    6.590501 v _3365_/Y (sky130_fd_sc_hd__inv_2)
                                                         _1034_ (net)
                      0.721525    0.000000    6.590501 v _3339_/B1 (sky130_fd_sc_hd__a21o_2)
     1    0.002251    0.058008    0.589953    7.180454 v _3339_/X (sky130_fd_sc_hd__a21o_2)
                                                         _1080_ (net)
                      0.058008    0.000000    7.180454 v _3340_/B2 (sky130_fd_sc_hd__o221a_2)
     1    0.001577    0.078108    0.411584    7.592038 v _3340_/X (sky130_fd_sc_hd__o221a_2)
                                                         _0092_ (net)
                      0.078108    0.000000    7.592038 v _3870_/D (sky130_fd_sc_hd__dfxtp_2)
                                              7.592038   data arrival time

                      0.150000   20.000000   20.000000   clock clk_i (rise edge)
                                  0.000000   20.000000   clock network delay (ideal)
                                 -0.250000   19.750002   clock uncertainty
                                  0.000000   19.750002   clock reconvergence pessimism
                                             19.750002 ^ _3870_/CLK (sky130_fd_sc_hd__dfxtp_2)
                                 -0.256087   19.493914   library setup time
                                             19.493914   data required time
---------------------------------------------------------------------------------------------
                                             19.493914   data required time
                                             -7.592038   data arrival time
---------------------------------------------------------------------------------------------
                                             11.901876   slack (MET)


Startpoint: next_i (input port clocked by clk_i)
Endpoint: _3871_ (rising edge-triggered flip-flop clocked by clk_i)
Path Group: clk_i
Path Type: max

Fanout         Cap        Slew       Delay        Time   Description
---------------------------------------------------------------------------------------------
                      0.150000    0.000000    0.000000   clock clk_i (rise edge)
                                  0.000000    0.000000   clock network delay (ideal)
                                  4.000000    4.000000 ^ input external delay
   100    0.284430    2.027454    1.423172    5.423172 ^ next_i (in)
                                                         next_i (net)
                      2.027454    0.000000    5.423172 ^ _3365_/A (sky130_fd_sc_hd__inv_2)
    42    0.107183    0.721525    1.167328    6.590501 v _3365_/Y (sky130_fd_sc_hd__inv_2)
                                                         _1034_ (net)
                      0.721525    0.000000    6.590501 v _3343_/B1 (sky130_fd_sc_hd__a21o_2)
     1    0.002251    0.058008    0.589953    7.180454 v _3343_/X (sky130_fd_sc_hd__a21o_2)
                                                         _1083_ (net)
                      0.058008    0.000000    7.180454 v _3344_/B2 (sky130_fd_sc_hd__o221a_2)
     1    0.001577    0.078108    0.411584    7.592038 v _3344_/X (sky130_fd_sc_hd__o221a_2)
                                                         _0093_ (net)
                      0.078108    0.000000    7.592038 v _3871_/D (sky130_fd_sc_hd__dfxtp_2)
                                              7.592038   data arrival time

                      0.150000   20.000000   20.000000   clock clk_i (rise edge)
                                  0.000000   20.000000   clock network delay (ideal)
                                 -0.250000   19.750002   clock uncertainty
                                  0.000000   19.750002   clock reconvergence pessimism
                                             19.750002 ^ _3871_/CLK (sky130_fd_sc_hd__dfxtp_2)
                                 -0.256087   19.493914   library setup time
                                             19.493914   data required time
---------------------------------------------------------------------------------------------
                                             19.493914   data required time
                                             -7.592038   data arrival time
---------------------------------------------------------------------------------------------
                                             11.901876   slack (MET)


Startpoint: next_i (input port clocked by clk_i)
Endpoint: _3852_ (rising edge-triggered flip-flop clocked by clk_i)
Path Group: clk_i
Path Type: max

Fanout         Cap        Slew       Delay        Time   Description
---------------------------------------------------------------------------------------------
                      0.150000    0.000000    0.000000   clock clk_i (rise edge)
                                  0.000000    0.000000   clock network delay (ideal)
                                  4.000000    4.000000 ^ input external delay
   100    0.284430    2.027454    1.423172    5.423172 ^ next_i (in)
                                                         next_i (net)
                      2.027454    0.000000    5.423172 ^ _3366_/B (sky130_fd_sc_hd__nand2_2)
    27    0.068045    0.743705    1.148813    6.571986 v _3366_/Y (sky130_fd_sc_hd__nand2_2)
                                                         _1042_ (net)
                      0.743705    0.000000    6.571986 v _3263_/B1 (sky130_fd_sc_hd__a21o_2)
     1    0.002251    0.058498    0.596852    7.168838 v _3263_/X (sky130_fd_sc_hd__a21o_2)
                                                         _1015_ (net)
                      0.058498    0.000000    7.168838 v _3264_/B2 (sky130_fd_sc_hd__o221a_2)
     1    0.001577    0.078108    0.411774    7.580612 v _3264_/X (sky130_fd_sc_hd__o221a_2)
                                                         _0074_ (net)
                      0.078108    0.000000    7.580612 v _3852_/D (sky130_fd_sc_hd__dfxtp_2)
                                              7.580612   data arrival time

                      0.150000   20.000000   20.000000   clock clk_i (rise edge)
                                  0.000000   20.000000   clock network delay (ideal)
                                 -0.250000   19.750002   clock uncertainty
                                  0.000000   19.750002   clock reconvergence pessimism
                                             19.750002 ^ _3852_/CLK (sky130_fd_sc_hd__dfxtp_2)
                                 -0.256087   19.493914   library setup time
                                             19.493914   data required time
---------------------------------------------------------------------------------------------
                                             19.493914   data required time
                                             -7.580612   data arrival time
---------------------------------------------------------------------------------------------
                                             11.913302   slack (MET)


Startpoint: next_i (input port clocked by clk_i)
Endpoint: _3854_ (rising edge-triggered flip-flop clocked by clk_i)
Path Group: clk_i
Path Type: max

Fanout         Cap        Slew       Delay        Time   Description
---------------------------------------------------------------------------------------------
                      0.150000    0.000000    0.000000   clock clk_i (rise edge)
                                  0.000000    0.000000   clock network delay (ideal)
                                  4.000000    4.000000 ^ input external delay
   100    0.284430    2.027454    1.423172    5.423172 ^ next_i (in)
                                                         next_i (net)
                      2.027454    0.000000    5.423172 ^ _3366_/B (sky130_fd_sc_hd__nand2_2)
    27    0.068045    0.743705    1.148813    6.571986 v _3366_/Y (sky130_fd_sc_hd__nand2_2)
                                                         _1042_ (net)
                      0.743705    0.000000    6.571986 v _3272_/B1 (sky130_fd_sc_hd__a21o_2)
     1    0.002251    0.058498    0.596852    7.168838 v _3272_/X (sky130_fd_sc_hd__a21o_2)
                                                         _1023_ (net)
                      0.058498    0.000000    7.168838 v _3273_/B2 (sky130_fd_sc_hd__o221a_2)
     1    0.001577    0.078108    0.411774    7.580612 v _3273_/X (sky130_fd_sc_hd__o221a_2)
                                                         _0076_ (net)
                      0.078108    0.000000    7.580612 v _3854_/D (sky130_fd_sc_hd__dfxtp_2)
                                              7.580612   data arrival time

                      0.150000   20.000000   20.000000   clock clk_i (rise edge)
                                  0.000000   20.000000   clock network delay (ideal)
                                 -0.250000   19.750002   clock uncertainty
                                  0.000000   19.750002   clock reconvergence pessimism
                                             19.750002 ^ _3854_/CLK (sky130_fd_sc_hd__dfxtp_2)
                                 -0.256087   19.493914   library setup time
                                             19.493914   data required time
---------------------------------------------------------------------------------------------
                                             19.493914   data required time
                                             -7.580612   data arrival time
---------------------------------------------------------------------------------------------
                                             11.913302   slack (MET)


Startpoint: next_i (input port clocked by clk_i)
Endpoint: _3855_ (rising edge-triggered flip-flop clocked by clk_i)
Path Group: clk_i
Path Type: max

Fanout         Cap        Slew       Delay        Time   Description
---------------------------------------------------------------------------------------------
                      0.150000    0.000000    0.000000   clock clk_i (rise edge)
                                  0.000000    0.000000   clock network delay (ideal)
                                  4.000000    4.000000 ^ input external delay
   100    0.284430    2.027454    1.423172    5.423172 ^ next_i (in)
                                                         next_i (net)
                      2.027454    0.000000    5.423172 ^ _3366_/B (sky130_fd_sc_hd__nand2_2)
    27    0.068045    0.743705    1.148813    6.571986 v _3366_/Y (sky130_fd_sc_hd__nand2_2)
                                                         _1042_ (net)
                      0.743705    0.000000    6.571986 v _3276_/B1 (sky130_fd_sc_hd__a21o_2)
     1    0.002251    0.058498    0.596852    7.168838 v _3276_/X (sky130_fd_sc_hd__a21o_2)
                                                         _1027_ (net)
                      0.058498    0.000000    7.168838 v _3277_/B2 (sky130_fd_sc_hd__o221a_2)
     1    0.001577    0.078108    0.411774    7.580612 v _3277_/X (sky130_fd_sc_hd__o221a_2)
                                                         _0077_ (net)
                      0.078108    0.000000    7.580612 v _3855_/D (sky130_fd_sc_hd__dfxtp_2)
                                              7.580612   data arrival time

                      0.150000   20.000000   20.000000   clock clk_i (rise edge)
                                  0.000000   20.000000   clock network delay (ideal)
                                 -0.250000   19.750002   clock uncertainty
                                  0.000000   19.750002   clock reconvergence pessimism
                                             19.750002 ^ _3855_/CLK (sky130_fd_sc_hd__dfxtp_2)
                                 -0.256087   19.493914   library setup time
                                             19.493914   data required time
---------------------------------------------------------------------------------------------
                                             19.493914   data required time
                                             -7.580612   data arrival time
---------------------------------------------------------------------------------------------
                                             11.913302   slack (MET)


Startpoint: next_i (input port clocked by clk_i)
Endpoint: _3858_ (rising edge-triggered flip-flop clocked by clk_i)
Path Group: clk_i
Path Type: max

Fanout         Cap        Slew       Delay        Time   Description
---------------------------------------------------------------------------------------------
                      0.150000    0.000000    0.000000   clock clk_i (rise edge)
                                  0.000000    0.000000   clock network delay (ideal)
                                  4.000000    4.000000 ^ input external delay
   100    0.284430    2.027454    1.423172    5.423172 ^ next_i (in)
                                                         next_i (net)
                      2.027454    0.000000    5.423172 ^ _3366_/B (sky130_fd_sc_hd__nand2_2)
    27    0.068045    0.743705    1.148813    6.571986 v _3366_/Y (sky130_fd_sc_hd__nand2_2)
                                                         _1042_ (net)
                      0.743705    0.000000    6.571986 v _3289_/B1 (sky130_fd_sc_hd__a21o_2)
     1    0.002251    0.058498    0.596852    7.168838 v _3289_/X (sky130_fd_sc_hd__a21o_2)
                                                         _1038_ (net)
                      0.058498    0.000000    7.168838 v _3290_/B2 (sky130_fd_sc_hd__o221a_2)
     1    0.001577    0.078108    0.411774    7.580612 v _3290_/X (sky130_fd_sc_hd__o221a_2)
                                                         _0080_ (net)
                      0.078108    0.000000    7.580612 v _3858_/D (sky130_fd_sc_hd__dfxtp_2)
                                              7.580612   data arrival time

                      0.150000   20.000000   20.000000   clock clk_i (rise edge)
                                  0.000000   20.000000   clock network delay (ideal)
                                 -0.250000   19.750002   clock uncertainty
                                  0.000000   19.750002   clock reconvergence pessimism
                                             19.750002 ^ _3858_/CLK (sky130_fd_sc_hd__dfxtp_2)
                                 -0.256087   19.493914   library setup time
                                             19.493914   data required time
---------------------------------------------------------------------------------------------
                                             19.493914   data required time
                                             -7.580612   data arrival time
---------------------------------------------------------------------------------------------
                                             11.913302   slack (MET)


Startpoint: next_i (input port clocked by clk_i)
Endpoint: _3861_ (rising edge-triggered flip-flop clocked by clk_i)
Path Group: clk_i
Path Type: max

Fanout         Cap        Slew       Delay        Time   Description
---------------------------------------------------------------------------------------------
                      0.150000    0.000000    0.000000   clock clk_i (rise edge)
                                  0.000000    0.000000   clock network delay (ideal)
                                  4.000000    4.000000 ^ input external delay
   100    0.284430    2.027454    1.423172    5.423172 ^ next_i (in)
                                                         next_i (net)
                      2.027454    0.000000    5.423172 ^ _3366_/B (sky130_fd_sc_hd__nand2_2)
    27    0.068045    0.743705    1.148813    6.571986 v _3366_/Y (sky130_fd_sc_hd__nand2_2)
                                                         _1042_ (net)
                      0.743705    0.000000    6.571986 v _3301_/B1 (sky130_fd_sc_hd__a21o_2)
     1    0.002251    0.058498    0.596852    7.168838 v _3301_/X (sky130_fd_sc_hd__a21o_2)
                                                         _1048_ (net)
                      0.058498    0.000000    7.168838 v _3302_/B2 (sky130_fd_sc_hd__o221a_2)
     1    0.001577    0.078108    0.411774    7.580612 v _3302_/X (sky130_fd_sc_hd__o221a_2)
                                                         _0083_ (net)
                      0.078108    0.000000    7.580612 v _3861_/D (sky130_fd_sc_hd__dfxtp_2)
                                              7.580612   data arrival time

                      0.150000   20.000000   20.000000   clock clk_i (rise edge)
                                  0.000000   20.000000   clock network delay (ideal)
                                 -0.250000   19.750002   clock uncertainty
                                  0.000000   19.750002   clock reconvergence pessimism
                                             19.750002 ^ _3861_/CLK (sky130_fd_sc_hd__dfxtp_2)
                                 -0.256087   19.493914   library setup time
                                             19.493914   data required time
---------------------------------------------------------------------------------------------
                                             19.493914   data required time
                                             -7.580612   data arrival time
---------------------------------------------------------------------------------------------
                                             11.913302   slack (MET)


Startpoint: next_i (input port clocked by clk_i)
Endpoint: _3863_ (rising edge-triggered flip-flop clocked by clk_i)
Path Group: clk_i
Path Type: max

Fanout         Cap        Slew       Delay        Time   Description
---------------------------------------------------------------------------------------------
                      0.150000    0.000000    0.000000   clock clk_i (rise edge)
                                  0.000000    0.000000   clock network delay (ideal)
                                  4.000000    4.000000 ^ input external delay
   100    0.284430    2.027454    1.423172    5.423172 ^ next_i (in)
                                                         next_i (net)
                      2.027454    0.000000    5.423172 ^ _3366_/B (sky130_fd_sc_hd__nand2_2)
    27    0.068045    0.743705    1.148813    6.571986 v _3366_/Y (sky130_fd_sc_hd__nand2_2)
                                                         _1042_ (net)
                      0.743705    0.000000    6.571986 v _3309_/B1 (sky130_fd_sc_hd__a21o_2)
     1    0.002251    0.058498    0.596852    7.168838 v _3309_/X (sky130_fd_sc_hd__a21o_2)
                                                         _1054_ (net)
                      0.058498    0.000000    7.168838 v _3310_/B2 (sky130_fd_sc_hd__o221a_2)
     1    0.001577    0.078108    0.411774    7.580612 v _3310_/X (sky130_fd_sc_hd__o221a_2)
                                                         _0085_ (net)
                      0.078108    0.000000    7.580612 v _3863_/D (sky130_fd_sc_hd__dfxtp_2)
                                              7.580612   data arrival time

                      0.150000   20.000000   20.000000   clock clk_i (rise edge)
                                  0.000000   20.000000   clock network delay (ideal)
                                 -0.250000   19.750002   clock uncertainty
                                  0.000000   19.750002   clock reconvergence pessimism
                                             19.750002 ^ _3863_/CLK (sky130_fd_sc_hd__dfxtp_2)
                                 -0.256087   19.493914   library setup time
                                             19.493914   data required time
---------------------------------------------------------------------------------------------
                                             19.493914   data required time
                                             -7.580612   data arrival time
---------------------------------------------------------------------------------------------
                                             11.913302   slack (MET)


Startpoint: next_i (input port clocked by clk_i)
Endpoint: _3853_ (rising edge-triggered flip-flop clocked by clk_i)
Path Group: clk_i
Path Type: max

Fanout         Cap        Slew       Delay        Time   Description
---------------------------------------------------------------------------------------------
                      0.150000    0.000000    0.000000   clock clk_i (rise edge)
                                  0.000000    0.000000   clock network delay (ideal)
                                  4.000000    4.000000 ^ input external delay
   100    0.284430    2.027454    1.423172    5.423172 ^ next_i (in)
                                                         next_i (net)
                      2.027454    0.000000    5.423172 ^ _3365_/A (sky130_fd_sc_hd__inv_2)
    42    0.107183    0.721525    1.167328    6.590501 v _3365_/Y (sky130_fd_sc_hd__inv_2)
                                                         _1034_ (net)
                      0.721525    0.000000    6.590501 v _3268_/A2 (sky130_fd_sc_hd__a21o_2)
     1    0.002214    0.056894    0.611650    7.202151 v _3268_/X (sky130_fd_sc_hd__a21o_2)
                                                         _1020_ (net)
                      0.056894    0.000000    7.202151 v _3269_/B1 (sky130_fd_sc_hd__a31o_2)
     1    0.001577    0.060530    0.369904    7.572055 v _3269_/X (sky130_fd_sc_hd__a31o_2)
                                                         _0075_ (net)
                      0.060530    0.000000    7.572055 v _3853_/D (sky130_fd_sc_hd__dfxtp_2)
                                              7.572055   data arrival time

                      0.150000   20.000000   20.000000   clock clk_i (rise edge)
                                  0.000000   20.000000   clock network delay (ideal)
                                 -0.250000   19.750002   clock uncertainty
                                  0.000000   19.750002   clock reconvergence pessimism
                                             19.750002 ^ _3853_/CLK (sky130_fd_sc_hd__dfxtp_2)
                                 -0.248788   19.501213   library setup time
                                             19.501213   data required time
---------------------------------------------------------------------------------------------
                                             19.501213   data required time
                                             -7.572055   data arrival time
---------------------------------------------------------------------------------------------
                                             11.929158   slack (MET)


Startpoint: next_i (input port clocked by clk_i)
Endpoint: _3872_ (rising edge-triggered flip-flop clocked by clk_i)
Path Group: clk_i
Path Type: max

Fanout         Cap        Slew       Delay        Time   Description
---------------------------------------------------------------------------------------------
                      0.150000    0.000000    0.000000   clock clk_i (rise edge)
                                  0.000000    0.000000   clock network delay (ideal)
                                  4.000000    4.000000 ^ input external delay
   100    0.284430    2.027454    1.423172    5.423172 ^ next_i (in)
                                                         next_i (net)
                      2.027454    0.000000    5.423172 ^ _3365_/A (sky130_fd_sc_hd__inv_2)
    42    0.107183    0.721525    1.167328    6.590501 v _3365_/Y (sky130_fd_sc_hd__inv_2)
                                                         _1034_ (net)
                      0.721525    0.000000    6.590501 v _3349_/A1 (sky130_fd_sc_hd__o311a_2)
     1    0.001577    0.086327    0.967660    7.558160 v _3349_/X (sky130_fd_sc_hd__o311a_2)
                                                         _0094_ (net)
                      0.086327    0.000000    7.558160 v _3872_/D (sky130_fd_sc_hd__dfxtp_2)
                                              7.558160   data arrival time

                      0.150000   20.000000   20.000000   clock clk_i (rise edge)
                                  0.000000   20.000000   clock network delay (ideal)
                                 -0.250000   19.750002   clock uncertainty
                                  0.000000   19.750002   clock reconvergence pessimism
                                             19.750002 ^ _3872_/CLK (sky130_fd_sc_hd__dfxtp_2)
                                 -0.259499   19.490501   library setup time
                                             19.490501   data required time
---------------------------------------------------------------------------------------------
                                             19.490501   data required time
                                             -7.558160   data arrival time
---------------------------------------------------------------------------------------------
                                             11.932342   slack (MET)


Startpoint: next_i (input port clocked by clk_i)
Endpoint: _3873_ (rising edge-triggered flip-flop clocked by clk_i)
Path Group: clk_i
Path Type: max

Fanout         Cap        Slew       Delay        Time   Description
---------------------------------------------------------------------------------------------
                      0.150000    0.000000    0.000000   clock clk_i (rise edge)
                                  0.000000    0.000000   clock network delay (ideal)
                                  4.000000    4.000000 ^ input external delay
   100    0.284430    2.027454    1.423172    5.423172 ^ next_i (in)
                                                         next_i (net)
                      2.027454    0.000000    5.423172 ^ _3365_/A (sky130_fd_sc_hd__inv_2)
    42    0.107183    0.721525    1.167328    6.590501 v _3365_/Y (sky130_fd_sc_hd__inv_2)
                                                         _1034_ (net)
                      0.721525    0.000000    6.590501 v _3354_/A1 (sky130_fd_sc_hd__o311a_2)
     1    0.001577    0.086327    0.967660    7.558160 v _3354_/X (sky130_fd_sc_hd__o311a_2)
                                                         _0095_ (net)
                      0.086327    0.000000    7.558160 v _3873_/D (sky130_fd_sc_hd__dfxtp_2)
                                              7.558160   data arrival time

                      0.150000   20.000000   20.000000   clock clk_i (rise edge)
                                  0.000000   20.000000   clock network delay (ideal)
                                 -0.250000   19.750002   clock uncertainty
                                  0.000000   19.750002   clock reconvergence pessimism
                                             19.750002 ^ _3873_/CLK (sky130_fd_sc_hd__dfxtp_2)
                                 -0.259499   19.490501   library setup time
                                             19.490501   data required time
---------------------------------------------------------------------------------------------
                                             19.490501   data required time
                                             -7.558160   data arrival time
---------------------------------------------------------------------------------------------
                                             11.932342   slack (MET)


Startpoint: next_i (input port clocked by clk_i)
Endpoint: _3874_ (rising edge-triggered flip-flop clocked by clk_i)
Path Group: clk_i
Path Type: max

Fanout         Cap        Slew       Delay        Time   Description
---------------------------------------------------------------------------------------------
                      0.150000    0.000000    0.000000   clock clk_i (rise edge)
                                  0.000000    0.000000   clock network delay (ideal)
                                  4.000000    4.000000 ^ input external delay
   100    0.284430    2.027454    1.423172    5.423172 ^ next_i (in)
                                                         next_i (net)
                      2.027454    0.000000    5.423172 ^ _3365_/A (sky130_fd_sc_hd__inv_2)
    42    0.107183    0.721525    1.167328    6.590501 v _3365_/Y (sky130_fd_sc_hd__inv_2)
                                                         _1034_ (net)
                      0.721525    0.000000    6.590501 v _3359_/A1 (sky130_fd_sc_hd__o311a_2)
     1    0.001577    0.086327    0.967660    7.558160 v _3359_/X (sky130_fd_sc_hd__o311a_2)
                                                         _0096_ (net)
                      0.086327    0.000000    7.558160 v _3874_/D (sky130_fd_sc_hd__dfxtp_2)
                                              7.558160   data arrival time

                      0.150000   20.000000   20.000000   clock clk_i (rise edge)
                                  0.000000   20.000000   clock network delay (ideal)
                                 -0.250000   19.750002   clock uncertainty
                                  0.000000   19.750002   clock reconvergence pessimism
                                             19.750002 ^ _3874_/CLK (sky130_fd_sc_hd__dfxtp_2)
                                 -0.259499   19.490501   library setup time
                                             19.490501   data required time
---------------------------------------------------------------------------------------------
                                             19.490501   data required time
                                             -7.558160   data arrival time
---------------------------------------------------------------------------------------------
                                             11.932342   slack (MET)


Startpoint: next_i (input port clocked by clk_i)
Endpoint: _3843_ (rising edge-triggered flip-flop clocked by clk_i)
Path Group: clk_i
Path Type: max

Fanout         Cap        Slew       Delay        Time   Description
---------------------------------------------------------------------------------------------
                      0.150000    0.000000    0.000000   clock clk_i (rise edge)
                                  0.000000    0.000000   clock network delay (ideal)
                                  4.000000    4.000000 ^ input external delay
   100    0.284430    2.027454    1.423172    5.423172 ^ next_i (in)
                                                         next_i (net)
                      2.027454    0.000000    5.423172 ^ _3365_/A (sky130_fd_sc_hd__inv_2)
    42    0.107183    0.721525    1.167328    6.590501 v _3365_/Y (sky130_fd_sc_hd__inv_2)
                                                         _1034_ (net)
                      0.721525    0.000000    6.590501 v _3236_/A2 (sky130_fd_sc_hd__a221o_2)
     1    0.001577    0.081293    0.940691    7.531192 v _3236_/X (sky130_fd_sc_hd__a221o_2)
                                                         _0065_ (net)
                      0.081293    0.000000    7.531192 v _3843_/D (sky130_fd_sc_hd__dfxtp_2)
                                              7.531192   data arrival time

                      0.150000   20.000000   20.000000   clock clk_i (rise edge)
                                  0.000000   20.000000   clock network delay (ideal)
                                 -0.250000   19.750002   clock uncertainty
                                  0.000000   19.750002   clock reconvergence pessimism
                                             19.750002 ^ _3843_/CLK (sky130_fd_sc_hd__dfxtp_2)
                                 -0.257409   19.492594   library setup time
                                             19.492594   data required time
---------------------------------------------------------------------------------------------
                                             19.492594   data required time
                                             -7.531192   data arrival time
---------------------------------------------------------------------------------------------
                                             11.961401   slack (MET)


Startpoint: next_i (input port clocked by clk_i)
Endpoint: _3844_ (rising edge-triggered flip-flop clocked by clk_i)
Path Group: clk_i
Path Type: max

Fanout         Cap        Slew       Delay        Time   Description
---------------------------------------------------------------------------------------------
                      0.150000    0.000000    0.000000   clock clk_i (rise edge)
                                  0.000000    0.000000   clock network delay (ideal)
                                  4.000000    4.000000 ^ input external delay
   100    0.284430    2.027454    1.423172    5.423172 ^ next_i (in)
                                                         next_i (net)
                      2.027454    0.000000    5.423172 ^ _3365_/A (sky130_fd_sc_hd__inv_2)
    42    0.107183    0.721525    1.167328    6.590501 v _3365_/Y (sky130_fd_sc_hd__inv_2)
                                                         _1034_ (net)
                      0.721525    0.000000    6.590501 v _3239_/A2 (sky130_fd_sc_hd__a221o_2)
     1    0.001577    0.081293    0.940691    7.531192 v _3239_/X (sky130_fd_sc_hd__a221o_2)
                                                         _0066_ (net)
                      0.081293    0.000000    7.531192 v _3844_/D (sky130_fd_sc_hd__dfxtp_2)
                                              7.531192   data arrival time

                      0.150000   20.000000   20.000000   clock clk_i (rise edge)
                                  0.000000   20.000000   clock network delay (ideal)
                                 -0.250000   19.750002   clock uncertainty
                                  0.000000   19.750002   clock reconvergence pessimism
                                             19.750002 ^ _3844_/CLK (sky130_fd_sc_hd__dfxtp_2)
                                 -0.257409   19.492594   library setup time
                                             19.492594   data required time
---------------------------------------------------------------------------------------------
                                             19.492594   data required time
                                             -7.531192   data arrival time
---------------------------------------------------------------------------------------------
                                             11.961401   slack (MET)


Startpoint: next_i (input port clocked by clk_i)
Endpoint: _3845_ (rising edge-triggered flip-flop clocked by clk_i)
Path Group: clk_i
Path Type: max

Fanout         Cap        Slew       Delay        Time   Description
---------------------------------------------------------------------------------------------
                      0.150000    0.000000    0.000000   clock clk_i (rise edge)
                                  0.000000    0.000000   clock network delay (ideal)
                                  4.000000    4.000000 ^ input external delay
   100    0.284430    2.027454    1.423172    5.423172 ^ next_i (in)
                                                         next_i (net)
                      2.027454    0.000000    5.423172 ^ _3365_/A (sky130_fd_sc_hd__inv_2)
    42    0.107183    0.721525    1.167328    6.590501 v _3365_/Y (sky130_fd_sc_hd__inv_2)
                                                         _1034_ (net)
                      0.721525    0.000000    6.590501 v _3242_/A2 (sky130_fd_sc_hd__a221o_2)
     1    0.001577    0.081293    0.940691    7.531192 v _3242_/X (sky130_fd_sc_hd__a221o_2)
                                                         _0067_ (net)
                      0.081293    0.000000    7.531192 v _3845_/D (sky130_fd_sc_hd__dfxtp_2)
                                              7.531192   data arrival time

                      0.150000   20.000000   20.000000   clock clk_i (rise edge)
                                  0.000000   20.000000   clock network delay (ideal)
                                 -0.250000   19.750002   clock uncertainty
                                  0.000000   19.750002   clock reconvergence pessimism
                                             19.750002 ^ _3845_/CLK (sky130_fd_sc_hd__dfxtp_2)
                                 -0.257409   19.492594   library setup time
                                             19.492594   data required time
---------------------------------------------------------------------------------------------
                                             19.492594   data required time
                                             -7.531192   data arrival time
---------------------------------------------------------------------------------------------
                                             11.961401   slack (MET)


Startpoint: next_i (input port clocked by clk_i)
Endpoint: _3848_ (rising edge-triggered flip-flop clocked by clk_i)
Path Group: clk_i
Path Type: max

Fanout         Cap        Slew       Delay        Time   Description
---------------------------------------------------------------------------------------------
                      0.150000    0.000000    0.000000   clock clk_i (rise edge)
                                  0.000000    0.000000   clock network delay (ideal)
                                  4.000000    4.000000 ^ input external delay
   100    0.284430    2.027454    1.423172    5.423172 ^ next_i (in)
                                                         next_i (net)
                      2.027454    0.000000    5.423172 ^ _3365_/A (sky130_fd_sc_hd__inv_2)
    42    0.107183    0.721525    1.167328    6.590501 v _3365_/Y (sky130_fd_sc_hd__inv_2)
                                                         _1034_ (net)
                      0.721525    0.000000    6.590501 v _3251_/A2 (sky130_fd_sc_hd__a221o_2)
     1    0.001577    0.081293    0.940691    7.531192 v _3251_/X (sky130_fd_sc_hd__a221o_2)
                                                         _0070_ (net)
                      0.081293    0.000000    7.531192 v _3848_/D (sky130_fd_sc_hd__dfxtp_2)
                                              7.531192   data arrival time

                      0.150000   20.000000   20.000000   clock clk_i (rise edge)
                                  0.000000   20.000000   clock network delay (ideal)
                                 -0.250000   19.750002   clock uncertainty
                                  0.000000   19.750002   clock reconvergence pessimism
                                             19.750002 ^ _3848_/CLK (sky130_fd_sc_hd__dfxtp_2)
                                 -0.257409   19.492594   library setup time
                                             19.492594   data required time
---------------------------------------------------------------------------------------------
                                             19.492594   data required time
                                             -7.531192   data arrival time
---------------------------------------------------------------------------------------------
                                             11.961401   slack (MET)


Startpoint: next_i (input port clocked by clk_i)
Endpoint: _3849_ (rising edge-triggered flip-flop clocked by clk_i)
Path Group: clk_i
Path Type: max

Fanout         Cap        Slew       Delay        Time   Description
---------------------------------------------------------------------------------------------
                      0.150000    0.000000    0.000000   clock clk_i (rise edge)
                                  0.000000    0.000000   clock network delay (ideal)
                                  4.000000    4.000000 ^ input external delay
   100    0.284430    2.027454    1.423172    5.423172 ^ next_i (in)
                                                         next_i (net)
                      2.027454    0.000000    5.423172 ^ _3365_/A (sky130_fd_sc_hd__inv_2)
    42    0.107183    0.721525    1.167328    6.590501 v _3365_/Y (sky130_fd_sc_hd__inv_2)
                                                         _1034_ (net)
                      0.721525    0.000000    6.590501 v _3254_/A2 (sky130_fd_sc_hd__a221o_2)
     1    0.001577    0.081293    0.940691    7.531192 v _3254_/X (sky130_fd_sc_hd__a221o_2)
                                                         _0071_ (net)
                      0.081293    0.000000    7.531192 v _3849_/D (sky130_fd_sc_hd__dfxtp_2)
                                              7.531192   data arrival time

                      0.150000   20.000000   20.000000   clock clk_i (rise edge)
                                  0.000000   20.000000   clock network delay (ideal)
                                 -0.250000   19.750002   clock uncertainty
                                  0.000000   19.750002   clock reconvergence pessimism
                                             19.750002 ^ _3849_/CLK (sky130_fd_sc_hd__dfxtp_2)
                                 -0.257409   19.492594   library setup time
                                             19.492594   data required time
---------------------------------------------------------------------------------------------
                                             19.492594   data required time
                                             -7.531192   data arrival time
---------------------------------------------------------------------------------------------
                                             11.961401   slack (MET)


Startpoint: next_i (input port clocked by clk_i)
Endpoint: _3851_ (rising edge-triggered flip-flop clocked by clk_i)
Path Group: clk_i
Path Type: max

Fanout         Cap        Slew       Delay        Time   Description
---------------------------------------------------------------------------------------------
                      0.150000    0.000000    0.000000   clock clk_i (rise edge)
                                  0.000000    0.000000   clock network delay (ideal)
                                  4.000000    4.000000 ^ input external delay
   100    0.284430    2.027454    1.423172    5.423172 ^ next_i (in)
                                                         next_i (net)
                      2.027454    0.000000    5.423172 ^ _3365_/A (sky130_fd_sc_hd__inv_2)
    42    0.107183    0.721525    1.167328    6.590501 v _3365_/Y (sky130_fd_sc_hd__inv_2)
                                                         _1034_ (net)
                      0.721525    0.000000    6.590501 v _3260_/A2 (sky130_fd_sc_hd__a221o_2)
     1    0.001577    0.081293    0.940691    7.531192 v _3260_/X (sky130_fd_sc_hd__a221o_2)
                                                         _0073_ (net)
                      0.081293    0.000000    7.531192 v _3851_/D (sky130_fd_sc_hd__dfxtp_2)
                                              7.531192   data arrival time

                      0.150000   20.000000   20.000000   clock clk_i (rise edge)
                                  0.000000   20.000000   clock network delay (ideal)
                                 -0.250000   19.750002   clock uncertainty
                                  0.000000   19.750002   clock reconvergence pessimism
                                             19.750002 ^ _3851_/CLK (sky130_fd_sc_hd__dfxtp_2)
                                 -0.257409   19.492594   library setup time
                                             19.492594   data required time
---------------------------------------------------------------------------------------------
                                             19.492594   data required time
                                             -7.531192   data arrival time
---------------------------------------------------------------------------------------------
                                             11.961401   slack (MET)


Startpoint: next_i (input port clocked by clk_i)
Endpoint: _3857_ (rising edge-triggered flip-flop clocked by clk_i)
Path Group: clk_i
Path Type: max

Fanout         Cap        Slew       Delay        Time   Description
---------------------------------------------------------------------------------------------
                      0.150000    0.000000    0.000000   clock clk_i (rise edge)
                                  0.000000    0.000000   clock network delay (ideal)
                                  4.000000    4.000000 ^ input external delay
   100    0.284430    2.027454    1.423172    5.423172 ^ next_i (in)
                                                         next_i (net)
                      2.027454    0.000000    5.423172 ^ _3365_/A (sky130_fd_sc_hd__inv_2)
    42    0.107183    0.721525    1.167328    6.590501 v _3365_/Y (sky130_fd_sc_hd__inv_2)
                                                         _1034_ (net)
                      0.721525    0.000000    6.590501 v _3286_/A2 (sky130_fd_sc_hd__a221o_2)
     1    0.001577    0.081293    0.940691    7.531192 v _3286_/X (sky130_fd_sc_hd__a221o_2)
                                                         _0079_ (net)
                      0.081293    0.000000    7.531192 v _3857_/D (sky130_fd_sc_hd__dfxtp_2)
                                              7.531192   data arrival time

                      0.150000   20.000000   20.000000   clock clk_i (rise edge)
                                  0.000000   20.000000   clock network delay (ideal)
                                 -0.250000   19.750002   clock uncertainty
                                  0.000000   19.750002   clock reconvergence pessimism
                                             19.750002 ^ _3857_/CLK (sky130_fd_sc_hd__dfxtp_2)
                                 -0.257409   19.492594   library setup time
                                             19.492594   data required time
---------------------------------------------------------------------------------------------
                                             19.492594   data required time
                                             -7.531192   data arrival time
---------------------------------------------------------------------------------------------
                                             11.961401   slack (MET)


Startpoint: next_i (input port clocked by clk_i)
Endpoint: _3859_ (rising edge-triggered flip-flop clocked by clk_i)
Path Group: clk_i
Path Type: max

Fanout         Cap        Slew       Delay        Time   Description
---------------------------------------------------------------------------------------------
                      0.150000    0.000000    0.000000   clock clk_i (rise edge)
                                  0.000000    0.000000   clock network delay (ideal)
                                  4.000000    4.000000 ^ input external delay
   100    0.284430    2.027454    1.423172    5.423172 ^ next_i (in)
                                                         next_i (net)
                      2.027454    0.000000    5.423172 ^ _3365_/A (sky130_fd_sc_hd__inv_2)
    42    0.107183    0.721525    1.167328    6.590501 v _3365_/Y (sky130_fd_sc_hd__inv_2)
                                                         _1034_ (net)
                      0.721525    0.000000    6.590501 v _3294_/A2 (sky130_fd_sc_hd__a221o_2)
     1    0.001577    0.081293    0.940691    7.531192 v _3294_/X (sky130_fd_sc_hd__a221o_2)
                                                         _0081_ (net)
                      0.081293    0.000000    7.531192 v _3859_/D (sky130_fd_sc_hd__dfxtp_2)
                                              7.531192   data arrival time

                      0.150000   20.000000   20.000000   clock clk_i (rise edge)
                                  0.000000   20.000000   clock network delay (ideal)
                                 -0.250000   19.750002   clock uncertainty
                                  0.000000   19.750002   clock reconvergence pessimism
                                             19.750002 ^ _3859_/CLK (sky130_fd_sc_hd__dfxtp_2)
                                 -0.257409   19.492594   library setup time
                                             19.492594   data required time
---------------------------------------------------------------------------------------------
                                             19.492594   data required time
                                             -7.531192   data arrival time
---------------------------------------------------------------------------------------------
                                             11.961401   slack (MET)


Startpoint: next_i (input port clocked by clk_i)
Endpoint: _3860_ (rising edge-triggered flip-flop clocked by clk_i)
Path Group: clk_i
Path Type: max

Fanout         Cap        Slew       Delay        Time   Description
---------------------------------------------------------------------------------------------
                      0.150000    0.000000    0.000000   clock clk_i (rise edge)
                                  0.000000    0.000000   clock network delay (ideal)
                                  4.000000    4.000000 ^ input external delay
   100    0.284430    2.027454    1.423172    5.423172 ^ next_i (in)
                                                         next_i (net)
                      2.027454    0.000000    5.423172 ^ _3365_/A (sky130_fd_sc_hd__inv_2)
    42    0.107183    0.721525    1.167328    6.590501 v _3365_/Y (sky130_fd_sc_hd__inv_2)
                                                         _1034_ (net)
                      0.721525    0.000000    6.590501 v _3298_/A2 (sky130_fd_sc_hd__a221o_2)
     1    0.001577    0.081293    0.940691    7.531192 v _3298_/X (sky130_fd_sc_hd__a221o_2)
                                                         _0082_ (net)
                      0.081293    0.000000    7.531192 v _3860_/D (sky130_fd_sc_hd__dfxtp_2)
                                              7.531192   data arrival time

                      0.150000   20.000000   20.000000   clock clk_i (rise edge)
                                  0.000000   20.000000   clock network delay (ideal)
                                 -0.250000   19.750002   clock uncertainty
                                  0.000000   19.750002   clock reconvergence pessimism
                                             19.750002 ^ _3860_/CLK (sky130_fd_sc_hd__dfxtp_2)
                                 -0.257409   19.492594   library setup time
                                             19.492594   data required time
---------------------------------------------------------------------------------------------
                                             19.492594   data required time
                                             -7.531192   data arrival time
---------------------------------------------------------------------------------------------
                                             11.961401   slack (MET)


Startpoint: next_i (input port clocked by clk_i)
Endpoint: _3864_ (rising edge-triggered flip-flop clocked by clk_i)
Path Group: clk_i
Path Type: max

Fanout         Cap        Slew       Delay        Time   Description
---------------------------------------------------------------------------------------------
                      0.150000    0.000000    0.000000   clock clk_i (rise edge)
                                  0.000000    0.000000   clock network delay (ideal)
                                  4.000000    4.000000 ^ input external delay
   100    0.284430    2.027454    1.423172    5.423172 ^ next_i (in)
                                                         next_i (net)
                      2.027454    0.000000    5.423172 ^ _3365_/A (sky130_fd_sc_hd__inv_2)
    42    0.107183    0.721525    1.167328    6.590501 v _3365_/Y (sky130_fd_sc_hd__inv_2)
                                                         _1034_ (net)
                      0.721525    0.000000    6.590501 v _3314_/A2 (sky130_fd_sc_hd__a221o_2)
     1    0.001577    0.081293    0.940691    7.531192 v _3314_/X (sky130_fd_sc_hd__a221o_2)
                                                         _0086_ (net)
                      0.081293    0.000000    7.531192 v _3864_/D (sky130_fd_sc_hd__dfxtp_2)
                                              7.531192   data arrival time

                      0.150000   20.000000   20.000000   clock clk_i (rise edge)
                                  0.000000   20.000000   clock network delay (ideal)
                                 -0.250000   19.750002   clock uncertainty
                                  0.000000   19.750002   clock reconvergence pessimism
                                             19.750002 ^ _3864_/CLK (sky130_fd_sc_hd__dfxtp_2)
                                 -0.257409   19.492594   library setup time
                                             19.492594   data required time
---------------------------------------------------------------------------------------------
                                             19.492594   data required time
                                             -7.531192   data arrival time
---------------------------------------------------------------------------------------------
                                             11.961401   slack (MET)


Startpoint: next_i (input port clocked by clk_i)
Endpoint: _3867_ (rising edge-triggered flip-flop clocked by clk_i)
Path Group: clk_i
Path Type: max

Fanout         Cap        Slew       Delay        Time   Description
---------------------------------------------------------------------------------------------
                      0.150000    0.000000    0.000000   clock clk_i (rise edge)
                                  0.000000    0.000000   clock network delay (ideal)
                                  4.000000    4.000000 ^ input external delay
   100    0.284430    2.027454    1.423172    5.423172 ^ next_i (in)
                                                         next_i (net)
                      2.027454    0.000000    5.423172 ^ _3365_/A (sky130_fd_sc_hd__inv_2)
    42    0.107183    0.721525    1.167328    6.590501 v _3365_/Y (sky130_fd_sc_hd__inv_2)
                                                         _1034_ (net)
                      0.721525    0.000000    6.590501 v _3327_/A2 (sky130_fd_sc_hd__a221o_2)
     1    0.001577    0.081293    0.940691    7.531192 v _3327_/X (sky130_fd_sc_hd__a221o_2)
                                                         _0089_ (net)
                      0.081293    0.000000    7.531192 v _3867_/D (sky130_fd_sc_hd__dfxtp_2)
                                              7.531192   data arrival time

                      0.150000   20.000000   20.000000   clock clk_i (rise edge)
                                  0.000000   20.000000   clock network delay (ideal)
                                 -0.250000   19.750002   clock uncertainty
                                  0.000000   19.750002   clock reconvergence pessimism
                                             19.750002 ^ _3867_/CLK (sky130_fd_sc_hd__dfxtp_2)
                                 -0.257409   19.492594   library setup time
                                             19.492594   data required time
---------------------------------------------------------------------------------------------
                                             19.492594   data required time
                                             -7.531192   data arrival time
---------------------------------------------------------------------------------------------
                                             11.961401   slack (MET)


Startpoint: next_i (input port clocked by clk_i)
Endpoint: _3815_ (rising edge-triggered flip-flop clocked by clk_i)
Path Group: clk_i
Path Type: max

Fanout         Cap        Slew       Delay        Time   Description
---------------------------------------------------------------------------------------------
                      0.150000    0.000000    0.000000   clock clk_i (rise edge)
                                  0.000000    0.000000   clock network delay (ideal)
                                  4.000000    4.000000 ^ input external delay
   100    0.284430    2.027454    1.423172    5.423172 ^ next_i (in)
                                                         next_i (net)
                      2.027454    0.000000    5.423172 ^ _3365_/A (sky130_fd_sc_hd__inv_2)
    42    0.107183    0.721525    1.167328    6.590501 v _3365_/Y (sky130_fd_sc_hd__inv_2)
                                                         _1034_ (net)
                      0.721525    0.000000    6.590501 v _3152_/A1 (sky130_fd_sc_hd__o211a_2)
     1    0.001577    0.064850    0.729429    7.319930 v _3152_/X (sky130_fd_sc_hd__o211a_2)
                                                         _0037_ (net)
                      0.064850    0.000000    7.319930 v _3815_/D (sky130_fd_sc_hd__dfxtp_2)
                                              7.319930   data arrival time

                      0.150000   20.000000   20.000000   clock clk_i (rise edge)
                                  0.000000   20.000000   clock network delay (ideal)
                                 -0.250000   19.750002   clock uncertainty
                                  0.000000   19.750002   clock reconvergence pessimism
                                             19.750002 ^ _3815_/CLK (sky130_fd_sc_hd__dfxtp_2)
                                 -0.250582   19.499420   library setup time
                                             19.499420   data required time
---------------------------------------------------------------------------------------------
                                             19.499420   data required time
                                             -7.319930   data arrival time
---------------------------------------------------------------------------------------------
                                             12.179490   slack (MET)


Startpoint: next_i (input port clocked by clk_i)
Endpoint: _3824_ (rising edge-triggered flip-flop clocked by clk_i)
Path Group: clk_i
Path Type: max

Fanout         Cap        Slew       Delay        Time   Description
---------------------------------------------------------------------------------------------
                      0.150000    0.000000    0.000000   clock clk_i (rise edge)
                                  0.000000    0.000000   clock network delay (ideal)
                                  4.000000    4.000000 ^ input external delay
   100    0.284430    2.027454    1.423172    5.423172 ^ next_i (in)
                                                         next_i (net)
                      2.027454    0.000000    5.423172 ^ _3365_/A (sky130_fd_sc_hd__inv_2)
    42    0.107183    0.721525    1.167328    6.590501 v _3365_/Y (sky130_fd_sc_hd__inv_2)
                                                         _1034_ (net)
                      0.721525    0.000000    6.590501 v _3179_/A1 (sky130_fd_sc_hd__o211a_2)
     1    0.001577    0.064850    0.729429    7.319930 v _3179_/X (sky130_fd_sc_hd__o211a_2)
                                                         _0046_ (net)
                      0.064850    0.000000    7.319930 v _3824_/D (sky130_fd_sc_hd__dfxtp_2)
                                              7.319930   data arrival time

                      0.150000   20.000000   20.000000   clock clk_i (rise edge)
                                  0.000000   20.000000   clock network delay (ideal)
                                 -0.250000   19.750002   clock uncertainty
                                  0.000000   19.750002   clock reconvergence pessimism
                                             19.750002 ^ _3824_/CLK (sky130_fd_sc_hd__dfxtp_2)
                                 -0.250582   19.499420   library setup time
                                             19.499420   data required time
---------------------------------------------------------------------------------------------
                                             19.499420   data required time
                                             -7.319930   data arrival time
---------------------------------------------------------------------------------------------
                                             12.179490   slack (MET)


Startpoint: next_i (input port clocked by clk_i)
Endpoint: _3833_ (rising edge-triggered flip-flop clocked by clk_i)
Path Group: clk_i
Path Type: max

Fanout         Cap        Slew       Delay        Time   Description
---------------------------------------------------------------------------------------------
                      0.150000    0.000000    0.000000   clock clk_i (rise edge)
                                  0.000000    0.000000   clock network delay (ideal)
                                  4.000000    4.000000 ^ input external delay
   100    0.284430    2.027454    1.423172    5.423172 ^ next_i (in)
                                                         next_i (net)
                      2.027454    0.000000    5.423172 ^ _3365_/A (sky130_fd_sc_hd__inv_2)
    42    0.107183    0.721525    1.167328    6.590501 v _3365_/Y (sky130_fd_sc_hd__inv_2)
                                                         _1034_ (net)
                      0.721525    0.000000    6.590501 v _3206_/A1 (sky130_fd_sc_hd__o211a_2)
     1    0.001577    0.064850    0.729429    7.319930 v _3206_/X (sky130_fd_sc_hd__o211a_2)
                                                         _0055_ (net)
                      0.064850    0.000000    7.319930 v _3833_/D (sky130_fd_sc_hd__dfxtp_2)
                                              7.319930   data arrival time

                      0.150000   20.000000   20.000000   clock clk_i (rise edge)
                                  0.000000   20.000000   clock network delay (ideal)
                                 -0.250000   19.750002   clock uncertainty
                                  0.000000   19.750002   clock reconvergence pessimism
                                             19.750002 ^ _3833_/CLK (sky130_fd_sc_hd__dfxtp_2)
                                 -0.250582   19.499420   library setup time
                                             19.499420   data required time
---------------------------------------------------------------------------------------------
                                             19.499420   data required time
                                             -7.319930   data arrival time
---------------------------------------------------------------------------------------------
                                             12.179490   slack (MET)


Startpoint: next_i (input port clocked by clk_i)
Endpoint: _3836_ (rising edge-triggered flip-flop clocked by clk_i)
Path Group: clk_i
Path Type: max

Fanout         Cap        Slew       Delay        Time   Description
---------------------------------------------------------------------------------------------
                      0.150000    0.000000    0.000000   clock clk_i (rise edge)
                                  0.000000    0.000000   clock network delay (ideal)
                                  4.000000    4.000000 ^ input external delay
   100    0.284430    2.027454    1.423172    5.423172 ^ next_i (in)
                                                         next_i (net)
                      2.027454    0.000000    5.423172 ^ _3365_/A (sky130_fd_sc_hd__inv_2)
    42    0.107183    0.721525    1.167328    6.590501 v _3365_/Y (sky130_fd_sc_hd__inv_2)
                                                         _1034_ (net)
                      0.721525    0.000000    6.590501 v _3215_/A1 (sky130_fd_sc_hd__o211a_2)
     1    0.001577    0.064850    0.729429    7.319930 v _3215_/X (sky130_fd_sc_hd__o211a_2)
                                                         _0058_ (net)
                      0.064850    0.000000    7.319930 v _3836_/D (sky130_fd_sc_hd__dfxtp_2)
                                              7.319930   data arrival time

                      0.150000   20.000000   20.000000   clock clk_i (rise edge)
                                  0.000000   20.000000   clock network delay (ideal)
                                 -0.250000   19.750002   clock uncertainty
                                  0.000000   19.750002   clock reconvergence pessimism
                                             19.750002 ^ _3836_/CLK (sky130_fd_sc_hd__dfxtp_2)
                                 -0.250582   19.499420   library setup time
                                             19.499420   data required time
---------------------------------------------------------------------------------------------
                                             19.499420   data required time
                                             -7.319930   data arrival time
---------------------------------------------------------------------------------------------
                                             12.179490   slack (MET)


Startpoint: next_i (input port clocked by clk_i)
Endpoint: _3837_ (rising edge-triggered flip-flop clocked by clk_i)
Path Group: clk_i
Path Type: max

Fanout         Cap        Slew       Delay        Time   Description
---------------------------------------------------------------------------------------------
                      0.150000    0.000000    0.000000   clock clk_i (rise edge)
                                  0.000000    0.000000   clock network delay (ideal)
                                  4.000000    4.000000 ^ input external delay
   100    0.284430    2.027454    1.423172    5.423172 ^ next_i (in)
                                                         next_i (net)
                      2.027454    0.000000    5.423172 ^ _3365_/A (sky130_fd_sc_hd__inv_2)
    42    0.107183    0.721525    1.167328    6.590501 v _3365_/Y (sky130_fd_sc_hd__inv_2)
                                                         _1034_ (net)
                      0.721525    0.000000    6.590501 v _3218_/A1 (sky130_fd_sc_hd__o211a_2)
     1    0.001577    0.064850    0.729429    7.319930 v _3218_/X (sky130_fd_sc_hd__o211a_2)
                                                         _0059_ (net)
                      0.064850    0.000000    7.319930 v _3837_/D (sky130_fd_sc_hd__dfxtp_2)
                                              7.319930   data arrival time

                      0.150000   20.000000   20.000000   clock clk_i (rise edge)
                                  0.000000   20.000000   clock network delay (ideal)
                                 -0.250000   19.750002   clock uncertainty
                                  0.000000   19.750002   clock reconvergence pessimism
                                             19.750002 ^ _3837_/CLK (sky130_fd_sc_hd__dfxtp_2)
                                 -0.250582   19.499420   library setup time
                                             19.499420   data required time
---------------------------------------------------------------------------------------------
                                             19.499420   data required time
                                             -7.319930   data arrival time
---------------------------------------------------------------------------------------------
                                             12.179490   slack (MET)


Startpoint: next_i (input port clocked by clk_i)
Endpoint: _3840_ (rising edge-triggered flip-flop clocked by clk_i)
Path Group: clk_i
Path Type: max

Fanout         Cap        Slew       Delay        Time   Description
---------------------------------------------------------------------------------------------
                      0.150000    0.000000    0.000000   clock clk_i (rise edge)
                                  0.000000    0.000000   clock network delay (ideal)
                                  4.000000    4.000000 ^ input external delay
   100    0.284430    2.027454    1.423172    5.423172 ^ next_i (in)
                                                         next_i (net)
                      2.027454    0.000000    5.423172 ^ _3365_/A (sky130_fd_sc_hd__inv_2)
    42    0.107183    0.721525    1.167328    6.590501 v _3365_/Y (sky130_fd_sc_hd__inv_2)
                                                         _1034_ (net)
                      0.721525    0.000000    6.590501 v _3227_/A1 (sky130_fd_sc_hd__o211a_2)
     1    0.001577    0.064850    0.729429    7.319930 v _3227_/X (sky130_fd_sc_hd__o211a_2)
                                                         _0062_ (net)
                      0.064850    0.000000    7.319930 v _3840_/D (sky130_fd_sc_hd__dfxtp_2)
                                              7.319930   data arrival time

                      0.150000   20.000000   20.000000   clock clk_i (rise edge)
                                  0.000000   20.000000   clock network delay (ideal)
                                 -0.250000   19.750002   clock uncertainty
                                  0.000000   19.750002   clock reconvergence pessimism
                                             19.750002 ^ _3840_/CLK (sky130_fd_sc_hd__dfxtp_2)
                                 -0.250582   19.499420   library setup time
                                             19.499420   data required time
---------------------------------------------------------------------------------------------
                                             19.499420   data required time
                                             -7.319930   data arrival time
---------------------------------------------------------------------------------------------
                                             12.179490   slack (MET)


Startpoint: next_i (input port clocked by clk_i)
Endpoint: _3841_ (rising edge-triggered flip-flop clocked by clk_i)
Path Group: clk_i
Path Type: max

Fanout         Cap        Slew       Delay        Time   Description
---------------------------------------------------------------------------------------------
                      0.150000    0.000000    0.000000   clock clk_i (rise edge)
                                  0.000000    0.000000   clock network delay (ideal)
                                  4.000000    4.000000 ^ input external delay
   100    0.284430    2.027454    1.423172    5.423172 ^ next_i (in)
                                                         next_i (net)
                      2.027454    0.000000    5.423172 ^ _3365_/A (sky130_fd_sc_hd__inv_2)
    42    0.107183    0.721525    1.167328    6.590501 v _3365_/Y (sky130_fd_sc_hd__inv_2)
                                                         _1034_ (net)
                      0.721525    0.000000    6.590501 v _3230_/A1 (sky130_fd_sc_hd__o211a_2)
     1    0.001577    0.064850    0.729429    7.319930 v _3230_/X (sky130_fd_sc_hd__o211a_2)
                                                         _0063_ (net)
                      0.064850    0.000000    7.319930 v _3841_/D (sky130_fd_sc_hd__dfxtp_2)
                                              7.319930   data arrival time

                      0.150000   20.000000   20.000000   clock clk_i (rise edge)
                                  0.000000   20.000000   clock network delay (ideal)
                                 -0.250000   19.750002   clock uncertainty
                                  0.000000   19.750002   clock reconvergence pessimism
                                             19.750002 ^ _3841_/CLK (sky130_fd_sc_hd__dfxtp_2)
                                 -0.250582   19.499420   library setup time
                                             19.499420   data required time
---------------------------------------------------------------------------------------------
                                             19.499420   data required time
                                             -7.319930   data arrival time
---------------------------------------------------------------------------------------------
                                             12.179490   slack (MET)


Startpoint: next_i (input port clocked by clk_i)
Endpoint: _3811_ (rising edge-triggered flip-flop clocked by clk_i)
Path Group: clk_i
Path Type: max

Fanout         Cap        Slew       Delay        Time   Description
---------------------------------------------------------------------------------------------
                      0.150000    0.000000    0.000000   clock clk_i (rise edge)
                                  0.000000    0.000000   clock network delay (ideal)
                                  4.000000    4.000000 ^ input external delay
   100    0.284430    2.027454    1.423172    5.423172 ^ next_i (in)
                                                         next_i (net)
                      2.027454    0.000000    5.423172 ^ _3139_/S (sky130_fd_sc_hd__mux2_1)
     1    0.001280    0.098326    1.046471    6.469643 v _3139_/X (sky130_fd_sc_hd__mux2_1)
                                                         _0929_ (net)
                      0.098326    0.000000    6.469643 v _3140_/B (sky130_fd_sc_hd__or2_2)
     1    0.001577    0.103527    0.608497    7.078140 v _3140_/X (sky130_fd_sc_hd__or2_2)
                                                         _0033_ (net)
                      0.103527    0.000000    7.078140 v _3811_/D (sky130_fd_sc_hd__dfxtp_2)
                                              7.078140   data arrival time

                      0.150000   20.000000   20.000000   clock clk_i (rise edge)
                                  0.000000   20.000000   clock network delay (ideal)
                                 -0.250000   19.750002   clock uncertainty
                                  0.000000   19.750002   clock reconvergence pessimism
                                             19.750002 ^ _3811_/CLK (sky130_fd_sc_hd__dfxtp_2)
                                 -0.266640   19.483362   library setup time
                                             19.483362   data required time
---------------------------------------------------------------------------------------------
                                             19.483362   data required time
                                             -7.078140   data arrival time
---------------------------------------------------------------------------------------------
                                             12.405220   slack (MET)


Startpoint: next_i (input port clocked by clk_i)
Endpoint: _3812_ (rising edge-triggered flip-flop clocked by clk_i)
Path Group: clk_i
Path Type: max

Fanout         Cap        Slew       Delay        Time   Description
---------------------------------------------------------------------------------------------
                      0.150000    0.000000    0.000000   clock clk_i (rise edge)
                                  0.000000    0.000000   clock network delay (ideal)
                                  4.000000    4.000000 ^ input external delay
   100    0.284430    2.027454    1.423172    5.423172 ^ next_i (in)
                                                         next_i (net)
                      2.027454    0.000000    5.423172 ^ _3142_/S (sky130_fd_sc_hd__mux2_1)
     1    0.001280    0.098326    1.046471    6.469643 v _3142_/X (sky130_fd_sc_hd__mux2_1)
                                                         _0931_ (net)
                      0.098326    0.000000    6.469643 v _3143_/B (sky130_fd_sc_hd__or2_2)
     1    0.001577    0.103527    0.608497    7.078140 v _3143_/X (sky130_fd_sc_hd__or2_2)
                                                         _0034_ (net)
                      0.103527    0.000000    7.078140 v _3812_/D (sky130_fd_sc_hd__dfxtp_2)
                                              7.078140   data arrival time

                      0.150000   20.000000   20.000000   clock clk_i (rise edge)
                                  0.000000   20.000000   clock network delay (ideal)
                                 -0.250000   19.750002   clock uncertainty
                                  0.000000   19.750002   clock reconvergence pessimism
                                             19.750002 ^ _3812_/CLK (sky130_fd_sc_hd__dfxtp_2)
                                 -0.266640   19.483362   library setup time
                                             19.483362   data required time
---------------------------------------------------------------------------------------------
                                             19.483362   data required time
                                             -7.078140   data arrival time
---------------------------------------------------------------------------------------------
                                             12.405220   slack (MET)


Startpoint: next_i (input port clocked by clk_i)
Endpoint: _3813_ (rising edge-triggered flip-flop clocked by clk_i)
Path Group: clk_i
Path Type: max

Fanout         Cap        Slew       Delay        Time   Description
---------------------------------------------------------------------------------------------
                      0.150000    0.000000    0.000000   clock clk_i (rise edge)
                                  0.000000    0.000000   clock network delay (ideal)
                                  4.000000    4.000000 ^ input external delay
   100    0.284430    2.027454    1.423172    5.423172 ^ next_i (in)
                                                         next_i (net)
                      2.027454    0.000000    5.423172 ^ _3145_/S (sky130_fd_sc_hd__mux2_1)
     1    0.001280    0.098326    1.046471    6.469643 v _3145_/X (sky130_fd_sc_hd__mux2_1)
                                                         _0933_ (net)
                      0.098326    0.000000    6.469643 v _3146_/B (sky130_fd_sc_hd__or2_2)
     1    0.001577    0.103527    0.608497    7.078140 v _3146_/X (sky130_fd_sc_hd__or2_2)
                                                         _0035_ (net)
                      0.103527    0.000000    7.078140 v _3813_/D (sky130_fd_sc_hd__dfxtp_2)
                                              7.078140   data arrival time

                      0.150000   20.000000   20.000000   clock clk_i (rise edge)
                                  0.000000   20.000000   clock network delay (ideal)
                                 -0.250000   19.750002   clock uncertainty
                                  0.000000   19.750002   clock reconvergence pessimism
                                             19.750002 ^ _3813_/CLK (sky130_fd_sc_hd__dfxtp_2)
                                 -0.266640   19.483362   library setup time
                                             19.483362   data required time
---------------------------------------------------------------------------------------------
                                             19.483362   data required time
                                             -7.078140   data arrival time
---------------------------------------------------------------------------------------------
                                             12.405220   slack (MET)


Startpoint: next_i (input port clocked by clk_i)
Endpoint: _3814_ (rising edge-triggered flip-flop clocked by clk_i)
Path Group: clk_i
Path Type: max

Fanout         Cap        Slew       Delay        Time   Description
---------------------------------------------------------------------------------------------
                      0.150000    0.000000    0.000000   clock clk_i (rise edge)
                                  0.000000    0.000000   clock network delay (ideal)
                                  4.000000    4.000000 ^ input external delay
   100    0.284430    2.027454    1.423172    5.423172 ^ next_i (in)
                                                         next_i (net)
                      2.027454    0.000000    5.423172 ^ _3148_/S (sky130_fd_sc_hd__mux2_1)
     1    0.001280    0.098326    1.046471    6.469643 v _3148_/X (sky130_fd_sc_hd__mux2_1)
                                                         _0935_ (net)
                      0.098326    0.000000    6.469643 v _3149_/B (sky130_fd_sc_hd__or2_2)
     1    0.001577    0.103527    0.608497    7.078140 v _3149_/X (sky130_fd_sc_hd__or2_2)
                                                         _0036_ (net)
                      0.103527    0.000000    7.078140 v _3814_/D (sky130_fd_sc_hd__dfxtp_2)
                                              7.078140   data arrival time

                      0.150000   20.000000   20.000000   clock clk_i (rise edge)
                                  0.000000   20.000000   clock network delay (ideal)
                                 -0.250000   19.750002   clock uncertainty
                                  0.000000   19.750002   clock reconvergence pessimism
                                             19.750002 ^ _3814_/CLK (sky130_fd_sc_hd__dfxtp_2)
                                 -0.266640   19.483362   library setup time
                                             19.483362   data required time
---------------------------------------------------------------------------------------------
                                             19.483362   data required time
                                             -7.078140   data arrival time
---------------------------------------------------------------------------------------------
                                             12.405220   slack (MET)


Startpoint: next_i (input port clocked by clk_i)
Endpoint: _3816_ (rising edge-triggered flip-flop clocked by clk_i)
Path Group: clk_i
Path Type: max

Fanout         Cap        Slew       Delay        Time   Description
---------------------------------------------------------------------------------------------
                      0.150000    0.000000    0.000000   clock clk_i (rise edge)
                                  0.000000    0.000000   clock network delay (ideal)
                                  4.000000    4.000000 ^ input external delay
   100    0.284430    2.027454    1.423172    5.423172 ^ next_i (in)
                                                         next_i (net)
                      2.027454    0.000000    5.423172 ^ _3154_/S (sky130_fd_sc_hd__mux2_1)
     1    0.001280    0.098326    1.046471    6.469643 v _3154_/X (sky130_fd_sc_hd__mux2_1)
                                                         _0939_ (net)
                      0.098326    0.000000    6.469643 v _3155_/B (sky130_fd_sc_hd__or2_2)
     1    0.001577    0.103527    0.608497    7.078140 v _3155_/X (sky130_fd_sc_hd__or2_2)
                                                         _0038_ (net)
                      0.103527    0.000000    7.078140 v _3816_/D (sky130_fd_sc_hd__dfxtp_2)
                                              7.078140   data arrival time

                      0.150000   20.000000   20.000000   clock clk_i (rise edge)
                                  0.000000   20.000000   clock network delay (ideal)
                                 -0.250000   19.750002   clock uncertainty
                                  0.000000   19.750002   clock reconvergence pessimism
                                             19.750002 ^ _3816_/CLK (sky130_fd_sc_hd__dfxtp_2)
                                 -0.266640   19.483362   library setup time
                                             19.483362   data required time
---------------------------------------------------------------------------------------------
                                             19.483362   data required time
                                             -7.078140   data arrival time
---------------------------------------------------------------------------------------------
                                             12.405220   slack (MET)


Startpoint: next_i (input port clocked by clk_i)
Endpoint: _3817_ (rising edge-triggered flip-flop clocked by clk_i)
Path Group: clk_i
Path Type: max

Fanout         Cap        Slew       Delay        Time   Description
---------------------------------------------------------------------------------------------
                      0.150000    0.000000    0.000000   clock clk_i (rise edge)
                                  0.000000    0.000000   clock network delay (ideal)
                                  4.000000    4.000000 ^ input external delay
   100    0.284430    2.027454    1.423172    5.423172 ^ next_i (in)
                                                         next_i (net)
                      2.027454    0.000000    5.423172 ^ _3157_/S (sky130_fd_sc_hd__mux2_1)
     1    0.001280    0.098326    1.046471    6.469643 v _3157_/X (sky130_fd_sc_hd__mux2_1)
                                                         _0941_ (net)
                      0.098326    0.000000    6.469643 v _3158_/B (sky130_fd_sc_hd__or2_2)
     1    0.001577    0.103527    0.608497    7.078140 v _3158_/X (sky130_fd_sc_hd__or2_2)
                                                         _0039_ (net)
                      0.103527    0.000000    7.078140 v _3817_/D (sky130_fd_sc_hd__dfxtp_2)
                                              7.078140   data arrival time

                      0.150000   20.000000   20.000000   clock clk_i (rise edge)
                                  0.000000   20.000000   clock network delay (ideal)
                                 -0.250000   19.750002   clock uncertainty
                                  0.000000   19.750002   clock reconvergence pessimism
                                             19.750002 ^ _3817_/CLK (sky130_fd_sc_hd__dfxtp_2)
                                 -0.266640   19.483362   library setup time
                                             19.483362   data required time
---------------------------------------------------------------------------------------------
                                             19.483362   data required time
                                             -7.078140   data arrival time
---------------------------------------------------------------------------------------------
                                             12.405220   slack (MET)


Startpoint: next_i (input port clocked by clk_i)
Endpoint: _3818_ (rising edge-triggered flip-flop clocked by clk_i)
Path Group: clk_i
Path Type: max

Fanout         Cap        Slew       Delay        Time   Description
---------------------------------------------------------------------------------------------
                      0.150000    0.000000    0.000000   clock clk_i (rise edge)
                                  0.000000    0.000000   clock network delay (ideal)
                                  4.000000    4.000000 ^ input external delay
   100    0.284430    2.027454    1.423172    5.423172 ^ next_i (in)
                                                         next_i (net)
                      2.027454    0.000000    5.423172 ^ _3160_/S (sky130_fd_sc_hd__mux2_1)
     1    0.001280    0.098326    1.046471    6.469643 v _3160_/X (sky130_fd_sc_hd__mux2_1)
                                                         _0943_ (net)
                      0.098326    0.000000    6.469643 v _3161_/B (sky130_fd_sc_hd__or2_2)
     1    0.001577    0.103527    0.608497    7.078140 v _3161_/X (sky130_fd_sc_hd__or2_2)
                                                         _0040_ (net)
                      0.103527    0.000000    7.078140 v _3818_/D (sky130_fd_sc_hd__dfxtp_2)
                                              7.078140   data arrival time

                      0.150000   20.000000   20.000000   clock clk_i (rise edge)
                                  0.000000   20.000000   clock network delay (ideal)
                                 -0.250000   19.750002   clock uncertainty
                                  0.000000   19.750002   clock reconvergence pessimism
                                             19.750002 ^ _3818_/CLK (sky130_fd_sc_hd__dfxtp_2)
                                 -0.266640   19.483362   library setup time
                                             19.483362   data required time
---------------------------------------------------------------------------------------------
                                             19.483362   data required time
                                             -7.078140   data arrival time
---------------------------------------------------------------------------------------------
                                             12.405220   slack (MET)


Startpoint: next_i (input port clocked by clk_i)
Endpoint: _3819_ (rising edge-triggered flip-flop clocked by clk_i)
Path Group: clk_i
Path Type: max

Fanout         Cap        Slew       Delay        Time   Description
---------------------------------------------------------------------------------------------
                      0.150000    0.000000    0.000000   clock clk_i (rise edge)
                                  0.000000    0.000000   clock network delay (ideal)
                                  4.000000    4.000000 ^ input external delay
   100    0.284430    2.027454    1.423172    5.423172 ^ next_i (in)
                                                         next_i (net)
                      2.027454    0.000000    5.423172 ^ _3163_/S (sky130_fd_sc_hd__mux2_1)
     1    0.001280    0.098326    1.046471    6.469643 v _3163_/X (sky130_fd_sc_hd__mux2_1)
                                                         _0945_ (net)
                      0.098326    0.000000    6.469643 v _3164_/B (sky130_fd_sc_hd__or2_2)
     1    0.001577    0.103527    0.608497    7.078140 v _3164_/X (sky130_fd_sc_hd__or2_2)
                                                         _0041_ (net)
                      0.103527    0.000000    7.078140 v _3819_/D (sky130_fd_sc_hd__dfxtp_2)
                                              7.078140   data arrival time

                      0.150000   20.000000   20.000000   clock clk_i (rise edge)
                                  0.000000   20.000000   clock network delay (ideal)
                                 -0.250000   19.750002   clock uncertainty
                                  0.000000   19.750002   clock reconvergence pessimism
                                             19.750002 ^ _3819_/CLK (sky130_fd_sc_hd__dfxtp_2)
                                 -0.266640   19.483362   library setup time
                                             19.483362   data required time
---------------------------------------------------------------------------------------------
                                             19.483362   data required time
                                             -7.078140   data arrival time
---------------------------------------------------------------------------------------------
                                             12.405220   slack (MET)


Startpoint: next_i (input port clocked by clk_i)
Endpoint: _3821_ (rising edge-triggered flip-flop clocked by clk_i)
Path Group: clk_i
Path Type: max

Fanout         Cap        Slew       Delay        Time   Description
---------------------------------------------------------------------------------------------
                      0.150000    0.000000    0.000000   clock clk_i (rise edge)
                                  0.000000    0.000000   clock network delay (ideal)
                                  4.000000    4.000000 ^ input external delay
   100    0.284430    2.027454    1.423172    5.423172 ^ next_i (in)
                                                         next_i (net)
                      2.027454    0.000000    5.423172 ^ _3169_/S (sky130_fd_sc_hd__mux2_1)
     1    0.001280    0.098326    1.046471    6.469643 v _3169_/X (sky130_fd_sc_hd__mux2_1)
                                                         _0949_ (net)
                      0.098326    0.000000    6.469643 v _3170_/B (sky130_fd_sc_hd__or2_2)
     1    0.001577    0.103527    0.608497    7.078140 v _3170_/X (sky130_fd_sc_hd__or2_2)
                                                         _0043_ (net)
                      0.103527    0.000000    7.078140 v _3821_/D (sky130_fd_sc_hd__dfxtp_2)
                                              7.078140   data arrival time

                      0.150000   20.000000   20.000000   clock clk_i (rise edge)
                                  0.000000   20.000000   clock network delay (ideal)
                                 -0.250000   19.750002   clock uncertainty
                                  0.000000   19.750002   clock reconvergence pessimism
                                             19.750002 ^ _3821_/CLK (sky130_fd_sc_hd__dfxtp_2)
                                 -0.266640   19.483362   library setup time
                                             19.483362   data required time
---------------------------------------------------------------------------------------------
                                             19.483362   data required time
                                             -7.078140   data arrival time
---------------------------------------------------------------------------------------------
                                             12.405220   slack (MET)


Startpoint: next_i (input port clocked by clk_i)
Endpoint: _3822_ (rising edge-triggered flip-flop clocked by clk_i)
Path Group: clk_i
Path Type: max

Fanout         Cap        Slew       Delay        Time   Description
---------------------------------------------------------------------------------------------
                      0.150000    0.000000    0.000000   clock clk_i (rise edge)
                                  0.000000    0.000000   clock network delay (ideal)
                                  4.000000    4.000000 ^ input external delay
   100    0.284430    2.027454    1.423172    5.423172 ^ next_i (in)
                                                         next_i (net)
                      2.027454    0.000000    5.423172 ^ _3172_/S (sky130_fd_sc_hd__mux2_1)
     1    0.001280    0.098326    1.046471    6.469643 v _3172_/X (sky130_fd_sc_hd__mux2_1)
                                                         _0951_ (net)
                      0.098326    0.000000    6.469643 v _3173_/B (sky130_fd_sc_hd__or2_2)
     1    0.001577    0.103527    0.608497    7.078140 v _3173_/X (sky130_fd_sc_hd__or2_2)
                                                         _0044_ (net)
                      0.103527    0.000000    7.078140 v _3822_/D (sky130_fd_sc_hd__dfxtp_2)
                                              7.078140   data arrival time

                      0.150000   20.000000   20.000000   clock clk_i (rise edge)
                                  0.000000   20.000000   clock network delay (ideal)
                                 -0.250000   19.750002   clock uncertainty
                                  0.000000   19.750002   clock reconvergence pessimism
                                             19.750002 ^ _3822_/CLK (sky130_fd_sc_hd__dfxtp_2)
                                 -0.266640   19.483362   library setup time
                                             19.483362   data required time
---------------------------------------------------------------------------------------------
                                             19.483362   data required time
                                             -7.078140   data arrival time
---------------------------------------------------------------------------------------------
                                             12.405220   slack (MET)


Startpoint: next_i (input port clocked by clk_i)
Endpoint: _3825_ (rising edge-triggered flip-flop clocked by clk_i)
Path Group: clk_i
Path Type: max

Fanout         Cap        Slew       Delay        Time   Description
---------------------------------------------------------------------------------------------
                      0.150000    0.000000    0.000000   clock clk_i (rise edge)
                                  0.000000    0.000000   clock network delay (ideal)
                                  4.000000    4.000000 ^ input external delay
   100    0.284430    2.027454    1.423172    5.423172 ^ next_i (in)
                                                         next_i (net)
                      2.027454    0.000000    5.423172 ^ _3181_/S (sky130_fd_sc_hd__mux2_1)
     1    0.001280    0.098326    1.046471    6.469643 v _3181_/X (sky130_fd_sc_hd__mux2_1)
                                                         _0957_ (net)
                      0.098326    0.000000    6.469643 v _3182_/B (sky130_fd_sc_hd__or2_2)
     1    0.001577    0.103527    0.608497    7.078140 v _3182_/X (sky130_fd_sc_hd__or2_2)
                                                         _0047_ (net)
                      0.103527    0.000000    7.078140 v _3825_/D (sky130_fd_sc_hd__dfxtp_2)
                                              7.078140   data arrival time

                      0.150000   20.000000   20.000000   clock clk_i (rise edge)
                                  0.000000   20.000000   clock network delay (ideal)
                                 -0.250000   19.750002   clock uncertainty
                                  0.000000   19.750002   clock reconvergence pessimism
                                             19.750002 ^ _3825_/CLK (sky130_fd_sc_hd__dfxtp_2)
                                 -0.266640   19.483362   library setup time
                                             19.483362   data required time
---------------------------------------------------------------------------------------------
                                             19.483362   data required time
                                             -7.078140   data arrival time
---------------------------------------------------------------------------------------------
                                             12.405220   slack (MET)


Startpoint: next_i (input port clocked by clk_i)
Endpoint: _3826_ (rising edge-triggered flip-flop clocked by clk_i)
Path Group: clk_i
Path Type: max

Fanout         Cap        Slew       Delay        Time   Description
---------------------------------------------------------------------------------------------
                      0.150000    0.000000    0.000000   clock clk_i (rise edge)
                                  0.000000    0.000000   clock network delay (ideal)
                                  4.000000    4.000000 ^ input external delay
   100    0.284430    2.027454    1.423172    5.423172 ^ next_i (in)
                                                         next_i (net)
                      2.027454    0.000000    5.423172 ^ _3184_/S (sky130_fd_sc_hd__mux2_1)
     1    0.001280    0.098326    1.046471    6.469643 v _3184_/X (sky130_fd_sc_hd__mux2_1)
                                                         _0959_ (net)
                      0.098326    0.000000    6.469643 v _3185_/B (sky130_fd_sc_hd__or2_2)
     1    0.001577    0.103527    0.608497    7.078140 v _3185_/X (sky130_fd_sc_hd__or2_2)
                                                         _0048_ (net)
                      0.103527    0.000000    7.078140 v _3826_/D (sky130_fd_sc_hd__dfxtp_2)
                                              7.078140   data arrival time

                      0.150000   20.000000   20.000000   clock clk_i (rise edge)
                                  0.000000   20.000000   clock network delay (ideal)
                                 -0.250000   19.750002   clock uncertainty
                                  0.000000   19.750002   clock reconvergence pessimism
                                             19.750002 ^ _3826_/CLK (sky130_fd_sc_hd__dfxtp_2)
                                 -0.266640   19.483362   library setup time
                                             19.483362   data required time
---------------------------------------------------------------------------------------------
                                             19.483362   data required time
                                             -7.078140   data arrival time
---------------------------------------------------------------------------------------------
                                             12.405220   slack (MET)


Startpoint: next_i (input port clocked by clk_i)
Endpoint: _3827_ (rising edge-triggered flip-flop clocked by clk_i)
Path Group: clk_i
Path Type: max

Fanout         Cap        Slew       Delay        Time   Description
---------------------------------------------------------------------------------------------
                      0.150000    0.000000    0.000000   clock clk_i (rise edge)
                                  0.000000    0.000000   clock network delay (ideal)
                                  4.000000    4.000000 ^ input external delay
   100    0.284430    2.027454    1.423172    5.423172 ^ next_i (in)
                                                         next_i (net)
                      2.027454    0.000000    5.423172 ^ _3187_/S (sky130_fd_sc_hd__mux2_1)
     1    0.001280    0.098326    1.046471    6.469643 v _3187_/X (sky130_fd_sc_hd__mux2_1)
                                                         _0961_ (net)
                      0.098326    0.000000    6.469643 v _3188_/B (sky130_fd_sc_hd__or2_2)
     1    0.001577    0.103527    0.608497    7.078140 v _3188_/X (sky130_fd_sc_hd__or2_2)
                                                         _0049_ (net)
                      0.103527    0.000000    7.078140 v _3827_/D (sky130_fd_sc_hd__dfxtp_2)
                                              7.078140   data arrival time

                      0.150000   20.000000   20.000000   clock clk_i (rise edge)
                                  0.000000   20.000000   clock network delay (ideal)
                                 -0.250000   19.750002   clock uncertainty
                                  0.000000   19.750002   clock reconvergence pessimism
                                             19.750002 ^ _3827_/CLK (sky130_fd_sc_hd__dfxtp_2)
                                 -0.266640   19.483362   library setup time
                                             19.483362   data required time
---------------------------------------------------------------------------------------------
                                             19.483362   data required time
                                             -7.078140   data arrival time
---------------------------------------------------------------------------------------------
                                             12.405220   slack (MET)


Startpoint: next_i (input port clocked by clk_i)
Endpoint: _3828_ (rising edge-triggered flip-flop clocked by clk_i)
Path Group: clk_i
Path Type: max

Fanout         Cap        Slew       Delay        Time   Description
---------------------------------------------------------------------------------------------
                      0.150000    0.000000    0.000000   clock clk_i (rise edge)
                                  0.000000    0.000000   clock network delay (ideal)
                                  4.000000    4.000000 ^ input external delay
   100    0.284430    2.027454    1.423172    5.423172 ^ next_i (in)
                                                         next_i (net)
                      2.027454    0.000000    5.423172 ^ _3190_/S (sky130_fd_sc_hd__mux2_1)
     1    0.001280    0.098326    1.046471    6.469643 v _3190_/X (sky130_fd_sc_hd__mux2_1)
                                                         _0963_ (net)
                      0.098326    0.000000    6.469643 v _3191_/B (sky130_fd_sc_hd__or2_2)
     1    0.001577    0.103527    0.608497    7.078140 v _3191_/X (sky130_fd_sc_hd__or2_2)
                                                         _0050_ (net)
                      0.103527    0.000000    7.078140 v _3828_/D (sky130_fd_sc_hd__dfxtp_2)
                                              7.078140   data arrival time

                      0.150000   20.000000   20.000000   clock clk_i (rise edge)
                                  0.000000   20.000000   clock network delay (ideal)
                                 -0.250000   19.750002   clock uncertainty
                                  0.000000   19.750002   clock reconvergence pessimism
                                             19.750002 ^ _3828_/CLK (sky130_fd_sc_hd__dfxtp_2)
                                 -0.266640   19.483362   library setup time
                                             19.483362   data required time
---------------------------------------------------------------------------------------------
                                             19.483362   data required time
                                             -7.078140   data arrival time
---------------------------------------------------------------------------------------------
                                             12.405220   slack (MET)


Startpoint: next_i (input port clocked by clk_i)
Endpoint: _3830_ (rising edge-triggered flip-flop clocked by clk_i)
Path Group: clk_i
Path Type: max

Fanout         Cap        Slew       Delay        Time   Description
---------------------------------------------------------------------------------------------
                      0.150000    0.000000    0.000000   clock clk_i (rise edge)
                                  0.000000    0.000000   clock network delay (ideal)
                                  4.000000    4.000000 ^ input external delay
   100    0.284430    2.027454    1.423172    5.423172 ^ next_i (in)
                                                         next_i (net)
                      2.027454    0.000000    5.423172 ^ _3196_/S (sky130_fd_sc_hd__mux2_1)
     1    0.001280    0.098326    1.046471    6.469643 v _3196_/X (sky130_fd_sc_hd__mux2_1)
                                                         _0967_ (net)
                      0.098326    0.000000    6.469643 v _3197_/B (sky130_fd_sc_hd__or2_2)
     1    0.001577    0.103527    0.608497    7.078140 v _3197_/X (sky130_fd_sc_hd__or2_2)
                                                         _0052_ (net)
                      0.103527    0.000000    7.078140 v _3830_/D (sky130_fd_sc_hd__dfxtp_2)
                                              7.078140   data arrival time

                      0.150000   20.000000   20.000000   clock clk_i (rise edge)
                                  0.000000   20.000000   clock network delay (ideal)
                                 -0.250000   19.750002   clock uncertainty
                                  0.000000   19.750002   clock reconvergence pessimism
                                             19.750002 ^ _3830_/CLK (sky130_fd_sc_hd__dfxtp_2)
                                 -0.266640   19.483362   library setup time
                                             19.483362   data required time
---------------------------------------------------------------------------------------------
                                             19.483362   data required time
                                             -7.078140   data arrival time
---------------------------------------------------------------------------------------------
                                             12.405220   slack (MET)


Startpoint: next_i (input port clocked by clk_i)
Endpoint: _3832_ (rising edge-triggered flip-flop clocked by clk_i)
Path Group: clk_i
Path Type: max

Fanout         Cap        Slew       Delay        Time   Description
---------------------------------------------------------------------------------------------
                      0.150000    0.000000    0.000000   clock clk_i (rise edge)
                                  0.000000    0.000000   clock network delay (ideal)
                                  4.000000    4.000000 ^ input external delay
   100    0.284430    2.027454    1.423172    5.423172 ^ next_i (in)
                                                         next_i (net)
                      2.027454    0.000000    5.423172 ^ _3202_/S (sky130_fd_sc_hd__mux2_1)
     1    0.001280    0.098326    1.046471    6.469643 v _3202_/X (sky130_fd_sc_hd__mux2_1)
                                                         _0971_ (net)
                      0.098326    0.000000    6.469643 v _3203_/B (sky130_fd_sc_hd__or2_2)
     1    0.001577    0.103527    0.608497    7.078140 v _3203_/X (sky130_fd_sc_hd__or2_2)
                                                         _0054_ (net)
                      0.103527    0.000000    7.078140 v _3832_/D (sky130_fd_sc_hd__dfxtp_2)
                                              7.078140   data arrival time

                      0.150000   20.000000   20.000000   clock clk_i (rise edge)
                                  0.000000   20.000000   clock network delay (ideal)
                                 -0.250000   19.750002   clock uncertainty
                                  0.000000   19.750002   clock reconvergence pessimism
                                             19.750002 ^ _3832_/CLK (sky130_fd_sc_hd__dfxtp_2)
                                 -0.266640   19.483362   library setup time
                                             19.483362   data required time
---------------------------------------------------------------------------------------------
                                             19.483362   data required time
                                             -7.078140   data arrival time
---------------------------------------------------------------------------------------------
                                             12.405220   slack (MET)


Startpoint: next_i (input port clocked by clk_i)
Endpoint: _3834_ (rising edge-triggered flip-flop clocked by clk_i)
Path Group: clk_i
Path Type: max

Fanout         Cap        Slew       Delay        Time   Description
---------------------------------------------------------------------------------------------
                      0.150000    0.000000    0.000000   clock clk_i (rise edge)
                                  0.000000    0.000000   clock network delay (ideal)
                                  4.000000    4.000000 ^ input external delay
   100    0.284430    2.027454    1.423172    5.423172 ^ next_i (in)
                                                         next_i (net)
                      2.027454    0.000000    5.423172 ^ _3208_/S (sky130_fd_sc_hd__mux2_1)
     1    0.001280    0.098326    1.046471    6.469643 v _3208_/X (sky130_fd_sc_hd__mux2_1)
                                                         _0975_ (net)
                      0.098326    0.000000    6.469643 v _3209_/B (sky130_fd_sc_hd__or2_2)
     1    0.001577    0.103527    0.608497    7.078140 v _3209_/X (sky130_fd_sc_hd__or2_2)
                                                         _0056_ (net)
                      0.103527    0.000000    7.078140 v _3834_/D (sky130_fd_sc_hd__dfxtp_2)
                                              7.078140   data arrival time

                      0.150000   20.000000   20.000000   clock clk_i (rise edge)
                                  0.000000   20.000000   clock network delay (ideal)
                                 -0.250000   19.750002   clock uncertainty
                                  0.000000   19.750002   clock reconvergence pessimism
                                             19.750002 ^ _3834_/CLK (sky130_fd_sc_hd__dfxtp_2)
                                 -0.266640   19.483362   library setup time
                                             19.483362   data required time
---------------------------------------------------------------------------------------------
                                             19.483362   data required time
                                             -7.078140   data arrival time
---------------------------------------------------------------------------------------------
                                             12.405220   slack (MET)


Startpoint: next_i (input port clocked by clk_i)
Endpoint: _3835_ (rising edge-triggered flip-flop clocked by clk_i)
Path Group: clk_i
Path Type: max

Fanout         Cap        Slew       Delay        Time   Description
---------------------------------------------------------------------------------------------
                      0.150000    0.000000    0.000000   clock clk_i (rise edge)
                                  0.000000    0.000000   clock network delay (ideal)
                                  4.000000    4.000000 ^ input external delay
   100    0.284430    2.027454    1.423172    5.423172 ^ next_i (in)
                                                         next_i (net)
                      2.027454    0.000000    5.423172 ^ _3211_/S (sky130_fd_sc_hd__mux2_1)
     1    0.001280    0.098326    1.046471    6.469643 v _3211_/X (sky130_fd_sc_hd__mux2_1)
                                                         _0977_ (net)
                      0.098326    0.000000    6.469643 v _3212_/B (sky130_fd_sc_hd__or2_2)
     1    0.001577    0.103527    0.608497    7.078140 v _3212_/X (sky130_fd_sc_hd__or2_2)
                                                         _0057_ (net)
                      0.103527    0.000000    7.078140 v _3835_/D (sky130_fd_sc_hd__dfxtp_2)
                                              7.078140   data arrival time

                      0.150000   20.000000   20.000000   clock clk_i (rise edge)
                                  0.000000   20.000000   clock network delay (ideal)
                                 -0.250000   19.750002   clock uncertainty
                                  0.000000   19.750002   clock reconvergence pessimism
                                             19.750002 ^ _3835_/CLK (sky130_fd_sc_hd__dfxtp_2)
                                 -0.266640   19.483362   library setup time
                                             19.483362   data required time
---------------------------------------------------------------------------------------------
                                             19.483362   data required time
                                             -7.078140   data arrival time
---------------------------------------------------------------------------------------------
                                             12.405220   slack (MET)


Startpoint: next_i (input port clocked by clk_i)
Endpoint: _3838_ (rising edge-triggered flip-flop clocked by clk_i)
Path Group: clk_i
Path Type: max

Fanout         Cap        Slew       Delay        Time   Description
---------------------------------------------------------------------------------------------
                      0.150000    0.000000    0.000000   clock clk_i (rise edge)
                                  0.000000    0.000000   clock network delay (ideal)
                                  4.000000    4.000000 ^ input external delay
   100    0.284430    2.027454    1.423172    5.423172 ^ next_i (in)
                                                         next_i (net)
                      2.027454    0.000000    5.423172 ^ _3220_/S (sky130_fd_sc_hd__mux2_1)
     1    0.001280    0.098326    1.046471    6.469643 v _3220_/X (sky130_fd_sc_hd__mux2_1)
                                                         _0983_ (net)
                      0.098326    0.000000    6.469643 v _3221_/B (sky130_fd_sc_hd__or2_2)
     1    0.001577    0.103527    0.608497    7.078140 v _3221_/X (sky130_fd_sc_hd__or2_2)
                                                         _0060_ (net)
                      0.103527    0.000000    7.078140 v _3838_/D (sky130_fd_sc_hd__dfxtp_2)
                                              7.078140   data arrival time

                      0.150000   20.000000   20.000000   clock clk_i (rise edge)
                                  0.000000   20.000000   clock network delay (ideal)
                                 -0.250000   19.750002   clock uncertainty
                                  0.000000   19.750002   clock reconvergence pessimism
                                             19.750002 ^ _3838_/CLK (sky130_fd_sc_hd__dfxtp_2)
                                 -0.266640   19.483362   library setup time
                                             19.483362   data required time
---------------------------------------------------------------------------------------------
                                             19.483362   data required time
                                             -7.078140   data arrival time
---------------------------------------------------------------------------------------------
                                             12.405220   slack (MET)


Startpoint: next_i (input port clocked by clk_i)
Endpoint: _3842_ (rising edge-triggered flip-flop clocked by clk_i)
Path Group: clk_i
Path Type: max

Fanout         Cap        Slew       Delay        Time   Description
---------------------------------------------------------------------------------------------
                      0.150000    0.000000    0.000000   clock clk_i (rise edge)
                                  0.000000    0.000000   clock network delay (ideal)
                                  4.000000    4.000000 ^ input external delay
   100    0.284430    2.027454    1.423172    5.423172 ^ next_i (in)
                                                         next_i (net)
                      2.027454    0.000000    5.423172 ^ _3232_/S (sky130_fd_sc_hd__mux2_1)
     1    0.001280    0.098326    1.046471    6.469643 v _3232_/X (sky130_fd_sc_hd__mux2_1)
                                                         _0991_ (net)
                      0.098326    0.000000    6.469643 v _3233_/B (sky130_fd_sc_hd__or2_2)
     1    0.001577    0.103527    0.608497    7.078140 v _3233_/X (sky130_fd_sc_hd__or2_2)
                                                         _0064_ (net)
                      0.103527    0.000000    7.078140 v _3842_/D (sky130_fd_sc_hd__dfxtp_2)
                                              7.078140   data arrival time

                      0.150000   20.000000   20.000000   clock clk_i (rise edge)
                                  0.000000   20.000000   clock network delay (ideal)
                                 -0.250000   19.750002   clock uncertainty
                                  0.000000   19.750002   clock reconvergence pessimism
                                             19.750002 ^ _3842_/CLK (sky130_fd_sc_hd__dfxtp_2)
                                 -0.266640   19.483362   library setup time
                                             19.483362   data required time
---------------------------------------------------------------------------------------------
                                             19.483362   data required time
                                             -7.078140   data arrival time
---------------------------------------------------------------------------------------------
                                             12.405220   slack (MET)


Startpoint: next_i (input port clocked by clk_i)
Endpoint: _3778_ (rising edge-triggered flip-flop clocked by clk_i)
Path Group: clk_i
Path Type: max

Fanout         Cap        Slew       Delay        Time   Description
---------------------------------------------------------------------------------------------
                      0.150000    0.000000    0.000000   clock clk_i (rise edge)
                                  0.000000    0.000000   clock network delay (ideal)
                                  4.000000    4.000000 ^ input external delay
   100    0.284430    2.027454    1.423172    5.423172 ^ next_i (in)
                                                         next_i (net)
                      2.027454    0.000000    5.423172 ^ _3366_/B (sky130_fd_sc_hd__nand2_2)
    27    0.068045    0.743705    1.148813    6.571986 v _3366_/Y (sky130_fd_sc_hd__nand2_2)
                                                         _1042_ (net)
                      0.743705    0.000000    6.571986 v _3367_/A (sky130_fd_sc_hd__inv_2)
     7    0.024724    0.293968    0.454808    7.026793 ^ _3367_/Y (sky130_fd_sc_hd__inv_2)
                                                         _0000_ (net)
                      0.293968    0.000000    7.026793 ^ _3778_/D (sky130_fd_sc_hd__dfxtp_2)
                                              7.026793   data arrival time

                      0.150000   20.000000   20.000000   clock clk_i (rise edge)
                                  0.000000   20.000000   clock network delay (ideal)
                                 -0.250000   19.750002   clock uncertainty
                                  0.000000   19.750002   clock reconvergence pessimism
                                             19.750002 ^ _3778_/CLK (sky130_fd_sc_hd__dfxtp_2)
                                 -0.185702   19.564299   library setup time
                                             19.564299   data required time
---------------------------------------------------------------------------------------------
                                             19.564299   data required time
                                             -7.026793   data arrival time
---------------------------------------------------------------------------------------------
                                             12.537505   slack (MET)


Startpoint: next_i (input port clocked by clk_i)
Endpoint: _3850_ (rising edge-triggered flip-flop clocked by clk_i)
Path Group: clk_i
Path Type: max

Fanout         Cap        Slew       Delay        Time   Description
---------------------------------------------------------------------------------------------
                      0.150000    0.000000    0.000000   clock clk_i (rise edge)
                                  0.000000    0.000000   clock network delay (ideal)
                                  4.000000    4.000000 ^ input external delay
   100    0.284430    2.027454    1.423172    5.423172 ^ next_i (in)
                                                         next_i (net)
                      2.027454    0.000000    5.423172 ^ _3256_/B1 (sky130_fd_sc_hd__o21ai_2)
     1    0.002251    0.269662    0.430873    5.854045 v _3256_/Y (sky130_fd_sc_hd__o21ai_2)
                                                         _1010_ (net)
                      0.269662    0.000000    5.854045 v _3257_/B2 (sky130_fd_sc_hd__o221a_2)
     1    0.001577    0.078108    0.500847    6.354892 v _3257_/X (sky130_fd_sc_hd__o221a_2)
                                                         _0072_ (net)
                      0.078108    0.000000    6.354892 v _3850_/D (sky130_fd_sc_hd__dfxtp_2)
                                              6.354892   data arrival time

                      0.150000   20.000000   20.000000   clock clk_i (rise edge)
                                  0.000000   20.000000   clock network delay (ideal)
                                 -0.250000   19.750002   clock uncertainty
                                  0.000000   19.750002   clock reconvergence pessimism
                                             19.750002 ^ _3850_/CLK (sky130_fd_sc_hd__dfxtp_2)
                                 -0.256087   19.493914   library setup time
                                             19.493914   data required time
---------------------------------------------------------------------------------------------
                                             19.493914   data required time
                                             -6.354892   data arrival time
---------------------------------------------------------------------------------------------
                                             13.139023   slack (MET)


Startpoint: next_i (input port clocked by clk_i)
Endpoint: _3869_ (rising edge-triggered flip-flop clocked by clk_i)
Path Group: clk_i
Path Type: max

Fanout         Cap        Slew       Delay        Time   Description
---------------------------------------------------------------------------------------------
                      0.150000    0.000000    0.000000   clock clk_i (rise edge)
                                  0.000000    0.000000   clock network delay (ideal)
                                  4.000000    4.000000 ^ input external delay
   100    0.284430    2.027454    1.423172    5.423172 ^ next_i (in)
                                                         next_i (net)
                      2.027454    0.000000    5.423172 ^ _3335_/B1 (sky130_fd_sc_hd__o21ai_2)
     1    0.002251    0.269662    0.430873    5.854045 v _3335_/Y (sky130_fd_sc_hd__o21ai_2)
                                                         _1077_ (net)
                      0.269662    0.000000    5.854045 v _3336_/B2 (sky130_fd_sc_hd__o221a_2)
     1    0.001577    0.078108    0.500847    6.354892 v _3336_/X (sky130_fd_sc_hd__o221a_2)
                                                         _0091_ (net)
                      0.078108    0.000000    6.354892 v _3869_/D (sky130_fd_sc_hd__dfxtp_2)
                                              6.354892   data arrival time

                      0.150000   20.000000   20.000000   clock clk_i (rise edge)
                                  0.000000   20.000000   clock network delay (ideal)
                                 -0.250000   19.750002   clock uncertainty
                                  0.000000   19.750002   clock reconvergence pessimism
                                             19.750002 ^ _3869_/CLK (sky130_fd_sc_hd__dfxtp_2)
                                 -0.256087   19.493914   library setup time
                                             19.493914   data required time
---------------------------------------------------------------------------------------------
                                             19.493914   data required time
                                             -6.354892   data arrival time
---------------------------------------------------------------------------------------------
                                             13.139023   slack (MET)


Startpoint: next_i (input port clocked by clk_i)
Endpoint: _3820_ (rising edge-triggered flip-flop clocked by clk_i)
Path Group: clk_i
Path Type: max

Fanout         Cap        Slew       Delay        Time   Description
---------------------------------------------------------------------------------------------
                      0.150000    0.000000    0.000000   clock clk_i (rise edge)
                                  0.000000    0.000000   clock network delay (ideal)
                                  4.000000    4.000000 ^ input external delay
   100    0.284430    2.027454    1.423172    5.423172 ^ next_i (in)
                                                         next_i (net)
                      2.027454    0.000000    5.423172 ^ _3167_/A2 (sky130_fd_sc_hd__o211a_2)
     1    0.001537    0.087641    0.810511    6.233683 ^ _3167_/X (sky130_fd_sc_hd__o211a_2)
                                                         _0042_ (net)
                      0.087641    0.000000    6.233683 ^ _3820_/D (sky130_fd_sc_hd__dfxtp_2)
                                              6.233683   data arrival time

                      0.150000   20.000000   20.000000   clock clk_i (rise edge)
                                  0.000000   20.000000   clock network delay (ideal)
                                 -0.250000   19.750002   clock uncertainty
                                  0.000000   19.750002   clock reconvergence pessimism
                                             19.750002 ^ _3820_/CLK (sky130_fd_sc_hd__dfxtp_2)
                                 -0.131786   19.618216   library setup time
                                             19.618216   data required time
---------------------------------------------------------------------------------------------
                                             19.618216   data required time
                                             -6.233683   data arrival time
---------------------------------------------------------------------------------------------
                                             13.384532   slack (MET)


Startpoint: next_i (input port clocked by clk_i)
Endpoint: _3823_ (rising edge-triggered flip-flop clocked by clk_i)
Path Group: clk_i
Path Type: max

Fanout         Cap        Slew       Delay        Time   Description
---------------------------------------------------------------------------------------------
                      0.150000    0.000000    0.000000   clock clk_i (rise edge)
                                  0.000000    0.000000   clock network delay (ideal)
                                  4.000000    4.000000 ^ input external delay
   100    0.284430    2.027454    1.423172    5.423172 ^ next_i (in)
                                                         next_i (net)
                      2.027454    0.000000    5.423172 ^ _3176_/A2 (sky130_fd_sc_hd__o211a_2)
     1    0.001537    0.087641    0.810511    6.233683 ^ _3176_/X (sky130_fd_sc_hd__o211a_2)
                                                         _0045_ (net)
                      0.087641    0.000000    6.233683 ^ _3823_/D (sky130_fd_sc_hd__dfxtp_2)
                                              6.233683   data arrival time

                      0.150000   20.000000   20.000000   clock clk_i (rise edge)
                                  0.000000   20.000000   clock network delay (ideal)
                                 -0.250000   19.750002   clock uncertainty
                                  0.000000   19.750002   clock reconvergence pessimism
                                             19.750002 ^ _3823_/CLK (sky130_fd_sc_hd__dfxtp_2)
                                 -0.131786   19.618216   library setup time
                                             19.618216   data required time
---------------------------------------------------------------------------------------------
                                             19.618216   data required time
                                             -6.233683   data arrival time
---------------------------------------------------------------------------------------------
                                             13.384532   slack (MET)


Startpoint: next_i (input port clocked by clk_i)
Endpoint: _3829_ (rising edge-triggered flip-flop clocked by clk_i)
Path Group: clk_i
Path Type: max

Fanout         Cap        Slew       Delay        Time   Description
---------------------------------------------------------------------------------------------
                      0.150000    0.000000    0.000000   clock clk_i (rise edge)
                                  0.000000    0.000000   clock network delay (ideal)
                                  4.000000    4.000000 ^ input external delay
   100    0.284430    2.027454    1.423172    5.423172 ^ next_i (in)
                                                         next_i (net)
                      2.027454    0.000000    5.423172 ^ _3194_/A2 (sky130_fd_sc_hd__o211a_2)
     1    0.001537    0.087641    0.810511    6.233683 ^ _3194_/X (sky130_fd_sc_hd__o211a_2)
                                                         _0051_ (net)
                      0.087641    0.000000    6.233683 ^ _3829_/D (sky130_fd_sc_hd__dfxtp_2)
                                              6.233683   data arrival time

                      0.150000   20.000000   20.000000   clock clk_i (rise edge)
                                  0.000000   20.000000   clock network delay (ideal)
                                 -0.250000   19.750002   clock uncertainty
                                  0.000000   19.750002   clock reconvergence pessimism
                                             19.750002 ^ _3829_/CLK (sky130_fd_sc_hd__dfxtp_2)
                                 -0.131786   19.618216   library setup time
                                             19.618216   data required time
---------------------------------------------------------------------------------------------
                                             19.618216   data required time
                                             -6.233683   data arrival time
---------------------------------------------------------------------------------------------
                                             13.384532   slack (MET)


Startpoint: next_i (input port clocked by clk_i)
Endpoint: _3831_ (rising edge-triggered flip-flop clocked by clk_i)
Path Group: clk_i
Path Type: max

Fanout         Cap        Slew       Delay        Time   Description
---------------------------------------------------------------------------------------------
                      0.150000    0.000000    0.000000   clock clk_i (rise edge)
                                  0.000000    0.000000   clock network delay (ideal)
                                  4.000000    4.000000 ^ input external delay
   100    0.284430    2.027454    1.423172    5.423172 ^ next_i (in)
                                                         next_i (net)
                      2.027454    0.000000    5.423172 ^ _3200_/A2 (sky130_fd_sc_hd__o211a_2)
     1    0.001537    0.087641    0.810511    6.233683 ^ _3200_/X (sky130_fd_sc_hd__o211a_2)
                                                         _0053_ (net)
                      0.087641    0.000000    6.233683 ^ _3831_/D (sky130_fd_sc_hd__dfxtp_2)
                                              6.233683   data arrival time

                      0.150000   20.000000   20.000000   clock clk_i (rise edge)
                                  0.000000   20.000000   clock network delay (ideal)
                                 -0.250000   19.750002   clock uncertainty
                                  0.000000   19.750002   clock reconvergence pessimism
                                             19.750002 ^ _3831_/CLK (sky130_fd_sc_hd__dfxtp_2)
                                 -0.131786   19.618216   library setup time
                                             19.618216   data required time
---------------------------------------------------------------------------------------------
                                             19.618216   data required time
                                             -6.233683   data arrival time
---------------------------------------------------------------------------------------------
                                             13.384532   slack (MET)


Startpoint: next_i (input port clocked by clk_i)
Endpoint: _3839_ (rising edge-triggered flip-flop clocked by clk_i)
Path Group: clk_i
Path Type: max

Fanout         Cap        Slew       Delay        Time   Description
---------------------------------------------------------------------------------------------
                      0.150000    0.000000    0.000000   clock clk_i (rise edge)
                                  0.000000    0.000000   clock network delay (ideal)
                                  4.000000    4.000000 ^ input external delay
   100    0.284430    2.027454    1.423172    5.423172 ^ next_i (in)
                                                         next_i (net)
                      2.027454    0.000000    5.423172 ^ _3224_/A2 (sky130_fd_sc_hd__o211a_2)
     1    0.001537    0.087641    0.810511    6.233683 ^ _3224_/X (sky130_fd_sc_hd__o211a_2)
                                                         _0061_ (net)
                      0.087641    0.000000    6.233683 ^ _3839_/D (sky130_fd_sc_hd__dfxtp_2)
                                              6.233683   data arrival time

                      0.150000   20.000000   20.000000   clock clk_i (rise edge)
                                  0.000000   20.000000   clock network delay (ideal)
                                 -0.250000   19.750002   clock uncertainty
                                  0.000000   19.750002   clock reconvergence pessimism
                                             19.750002 ^ _3839_/CLK (sky130_fd_sc_hd__dfxtp_2)
                                 -0.131786   19.618216   library setup time
                                             19.618216   data required time
---------------------------------------------------------------------------------------------
                                             19.618216   data required time
                                             -6.233683   data arrival time
---------------------------------------------------------------------------------------------
                                             13.384532   slack (MET)


Startpoint: _3796_ (rising edge-triggered flip-flop clocked by clk_i)
Endpoint: random_o[17] (output port clocked by clk_i)
Path Group: clk_i
Path Type: max

Fanout         Cap        Slew       Delay        Time   Description
---------------------------------------------------------------------------------------------
                      0.150000    0.000000    0.000000   clock clk_i (rise edge)
                                  0.000000    0.000000   clock network delay (ideal)
                      0.150000    0.000000    0.000000 ^ _3796_/CLK (sky130_fd_sc_hd__dfxtp_2)
     2    0.038491    0.318724    0.879997    0.879997 ^ _3796_/Q (sky130_fd_sc_hd__dfxtp_2)
                                                         random_o[17] (net)
                      0.318724    0.000000    0.879997 ^ random_o[17] (out)
                                              0.879997   data arrival time

                      0.150000   20.000000   20.000000   clock clk_i (rise edge)
                                  0.000000   20.000000   clock network delay (ideal)
                                 -0.250000   19.750002   clock uncertainty
                                  0.000000   19.750002   clock reconvergence pessimism
                                 -4.000000   15.750001   output external delay
                                             15.750001   data required time
---------------------------------------------------------------------------------------------
                                             15.750001   data required time
                                             -0.879997   data arrival time
---------------------------------------------------------------------------------------------
                                             14.870005   slack (MET)


Startpoint: _3803_ (rising edge-triggered flip-flop clocked by clk_i)
Endpoint: random_o[24] (output port clocked by clk_i)
Path Group: clk_i
Path Type: max

Fanout         Cap        Slew       Delay        Time   Description
---------------------------------------------------------------------------------------------
                      0.150000    0.000000    0.000000   clock clk_i (rise edge)
                                  0.000000    0.000000   clock network delay (ideal)
                      0.150000    0.000000    0.000000 ^ _3803_/CLK (sky130_fd_sc_hd__dfxtp_2)
     2    0.038491    0.318724    0.879997    0.879997 ^ _3803_/Q (sky130_fd_sc_hd__dfxtp_2)
                                                         random_o[24] (net)
                      0.318724    0.000000    0.879997 ^ random_o[24] (out)
                                              0.879997   data arrival time

                      0.150000   20.000000   20.000000   clock clk_i (rise edge)
                                  0.000000   20.000000   clock network delay (ideal)
                                 -0.250000   19.750002   clock uncertainty
                                  0.000000   19.750002   clock reconvergence pessimism
                                 -4.000000   15.750001   output external delay
                                             15.750001   data required time
---------------------------------------------------------------------------------------------
                                             15.750001   data required time
                                             -0.879997   data arrival time
---------------------------------------------------------------------------------------------
                                             14.870005   slack (MET)


Startpoint: _3808_ (rising edge-triggered flip-flop clocked by clk_i)
Endpoint: random_o[29] (output port clocked by clk_i)
Path Group: clk_i
Path Type: max

Fanout         Cap        Slew       Delay        Time   Description
---------------------------------------------------------------------------------------------
                      0.150000    0.000000    0.000000   clock clk_i (rise edge)
                                  0.000000    0.000000   clock network delay (ideal)
                      0.150000    0.000000    0.000000 ^ _3808_/CLK (sky130_fd_sc_hd__dfxtp_2)
     2    0.038491    0.318724    0.879997    0.879997 ^ _3808_/Q (sky130_fd_sc_hd__dfxtp_2)
                                                         random_o[29] (net)
                      0.318724    0.000000    0.879997 ^ random_o[29] (out)
                                              0.879997   data arrival time

                      0.150000   20.000000   20.000000   clock clk_i (rise edge)
                                  0.000000   20.000000   clock network delay (ideal)
                                 -0.250000   19.750002   clock uncertainty
                                  0.000000   19.750002   clock reconvergence pessimism
                                 -4.000000   15.750001   output external delay
                                             15.750001   data required time
---------------------------------------------------------------------------------------------
                                             15.750001   data required time
                                             -0.879997   data arrival time
---------------------------------------------------------------------------------------------
                                             14.870005   slack (MET)


Startpoint: _3789_ (rising edge-triggered flip-flop clocked by clk_i)
Endpoint: random_o[10] (output port clocked by clk_i)
Path Group: clk_i
Path Type: max

Fanout         Cap        Slew       Delay        Time   Description
---------------------------------------------------------------------------------------------
                      0.150000    0.000000    0.000000   clock clk_i (rise edge)
                                  0.000000    0.000000   clock network delay (ideal)
                      0.150000    0.000000    0.000000 ^ _3789_/CLK (sky130_fd_sc_hd__dfxtp_2)
     2    0.035968    0.299534    0.866055    0.866055 ^ _3789_/Q (sky130_fd_sc_hd__dfxtp_2)
                                                         random_o[10] (net)
                      0.299534    0.000000    0.866055 ^ random_o[10] (out)
                                              0.866055   data arrival time

                      0.150000   20.000000   20.000000   clock clk_i (rise edge)
                                  0.000000   20.000000   clock network delay (ideal)
                                 -0.250000   19.750002   clock uncertainty
                                  0.000000   19.750002   clock reconvergence pessimism
                                 -4.000000   15.750001   output external delay
                                             15.750001   data required time
---------------------------------------------------------------------------------------------
                                             15.750001   data required time
                                             -0.866055   data arrival time
---------------------------------------------------------------------------------------------
                                             14.883946   slack (MET)


Startpoint: _3794_ (rising edge-triggered flip-flop clocked by clk_i)
Endpoint: random_o[15] (output port clocked by clk_i)
Path Group: clk_i
Path Type: max

Fanout         Cap        Slew       Delay        Time   Description
---------------------------------------------------------------------------------------------
                      0.150000    0.000000    0.000000   clock clk_i (rise edge)
                                  0.000000    0.000000   clock network delay (ideal)
                      0.150000    0.000000    0.000000 ^ _3794_/CLK (sky130_fd_sc_hd__dfxtp_2)
     2    0.035968    0.299534    0.866055    0.866055 ^ _3794_/Q (sky130_fd_sc_hd__dfxtp_2)
                                                         random_o[15] (net)
                      0.299534    0.000000    0.866055 ^ random_o[15] (out)
                                              0.866055   data arrival time

                      0.150000   20.000000   20.000000   clock clk_i (rise edge)
                                  0.000000   20.000000   clock network delay (ideal)
                                 -0.250000   19.750002   clock uncertainty
                                  0.000000   19.750002   clock reconvergence pessimism
                                 -4.000000   15.750001   output external delay
                                             15.750001   data required time
---------------------------------------------------------------------------------------------
                                             15.750001   data required time
                                             -0.866055   data arrival time
---------------------------------------------------------------------------------------------
                                             14.883946   slack (MET)


Startpoint: _3795_ (rising edge-triggered flip-flop clocked by clk_i)
Endpoint: random_o[16] (output port clocked by clk_i)
Path Group: clk_i
Path Type: max

Fanout         Cap        Slew       Delay        Time   Description
---------------------------------------------------------------------------------------------
                      0.150000    0.000000    0.000000   clock clk_i (rise edge)
                                  0.000000    0.000000   clock network delay (ideal)
                      0.150000    0.000000    0.000000 ^ _3795_/CLK (sky130_fd_sc_hd__dfxtp_2)
     2    0.035968    0.299534    0.866055    0.866055 ^ _3795_/Q (sky130_fd_sc_hd__dfxtp_2)
                                                         random_o[16] (net)
                      0.299534    0.000000    0.866055 ^ random_o[16] (out)
                                              0.866055   data arrival time

                      0.150000   20.000000   20.000000   clock clk_i (rise edge)
                                  0.000000   20.000000   clock network delay (ideal)
                                 -0.250000   19.750002   clock uncertainty
                                  0.000000   19.750002   clock reconvergence pessimism
                                 -4.000000   15.750001   output external delay
                                             15.750001   data required time
---------------------------------------------------------------------------------------------
                                             15.750001   data required time
                                             -0.866055   data arrival time
---------------------------------------------------------------------------------------------
                                             14.883946   slack (MET)


Startpoint: _3780_ (rising edge-triggered flip-flop clocked by clk_i)
Endpoint: random_o[1] (output port clocked by clk_i)
Path Group: clk_i
Path Type: max

Fanout         Cap        Slew       Delay        Time   Description
---------------------------------------------------------------------------------------------
                      0.150000    0.000000    0.000000   clock clk_i (rise edge)
                                  0.000000    0.000000   clock network delay (ideal)
                      0.150000    0.000000    0.000000 ^ _3780_/CLK (sky130_fd_sc_hd__dfxtp_2)
     2    0.035968    0.299534    0.866055    0.866055 ^ _3780_/Q (sky130_fd_sc_hd__dfxtp_2)
                                                         random_o[1] (net)
                      0.299534    0.000000    0.866055 ^ random_o[1] (out)
                                              0.866055   data arrival time

                      0.150000   20.000000   20.000000   clock clk_i (rise edge)
                                  0.000000   20.000000   clock network delay (ideal)
                                 -0.250000   19.750002   clock uncertainty
                                  0.000000   19.750002   clock reconvergence pessimism
                                 -4.000000   15.750001   output external delay
                                             15.750001   data required time
---------------------------------------------------------------------------------------------
                                             15.750001   data required time
                                             -0.866055   data arrival time
---------------------------------------------------------------------------------------------
                                             14.883946   slack (MET)


Startpoint: _3799_ (rising edge-triggered flip-flop clocked by clk_i)
Endpoint: random_o[20] (output port clocked by clk_i)
Path Group: clk_i
Path Type: max

Fanout         Cap        Slew       Delay        Time   Description
---------------------------------------------------------------------------------------------
                      0.150000    0.000000    0.000000   clock clk_i (rise edge)
                                  0.000000    0.000000   clock network delay (ideal)
                      0.150000    0.000000    0.000000 ^ _3799_/CLK (sky130_fd_sc_hd__dfxtp_2)
     2    0.035968    0.299534    0.866055    0.866055 ^ _3799_/Q (sky130_fd_sc_hd__dfxtp_2)
                                                         random_o[20] (net)
                      0.299534    0.000000    0.866055 ^ random_o[20] (out)
                                              0.866055   data arrival time

                      0.150000   20.000000   20.000000   clock clk_i (rise edge)
                                  0.000000   20.000000   clock network delay (ideal)
                                 -0.250000   19.750002   clock uncertainty
                                  0.000000   19.750002   clock reconvergence pessimism
                                 -4.000000   15.750001   output external delay
                                             15.750001   data required time
---------------------------------------------------------------------------------------------
                                             15.750001   data required time
                                             -0.866055   data arrival time
---------------------------------------------------------------------------------------------
                                             14.883946   slack (MET)


Startpoint: _3801_ (rising edge-triggered flip-flop clocked by clk_i)
Endpoint: random_o[22] (output port clocked by clk_i)
Path Group: clk_i
Path Type: max

Fanout         Cap        Slew       Delay        Time   Description
---------------------------------------------------------------------------------------------
                      0.150000    0.000000    0.000000   clock clk_i (rise edge)
                                  0.000000    0.000000   clock network delay (ideal)
                      0.150000    0.000000    0.000000 ^ _3801_/CLK (sky130_fd_sc_hd__dfxtp_2)
     2    0.035968    0.299534    0.866055    0.866055 ^ _3801_/Q (sky130_fd_sc_hd__dfxtp_2)
                                                         random_o[22] (net)
                      0.299534    0.000000    0.866055 ^ random_o[22] (out)
                                              0.866055   data arrival time

                      0.150000   20.000000   20.000000   clock clk_i (rise edge)
                                  0.000000   20.000000   clock network delay (ideal)
                                 -0.250000   19.750002   clock uncertainty
                                  0.000000   19.750002   clock reconvergence pessimism
                                 -4.000000   15.750001   output external delay
                                             15.750001   data required time
---------------------------------------------------------------------------------------------
                                             15.750001   data required time
                                             -0.866055   data arrival time
---------------------------------------------------------------------------------------------
                                             14.883946   slack (MET)


Startpoint: _3805_ (rising edge-triggered flip-flop clocked by clk_i)
Endpoint: random_o[26] (output port clocked by clk_i)
Path Group: clk_i
Path Type: max

Fanout         Cap        Slew       Delay        Time   Description
---------------------------------------------------------------------------------------------
                      0.150000    0.000000    0.000000   clock clk_i (rise edge)
                                  0.000000    0.000000   clock network delay (ideal)
                      0.150000    0.000000    0.000000 ^ _3805_/CLK (sky130_fd_sc_hd__dfxtp_2)
     2    0.035968    0.299534    0.866055    0.866055 ^ _3805_/Q (sky130_fd_sc_hd__dfxtp_2)
                                                         random_o[26] (net)
                      0.299534    0.000000    0.866055 ^ random_o[26] (out)
                                              0.866055   data arrival time

                      0.150000   20.000000   20.000000   clock clk_i (rise edge)
                                  0.000000   20.000000   clock network delay (ideal)
                                 -0.250000   19.750002   clock uncertainty
                                  0.000000   19.750002   clock reconvergence pessimism
                                 -4.000000   15.750001   output external delay
                                             15.750001   data required time
---------------------------------------------------------------------------------------------
                                             15.750001   data required time
                                             -0.866055   data arrival time
---------------------------------------------------------------------------------------------
                                             14.883946   slack (MET)


Startpoint: _3807_ (rising edge-triggered flip-flop clocked by clk_i)
Endpoint: random_o[28] (output port clocked by clk_i)
Path Group: clk_i
Path Type: max

Fanout         Cap        Slew       Delay        Time   Description
---------------------------------------------------------------------------------------------
                      0.150000    0.000000    0.000000   clock clk_i (rise edge)
                                  0.000000    0.000000   clock network delay (ideal)
                      0.150000    0.000000    0.000000 ^ _3807_/CLK (sky130_fd_sc_hd__dfxtp_2)
     2    0.035968    0.299534    0.866055    0.866055 ^ _3807_/Q (sky130_fd_sc_hd__dfxtp_2)
                                                         random_o[28] (net)
                      0.299534    0.000000    0.866055 ^ random_o[28] (out)
                                              0.866055   data arrival time

                      0.150000   20.000000   20.000000   clock clk_i (rise edge)
                                  0.000000   20.000000   clock network delay (ideal)
                                 -0.250000   19.750002   clock uncertainty
                                  0.000000   19.750002   clock reconvergence pessimism
                                 -4.000000   15.750001   output external delay
                                             15.750001   data required time
---------------------------------------------------------------------------------------------
                                             15.750001   data required time
                                             -0.866055   data arrival time
---------------------------------------------------------------------------------------------
                                             14.883946   slack (MET)


Startpoint: _3783_ (rising edge-triggered flip-flop clocked by clk_i)
Endpoint: random_o[4] (output port clocked by clk_i)
Path Group: clk_i
Path Type: max

Fanout         Cap        Slew       Delay        Time   Description
---------------------------------------------------------------------------------------------
                      0.150000    0.000000    0.000000   clock clk_i (rise edge)
                                  0.000000    0.000000   clock network delay (ideal)
                      0.150000    0.000000    0.000000 ^ _3783_/CLK (sky130_fd_sc_hd__dfxtp_2)
     2    0.035968    0.299534    0.866055    0.866055 ^ _3783_/Q (sky130_fd_sc_hd__dfxtp_2)
                                                         random_o[4] (net)
                      0.299534    0.000000    0.866055 ^ random_o[4] (out)
                                              0.866055   data arrival time

                      0.150000   20.000000   20.000000   clock clk_i (rise edge)
                                  0.000000   20.000000   clock network delay (ideal)
                                 -0.250000   19.750002   clock uncertainty
                                  0.000000   19.750002   clock reconvergence pessimism
                                 -4.000000   15.750001   output external delay
                                             15.750001   data required time
---------------------------------------------------------------------------------------------
                                             15.750001   data required time
                                             -0.866055   data arrival time
---------------------------------------------------------------------------------------------
                                             14.883946   slack (MET)


Startpoint: _3785_ (rising edge-triggered flip-flop clocked by clk_i)
Endpoint: random_o[6] (output port clocked by clk_i)
Path Group: clk_i
Path Type: max

Fanout         Cap        Slew       Delay        Time   Description
---------------------------------------------------------------------------------------------
                      0.150000    0.000000    0.000000   clock clk_i (rise edge)
                                  0.000000    0.000000   clock network delay (ideal)
                      0.150000    0.000000    0.000000 ^ _3785_/CLK (sky130_fd_sc_hd__dfxtp_2)
     2    0.035968    0.299534    0.866055    0.866055 ^ _3785_/Q (sky130_fd_sc_hd__dfxtp_2)
                                                         random_o[6] (net)
                      0.299534    0.000000    0.866055 ^ random_o[6] (out)
                                              0.866055   data arrival time

                      0.150000   20.000000   20.000000   clock clk_i (rise edge)
                                  0.000000   20.000000   clock network delay (ideal)
                                 -0.250000   19.750002   clock uncertainty
                                  0.000000   19.750002   clock reconvergence pessimism
                                 -4.000000   15.750001   output external delay
                                             15.750001   data required time
---------------------------------------------------------------------------------------------
                                             15.750001   data required time
                                             -0.866055   data arrival time
---------------------------------------------------------------------------------------------
                                             14.883946   slack (MET)


Startpoint: _3787_ (rising edge-triggered flip-flop clocked by clk_i)
Endpoint: random_o[8] (output port clocked by clk_i)
Path Group: clk_i
Path Type: max

Fanout         Cap        Slew       Delay        Time   Description
---------------------------------------------------------------------------------------------
                      0.150000    0.000000    0.000000   clock clk_i (rise edge)
                                  0.000000    0.000000   clock network delay (ideal)
                      0.150000    0.000000    0.000000 ^ _3787_/CLK (sky130_fd_sc_hd__dfxtp_2)
     2    0.035968    0.299534    0.866055    0.866055 ^ _3787_/Q (sky130_fd_sc_hd__dfxtp_2)
                                                         random_o[8] (net)
                      0.299534    0.000000    0.866055 ^ random_o[8] (out)
                                              0.866055   data arrival time

                      0.150000   20.000000   20.000000   clock clk_i (rise edge)
                                  0.000000   20.000000   clock network delay (ideal)
                                 -0.250000   19.750002   clock uncertainty
                                  0.000000   19.750002   clock reconvergence pessimism
                                 -4.000000   15.750001   output external delay
                                             15.750001   data required time
---------------------------------------------------------------------------------------------
                                             15.750001   data required time
                                             -0.866055   data arrival time
---------------------------------------------------------------------------------------------
                                             14.883946   slack (MET)


Startpoint: _3788_ (rising edge-triggered flip-flop clocked by clk_i)
Endpoint: random_o[9] (output port clocked by clk_i)
Path Group: clk_i
Path Type: max

Fanout         Cap        Slew       Delay        Time   Description
---------------------------------------------------------------------------------------------
                      0.150000    0.000000    0.000000   clock clk_i (rise edge)
                                  0.000000    0.000000   clock network delay (ideal)
                      0.150000    0.000000    0.000000 ^ _3788_/CLK (sky130_fd_sc_hd__dfxtp_2)
     2    0.035968    0.299534    0.866055    0.866055 ^ _3788_/Q (sky130_fd_sc_hd__dfxtp_2)
                                                         random_o[9] (net)
                      0.299534    0.000000    0.866055 ^ random_o[9] (out)
                                              0.866055   data arrival time

                      0.150000   20.000000   20.000000   clock clk_i (rise edge)
                                  0.000000   20.000000   clock network delay (ideal)
                                 -0.250000   19.750002   clock uncertainty
                                  0.000000   19.750002   clock reconvergence pessimism
                                 -4.000000   15.750001   output external delay
                                             15.750001   data required time
---------------------------------------------------------------------------------------------
                                             15.750001   data required time
                                             -0.866055   data arrival time
---------------------------------------------------------------------------------------------
                                             14.883946   slack (MET)


Startpoint: _3790_ (rising edge-triggered flip-flop clocked by clk_i)
Endpoint: random_o[11] (output port clocked by clk_i)
Path Group: clk_i
Path Type: max

Fanout         Cap        Slew       Delay        Time   Description
---------------------------------------------------------------------------------------------
                      0.150000    0.000000    0.000000   clock clk_i (rise edge)
                                  0.000000    0.000000   clock network delay (ideal)
                      0.150000    0.000000    0.000000 ^ _3790_/CLK (sky130_fd_sc_hd__dfxtp_2)
     2    0.035930    0.299245    0.865845    0.865845 ^ _3790_/Q (sky130_fd_sc_hd__dfxtp_2)
                                                         random_o[11] (net)
                      0.299245    0.000000    0.865845 ^ random_o[11] (out)
                                              0.865845   data arrival time

                      0.150000   20.000000   20.000000   clock clk_i (rise edge)
                                  0.000000   20.000000   clock network delay (ideal)
                                 -0.250000   19.750002   clock uncertainty
                                  0.000000   19.750002   clock reconvergence pessimism
                                 -4.000000   15.750001   output external delay
                                             15.750001   data required time
---------------------------------------------------------------------------------------------
                                             15.750001   data required time
                                             -0.865845   data arrival time
---------------------------------------------------------------------------------------------
                                             14.884156   slack (MET)


Startpoint: _3792_ (rising edge-triggered flip-flop clocked by clk_i)
Endpoint: random_o[13] (output port clocked by clk_i)
Path Group: clk_i
Path Type: max

Fanout         Cap        Slew       Delay        Time   Description
---------------------------------------------------------------------------------------------
                      0.150000    0.000000    0.000000   clock clk_i (rise edge)
                                  0.000000    0.000000   clock network delay (ideal)
                      0.150000    0.000000    0.000000 ^ _3792_/CLK (sky130_fd_sc_hd__dfxtp_2)
     2    0.035930    0.299245    0.865845    0.865845 ^ _3792_/Q (sky130_fd_sc_hd__dfxtp_2)
                                                         random_o[13] (net)
                      0.299245    0.000000    0.865845 ^ random_o[13] (out)
                                              0.865845   data arrival time

                      0.150000   20.000000   20.000000   clock clk_i (rise edge)
                                  0.000000   20.000000   clock network delay (ideal)
                                 -0.250000   19.750002   clock uncertainty
                                  0.000000   19.750002   clock reconvergence pessimism
                                 -4.000000   15.750001   output external delay
                                             15.750001   data required time
---------------------------------------------------------------------------------------------
                                             15.750001   data required time
                                             -0.865845   data arrival time
---------------------------------------------------------------------------------------------
                                             14.884156   slack (MET)


Startpoint: _3798_ (rising edge-triggered flip-flop clocked by clk_i)
Endpoint: random_o[19] (output port clocked by clk_i)
Path Group: clk_i
Path Type: max

Fanout         Cap        Slew       Delay        Time   Description
---------------------------------------------------------------------------------------------
                      0.150000    0.000000    0.000000   clock clk_i (rise edge)
                                  0.000000    0.000000   clock network delay (ideal)
                      0.150000    0.000000    0.000000 ^ _3798_/CLK (sky130_fd_sc_hd__dfxtp_2)
     2    0.035930    0.299245    0.865845    0.865845 ^ _3798_/Q (sky130_fd_sc_hd__dfxtp_2)
                                                         random_o[19] (net)
                      0.299245    0.000000    0.865845 ^ random_o[19] (out)
                                              0.865845   data arrival time

                      0.150000   20.000000   20.000000   clock clk_i (rise edge)
                                  0.000000   20.000000   clock network delay (ideal)
                                 -0.250000   19.750002   clock uncertainty
                                  0.000000   19.750002   clock reconvergence pessimism
                                 -4.000000   15.750001   output external delay
                                             15.750001   data required time
---------------------------------------------------------------------------------------------
                                             15.750001   data required time
                                             -0.865845   data arrival time
---------------------------------------------------------------------------------------------
                                             14.884156   slack (MET)


Startpoint: _3800_ (rising edge-triggered flip-flop clocked by clk_i)
Endpoint: random_o[21] (output port clocked by clk_i)
Path Group: clk_i
Path Type: max

Fanout         Cap        Slew       Delay        Time   Description
---------------------------------------------------------------------------------------------
                      0.150000    0.000000    0.000000   clock clk_i (rise edge)
                                  0.000000    0.000000   clock network delay (ideal)
                      0.150000    0.000000    0.000000 ^ _3800_/CLK (sky130_fd_sc_hd__dfxtp_2)
     2    0.035930    0.299245    0.865845    0.865845 ^ _3800_/Q (sky130_fd_sc_hd__dfxtp_2)
                                                         random_o[21] (net)
                      0.299245    0.000000    0.865845 ^ random_o[21] (out)
                                              0.865845   data arrival time

                      0.150000   20.000000   20.000000   clock clk_i (rise edge)
                                  0.000000   20.000000   clock network delay (ideal)
                                 -0.250000   19.750002   clock uncertainty
                                  0.000000   19.750002   clock reconvergence pessimism
                                 -4.000000   15.750001   output external delay
                                             15.750001   data required time
---------------------------------------------------------------------------------------------
                                             15.750001   data required time
                                             -0.865845   data arrival time
---------------------------------------------------------------------------------------------
                                             14.884156   slack (MET)


Startpoint: _3802_ (rising edge-triggered flip-flop clocked by clk_i)
Endpoint: random_o[23] (output port clocked by clk_i)
Path Group: clk_i
Path Type: max

Fanout         Cap        Slew       Delay        Time   Description
---------------------------------------------------------------------------------------------
                      0.150000    0.000000    0.000000   clock clk_i (rise edge)
                                  0.000000    0.000000   clock network delay (ideal)
                      0.150000    0.000000    0.000000 ^ _3802_/CLK (sky130_fd_sc_hd__dfxtp_2)
     2    0.035930    0.299245    0.865845    0.865845 ^ _3802_/Q (sky130_fd_sc_hd__dfxtp_2)
                                                         random_o[23] (net)
                      0.299245    0.000000    0.865845 ^ random_o[23] (out)
                                              0.865845   data arrival time

                      0.150000   20.000000   20.000000   clock clk_i (rise edge)
                                  0.000000   20.000000   clock network delay (ideal)
                                 -0.250000   19.750002   clock uncertainty
                                  0.000000   19.750002   clock reconvergence pessimism
                                 -4.000000   15.750001   output external delay
                                             15.750001   data required time
---------------------------------------------------------------------------------------------
                                             15.750001   data required time
                                             -0.865845   data arrival time
---------------------------------------------------------------------------------------------
                                             14.884156   slack (MET)


Startpoint: _3804_ (rising edge-triggered flip-flop clocked by clk_i)
Endpoint: random_o[25] (output port clocked by clk_i)
Path Group: clk_i
Path Type: max

Fanout         Cap        Slew       Delay        Time   Description
---------------------------------------------------------------------------------------------
                      0.150000    0.000000    0.000000   clock clk_i (rise edge)
                                  0.000000    0.000000   clock network delay (ideal)
                      0.150000    0.000000    0.000000 ^ _3804_/CLK (sky130_fd_sc_hd__dfxtp_2)
     2    0.035930    0.299245    0.865845    0.865845 ^ _3804_/Q (sky130_fd_sc_hd__dfxtp_2)
                                                         random_o[25] (net)
                      0.299245    0.000000    0.865845 ^ random_o[25] (out)
                                              0.865845   data arrival time

                      0.150000   20.000000   20.000000   clock clk_i (rise edge)
                                  0.000000   20.000000   clock network delay (ideal)
                                 -0.250000   19.750002   clock uncertainty
                                  0.000000   19.750002   clock reconvergence pessimism
                                 -4.000000   15.750001   output external delay
                                             15.750001   data required time
---------------------------------------------------------------------------------------------
                                             15.750001   data required time
                                             -0.865845   data arrival time
---------------------------------------------------------------------------------------------
                                             14.884156   slack (MET)


Startpoint: _3806_ (rising edge-triggered flip-flop clocked by clk_i)
Endpoint: random_o[27] (output port clocked by clk_i)
Path Group: clk_i
Path Type: max

Fanout         Cap        Slew       Delay        Time   Description
---------------------------------------------------------------------------------------------
                      0.150000    0.000000    0.000000   clock clk_i (rise edge)
                                  0.000000    0.000000   clock network delay (ideal)
                      0.150000    0.000000    0.000000 ^ _3806_/CLK (sky130_fd_sc_hd__dfxtp_2)
     2    0.035930    0.299245    0.865845    0.865845 ^ _3806_/Q (sky130_fd_sc_hd__dfxtp_2)
                                                         random_o[27] (net)
                      0.299245    0.000000    0.865845 ^ random_o[27] (out)
                                              0.865845   data arrival time

                      0.150000   20.000000   20.000000   clock clk_i (rise edge)
                                  0.000000   20.000000   clock network delay (ideal)
                                 -0.250000   19.750002   clock uncertainty
                                  0.000000   19.750002   clock reconvergence pessimism
                                 -4.000000   15.750001   output external delay
                                             15.750001   data required time
---------------------------------------------------------------------------------------------
                                             15.750001   data required time
                                             -0.865845   data arrival time
---------------------------------------------------------------------------------------------
                                             14.884156   slack (MET)


Startpoint: _3784_ (rising edge-triggered flip-flop clocked by clk_i)
Endpoint: random_o[5] (output port clocked by clk_i)
Path Group: clk_i
Path Type: max

Fanout         Cap        Slew       Delay        Time   Description
---------------------------------------------------------------------------------------------
                      0.150000    0.000000    0.000000   clock clk_i (rise edge)
                                  0.000000    0.000000   clock network delay (ideal)
                      0.150000    0.000000    0.000000 ^ _3784_/CLK (sky130_fd_sc_hd__dfxtp_2)
     2    0.035930    0.299245    0.865845    0.865845 ^ _3784_/Q (sky130_fd_sc_hd__dfxtp_2)
                                                         random_o[5] (net)
                      0.299245    0.000000    0.865845 ^ random_o[5] (out)
                                              0.865845   data arrival time

                      0.150000   20.000000   20.000000   clock clk_i (rise edge)
                                  0.000000   20.000000   clock network delay (ideal)
                                 -0.250000   19.750002   clock uncertainty
                                  0.000000   19.750002   clock reconvergence pessimism
                                 -4.000000   15.750001   output external delay
                                             15.750001   data required time
---------------------------------------------------------------------------------------------
                                             15.750001   data required time
                                             -0.865845   data arrival time
---------------------------------------------------------------------------------------------
                                             14.884156   slack (MET)


Startpoint: _3786_ (rising edge-triggered flip-flop clocked by clk_i)
Endpoint: random_o[7] (output port clocked by clk_i)
Path Group: clk_i
Path Type: max

Fanout         Cap        Slew       Delay        Time   Description
---------------------------------------------------------------------------------------------
                      0.150000    0.000000    0.000000   clock clk_i (rise edge)
                                  0.000000    0.000000   clock network delay (ideal)
                      0.150000    0.000000    0.000000 ^ _3786_/CLK (sky130_fd_sc_hd__dfxtp_2)
     2    0.035930    0.299245    0.865845    0.865845 ^ _3786_/Q (sky130_fd_sc_hd__dfxtp_2)
                                                         random_o[7] (net)
                      0.299245    0.000000    0.865845 ^ random_o[7] (out)
                                              0.865845   data arrival time

                      0.150000   20.000000   20.000000   clock clk_i (rise edge)
                                  0.000000   20.000000   clock network delay (ideal)
                                 -0.250000   19.750002   clock uncertainty
                                  0.000000   19.750002   clock reconvergence pessimism
                                 -4.000000   15.750001   output external delay
                                             15.750001   data required time
---------------------------------------------------------------------------------------------
                                             15.750001   data required time
                                             -0.865845   data arrival time
---------------------------------------------------------------------------------------------
                                             14.884156   slack (MET)


Startpoint: _3810_ (rising edge-triggered flip-flop clocked by clk_i)
Endpoint: random_o[31] (output port clocked by clk_i)
Path Group: clk_i
Path Type: max

Fanout         Cap        Slew       Delay        Time   Description
---------------------------------------------------------------------------------------------
                      0.150000    0.000000    0.000000   clock clk_i (rise edge)
                                  0.000000    0.000000   clock network delay (ideal)
                      0.150000    0.000000    0.000000 ^ _3810_/CLK (sky130_fd_sc_hd__dfxtp_2)
     2    0.035878    0.298850    0.865557    0.865557 ^ _3810_/Q (sky130_fd_sc_hd__dfxtp_2)
                                                         random_o[31] (net)
                      0.298850    0.000000    0.865557 ^ random_o[31] (out)
                                              0.865557   data arrival time

                      0.150000   20.000000   20.000000   clock clk_i (rise edge)
                                  0.000000   20.000000   clock network delay (ideal)
                                 -0.250000   19.750002   clock uncertainty
                                  0.000000   19.750002   clock reconvergence pessimism
                                 -4.000000   15.750001   output external delay
                                             15.750001   data required time
---------------------------------------------------------------------------------------------
                                             15.750001   data required time
                                             -0.865557   data arrival time
---------------------------------------------------------------------------------------------
                                             14.884443   slack (MET)


Startpoint: _3779_ (rising edge-triggered flip-flop clocked by clk_i)
Endpoint: random_o[0] (output port clocked by clk_i)
Path Group: clk_i
Path Type: max

Fanout         Cap        Slew       Delay        Time   Description
---------------------------------------------------------------------------------------------
                      0.150000    0.000000    0.000000   clock clk_i (rise edge)
                                  0.000000    0.000000   clock network delay (ideal)
                      0.150000    0.000000    0.000000 ^ _3779_/CLK (sky130_fd_sc_hd__dfxtp_2)
     2    0.034930    0.291640    0.860319    0.860319 ^ _3779_/Q (sky130_fd_sc_hd__dfxtp_2)
                                                         random_o[0] (net)
                      0.291640    0.000000    0.860319 ^ random_o[0] (out)
                                              0.860319   data arrival time

                      0.150000   20.000000   20.000000   clock clk_i (rise edge)
                                  0.000000   20.000000   clock network delay (ideal)
                                 -0.250000   19.750002   clock uncertainty
                                  0.000000   19.750002   clock reconvergence pessimism
                                 -4.000000   15.750001   output external delay
                                             15.750001   data required time
---------------------------------------------------------------------------------------------
                                             15.750001   data required time
                                             -0.860319   data arrival time
---------------------------------------------------------------------------------------------
                                             14.889682   slack (MET)


Startpoint: _3791_ (rising edge-triggered flip-flop clocked by clk_i)
Endpoint: random_o[12] (output port clocked by clk_i)
Path Group: clk_i
Path Type: max

Fanout         Cap        Slew       Delay        Time   Description
---------------------------------------------------------------------------------------------
                      0.150000    0.000000    0.000000   clock clk_i (rise edge)
                                  0.000000    0.000000   clock network delay (ideal)
                      0.150000    0.000000    0.000000 ^ _3791_/CLK (sky130_fd_sc_hd__dfxtp_2)
     2    0.034930    0.291640    0.860319    0.860319 ^ _3791_/Q (sky130_fd_sc_hd__dfxtp_2)
                                                         random_o[12] (net)
                      0.291640    0.000000    0.860319 ^ random_o[12] (out)
                                              0.860319   data arrival time

                      0.150000   20.000000   20.000000   clock clk_i (rise edge)
                                  0.000000   20.000000   clock network delay (ideal)
                                 -0.250000   19.750002   clock uncertainty
                                  0.000000   19.750002   clock reconvergence pessimism
                                 -4.000000   15.750001   output external delay
                                             15.750001   data required time
---------------------------------------------------------------------------------------------
                                             15.750001   data required time
                                             -0.860319   data arrival time
---------------------------------------------------------------------------------------------
                                             14.889682   slack (MET)


Startpoint: _3793_ (rising edge-triggered flip-flop clocked by clk_i)
Endpoint: random_o[14] (output port clocked by clk_i)
Path Group: clk_i
Path Type: max

Fanout         Cap        Slew       Delay        Time   Description
---------------------------------------------------------------------------------------------
                      0.150000    0.000000    0.000000   clock clk_i (rise edge)
                                  0.000000    0.000000   clock network delay (ideal)
                      0.150000    0.000000    0.000000 ^ _3793_/CLK (sky130_fd_sc_hd__dfxtp_2)
     2    0.034930    0.291640    0.860319    0.860319 ^ _3793_/Q (sky130_fd_sc_hd__dfxtp_2)
                                                         random_o[14] (net)
                      0.291640    0.000000    0.860319 ^ random_o[14] (out)
                                              0.860319   data arrival time

                      0.150000   20.000000   20.000000   clock clk_i (rise edge)
                                  0.000000   20.000000   clock network delay (ideal)
                                 -0.250000   19.750002   clock uncertainty
                                  0.000000   19.750002   clock reconvergence pessimism
                                 -4.000000   15.750001   output external delay
                                             15.750001   data required time
---------------------------------------------------------------------------------------------
                                             15.750001   data required time
                                             -0.860319   data arrival time
---------------------------------------------------------------------------------------------
                                             14.889682   slack (MET)


Startpoint: _3797_ (rising edge-triggered flip-flop clocked by clk_i)
Endpoint: random_o[18] (output port clocked by clk_i)
Path Group: clk_i
Path Type: max

Fanout         Cap        Slew       Delay        Time   Description
---------------------------------------------------------------------------------------------
                      0.150000    0.000000    0.000000   clock clk_i (rise edge)
                                  0.000000    0.000000   clock network delay (ideal)
                      0.150000    0.000000    0.000000 ^ _3797_/CLK (sky130_fd_sc_hd__dfxtp_2)
     2    0.034930    0.291640    0.860319    0.860319 ^ _3797_/Q (sky130_fd_sc_hd__dfxtp_2)
                                                         random_o[18] (net)
                      0.291640    0.000000    0.860319 ^ random_o[18] (out)
                                              0.860319   data arrival time

                      0.150000   20.000000   20.000000   clock clk_i (rise edge)
                                  0.000000   20.000000   clock network delay (ideal)
                                 -0.250000   19.750002   clock uncertainty
                                  0.000000   19.750002   clock reconvergence pessimism
                                 -4.000000   15.750001   output external delay
                                             15.750001   data required time
---------------------------------------------------------------------------------------------
                                             15.750001   data required time
                                             -0.860319   data arrival time
---------------------------------------------------------------------------------------------
                                             14.889682   slack (MET)


Startpoint: _3781_ (rising edge-triggered flip-flop clocked by clk_i)
Endpoint: random_o[2] (output port clocked by clk_i)
Path Group: clk_i
Path Type: max

Fanout         Cap        Slew       Delay        Time   Description
---------------------------------------------------------------------------------------------
                      0.150000    0.000000    0.000000   clock clk_i (rise edge)
                                  0.000000    0.000000   clock network delay (ideal)
                      0.150000    0.000000    0.000000 ^ _3781_/CLK (sky130_fd_sc_hd__dfxtp_2)
     2    0.034930    0.291640    0.860319    0.860319 ^ _3781_/Q (sky130_fd_sc_hd__dfxtp_2)
                                                         random_o[2] (net)
                      0.291640    0.000000    0.860319 ^ random_o[2] (out)
                                              0.860319   data arrival time

                      0.150000   20.000000   20.000000   clock clk_i (rise edge)
                                  0.000000   20.000000   clock network delay (ideal)
                                 -0.250000   19.750002   clock uncertainty
                                  0.000000   19.750002   clock reconvergence pessimism
                                 -4.000000   15.750001   output external delay
                                             15.750001   data required time
---------------------------------------------------------------------------------------------
                                             15.750001   data required time
                                             -0.860319   data arrival time
---------------------------------------------------------------------------------------------
                                             14.889682   slack (MET)


Startpoint: _3809_ (rising edge-triggered flip-flop clocked by clk_i)
Endpoint: random_o[30] (output port clocked by clk_i)
Path Group: clk_i
Path Type: max

Fanout         Cap        Slew       Delay        Time   Description
---------------------------------------------------------------------------------------------
                      0.150000    0.000000    0.000000   clock clk_i (rise edge)
                                  0.000000    0.000000   clock network delay (ideal)
                      0.150000    0.000000    0.000000 ^ _3809_/CLK (sky130_fd_sc_hd__dfxtp_2)
     2    0.034930    0.291640    0.860319    0.860319 ^ _3809_/Q (sky130_fd_sc_hd__dfxtp_2)
                                                         random_o[30] (net)
                      0.291640    0.000000    0.860319 ^ random_o[30] (out)
                                              0.860319   data arrival time

                      0.150000   20.000000   20.000000   clock clk_i (rise edge)
                                  0.000000   20.000000   clock network delay (ideal)
                                 -0.250000   19.750002   clock uncertainty
                                  0.000000   19.750002   clock reconvergence pessimism
                                 -4.000000   15.750001   output external delay
                                             15.750001   data required time
---------------------------------------------------------------------------------------------
                                             15.750001   data required time
                                             -0.860319   data arrival time
---------------------------------------------------------------------------------------------
                                             14.889682   slack (MET)


Startpoint: _3782_ (rising edge-triggered flip-flop clocked by clk_i)
Endpoint: random_o[3] (output port clocked by clk_i)
Path Group: clk_i
Path Type: max

Fanout         Cap        Slew       Delay        Time   Description
---------------------------------------------------------------------------------------------
                      0.150000    0.000000    0.000000   clock clk_i (rise edge)
                                  0.000000    0.000000   clock network delay (ideal)
                      0.150000    0.000000    0.000000 ^ _3782_/CLK (sky130_fd_sc_hd__dfxtp_2)
     2    0.034930    0.291640    0.860319    0.860319 ^ _3782_/Q (sky130_fd_sc_hd__dfxtp_2)
                                                         random_o[3] (net)
                      0.291640    0.000000    0.860319 ^ random_o[3] (out)
                                              0.860319   data arrival time

                      0.150000   20.000000   20.000000   clock clk_i (rise edge)
                                  0.000000   20.000000   clock network delay (ideal)
                                 -0.250000   19.750002   clock uncertainty
                                  0.000000   19.750002   clock reconvergence pessimism
                                 -4.000000   15.750001   output external delay
                                             15.750001   data required time
---------------------------------------------------------------------------------------------
                                             15.750001   data required time
                                             -0.860319   data arrival time
---------------------------------------------------------------------------------------------
                                             14.889682   slack (MET)


Startpoint: _3778_ (rising edge-triggered flip-flop clocked by clk_i)
Endpoint: valid_o (output port clocked by clk_i)
Path Group: clk_i
Path Type: max

Fanout         Cap        Slew       Delay        Time   Description
---------------------------------------------------------------------------------------------
                      0.150000    0.000000    0.000000   clock clk_i (rise edge)
                                  0.000000    0.000000   clock network delay (ideal)
                      0.150000    0.000000    0.000000 ^ _3778_/CLK (sky130_fd_sc_hd__dfxtp_2)
     1    0.033442    0.280322    0.852096    0.852096 ^ _3778_/Q (sky130_fd_sc_hd__dfxtp_2)
                                                         valid_o (net)
                      0.280322    0.000000    0.852096 ^ valid_o (out)
                                              0.852096   data arrival time

                      0.150000   20.000000   20.000000   clock clk_i (rise edge)
                                  0.000000   20.000000   clock network delay (ideal)
                                 -0.250000   19.750002   clock uncertainty
                                  0.000000   19.750002   clock reconvergence pessimism
                                 -4.000000   15.750001   output external delay
                                             15.750001   data required time
---------------------------------------------------------------------------------------------
                                             15.750001   data required time
                                             -0.852096   data arrival time
---------------------------------------------------------------------------------------------
                                             14.897904   slack (MET)



